# Blender v2.93.18 OBJ File: 'full.blend'
# www.blender.org
mtllib skybox.mtl
o Cube.007_Cube.387
v 2.250700 -2.470580 -10.758808
v 2.517912 -2.269373 -8.982607
v 2.111444 -1.044922 -10.899357
v 2.378656 -0.843716 -9.123154
v 2.156630 -2.369619 -10.544392
v 2.611029 -2.369619 -9.196878
v 3.016468 -1.692095 -10.834343
v 3.470869 -1.692095 -9.486830
v 1.742823 -2.459465 -10.108116
v 3.025444 -2.279753 -9.632618
v 1.966396 -1.802137 -10.959620
v 3.249018 -1.622425 -10.484119
v 1.904892 -2.462582 -9.175879
v 2.864487 -2.276781 -10.565153
v 0.965456 -1.653282 -9.716526
v 1.925051 -1.467482 -11.105801
v 2.809303 -2.369565 -9.456326
v 1.959682 -2.369565 -10.285742
v 2.280058 -1.803873 -8.914188
v 1.430439 -1.803873 -9.743605
v 3.020512 -2.446892 -10.079447
v 1.747644 -2.292312 -9.662859
v 3.357561 -1.804564 -9.287949
v 2.084696 -1.649984 -8.871361
v 2.464670 -2.361938 -10.716253
v 2.303186 -2.377783 -9.025366
v 3.116095 -1.178688 -10.642952
v 2.954611 -1.194533 -8.952065
v 1.573177 -2.469366 -10.230505
v 3.195486 -2.270570 -9.511084
v 1.382156 -1.060789 -10.188978
v 3.004465 -0.861993 -9.469557
v 2.050583 -2.367394 -9.119841
v 2.718058 -2.372435 -10.621632
v 1.881552 -1.072049 -9.199316
v 2.549026 -1.077091 -10.701107
v 1.843838 -2.406624 -9.216612
v 2.924467 -2.333229 -10.525152
v 2.026970 -1.085453 -8.991274
v 3.107599 -1.012058 -10.299814
v 2.928999 -2.390465 -9.219509
v 1.839251 -2.349388 -10.521885
v 3.170849 -1.069294 -9.380205
v 2.081099 -1.028217 -10.682581
v 3.138975 -2.221657 -9.510311
v 1.629936 -2.518072 -10.231672
v 2.687321 -1.030702 -9.054855
v 1.178282 -1.327117 -9.776217
v 3.111429 -2.385391 -10.309288
v 1.657328 -2.354360 -9.431761
v 2.822067 -1.171649 -10.831694
v 1.367966 -1.140618 -9.954166
v 3.953074 -2.504216 -10.199692
v 3.374180 -2.360805 -9.057806
v 3.930292 -1.488072 -10.338860
v 3.351400 -1.344662 -9.196976
v 3.809832 -2.432256 -10.114056
v 3.516809 -2.432256 -9.143753
v 4.428976 -1.949348 -9.927080
v 4.135952 -1.949348 -8.956776
v 3.389229 -2.496294 -10.031725
v 3.937542 -2.368203 -9.225521
v 3.870966 -2.027781 -10.433800
v 4.419279 -1.899690 -9.627596
v 3.098070 -2.498516 -9.423388
v 4.229469 -2.366086 -9.833570
v 2.775972 -1.921684 -10.125593
v 3.907370 -1.789254 -10.535776
v 3.739170 -2.432217 -9.212473
v 3.588570 -2.432217 -10.045248
v 3.207781 -2.029017 -9.116377
v 3.057180 -2.029017 -9.949152
v 4.119343 -2.487332 -9.487036
v 3.208014 -2.377155 -9.771168
v 3.987961 -2.029510 -8.888113
v 3.076633 -1.919333 -9.172245
v 4.059740 -2.426781 -10.086550
v 3.267159 -2.438075 -9.171377
v 4.407734 -1.583415 -9.774765
v 3.615152 -1.594708 -8.859594
v 3.341293 -2.503351 -10.172907
v 3.986059 -2.361658 -9.084671
v 3.213205 -1.499382 -10.227737
v 3.857971 -1.357689 -9.139502
v 3.159515 -2.430669 -9.330635
v 4.167778 -2.434263 -9.926884
v 3.094204 -1.507407 -9.446644
v 4.102467 -1.511001 -10.042892
v 3.079451 -2.458631 -9.472275
v 4.247768 -2.406319 -9.785553
v 3.092669 -1.516961 -9.265736
v 4.260988 -1.464648 -9.579014
v 3.710808 -2.447114 -9.025484
v 3.616226 -2.417836 -10.232153
v 3.917664 -1.505444 -9.018850
v 3.823082 -1.476166 -10.225517
v 3.952925 -2.326795 -9.107576
v 3.374739 -2.538066 -10.150127
v 3.502415 -1.477937 -9.029749
v 2.924229 -1.689208 -10.072300
v 4.267126 -2.443497 -9.582932
v 3.060059 -2.421380 -9.674294
v 4.314993 -1.578398 -10.005882
v 3.107924 -1.556280 -10.097246
v 2.891941 -2.470243 -12.061434
v 1.876543 -2.269460 -10.584377
v 2.887222 -1.305853 -12.222960
v 1.871824 -1.105070 -10.745903
v 2.677229 -2.385324 -11.967075
v 2.090462 -2.353806 -10.679264
v 3.502909 -1.819722 -11.576754
v 2.916142 -1.788204 -10.288942
v 2.077808 -2.458592 -11.933493
v 2.689959 -2.280503 -10.712044
v 2.821838 -1.930482 -12.384008
v 3.433989 -1.752393 -11.162560
v 1.560720 -2.441999 -11.146116
v 3.208063 -2.297201 -11.498884
v 1.244215 -1.804087 -12.157276
v 2.891558 -1.659289 -12.510046
v 2.411991 -2.354847 -10.733042
v 2.357208 -2.384187 -11.912970
v 1.656689 -1.890621 -10.684792
v 1.601906 -1.919961 -11.864721
v 2.990765 -2.425494 -11.044172
v 1.777996 -2.313618 -11.602579
v 2.697813 -1.878941 -10.224213
v 1.485041 -1.767065 -10.782619
v 3.019182 -2.376662 -11.882441
v 1.748888 -2.362868 -10.764029
v 3.445581 -1.393553 -11.357321
v 2.175287 -1.379759 -10.238907
v 2.037403 -2.471814 -12.137932
v 2.731237 -2.267878 -10.507973
v 1.870798 -1.319148 -12.202765
v 2.564631 -1.115212 -10.572805
v 1.628931 -2.360406 -11.004053
v 3.139614 -2.379195 -11.641779
v 1.560755 -1.302345 -11.144659
v 3.071436 -1.321135 -11.782383
v 1.543966 -2.397882 -11.215815
v 3.224531 -2.341751 -11.430458
v 1.525082 -1.307160 -10.895025
v 3.205645 -1.251029 -11.109667
v 2.337931 -2.365754 -10.480164
v 2.430275 -2.373873 -12.165880
v 2.625002 -1.280767 -10.399950
v 2.717344 -1.288887 -12.085667
v 2.689507 -2.228733 -10.544601
v 2.079586 -2.510791 -12.101416
v 2.050398 -1.251852 -10.491163
v 1.440477 -1.533910 -12.047977
v 3.213816 -2.377491 -11.147871
v 1.554523 -2.362036 -11.497576
v 3.359634 -1.396213 -11.694067
v 1.700342 -1.380758 -12.043772
v -4.660498 -2.470580 -14.772484
v -4.393284 -2.269375 -12.996284
v -4.799753 -1.044923 -14.913033
v -4.532541 -0.843716 -13.136829
v -4.754568 -2.369618 -14.558069
v -4.300167 -2.369619 -13.210560
v -3.894728 -1.692096 -14.848019
v -3.440327 -1.692096 -13.500507
v -5.168373 -2.459466 -14.121796
v -3.885754 -2.279754 -13.646296
v -4.944801 -1.802137 -14.973293
v -3.662182 -1.622426 -14.497793
v -5.006306 -2.462583 -13.189558
v -4.046711 -2.276781 -14.578829
v -5.945742 -1.653283 -13.730204
v -4.986147 -1.467482 -15.119480
v -4.101892 -2.369565 -13.470003
v -4.951513 -2.369565 -14.299417
v -4.631140 -1.803873 -12.927866
v -5.480757 -1.803873 -13.757282
v -3.890684 -2.446892 -14.093124
v -5.163551 -2.292313 -13.676537
v -3.553635 -1.804565 -13.301626
v -4.826500 -1.649985 -12.885038
v -4.446526 -2.361938 -14.729929
v -4.608009 -2.377784 -13.039043
v -3.795101 -1.178688 -14.656630
v -3.956587 -1.194534 -12.965742
v -5.338018 -2.469366 -14.244183
v -3.715712 -2.270571 -13.524759
v -5.529043 -1.060789 -14.202656
v -3.906731 -0.861993 -13.483232
v -4.860613 -2.367393 -13.133518
v -4.193138 -2.372435 -14.635311
v -5.029646 -1.072050 -13.212992
v -4.362171 -1.077091 -14.714787
v -5.067358 -2.406625 -13.230289
v -3.986729 -2.333230 -14.538830
v -4.884228 -1.085453 -13.004951
v -3.803598 -1.012058 -14.313492
v -3.982199 -2.390466 -13.233185
v -5.071947 -2.349388 -14.535563
v -3.740347 -1.069294 -13.393883
v -4.830097 -1.028218 -14.696260
v -3.772221 -2.221657 -13.523989
v -5.281260 -2.518073 -14.245352
v -4.223875 -1.030703 -13.068531
v -5.732914 -1.327118 -13.789892
v -3.799767 -2.385391 -14.322964
v -5.253868 -2.354360 -13.445438
v -4.089128 -1.171649 -14.845371
v -5.543230 -1.140619 -13.967844
v 6.366077 -2.474063 -8.038253
v 5.281904 -2.330652 -7.357380
v 6.418198 -1.457920 -8.169287
v 5.334026 -1.314509 -7.488415
v 6.199190 -2.402103 -8.038588
v 5.448427 -2.402103 -7.357629
v 6.633707 -1.919195 -7.559529
v 5.882942 -1.919196 -6.878570
v 5.796228 -2.466141 -8.184554
v 5.851212 -2.338050 -7.211111
v 6.416220 -1.997627 -8.281222
v 6.471203 -1.869537 -7.307780
v 5.233421 -2.468363 -7.812943
v 6.414530 -2.335932 -7.582083
v 5.318825 -1.891531 -8.580763
v 6.499933 -1.759100 -8.349901
v 5.674433 -2.402064 -7.302058
v 5.974083 -2.402065 -8.093518
v 5.169409 -1.998864 -7.493261
v 5.469057 -1.998864 -8.284720
v 6.141708 -2.457179 -7.341703
v 5.506727 -2.347002 -8.054480
v 5.720720 -1.999357 -6.895900
v 5.085741 -1.889180 -7.608677
v 6.399271 -2.396629 -7.886341
v 5.248629 -2.407921 -7.509843
v 6.537075 -1.553262 -7.439891
v 5.386435 -1.564555 -7.063393
v 5.827822 -2.473197 -8.330265
v 5.820288 -2.331506 -7.065385
v 5.746243 -1.469229 -8.443216
v 5.738708 -1.327536 -7.178335
v 5.238342 -2.400516 -7.701790
v 6.409685 -2.404110 -7.693838
v 5.242079 -1.477254 -7.834869
v 6.413422 -1.480848 -7.826917
v 5.242626 -2.428478 -7.864437
v 6.405495 -2.376166 -7.531496
v 5.147621 -1.486809 -7.680570
v 6.310490 -1.434495 -7.347629
v 5.553848 -2.416960 -7.156359
v 6.094017 -2.387682 -8.239506
v 5.727766 -1.475291 -7.044171
v 6.267935 -1.446013 -8.127319
v 5.803675 -2.296642 -7.102081
v 5.844765 -2.507913 -8.293518
v 5.377394 -1.447784 -7.267305
v 5.418484 -1.659054 -8.458744
v 6.317772 -2.413344 -7.347828
v 5.330013 -2.391227 -8.047608
v 6.576561 -1.548245 -7.685773
v 5.588802 -1.526128 -8.385551
v 4.085335 -2.474063 -8.288477
v 4.578924 -2.330652 -7.107211
v 3.964636 -1.457919 -8.361406
v 4.458229 -1.314509 -7.180141
v 4.057598 -2.402103 -8.123909
v 4.606026 -2.402103 -7.271513
v 4.601507 -1.919195 -8.473856
v 5.149933 -1.919195 -7.621458
v 3.847441 -2.466141 -7.750387
v 4.816698 -2.338050 -7.644769
v 3.853897 -1.997627 -8.377838
v 4.823153 -1.869537 -8.272218
v 4.121588 -2.468363 -7.134196
v 4.543270 -2.335932 -8.261357
v 3.378214 -1.891531 -7.344529
v 3.799898 -1.759101 -8.471691
v 4.697956 -2.402065 -7.485325
v 3.966448 -2.402064 -7.910877
v 4.426413 -1.998865 -7.018556
v 3.694906 -1.998864 -7.444106
v 4.735584 -2.457179 -7.952765
v 3.928205 -2.347001 -7.443460
v 5.106201 -1.999358 -7.464286
v 4.298824 -1.889180 -6.954979
v 4.240631 -2.396628 -8.296270
v 4.423067 -2.407921 -7.099425
v 4.703653 -1.553261 -8.358891
v 4.886086 -1.564555 -7.162045
v 3.708897 -2.473197 -7.805483
v 4.955366 -2.331506 -7.590334
v 3.584082 -1.469228 -7.743559
v 4.830553 -1.327535 -7.528411
v 4.232033 -2.400516 -7.120798
v 4.432234 -2.404111 -8.274934
v 4.101376 -1.477254 -7.146338
v 4.301577 -1.480847 -8.300474
v 4.072300 -2.428478 -7.151733
v 4.591686 -2.376165 -8.244141
v 4.238071 -1.486807 -7.027824
v 4.757454 -1.434495 -8.120233
v 4.821877 -2.416960 -7.342453
v 3.842138 -2.387682 -8.053158
v 4.961100 -1.475290 -7.495584
v 3.981359 -1.446012 -8.206293
v 4.916441 -2.296641 -7.579973
v 3.747923 -2.507913 -7.816158
v 4.683456 -1.447784 -7.186610
v 3.514940 -1.659055 -7.422798
v 4.758453 -2.413344 -8.127447
v 3.905968 -2.391227 -7.268013
v 4.467594 -1.548244 -8.438219
v 3.615107 -1.526128 -7.578788
v 3.277756 -2.474063 -8.004596
v 2.154116 -2.330652 -7.391039
v 3.337763 -1.457920 -8.132215
v 2.214123 -1.314509 -7.518656
v 3.111198 -2.402103 -8.015099
v 2.320345 -2.402102 -7.381142
v 3.515722 -1.919195 -7.510459
v 2.724865 -1.919195 -6.876502
v 2.717876 -2.466141 -8.185341
v 2.713455 -2.338050 -7.210359
v 3.342606 -1.997627 -8.244059
v 3.338182 -1.869536 -7.269076
v 2.133476 -2.468363 -7.848707
v 3.298326 -2.335932 -7.546321
v 2.265497 -1.891531 -8.609898
v 3.430346 -1.759100 -8.307510
v 2.542543 -2.402065 -7.311906
v 2.889854 -2.402065 -8.083640
v 2.050108 -1.998865 -7.533521
v 2.397415 -1.998865 -8.305256
v 3.011366 -2.457179 -7.323009
v 2.420990 -2.347001 -8.073148
v 2.564001 -1.999357 -6.903683
v 1.973629 -1.889180 -7.653821
v 3.301632 -2.396628 -7.850945
v 2.130192 -2.407922 -7.545246
v 3.411980 -1.553262 -7.396928
v 2.240541 -1.564555 -7.091229
v 2.758289 -2.473198 -8.328857
v 2.673708 -2.331506 -7.066786
v 2.683744 -1.469229 -8.446569
v 2.599163 -1.327536 -7.184498
v 2.131618 -2.400516 -7.737465
v 3.300301 -2.404110 -7.658165
v 2.143454 -1.477254 -7.870069
v 3.312136 -1.480849 -7.790769
v 2.145802 -2.428478 -7.899549
v 3.286224 -2.376166 -7.496378
v 2.039772 -1.486809 -7.721809
v 3.180197 -1.434495 -7.318641
v 2.413307 -2.416960 -7.173824
v 3.018461 -2.387683 -8.222052
v 2.580067 -1.475291 -7.051250
v 3.185219 -1.446013 -8.099477
v 2.659363 -2.296642 -7.104427
v 2.772963 -2.507913 -8.291149
v 2.243938 -1.447784 -7.295313
v 2.357536 -1.659055 -8.482037
v 3.187477 -2.413343 -7.318397
v 2.244186 -2.391226 -8.077055
v 3.466373 -1.548244 -7.639946
v 2.523083 -1.526127 -8.398605
v 1.617563 -2.474062 -7.909566
v 0.409395 -2.330652 -7.486079
v 1.697447 -1.457919 -8.025781
v 0.489277 -1.314508 -7.602294
v 1.454908 -2.402102 -7.946903
v 0.571825 -2.402102 -7.449394
v 1.772366 -1.919195 -7.383413
v 0.889282 -1.919194 -6.885905
v 1.094351 -2.466141 -8.178598
v 0.932087 -2.338050 -7.217201
v 1.720343 -1.997627 -8.135366
v 1.558079 -1.869537 -7.173969
v 0.463144 -2.468363 -7.941051
v 1.563646 -2.335932 -7.454009
v 0.716698 -1.891531 -8.670811
v 1.817200 -1.759100 -8.183770
v 0.779881 -2.402064 -7.345086
v 1.247585 -2.402065 -8.050386
v 0.329834 -1.998864 -7.643525
v 0.797539 -1.998864 -8.348825
v 1.244310 -2.457179 -7.280120
v 0.783213 -2.347002 -8.115966
v 0.734941 -1.999358 -6.938777
v 0.273844 -1.889180 -7.774621
v 1.616241 -2.396628 -7.754077
v 0.410759 -2.407922 -7.642126
v 1.651609 -1.553261 -7.288182
v 0.446123 -1.564555 -7.176230
v 1.157471 -2.473197 -8.313675
v 0.869617 -2.331505 -7.081960
v 1.102972 -1.469229 -8.441904
v 0.815117 -1.327536 -7.210191
v 0.443295 -2.400516 -7.831576
v 1.583708 -2.404110 -7.564057
v 0.476452 -1.477254 -7.960512
v 1.616863 -1.480847 -7.692992
v 0.483543 -2.428477 -7.989223
v 1.543619 -2.376166 -7.406685
v 0.350126 -1.486807 -7.831001
v 1.410204 -1.434495 -7.248465
v 0.629986 -2.416961 -7.229756
v 1.396912 -2.387683 -8.166143
v 0.774694 -1.475291 -7.081794
v 1.541618 -1.446013 -8.018180
v 0.861557 -2.296642 -7.121428
v 1.165842 -2.507913 -8.274088
v 0.482527 -1.447784 -7.377073
v 0.786816 -1.659054 -8.529732
v 1.417349 -2.413343 -7.247045
v 0.609371 -2.391227 -8.148452
v 1.744640 -1.548244 -7.519183
v 0.936665 -1.526128 -8.420591
v -6.998985 -2.304953 19.775089
v -7.080790 -2.304953 19.557178
v -7.220528 -2.304953 19.858261
v -7.302334 -2.304953 19.640350
v -7.250776 -2.300895 19.874636
v -7.072580 -2.300894 19.820271
v -7.181719 -2.300895 20.100975
v -7.003525 -2.300895 20.046608
v -7.108419 -2.315550 20.115883
v -6.930225 -2.315550 20.061518
v -7.161652 -2.315550 19.941402
v -6.983456 -2.315550 19.887035
v -6.717283 -2.319196 19.961838
v -6.939911 -2.319196 20.029760
v -6.770515 -2.319196 19.787354
v -6.993143 -2.319196 19.855278
v -6.989130 -2.304951 19.595873
v -7.052042 -2.304952 19.819969
v -6.761301 -2.304951 19.659832
v -6.824211 -2.304951 19.883930
v -7.185530 -2.304951 19.781164
v -7.399206 -2.304951 19.873463
v -7.091692 -2.304951 19.998405
v -7.305368 -2.304951 20.090702
v -6.964962 -2.315550 19.610691
v -7.059502 -2.315550 19.450157
v -7.122150 -2.315550 19.703260
v -7.216692 -2.315550 19.542727
v -7.264706 -2.300895 19.560318
v -7.136574 -2.300895 19.695566
v -7.436492 -2.300895 19.723072
v -7.308361 -2.300895 19.858315
v -7.300430 -2.319196 19.949905
v -7.406870 -2.319196 19.742907
v -7.138199 -2.319195 19.866489
v -7.244637 -2.319196 19.659489
v -6.826418 -2.300895 19.552326
v -6.807825 -2.300894 19.737703
v -7.061876 -2.300895 19.575941
v -7.043285 -2.300895 19.761316
v -7.000191 -2.315550 19.941433
v -6.917141 -2.315550 19.774666
v -7.163486 -2.315550 19.860115
v -7.080435 -2.315550 19.693342
v -6.656130 -2.319195 19.835247
v -6.672115 -2.319196 19.603043
v -6.474136 -2.319196 19.822720
v -6.490122 -2.319196 19.590511
v -7.272678 -2.300895 19.472610
v -7.427638 -2.300895 19.576042
v -7.404052 -2.300894 19.275787
v -7.559008 -2.300895 19.379215
v -7.245050 -2.300895 20.095642
v -7.212185 -2.300894 20.279022
v -7.477982 -2.300894 20.137386
v -7.445113 -2.300894 20.320770
v -7.554895 -2.304952 19.586395
v -7.768573 -2.304952 19.678696
v -7.461057 -2.304952 19.803635
v -7.674733 -2.304951 19.895931
v -10.770741 -2.302954 7.409802
v -10.538134 -2.302954 7.401448
v -10.779232 -2.302954 7.173313
v -10.546622 -2.302954 7.164963
v -10.785155 -2.299057 7.139431
v -10.790208 -2.299056 7.325666
v -11.021707 -2.299055 7.133018
v -11.026760 -2.299056 7.319251
v -11.059126 -2.313132 7.197788
v -11.064175 -2.313132 7.384024
v -10.876770 -2.313133 7.202732
v -10.881821 -2.313132 7.388969
v -11.037295 -2.316634 7.617596
v -11.030986 -2.316634 7.384923
v -10.854944 -2.316634 7.622542
v -10.848631 -2.316634 7.389870
v -10.603935 -2.302952 7.476069
v -10.796443 -2.302952 7.345235
v -10.736957 -2.302952 7.671788
v -10.929460 -2.302952 7.540954
v -10.717246 -2.302952 7.230988
v -10.736894 -2.302953 6.999057
v -10.953042 -2.302952 7.250963
v -10.972688 -2.302952 7.019037
v -10.625666 -2.313132 7.494285
v -10.443412 -2.313132 7.455630
v -10.663509 -2.313132 7.315829
v -10.481258 -2.313133 7.277178
v -10.482691 -2.299056 7.226060
v -10.651634 -2.299056 7.304602
v -10.582447 -2.299057 7.011477
v -10.751385 -2.299056 7.090016
v -10.840753 -2.316634 7.068438
v -10.610666 -2.316634 7.033264
v -10.813187 -2.316634 7.248765
v -10.583097 -2.316633 7.213593
v -10.614332 -2.299056 7.644190
v -10.796011 -2.299057 7.602935
v -10.561933 -2.299057 7.413425
v -10.743609 -2.299057 7.372170
v -10.928089 -2.313132 7.355822
v -10.796334 -2.313133 7.487542
v -10.799109 -2.313132 7.226812
v -10.667358 -2.313132 7.358535
v -10.936690 -2.316633 7.715790
v -10.711430 -2.316634 7.774394
v -10.982618 -2.316634 7.892341
v -10.757356 -2.316634 7.950939
v -10.396993 -2.299056 7.246361
v -10.445842 -2.299056 7.066575
v -10.168635 -2.299057 7.184313
v -10.217481 -2.299057 7.004528
v -10.996531 -2.299056 7.074659
v -11.180858 -2.299056 7.047574
v -10.962132 -2.299057 6.840532
v -11.146455 -2.299057 6.813449
v -10.415240 -2.302952 6.942620
v -10.434887 -2.302952 6.710691
v -10.651035 -2.302952 6.962592
v -10.670682 -2.302952 6.730666
v -9.332815 -2.302954 7.724382
v -9.347175 -2.302953 7.492067
v -9.569008 -2.302954 7.738980
v -9.583365 -2.302953 7.506665
v -9.602726 -2.299056 7.745777
v -9.416419 -2.299055 7.746014
v -9.603028 -2.299056 7.982417
v -9.416723 -2.299056 7.982653
v -9.537312 -2.313131 8.018147
v -9.351007 -2.313133 8.018386
v -9.537076 -2.313132 7.835725
v -9.350775 -2.313132 7.835962
v -9.118206 -2.316633 7.985482
v -9.350964 -2.316634 7.985182
v -9.117969 -2.316634 7.803055
v -9.350727 -2.316633 7.802758
v -9.270877 -2.302952 7.555920
v -9.396695 -2.302952 7.751742
v -9.071790 -2.302952 7.683838
v -9.197611 -2.302952 7.879659
v -9.512950 -2.302952 7.675525
v -9.744296 -2.302952 7.701158
v -9.486890 -2.302952 7.910724
v -9.718234 -2.302952 7.936357
v -9.252110 -2.313132 7.577168
v -9.295458 -2.313132 7.395979
v -9.429526 -2.313132 7.619615
v -9.472874 -2.313131 7.438420
v -9.523937 -2.299055 7.441174
v -9.441060 -2.299056 7.608029
v -9.735873 -2.299056 7.546438
v -9.652995 -2.299055 7.713294
v -9.672260 -2.316634 7.803189
v -9.713365 -2.316633 7.574091
v -9.492703 -2.316634 7.770972
v -9.533807 -2.316633 7.541873
v -9.102547 -2.299057 7.561972
v -9.139095 -2.299057 7.744656
v -9.334587 -2.299056 7.515549
v -9.371134 -2.299056 7.698233
v -9.382715 -2.313132 7.883070
v -9.254439 -2.313131 7.747959
v -9.515011 -2.313132 7.757468
v -9.386738 -2.313131 7.622358
v -9.022640 -2.316634 7.882371
v -8.969879 -2.316634 7.655671
v -8.844967 -2.316633 7.923724
v -8.792203 -2.316633 7.697023
v -9.505856 -2.299056 7.354980
v -9.684318 -2.299055 7.408456
v -9.573786 -2.299056 7.128300
v -9.752248 -2.299056 7.181777
v -9.662015 -2.299056 7.958757
v -9.684328 -2.299056 8.143719
v -9.896953 -2.299056 7.930414
v -9.919268 -2.299057 8.115378
v -9.809025 -2.302952 7.381069
v -10.040369 -2.302953 7.406699
v -9.782965 -2.302952 7.616268
v -10.014308 -2.302952 7.641900
v 0.368206 -2.315754 9.379840
v 0.135462 -2.315754 9.377371
v 0.365696 -2.315755 9.616469
v 0.132948 -2.315755 9.613998
v 0.370037 -2.312210 9.650593
v 0.383739 -2.312210 9.464790
v 0.606035 -2.312210 9.667995
v 0.619740 -2.312210 9.482196
v 0.646421 -2.325009 9.605033
v 0.660126 -2.325010 9.419235
v 0.464495 -2.325009 9.591617
v 0.478195 -2.325009 9.405815
v 0.644135 -2.328194 9.184662
v 0.627014 -2.328193 9.416794
v 0.462204 -2.328193 9.171244
v 0.445086 -2.328193 9.403376
v 0.204662 -2.315753 9.305890
v 0.390881 -2.315753 9.445532
v 0.346634 -2.315753 9.116568
v 0.532850 -2.315753 9.256212
v 0.306459 -2.315752 9.555974
v 0.315300 -2.315753 9.788565
v 0.542927 -2.315753 9.546984
v 0.551771 -2.315753 9.779573
v 0.227211 -2.325009 9.288706
v 0.043364 -2.325009 9.318847
v 0.256723 -2.325010 9.468728
v 0.072874 -2.325010 9.498867
v 0.071926 -2.312210 9.549994
v 0.244333 -2.312210 9.479394
v 0.161598 -2.312210 9.768981
v 0.334005 -2.312210 9.698381
v 0.422274 -2.328193 9.724095
v 0.190800 -2.328193 9.748533
v 0.403120 -2.328194 9.542676
v 0.171648 -2.328193 9.567118
v 0.222866 -2.312210 9.138435
v 0.402428 -2.312209 9.188091
v 0.159792 -2.312210 9.366513
v 0.339355 -2.312210 9.416168
v 0.522875 -2.325010 9.441079
v 0.397385 -2.325009 9.303374
v 0.388039 -2.325009 9.563950
v 0.262548 -2.325010 9.426248
v 0.548203 -2.328194 9.081900
v 0.325909 -2.328193 9.012888
v 0.602287 -2.328193 8.907675
v 0.379993 -2.328194 8.838665
v -0.012735 -2.312210 9.525730
v 0.027704 -2.312210 9.707592
v -0.243734 -2.312210 9.577096
v -0.203297 -2.312211 9.758958
v 0.578173 -2.312210 9.725121
v 0.761042 -2.312210 9.760746
v 0.532925 -2.312210 9.957392
v 0.715792 -2.312210 9.993017
v -0.008627 -2.315753 9.829994
v 0.000217 -2.315753 10.062583
v 0.227840 -2.315753 9.821000
v 0.236683 -2.315753 10.053594
v 0.671795 -2.315754 8.538321
v 0.455572 -2.315754 8.624486
v 0.759398 -2.315754 8.758150
v 0.543175 -2.315754 8.844316
v 0.776381 -2.312210 8.788063
v 0.718445 -2.312210 8.610994
v 1.001287 -2.312210 8.714478
v 0.943352 -2.312210 8.537408
v 1.014717 -2.325010 8.640891
v 0.956781 -2.325009 8.463822
v 0.841337 -2.325008 8.697615
v 0.783405 -2.325009 8.520550
v 0.852846 -2.328193 8.252927
v 0.925226 -2.328193 8.474145
v 0.679468 -2.328194 8.309654
v 0.751846 -2.328193 8.530872
v 0.492416 -2.315753 8.532068
v 0.717731 -2.315753 8.590468
v 0.551790 -2.315753 8.302998
v 0.777103 -2.315753 8.361397
v 0.681614 -2.315753 8.724708
v 0.778187 -2.315753 8.936485
v 0.896925 -2.315753 8.626527
v 0.993498 -2.315753 8.838305
v 0.506744 -2.325009 8.507607
v 0.348143 -2.325009 8.605353
v 0.602453 -2.325009 8.662905
v 0.443851 -2.325009 8.760653
v 0.462404 -2.312210 8.808304
v 0.595047 -2.312210 8.677482
v 0.628572 -2.312210 8.976785
v 0.761215 -2.312210 8.845963
v 0.852631 -2.328194 8.836201
v 0.647810 -2.328193 8.946770
v 0.765970 -2.328193 8.675675
v 0.561153 -2.328193 8.786243
v 0.445614 -2.312210 8.370262
v 0.630577 -2.312210 8.347952
v 0.473951 -2.312210 8.605199
v 0.658916 -2.312210 8.582890
v 0.838131 -2.325010 8.536187
v 0.669725 -2.325009 8.456503
v 0.760107 -2.325009 8.701086
v 0.591703 -2.325009 8.621399
v 0.725058 -2.328194 8.194327
v 0.493216 -2.328193 8.214973
v 0.708878 -2.328193 8.012623
v 0.477036 -2.328193 8.033269
v 0.374872 -2.312210 8.818034
v 0.481394 -2.312210 8.970885
v 0.180725 -2.312210 8.953332
v 0.287247 -2.312210 9.106185
v 0.997225 -2.312210 8.777902
v 1.179911 -2.312210 8.741359
v 1.043642 -2.312210 9.009944
v 1.226324 -2.312210 8.973401
v 0.494301 -2.315753 9.097910
v 0.590876 -2.315753 9.309690
v 0.709612 -2.315753 8.999729
v 0.806183 -2.315753 9.211506
v 0.701143 -2.315755 6.786768
v 0.571936 -2.315755 6.980371
v 0.897972 -2.315754 6.918126
v 0.768768 -2.315754 7.111732
v 0.928925 -2.312210 6.933129
v 0.780781 -2.312210 6.820160
v 1.072418 -2.312211 6.744959
v 0.924271 -2.312210 6.631989
v 1.041742 -2.325008 6.676734
v 0.893597 -2.325010 6.563766
v 0.931126 -2.325010 6.821795
v 0.782982 -2.325009 6.708824
v 0.688377 -2.328194 6.449028
v 0.873461 -2.328194 6.590167
v 0.577759 -2.328194 6.594088
v 0.762846 -2.328194 6.735228
v 0.549860 -2.315752 6.883361
v 0.768549 -2.315753 6.803658
v 0.468832 -2.315753 6.661025
v 0.687521 -2.315753 6.581325
v 0.814943 -2.315754 6.934702
v 1.014599 -2.315753 7.054344
v 0.936583 -2.315753 6.731717
v 1.136238 -2.315754 6.851361
v 0.547785 -2.325009 6.855085
v 0.472603 -2.325009 7.025547
v 0.714695 -2.325009 6.928701
v 0.639515 -2.325010 7.099163
v 0.681820 -2.312211 7.127886
v 0.716862 -2.312210 6.944906
v 0.914234 -2.312211 7.172394
v 0.949280 -2.312211 6.989416
v 1.019028 -2.328194 6.929524
v 0.913057 -2.328194 7.136762
v 0.856607 -2.328194 6.846472
v 0.750637 -2.328193 7.053709
v 0.419538 -2.312210 6.776644
v 0.559219 -2.312210 6.653360
v 0.576134 -2.312210 6.954062
v 0.715811 -2.312210 6.830777
v 0.836920 -2.325009 6.690663
v 0.653028 -2.325009 6.720555
v 0.866188 -2.325009 6.870723
v 0.682297 -2.325009 6.900616
v 0.549894 -2.328193 6.473249
v 0.370665 -2.328193 6.621753
v 0.433506 -2.328194 6.332777
v 0.254276 -2.328195 6.481282
v 0.615253 -2.312210 7.185548
v 0.789677 -2.312210 7.251016
v 0.532097 -2.312210 7.407094
v 0.706522 -2.312210 7.472561
v 1.105047 -2.312210 6.799499
v 1.234779 -2.312210 6.665784
v 1.274889 -2.312210 6.964278
v 1.404619 -2.312210 6.830564
v 0.872355 -2.315753 7.348308
v 1.072010 -2.315753 7.467951
v 0.993992 -2.315753 7.145321
v 1.193647 -2.315753 7.264966
v -0.373079 -2.315753 3.843824
v -0.143110 -2.315753 3.807899
v -0.409605 -2.315753 3.610019
v -0.179638 -2.315754 3.574093
v -2.411776 -2.312211 0.215018
v -2.559919 -2.312210 0.102049
v -2.268282 -2.312210 0.026847
v -2.416430 -2.312210 -0.086122
v -0.357119 -2.312210 1.441196
v -0.172409 -2.312210 1.416846
v -0.326189 -2.312210 1.675804
v -0.141483 -2.312210 1.651458
v 1.332434 -2.315753 -6.125085
v 1.171162 -2.315752 -5.957254
v 1.503065 -2.315753 -5.961124
v 1.341793 -2.315753 -5.793289
v -0.404198 -2.325008 -2.390495
v -0.220867 -2.325009 -2.423650
v -0.436663 -2.325009 -2.570009
v -0.253330 -2.325010 -2.603160
v 0.209816 -2.312210 -1.216417
v 0.077555 -2.312210 -1.085206
v 0.043152 -2.312209 -1.384412
v -0.089109 -2.312210 -1.253199
v -0.197119 -2.325010 -1.191981
v -0.013788 -2.325009 -1.225135
v -0.229584 -2.325009 -1.371494
v -0.046253 -2.325008 -1.404648
v -0.025011 -2.315753 -1.088292
v -0.186283 -2.315753 -0.920458
v 0.145620 -2.315754 -0.924329
v -0.015652 -2.315753 -0.756495
v -7.386470 -2.315753 -3.024579
v -7.443216 -2.315753 -2.798845
v -7.156971 -2.315753 -2.966885
v -7.213717 -2.315753 -2.741149
v -7.041275 -2.325009 1.079553
v -6.898552 -2.325010 0.959804
v -7.158529 -2.325009 0.939802
v -7.015806 -2.325009 0.820056
v -3.249632 -2.312210 -3.484017
v -3.087772 -2.312210 -3.576269
v -3.132450 -2.312210 -3.278426
v -2.970592 -2.312210 -3.370681
v -5.180914 -2.312210 -2.071474
v -5.230642 -2.312210 -1.891930
v -5.408968 -2.312210 -2.134637
v -5.458698 -2.312211 -1.955092
v -5.925634 -2.312210 1.794264
v -5.975361 -2.312210 1.973810
v -6.153690 -2.312210 1.731101
v -6.203419 -2.312210 1.910645
v -6.266823 -2.325009 2.017388
v -6.124100 -2.325010 1.897640
v -6.384077 -2.325010 1.877639
v -6.241354 -2.325010 1.757891
v -6.065945 -2.315753 2.022020
v -6.122692 -2.315753 2.247756
v -5.836447 -2.315754 2.079714
v -5.893192 -2.315753 2.305452
v -6.351183 -2.315753 3.092053
v -6.490051 -2.315754 3.278846
v -6.161276 -2.315753 3.233241
v -6.300144 -2.315753 3.420033
v -7.604057 -2.325009 7.015488
v -7.426358 -2.325010 6.959529
v -7.658852 -2.325009 6.841491
v -7.481150 -2.325009 6.785529
v -2.353785 -2.312210 4.251920
v -2.168932 -2.312210 4.228688
v -2.324268 -2.312211 4.486715
v -2.139420 -2.312211 4.463481
v -4.678783 -2.312210 4.817154
v -4.793480 -2.312210 4.963965
v -4.865263 -2.312211 4.671467
v -4.979961 -2.312211 4.818280
v -6.847183 -2.312210 8.102966
v -6.961880 -2.312210 8.249782
v -7.033663 -2.312210 7.957282
v -7.148359 -2.312210 8.104095
v -7.247810 -2.325009 8.178418
v -7.070108 -2.325009 8.122458
v -7.302605 -2.325010 8.004418
v -7.124903 -2.325008 7.948459
v -7.064022 -2.315754 8.259626
v -7.202892 -2.315753 8.446422
v -6.874113 -2.315753 8.400813
v -7.012983 -2.315753 8.587606
v -5.697790 -2.315753 9.221569
v -5.877588 -2.315753 9.369379
v -5.547512 -2.315753 9.404364
v -5.727310 -2.315754 9.552181
v -7.859381 -2.325009 12.727360
v -7.673430 -2.325009 12.715878
v -7.870620 -2.325009 12.545280
v -7.684671 -2.325009 12.533804
v -2.097797 -2.312210 11.310719
v -1.912798 -2.312210 11.332726
v -2.125746 -2.312210 11.545704
v -1.940748 -2.312210 11.567707
v -4.490492 -2.312211 11.298902
v -4.637194 -2.312211 11.413740
v -4.636360 -2.312211 11.112566
v -4.783058 -2.312210 11.227401
v -7.386932 -2.312211 13.965202
v -7.533631 -2.312210 14.080044
v -7.532799 -2.312210 13.778867
v -7.679500 -2.312210 13.893705
v -7.793931 -2.325009 13.941866
v -7.607981 -2.325009 13.930387
v -7.805172 -2.325010 13.759789
v -7.619222 -2.325009 13.748311
v -7.635135 -2.315753 14.064978
v -7.814932 -2.315753 14.212795
v -7.484856 -2.315753 14.247777
v -7.664654 -2.315753 14.395592
v -7.115788 -2.315753 3.194874
v -7.304646 -2.315753 3.058826
v -7.254110 -2.315753 3.386880
v -7.442966 -2.315753 3.250833
v 0.334517 -2.325009 11.934401
v 0.520466 -2.325009 11.922922
v 0.323275 -2.325009 11.752321
v 0.509224 -2.325009 11.740845
v -8.215495 -2.312211 7.209243
v -8.189490 -2.312210 7.393722
v -8.449821 -2.312211 7.242279
v -8.423811 -2.312210 7.426759
v -8.815580 -2.312210 4.892990
v -8.964096 -2.312210 4.780510
v -8.672713 -2.312211 4.704346
v -8.821230 -2.312210 4.591865
v 0.806963 -2.312211 13.172245
v 0.660265 -2.312211 13.287086
v 0.661097 -2.312210 12.985910
v 0.514397 -2.312210 13.100746
v 0.399963 -2.325009 13.148909
v 0.585913 -2.325010 13.137430
v 0.388721 -2.325009 12.966830
v 0.574673 -2.325008 12.955352
v 0.558762 -2.315753 13.272020
v 0.378962 -2.315753 13.419836
v 0.709040 -2.315753 13.454821
v 0.529242 -2.315753 13.602634
v -9.484366 -2.312211 6.458250
v -9.470635 -2.312210 6.644048
v -9.720365 -2.312210 6.475690
v -9.706631 -2.312210 6.661487
v -9.730330 -2.325009 6.783358
v -9.636344 -2.325008 6.622495
v -9.887840 -2.325008 6.691334
v -9.793858 -2.325009 6.530471
v -9.539656 -2.315753 6.719979
v -9.516953 -2.315753 6.951628
v -9.304144 -2.315753 6.696904
v -9.281442 -2.315753 6.928551
v -15.637459 -7.043735 -18.082384
v -15.408672 -7.043735 -18.039558
v -15.593918 -7.043736 -18.314987
v -15.365132 -7.043735 -18.272163
v -15.592270 -7.040191 -18.349346
v -15.638012 -7.040191 -18.168741
v -15.821668 -7.040192 -18.407446
v -15.867409 -7.040191 -18.226847
v -15.872370 -7.052989 -18.352444
v -15.918112 -7.052990 -18.171843
v -15.695529 -7.052990 -18.307659
v -15.741274 -7.052990 -18.127056
v -15.943075 -7.056174 -17.938059
v -15.885923 -7.056174 -18.163692
v -15.766236 -7.056173 -17.893269
v -15.709087 -7.056174 -18.118904
v -15.489231 -7.043734 -17.981173
v -15.648388 -7.043733 -18.151014
v -15.661907 -7.043734 -17.819365
v -15.821061 -7.043734 -17.989208
v -15.546079 -7.043734 -18.245132
v -15.514420 -7.043734 -18.475727
v -15.780521 -7.043733 -18.277319
v -15.748858 -7.043733 -18.507910
v -15.514420 -7.052989 -17.968164
v -15.328131 -7.052990 -17.965937
v -15.512242 -7.052990 -18.150576
v -15.325950 -7.052989 -18.148350
v -15.316140 -7.040192 -18.198532
v -15.498188 -7.040191 -18.158932
v -15.366449 -7.040191 -18.429762
v -15.548492 -7.040191 -18.390156
v -15.630953 -7.056174 -18.430792
v -15.398757 -7.056173 -18.414688
v -15.643579 -7.056175 -18.248812
v -15.411381 -7.056174 -18.232704
v -15.536219 -7.040190 -17.819418
v -15.704439 -7.040191 -17.899487
v -15.434520 -7.040191 -18.033092
v -15.602742 -7.040191 -18.113157
v -15.779148 -7.052990 -18.169537
v -15.679468 -7.052989 -18.012146
v -15.625031 -7.052990 -18.267145
v -15.525352 -7.052989 -18.109755
v -15.866430 -7.056174 -17.820204
v -15.659489 -7.056174 -17.713659
v -15.949937 -7.056174 -17.658016
v -15.742994 -7.056174 -17.551472
v -15.236975 -7.040191 -18.159946
v -15.245241 -7.040190 -18.346067
v -15.000569 -7.040191 -18.170439
v -15.008834 -7.040191 -18.356562
v -15.784313 -7.040190 -18.458864
v -15.958221 -7.040191 -18.525686
v -15.699438 -7.040191 -18.679762
v -15.873347 -7.040191 -18.746582
v -15.188213 -7.043733 -18.460304
v -15.156557 -7.043734 -18.690897
v -15.422655 -7.043733 -18.492491
v -15.390995 -7.043734 -18.723085
v -16.082491 -7.043734 -17.306324
v -15.854597 -7.043736 -17.353653
v -16.130613 -7.043736 -17.538027
v -15.902715 -7.043735 -17.585354
v -16.142145 -7.040191 -17.570429
v -16.115818 -7.040191 -17.385990
v -16.376411 -7.040191 -17.536995
v -16.350086 -7.040191 -17.352562
v -16.402407 -7.052990 -17.466858
v -16.376083 -7.052989 -17.282419
v -16.221811 -7.052990 -17.492630
v -16.195492 -7.052989 -17.308193
v -16.310329 -7.056174 -17.056684
v -16.343220 -7.056174 -17.287106
v -16.129736 -7.056174 -17.082464
v -16.162624 -7.056174 -17.312891
v -15.906921 -7.043734 -17.269035
v -16.118679 -7.043734 -17.365652
v -16.005146 -7.043734 -17.053751
v -16.216908 -7.043734 -17.150364
v -16.059814 -7.043733 -17.491590
v -16.118164 -7.043733 -17.716921
v -16.288895 -7.043733 -17.432264
v -16.347246 -7.043734 -17.657591
v -15.925277 -7.052990 -17.247431
v -15.752117 -7.052990 -17.316166
v -15.992582 -7.052990 -17.416985
v -15.819418 -7.052991 -17.485722
v -15.829422 -7.040191 -17.535873
v -15.982758 -7.040191 -17.430054
v -15.963827 -7.040190 -17.730635
v -16.117161 -7.040191 -17.624821
v -16.208879 -7.056175 -17.631071
v -15.987984 -7.056174 -17.704418
v -16.151398 -7.056174 -17.457939
v -15.930497 -7.056174 -17.531286
v -15.888910 -7.040191 -17.101561
v -16.074940 -7.040190 -17.111691
v -15.876045 -7.040191 -17.337851
v -16.062071 -7.040191 -17.347986
v -16.246670 -7.052989 -17.333094
v -16.094654 -7.052989 -17.225397
v -16.141212 -7.052990 -17.481943
v -15.989195 -7.052990 -17.374241
v -16.194647 -7.056174 -16.976797
v -15.962738 -7.056175 -16.956894
v -16.210249 -7.056174 -16.795042
v -15.978342 -7.056175 -16.775139
v -15.741529 -7.040190 -17.530264
v -15.819902 -7.040191 -17.699278
v -15.526850 -7.040191 -17.629812
v -15.605223 -7.040191 -17.798828
v -16.361401 -7.040191 -17.598755
v -16.547653 -7.040191 -17.594473
v -16.366840 -7.040192 -17.835331
v -16.553097 -7.040192 -17.831053
v -15.810570 -7.043734 -17.826618
v -15.868919 -7.043734 -18.051945
v -16.039654 -7.043734 -17.767294
v -16.098003 -7.043733 -17.992622
v -14.353555 -7.043735 -21.730114
v -14.164969 -7.043734 -21.593693
v -14.214851 -7.043734 -21.921843
v -14.026269 -7.043735 -21.785421
v -14.198696 -7.040191 -21.952215
v -14.317178 -7.040191 -21.808439
v -14.381311 -7.040192 -22.102709
v -14.499798 -7.040190 -21.958935
v -14.450651 -7.052989 -22.074631
v -14.569130 -7.052989 -21.930857
v -14.309870 -7.052989 -21.958616
v -14.428349 -7.052989 -21.814837
v -14.691535 -7.056173 -21.730120
v -14.543508 -7.056173 -21.909740
v -14.550754 -7.056174 -21.614101
v -14.402729 -7.056173 -21.793724
v -14.262746 -7.043733 -21.575298
v -14.334130 -7.043733 -21.796843
v -14.487980 -7.043734 -21.502722
v -14.559366 -7.043734 -21.724264
v -14.201426 -7.043733 -21.838255
v -14.074330 -7.043733 -22.033245
v -14.399672 -7.043734 -21.967470
v -14.272575 -7.043733 -22.162464
v -14.291078 -7.052989 -21.574289
v -14.123576 -7.052989 -21.492723
v -14.211210 -7.052990 -21.738302
v -14.043711 -7.052989 -21.656736
v -14.013407 -7.040191 -21.697929
v -14.194932 -7.040190 -21.739857
v -13.960155 -7.040191 -21.928499
v -14.141681 -7.040191 -21.970425
v -14.198898 -7.056174 -22.042387
v -13.995808 -7.056174 -21.928669
v -14.288022 -7.056174 -21.883215
v -14.084934 -7.056174 -21.769497
v -14.374303 -7.040191 -21.449095
v -14.492230 -7.040190 -21.593334
v -14.191101 -7.040191 -21.598881
v -14.309026 -7.040190 -21.743114
v -14.444464 -7.052990 -21.869427
v -14.421538 -7.052990 -21.684542
v -14.263427 -7.052990 -21.891874
v -14.240499 -7.052989 -21.706985
v -14.672565 -7.056174 -21.590818
v -14.530933 -7.056174 -21.406109
v -14.817328 -7.056174 -21.479816
v -14.675700 -7.056173 -21.295109
v -13.958302 -7.040191 -21.629232
v -13.886299 -7.040191 -21.801056
v -13.740053 -7.040191 -21.537769
v -13.668045 -7.040190 -21.709595
v -14.325579 -7.040190 -22.133257
v -14.454297 -7.040190 -22.267941
v -14.154504 -7.040191 -22.296749
v -14.283223 -7.040190 -22.431440
v -13.785949 -7.043734 -21.880003
v -13.658851 -7.043734 -22.074997
v -13.984194 -7.043733 -22.009220
v -13.857100 -7.043733 -22.204218
v 9.859200 -2.312210 -11.749800
v 9.908924 -2.312210 -11.929344
v 10.087254 -2.312210 -11.686636
v 10.136982 -2.312210 -11.866180
v -16.273880 -7.040190 -20.902382
v -16.311729 -7.040190 -21.084799
v -16.042177 -7.040190 -20.950451
v -16.080023 -7.040191 -21.132875
v 8.104179 -2.315753 -12.535856
v 8.160927 -2.315752 -12.761593
v 7.874680 -2.315753 -12.593550
v 7.931427 -2.315753 -12.819286
v 11.617413 -2.312209 -11.876932
v 11.795879 -2.312209 -11.930389
v 11.685314 -2.312209 -11.650240
v 11.863781 -2.312209 -11.703701
v 13.578751 -2.312210 -10.523901
v 13.414501 -2.312209 -10.611830
v 13.690437 -2.312209 -10.732523
v 13.526188 -2.312210 -10.820457
v -15.516865 -7.043733 -21.240993
v -15.516530 -7.043733 -21.008230
v -15.280226 -7.043733 -21.241335
v -15.279886 -7.043733 -21.008575
v 6.109573 -2.312209 -16.954714
v 6.287863 -2.312210 -16.900658
v 6.040913 -2.312210 -16.728256
v 6.219200 -2.312210 -16.674198
v 7.464535 -2.312210 -14.433081
v 7.376223 -2.312210 -14.597126
v 7.672899 -2.312210 -14.545250
v 7.584589 -2.312210 -14.709295
v 6.401955 -2.315752 -17.505447
v 6.626251 -2.315752 -17.443256
v 6.465187 -2.315753 -17.733486
v 6.689486 -2.315753 -17.671293
v -9.162490 -2.315854 -1.932524
v -9.005551 -2.315853 -2.104416
v -9.337248 -2.315854 -2.092078
v -9.180310 -2.315853 -2.263970
v -9.365583 -2.310904 -2.111580
v -9.236180 -2.310903 -1.977550
v -9.535826 -2.310903 -1.947212
v -9.406421 -2.310904 -1.813185
v -9.515793 -2.328780 -1.875142
v -9.386388 -2.328780 -1.741112
v -9.384556 -2.328780 -2.001850
v -9.255151 -2.328780 -1.867820
v -9.200831 -2.333227 -1.596726
v -9.362502 -2.333227 -1.764174
v -9.069594 -2.333228 -1.723434
v -9.231265 -2.333227 -1.890882
v -8.998368 -2.315851 -2.005185
v -9.226577 -2.315851 -1.959392
v -8.951813 -2.315852 -1.773168
v -9.180022 -2.315852 -1.727377
v -9.252670 -2.315852 -2.095936
v -9.431988 -2.315852 -2.244333
v -9.403542 -2.315852 -1.913628
v -9.582861 -2.315851 -2.062024
v -9.000583 -2.328779 -1.976922
v -8.900541 -2.328780 -2.134086
v -9.154473 -2.328780 -2.074879
v -9.054432 -2.328779 -2.232046
v -9.091922 -2.310904 -2.266819
v -9.154172 -2.310904 -2.091223
v -9.314960 -2.310903 -2.345887
v -9.377212 -2.310904 -2.170292
v -9.455199 -2.333228 -2.121610
v -9.319171 -2.333227 -2.310485
v -9.307168 -2.333227 -2.015001
v -9.171142 -2.333227 -2.203876
v -8.885641 -2.310904 -1.880027
v -9.042320 -2.310904 -1.779229
v -9.013670 -2.310903 -2.079040
v -9.170352 -2.310903 -1.978244
v -9.311215 -2.328780 -1.858007
v -9.124918 -2.328780 -1.859811
v -9.312979 -2.328780 -2.040422
v -9.126685 -2.328780 -2.042224
v -9.060279 -2.333228 -1.599773
v -8.860697 -2.333227 -1.719532
v -8.966419 -2.333227 -1.443351
v -8.766832 -2.333227 -1.563109
v -9.017416 -2.310904 -2.313778
v -9.179964 -2.310903 -2.404814
v -8.901785 -2.310903 -2.520242
v -9.064333 -2.310903 -2.611280
v -9.559850 -2.310904 -2.006052
v -9.708272 -2.310904 -1.893443
v -9.702885 -2.310904 -2.194571
v -9.851305 -2.310904 -2.081962
v -9.247016 -2.315851 -2.513470
v -9.426333 -2.315852 -2.661866
v -9.397889 -2.315851 -2.331161
v -9.577206 -2.315852 -2.479558
v -14.705856 -1.741762 -9.392853
v -14.568290 -1.759260 -9.205919
v -14.517322 -1.765744 -9.533842
v -14.379756 -1.783242 -9.346907
v -14.492627 -1.766259 -9.557922
v -14.647697 -1.746534 -9.456562
v -14.620342 -1.750014 -9.756475
v -14.775412 -1.730290 -9.655117
v -14.695503 -1.749936 -9.750607
v -14.850574 -1.730211 -9.649248
v -14.597050 -1.762459 -9.597544
v -14.752121 -1.742734 -9.496185
v -15.026686 -1.710170 -9.494757
v -14.832952 -1.734812 -9.621391
v -14.928233 -1.722693 -9.341696
v -14.734496 -1.747335 -9.468327
v -14.666271 -1.746796 -9.217859
v -14.667528 -1.746637 -9.450613
v -14.901017 -1.716937 -9.216574
v -14.902272 -1.716777 -9.449326
v -14.529628 -1.764178 -9.450089
v -14.351089 -1.786888 -9.597687
v -14.678486 -1.745243 -9.633064
v -14.499949 -1.767952 -9.780663
v -14.694230 -1.750098 -9.225443
v -14.560197 -1.767147 -9.097168
v -14.569631 -1.765947 -9.357738
v -14.435599 -1.782996 -9.229465
v -14.393433 -1.778876 -9.259605
v -14.552588 -1.758632 -9.354313
v -14.274099 -1.794055 -9.463388
v -14.433251 -1.773811 -9.558096
v -14.467326 -1.781319 -9.643959
v -14.309254 -1.801426 -9.474298
v -14.599236 -1.764540 -9.519070
v -14.441162 -1.784648 -9.349411
v -14.809209 -1.725989 -9.131168
v -14.877603 -1.717290 -9.304247
v -14.591125 -1.753730 -9.218742
v -14.659521 -1.745030 -9.391819
v -14.751031 -1.742874 -9.553091
v -14.784649 -1.738597 -9.369896
v -14.573085 -1.765508 -9.519911
v -14.606701 -1.761232 -9.336714
v -15.050406 -1.707153 -9.356224
v -14.971696 -1.717164 -9.137405
v -15.220532 -1.685513 -9.294035
v -15.141821 -1.695524 -9.075220
v -14.361859 -1.782893 -9.177490
v -14.242357 -1.798092 -9.319609
v -14.182788 -1.805670 -9.024479
v -14.063286 -1.820870 -9.166597
v -14.558491 -1.757881 -9.768795
v -14.639952 -1.747519 -9.936026
v -14.347776 -1.784684 -9.873102
v -14.429239 -1.774322 -10.040331
v -14.124162 -1.815752 -9.364622
v -13.945624 -1.838462 -9.512222
v -14.273022 -1.796817 -9.547602
v -14.094484 -1.819527 -9.695200
v -13.576241 -1.885443 -9.333366
v -13.438671 -1.902941 -9.146431
v -13.387706 -1.909424 -9.474358
v -13.250136 -1.926923 -9.287420
v -13.363009 -1.909939 -9.498436
v -13.518079 -1.890215 -9.397078
v -13.490725 -1.893694 -9.696991
v -13.645793 -1.873970 -9.595631
v -13.565886 -1.893617 -9.691120
v -13.720956 -1.873893 -9.589764
v -13.467434 -1.906139 -9.538059
v -13.622503 -1.886416 -9.436699
v -13.897069 -1.853850 -9.435270
v -13.703334 -1.878494 -9.561905
v -13.798615 -1.866373 -9.282209
v -13.604878 -1.891016 -9.408842
v -13.536654 -1.890477 -9.158373
v -13.537910 -1.890317 -9.391129
v -13.771399 -1.860618 -9.157085
v -13.772656 -1.860457 -9.389843
v -13.400009 -1.907858 -9.390602
v -13.221472 -1.930568 -9.538202
v -13.548868 -1.888924 -9.573580
v -13.370333 -1.911633 -9.721178
v -13.564611 -1.893779 -9.165956
v -13.430579 -1.910828 -9.037683
v -13.440016 -1.909628 -9.298252
v -13.305982 -1.926676 -9.169979
v -13.263816 -1.922556 -9.200121
v -13.422970 -1.902312 -9.294827
v -13.144482 -1.937736 -9.403902
v -13.303634 -1.917491 -9.498610
v -13.337709 -1.925000 -9.584473
v -13.179635 -1.945107 -9.414812
v -13.469618 -1.908222 -9.459583
v -13.311544 -1.928328 -9.289925
v -13.679590 -1.869670 -9.071684
v -13.747987 -1.860972 -9.244761
v -13.461511 -1.897411 -9.159256
v -13.529902 -1.888711 -9.332333
v -13.621413 -1.886554 -9.493607
v -13.655030 -1.882278 -9.310408
v -13.443466 -1.909189 -9.460423
v -13.477084 -1.904913 -9.277227
v -13.920789 -1.850834 -9.296736
v -13.842078 -1.860845 -9.077919
v -14.090916 -1.829194 -9.234550
v -14.012204 -1.839206 -9.015736
v -13.232241 -1.926573 -9.118004
v -13.112741 -1.941773 -9.260122
v -13.053169 -1.949351 -8.964993
v -12.933667 -1.964551 -9.107109
v -13.428873 -1.901562 -9.709309
v -13.510335 -1.891200 -9.876539
v -13.218159 -1.928364 -9.813616
v -13.299621 -1.918002 -9.980844
v -12.994544 -1.959432 -9.305140
v -12.816007 -1.982143 -9.452736
v -13.143405 -1.940498 -9.488113
v -12.964868 -1.963208 -9.635714
v -14.080411 -1.808317 -9.571310
v -13.942840 -1.825814 -9.384373
v -13.891875 -1.832298 -9.712301
v -13.754307 -1.849797 -9.525362
v -13.867179 -1.832814 -9.736380
v -14.022250 -1.813088 -9.635019
v -13.994893 -1.816569 -9.934931
v -14.149963 -1.796844 -9.833572
v -14.070057 -1.816491 -9.929066
v -14.225125 -1.796766 -9.827707
v -13.971604 -1.829014 -9.776001
v -14.126673 -1.809290 -9.674643
v -14.401239 -1.776724 -9.673216
v -14.207504 -1.801368 -9.799849
v -14.302786 -1.789247 -9.520151
v -14.109050 -1.813891 -9.646784
v -14.040825 -1.813351 -9.396317
v -14.042081 -1.813191 -9.629074
v -14.275569 -1.783493 -9.395029
v -14.276824 -1.783332 -9.627785
v -13.904178 -1.830732 -9.628546
v -13.725642 -1.853442 -9.776144
v -14.053038 -1.811797 -9.811523
v -13.874502 -1.834507 -9.959122
v -14.068781 -1.816653 -9.403900
v -13.934748 -1.833702 -9.275625
v -13.944183 -1.832502 -9.536198
v -13.810151 -1.849550 -9.407925
v -13.767987 -1.845430 -9.438063
v -13.927140 -1.825186 -9.532770
v -13.648650 -1.860611 -9.641844
v -13.807805 -1.840365 -9.736553
v -13.841881 -1.847875 -9.822416
v -13.683806 -1.867981 -9.652754
v -13.973787 -1.831096 -9.697527
v -13.815713 -1.851202 -9.527864
v -14.183761 -1.792545 -9.309628
v -14.252155 -1.783846 -9.482704
v -13.965679 -1.820285 -9.397200
v -14.034072 -1.811584 -9.570278
v -14.125584 -1.809428 -9.731550
v -14.159201 -1.805152 -9.548353
v -13.947638 -1.832062 -9.698368
v -13.981255 -1.827786 -9.515169
v -14.424959 -1.773708 -9.534679
v -14.346249 -1.783720 -9.315861
v -14.595084 -1.752069 -9.472494
v -14.516376 -1.762080 -9.253677
v -13.736413 -1.849447 -9.355947
v -13.616909 -1.864647 -9.498066
v -13.557342 -1.872225 -9.202936
v -13.437838 -1.887425 -9.345055
v -13.933043 -1.824436 -9.947252
v -14.014506 -1.814074 -10.114483
v -13.722328 -1.851238 -10.051559
v -13.803792 -1.840876 -10.218788
v -13.498713 -1.882307 -9.543083
v -13.320177 -1.905016 -9.690681
v -13.647575 -1.863372 -9.726057
v -13.469038 -1.886081 -9.873657
v -10.712440 -2.224639 -9.407408
v -10.574874 -2.242137 -9.220472
v -10.523906 -2.248621 -9.548397
v -10.386339 -2.266119 -9.361462
v -10.499210 -2.249136 -9.572475
v -10.654281 -2.229411 -9.471117
v -10.626925 -2.232890 -9.771030
v -10.781995 -2.213166 -9.669672
v -10.702088 -2.232813 -9.765163
v -10.857159 -2.213089 -9.663805
v -10.603634 -2.245337 -9.612099
v -10.758704 -2.225612 -9.510740
v -11.033270 -2.193047 -9.509314
v -10.839533 -2.217690 -9.635946
v -10.934816 -2.205570 -9.356251
v -10.741080 -2.230212 -9.482883
v -10.672855 -2.229673 -9.232414
v -10.674111 -2.229514 -9.465170
v -10.907599 -2.199814 -9.231129
v -10.908855 -2.199654 -9.463882
v -10.536210 -2.247054 -9.464645
v -10.357672 -2.269764 -9.612244
v -10.685069 -2.228119 -9.647621
v -10.506533 -2.250829 -9.795219
v -10.700811 -2.232975 -9.239998
v -10.566780 -2.250025 -9.111725
v -10.576214 -2.248824 -9.372293
v -10.442183 -2.265872 -9.244020
v -10.400017 -2.261753 -9.274160
v -10.559171 -2.241509 -9.368868
v -10.280683 -2.276932 -9.477942
v -10.439837 -2.256687 -9.572651
v -10.473910 -2.264196 -9.658512
v -10.315838 -2.284303 -9.488853
v -10.605819 -2.247417 -9.533625
v -10.447743 -2.267525 -9.363966
v -10.815794 -2.208867 -9.145725
v -10.884186 -2.200168 -9.318804
v -10.597709 -2.236606 -9.233297
v -10.666105 -2.227907 -9.406374
v -10.757615 -2.225751 -9.567646
v -10.791232 -2.221474 -9.384449
v -10.579669 -2.248384 -9.534464
v -10.613285 -2.244109 -9.351269
v -11.056991 -2.190030 -9.370779
v -10.978279 -2.200041 -9.151960
v -11.227116 -2.168390 -9.308592
v -11.148403 -2.178402 -9.089773
v -10.368443 -2.265769 -9.192043
v -10.248940 -2.280970 -9.334164
v -10.189371 -2.288547 -9.039034
v -10.069869 -2.303747 -9.181150
v -10.565074 -2.240758 -9.783350
v -10.646537 -2.230396 -9.950581
v -10.354361 -2.267560 -9.887657
v -10.435823 -2.257198 -10.054886
v -10.130746 -2.298628 -9.379179
v -9.952208 -2.321339 -9.526777
v -10.279605 -2.279695 -9.562157
v -10.101068 -2.302404 -9.709755
v -1.001093 -2.470580 -13.304489
v -1.591778 -2.269374 -11.608206
v -1.058876 -1.044922 -13.493719
v -1.649559 -0.843716 -11.797432
v -1.184191 -2.369619 -13.158552
v -1.409590 -2.369619 -11.754463
v -0.288248 -1.692096 -13.014727
v -0.513649 -1.692096 -11.610638
v -1.753555 -2.459465 -12.965174
v -0.839935 -2.279754 -11.947081
v -1.159172 -1.802137 -13.614594
v -0.245552 -1.622426 -12.596498
v -2.044266 -2.462583 -12.064716
v -0.548103 -2.276783 -12.847284
v -2.623844 -1.653284 -12.980646
v -1.127687 -1.467483 -13.763212
v -1.113306 -2.369565 -11.891726
v -1.478928 -2.369566 -13.021374
v -1.834129 -1.803873 -11.658424
v -2.199749 -1.803873 -12.788074
v -0.636217 -2.446892 -12.344797
v -1.956638 -2.292314 -12.568899
v -0.706537 -1.804564 -11.487406
v -2.026958 -1.649985 -11.711502
v -0.831558 -2.361939 -13.167187
v -1.761887 -2.377784 -11.746040
v -0.289213 -1.178689 -12.798962
v -1.219545 -1.194533 -11.377813
v -1.846689 -2.469367 -13.152483
v -0.746054 -2.270571 -11.760344
v -2.035072 -1.060789 -13.204691
v -0.934437 -0.861994 -11.812550
v -1.941431 -2.367394 -11.947279
v -0.651386 -2.372435 -12.965454
v -2.054007 -1.072049 -12.096325
v -0.763958 -1.077091 -13.114502
v -2.079325 -2.406624 -12.129196
v -0.513653 -2.333230 -12.783951
v -2.022202 -1.085453 -11.844501
v -0.456528 -1.012059 -12.499258
v -1.117664 -2.390465 -11.626413
v -1.475536 -2.349389 -13.286432
v -0.828802 -1.069294 -11.655996
v -1.186678 -1.028218 -13.316015
v -0.796421 -2.221657 -11.785975
v -1.795918 -2.518072 -13.127087
v -1.408215 -1.030702 -11.593250
v -2.407709 -1.327117 -12.934361
v -0.448725 -2.385391 -12.505856
v -2.144186 -2.354361 -12.406446
v -0.461521 -1.171650 -13.102913
v -2.156979 -1.140619 -13.003504
v -0.874025 -2.470581 -10.863678
v -1.924776 -2.269374 -9.406895
v -0.875328 -1.044923 -11.061527
v -1.926083 -0.843717 -9.604744
v -1.091190 -2.369620 -10.776142
v -1.708393 -2.369620 -9.494997
v -0.273699 -1.692096 -10.382309
v -0.890903 -1.692097 -9.101164
v -1.692074 -2.459467 -10.753515
v -1.107454 -2.279754 -9.516813
v -0.936905 -1.802138 -11.206022
v -0.352285 -1.622425 -9.969320
v -2.227957 -2.462583 -9.973669
v -0.570564 -2.276783 -10.296097
v -2.521656 -1.653283 -11.017019
v -0.864265 -1.467483 -11.339447
v -1.385242 -2.369566 -9.541878
v -1.412836 -2.369566 -10.728901
v -2.142673 -1.803874 -9.524271
v -2.170267 -1.803873 -10.711292
v -0.798584 -2.446893 -9.839739
v -1.999920 -2.292313 -10.431789
v -1.110962 -1.804565 -9.038183
v -2.312298 -1.649985 -9.630234
v -0.750790 -2.361939 -10.683659
v -2.048409 -2.377784 -9.587591
v -0.336277 -1.178689 -10.175814
v -1.633894 -1.194534 -9.079748
v -1.727804 -2.469367 -10.959627
v -1.070841 -2.270571 -9.311035
v -1.893412 -1.060790 -11.063486
v -1.236454 -0.861994 -9.414892
v -2.162968 -2.367394 -9.831743
v -0.635773 -2.372436 -10.438852
v -2.228260 -1.072050 -10.006742
v -0.701065 -1.077091 -10.613852
v -2.243132 -2.406626 -10.045477
v -0.555647 -2.333231 -10.225563
v -2.269737 -1.085454 -9.756329
v -0.582251 -1.012059 -9.936415
v -1.465227 -2.390466 -9.288872
v -1.333849 -2.349389 -10.981941
v -1.179958 -1.069295 -9.234682
v -1.048580 -1.028218 -10.927750
v -1.111786 -2.221657 -9.349991
v -1.686403 -2.518073 -10.920780
v -1.753139 -1.030703 -9.340113
v -2.327759 -1.327118 -10.910902
v -0.572889 -2.385391 -9.940510
v -2.226067 -2.354361 -10.329702
v -0.414549 -1.171650 -10.516327
v -2.067724 -1.140619 -10.905519
v 11.622543 -6.404593 77.279549
v 11.622543 -1.606169 77.267349
v 11.608192 -6.406320 76.599709
v 11.608185 -1.607894 76.587532
v 12.302391 -6.404630 77.265175
v 12.302383 -1.606205 77.252991
v 12.288021 -6.406356 76.585342
v 12.288025 -1.607931 76.573166
v 11.502884 -1.605853 77.392181
v 11.483360 -1.608199 76.467857
v 12.407692 -1.608249 76.448334
v 12.427212 -1.605904 77.372665
v 11.502884 -1.342683 77.391510
v 11.483364 -1.345032 76.467194
v 12.407692 -1.345083 76.447670
v 12.427212 -1.342732 77.371994
v 11.417450 -1.342458 77.480614
v 11.394241 -1.345249 76.381767
v 12.493111 -1.345307 76.358551
v 12.516327 -1.342517 77.457428
v 11.417458 -1.211051 77.480293
v 11.394241 -1.213840 76.381416
v 12.493114 -1.213900 76.358223
v 12.516327 -1.211109 77.457077
v 5.819750 -6.404250 77.282173
v 5.820309 -1.605825 77.269989
v 5.833488 -6.405978 76.602325
v 5.834045 -1.607555 76.590149
v 5.139891 -6.404206 77.268440
v 5.140455 -1.605781 77.256256
v 5.153645 -6.405932 76.588585
v 5.154196 -1.607511 76.576401
v 5.940090 -1.605523 77.394707
v 5.958767 -1.607873 76.470360
v 5.034418 -1.607813 76.451698
v 5.015734 -1.605462 77.376030
v 5.940111 -1.342354 77.394043
v 5.958792 -1.344705 76.469711
v 5.034445 -1.344644 76.451012
v 5.015768 -1.342296 77.375366
v 6.025621 -1.342140 77.483070
v 6.047834 -1.344934 76.384193
v 4.948942 -1.344861 76.361977
v 4.926725 -1.342067 77.460861
v 6.025640 -1.210731 77.482750
v 6.047844 -1.213525 76.383865
v 4.948954 -1.213454 76.361656
v 4.926748 -1.210659 77.460533
v 11.377682 -6.088724 76.978355
v 11.377674 -1.967755 76.967888
v 11.377628 -6.088933 76.895561
v 11.377640 -1.967966 76.885094
v 11.460449 -6.088724 76.978302
v 11.460449 -1.999277 76.967926
v 11.460415 -6.088936 76.895538
v 11.460419 -1.999487 76.885139
v 10.928013 -6.088724 76.978546
v 10.928013 -1.820058 76.967720
v 10.927982 -6.088935 76.895775
v 10.927975 -1.820267 76.884926
v 11.010792 -6.088724 76.978523
v 11.010792 -1.870607 76.967796
v 11.010754 -6.088933 76.895737
v 11.010746 -1.870817 76.885025
v 10.478352 -6.088724 76.978767
v 10.478348 -1.633378 76.967453
v 10.478310 -6.088933 76.895981
v 10.478310 -1.633586 76.884659
v 10.561123 -6.088723 76.978722
v 10.561131 -1.691884 76.967560
v 10.561089 -6.088933 76.895935
v 10.561092 -1.692091 76.884781
v 10.028687 -6.088724 76.978981
v 10.028683 -1.444238 76.967186
v 10.028641 -6.088933 76.896187
v 10.028648 -1.444448 76.884392
v 10.111462 -6.088723 76.978928
v 10.111458 -1.499630 76.967270
v 10.111427 -6.088933 76.896149
v 10.111423 -1.499841 76.884491
v 9.579018 -6.088724 76.979172
v 9.579018 -1.289165 76.966988
v 9.578983 -6.088933 76.896400
v 9.578979 -1.289377 76.884201
v 9.661793 -6.088722 76.979134
v 9.661800 -1.330377 76.967049
v 9.661758 -6.088933 76.896355
v 9.661758 -1.330587 76.884285
v 9.129356 -6.088720 76.979378
v 9.129356 -1.204687 76.966980
v 9.129318 -6.088932 76.896599
v 9.129318 -1.204897 76.884201
v 9.212128 -6.088722 76.979347
v 9.212135 -1.220649 76.966980
v 9.212090 -6.088930 76.896553
v 9.212093 -1.220859 76.884193
v 8.550850 -6.088653 77.006386
v 8.550848 -1.199640 76.993965
v 8.550785 -6.089000 76.870125
v 8.550785 -1.199986 76.857712
v 8.891315 -6.088655 77.006233
v 8.891308 -1.199640 76.993813
v 8.891254 -6.089002 76.869972
v 8.891251 -1.199988 76.857559
v 8.230021 -6.088720 76.979790
v 8.230030 -1.220647 76.967430
v 8.229988 -6.088930 76.897018
v 8.229988 -1.220857 76.884644
v 8.312805 -6.088720 76.979752
v 8.312811 -1.204687 76.967354
v 8.312773 -6.088932 76.896973
v 8.312769 -1.204895 76.884567
v 7.780361 -6.088722 76.979996
v 7.780361 -1.330373 76.967926
v 7.780321 -6.088932 76.897224
v 7.780323 -1.330582 76.885139
v 7.863140 -6.088720 76.979973
v 7.863142 -1.289160 76.967773
v 7.863102 -6.088930 76.897179
v 7.863102 -1.289372 76.884995
v 7.330694 -6.088718 76.980194
v 7.330698 -1.499621 76.968559
v 7.330666 -6.088932 76.897415
v 7.330656 -1.499832 76.885765
v 7.413485 -6.088720 76.980164
v 7.413481 -1.444231 76.968376
v 7.413441 -6.088930 76.897392
v 7.413437 -1.444440 76.885597
v 6.881031 -6.088717 76.980408
v 6.881041 -1.691874 76.969254
v 6.880995 -6.088928 76.897636
v 6.881001 -1.692082 76.886459
v 6.963810 -6.088720 76.980370
v 6.963816 -1.633369 76.969055
v 6.963781 -6.088932 76.897591
v 6.963781 -1.633579 76.886276
v 6.431374 -6.088719 76.980621
v 6.431377 -1.870599 76.969910
v 6.431326 -6.088929 76.897835
v 6.431341 -1.870809 76.887123
v 6.514149 -6.088717 76.980568
v 6.514154 -1.820048 76.969749
v 6.514107 -6.088928 76.897804
v 6.514114 -1.820258 76.886955
v 5.981709 -6.088718 76.980820
v 5.981709 -1.999270 76.970444
v 5.981672 -6.088929 76.898056
v 5.981667 -1.999479 76.887657
v 6.064487 -6.088718 76.980782
v 6.064486 -1.967745 76.970314
v 6.064449 -6.088928 76.898003
v 6.064447 -1.967956 76.887535
v 5.675882 -1.979551 77.022003
v 11.766312 -1.979559 77.019196
v 5.675795 -1.980025 76.836288
v 11.766228 -1.980030 76.833488
v 5.675880 -2.126814 77.022377
v 11.766312 -2.126819 77.019569
v 5.675789 -2.127285 76.836655
v 11.766228 -2.127290 76.833870
v 5.675886 -6.022251 77.032249
v 11.766308 -6.022257 77.029457
v 5.675798 -6.022721 76.846550
v 11.766224 -6.022729 76.843758
v 5.675882 -6.163849 77.032616
v 11.766312 -6.163857 77.029823
v 5.675795 -6.164320 76.846916
v 11.766232 -6.164329 76.844124
v 6.144382 -1.895120 77.021561
v 6.612873 -1.733401 77.020927
v 7.081367 -1.535714 77.020210
v 7.549860 -1.343361 77.019516
v 8.018353 -1.197658 77.018929
v 8.486853 -1.139910 77.018578
v 8.955338 -1.139909 77.018356
v 9.423843 -1.197658 77.018288
v 9.892334 -1.343364 77.018440
v 10.360832 -1.535717 77.018715
v 10.829327 -1.733406 77.018997
v 11.297817 -1.895123 77.019203
v 11.297737 -1.895595 76.833488
v 10.829235 -1.733877 76.833305
v 10.360744 -1.536187 76.833015
v 9.892250 -1.343834 76.832733
v 9.423756 -1.198130 76.832581
v 8.955265 -1.140380 76.832657
v 8.486763 -1.140379 76.832863
v 8.018274 -1.198129 76.833229
v 7.549772 -1.343833 76.833817
v 7.081278 -1.536183 76.834511
v 6.612785 -1.733871 76.835228
v 6.144293 -1.895590 76.835854
v 11.297733 -2.042854 76.833870
v 10.829239 -1.881135 76.833672
v 10.360744 -1.683444 76.833382
v 9.892254 -1.491095 76.833122
v 9.423752 -1.345390 76.832947
v 8.955261 -1.287642 76.833038
v 8.486763 -1.287639 76.833244
v 8.018272 -1.345388 76.833611
v 7.549780 -1.491093 76.834183
v 7.081278 -1.683444 76.834885
v 6.612783 -1.881133 76.835602
v 6.144287 -2.042847 76.836227
v 11.297821 -2.042384 77.019577
v 10.829327 -1.880668 77.019371
v 10.360825 -1.682976 77.019081
v 9.892334 -1.490623 77.018822
v 9.423840 -1.344919 77.018661
v 8.955349 -1.287170 77.018730
v 8.486851 -1.287169 77.018936
v 8.018353 -1.344918 77.019302
v 7.549860 -1.490623 77.019913
v 7.081360 -1.682973 77.020592
v 6.612869 -1.880660 77.021301
v 6.144379 -2.042380 77.021950
v 5.675842 -1.297956 76.929466
v 11.766273 -1.297962 76.926674
v 5.675835 -2.000477 76.931244
v 11.766273 -2.000485 76.928459
v 11.297779 -1.213527 76.926674
v 10.829288 -1.051806 76.926476
v 10.360783 -0.854115 76.926186
v 9.892296 -0.661765 76.925911
v 9.423798 -0.516060 76.925758
v 8.955303 -0.458312 76.925819
v 8.486809 -0.458308 76.926025
v 8.018312 -0.516059 76.926392
v 7.549818 -0.661763 76.926994
v 7.081324 -0.854112 76.927681
v 6.612833 -1.051802 76.928406
v 6.144342 -1.213518 76.929031
v 11.297775 -1.916048 76.928452
v 10.829281 -1.754329 76.928253
v 10.360779 -1.556639 76.927963
v 9.892284 -1.364285 76.927689
v 9.423798 -1.218581 76.927528
v 8.955299 -1.160834 76.927612
v 8.486803 -1.160832 76.927811
v 8.018320 -1.218582 76.928192
v 7.549818 -1.364285 76.928780
v 7.081324 -1.556637 76.929474
v 6.612835 -1.754325 76.930191
v 6.144342 -1.916042 76.930817
v -2.346752 2.535653 7.273227
v -2.449495 2.535653 7.259702
v -2.251011 2.535653 7.312885
v -2.168795 2.535652 7.375973
v -2.105709 2.535653 7.458187
v -2.066051 2.535653 7.553928
v -2.052525 2.535653 7.656670
v -2.066050 2.535652 7.759417
v -2.105707 2.535653 7.855156
v -2.168795 2.535652 7.937373
v -2.251011 2.535652 8.000459
v -2.346752 2.535653 8.040116
v -2.449495 2.535653 8.053643
v -2.552238 2.535652 8.040115
v -2.647980 2.535653 8.000460
v -2.730196 2.535652 7.937372
v -2.793283 2.535653 7.855157
v -2.832941 2.535652 7.759415
v -2.846466 2.535652 7.656672
v -2.832941 2.535653 7.553928
v -2.793282 2.535653 7.458187
v -2.730196 2.535653 7.375970
v -2.647982 2.535653 7.312884
v -2.552240 2.535653 7.273227
v -0.155447 -0.527459 8.981142
v -3.135094 -0.527459 10.215353
v -4.322584 -0.527459 9.529757
v -4.322584 -0.527459 5.783587
v -4.743549 -0.527458 6.332201
v -5.008179 -0.527459 6.971075
v -0.576414 -0.527459 5.783587
v -1.125029 -0.527459 9.950722
v -0.576414 -0.527459 9.529755
v -3.773972 -0.527459 9.950725
v -1.125029 -0.527459 5.362619
v -2.449499 -0.527459 5.007729
v -1.763901 -0.527459 5.097990
v 0.199444 -0.527459 7.656672
v -3.135094 -0.527459 5.097990
v 0.109184 -0.527458 8.342269
v -2.449499 -0.527459 10.305613
v -5.008177 -0.527459 8.342266
v -1.811361 1.265123 6.551395
v -2.119173 1.265124 6.423896
v -1.547041 1.265124 6.754219
v -1.344217 1.265123 7.018539
v -1.216719 1.265124 7.326352
v -1.216719 1.265124 7.986993
v -1.173231 1.265123 7.656671
v -1.344217 1.265123 8.294803
v -1.547041 1.265124 8.559126
v -2.119173 1.265124 8.889446
v -1.811359 1.265123 8.761945
v -2.449490 1.265123 8.932934
v -2.779812 1.265124 8.889446
v -3.087622 1.265124 8.761945
v -3.351946 1.265124 8.559124
v -3.682262 1.265124 7.986991
v -3.554768 1.265124 8.294803
v -3.682264 1.265124 7.326351
v -3.725754 1.265123 7.656672
v -2.779812 1.265124 6.423898
v -3.087622 1.265124 6.551396
v -2.449490 1.265123 6.380411
v -3.351944 1.265124 6.754219
v -3.554764 1.265124 7.018539
v -2.612673 1.265124 7.047685
v -2.764730 1.265123 7.110669
v -2.895304 1.265124 7.210863
v -2.995499 1.265124 7.341436
v -3.058483 1.265124 7.493494
v -3.079964 1.265124 7.656671
v -3.058483 1.265124 7.819849
v -2.995499 1.265124 7.971906
v -2.895304 1.265124 8.102482
v -2.764730 1.265124 8.202674
v -2.612673 1.265123 8.265657
v -2.449495 1.265123 8.287142
v -2.286320 1.265123 8.265660
v -2.134260 1.265124 8.202673
v -2.003685 1.265123 8.102481
v -1.903490 1.265124 7.971907
v -1.840509 1.265123 7.819850
v -1.819025 1.265124 7.656672
v -1.840509 1.265123 7.493495
v -1.903494 1.265124 7.341436
v -2.003685 1.265123 7.210862
v -2.134260 1.265124 7.110671
v -2.449495 1.265123 7.026204
v -2.286316 1.265124 7.047685
v -1.966736 -0.207391 5.854981
v -0.584249 -0.207392 7.656672
v -1.516872 -0.207393 9.272024
v -4.064846 -0.207392 8.589293
v -4.314741 -0.207391 7.656671
v -3.382120 -0.207392 6.041321
v -3.768423 -0.207392 6.337743
v -4.064848 -0.207392 6.724049
v -1.516872 -0.207392 6.041320
v -1.130568 -0.207392 6.337743
v -0.834145 -0.207393 6.724048
v -0.647808 -0.207392 7.173911
v -0.647808 -0.207393 8.139433
v -0.834145 -0.207392 8.589293
v -1.130569 -0.207393 8.975599
v -1.966736 -0.207392 9.458362
v -2.449495 -0.207392 9.521917
v -2.932259 -0.207392 9.458362
v -3.382120 -0.207391 9.272021
v -3.768425 -0.207391 8.975599
v -4.251184 -0.207392 8.139434
v -4.251184 -0.207392 7.173911
v -2.932259 -0.207392 5.854982
v -2.449495 -0.207392 5.791426
v -1.811361 -0.207394 6.551396
v -2.119173 -0.207394 6.423899
v -1.547041 -0.207394 6.754219
v -1.344217 -0.207394 7.018539
v -1.216719 -0.207394 7.326351
v -1.216719 -0.207393 7.986992
v -1.173231 -0.207395 7.656671
v -1.344219 -0.207395 8.294806
v -1.547041 -0.207394 8.559124
v -2.119173 -0.207394 8.889446
v -1.811359 -0.207395 8.761945
v -2.449492 -0.207394 8.932934
v -2.779812 -0.207394 8.889443
v -3.087622 -0.207394 8.761945
v -3.351944 -0.207394 8.559124
v -3.682264 -0.207394 7.986991
v -3.554764 -0.207394 8.294801
v -3.682264 -0.207394 7.326351
v -3.725754 -0.207394 7.656671
v -2.779812 -0.207394 6.423898
v -3.087622 -0.207394 6.551397
v -2.449492 -0.207394 6.380409
v -3.351944 -0.207394 6.754220
v -3.554764 -0.207394 7.018538
v -1.966736 -0.527459 5.854981
v -0.584249 -0.527460 7.656671
v -1.516872 -0.527460 9.272021
v -4.064848 -0.527460 8.589293
v -4.314743 -0.527460 7.656670
v -3.382120 -0.527460 6.041321
v -3.768425 -0.527460 6.337744
v -4.064846 -0.527460 6.724048
v -1.516872 -0.527460 6.041320
v -1.130568 -0.527460 6.337744
v -0.834145 -0.527460 6.724049
v -0.647808 -0.527460 7.173910
v -0.647808 -0.527460 8.139434
v -0.834145 -0.527460 8.589293
v -1.130569 -0.527460 8.975599
v -1.966734 -0.527460 9.458362
v -2.449495 -0.527461 9.521917
v -2.932259 -0.527460 9.458359
v -3.382120 -0.527460 9.272021
v -3.768423 -0.527460 8.975599
v -4.251184 -0.527461 8.139432
v -4.251188 -0.527460 7.173911
v -2.932259 -0.527460 5.854981
v -2.449495 -0.527460 5.791425
v -2.286320 2.535653 7.047686
v -2.449495 2.535653 7.026203
v -2.134260 2.535653 7.110669
v -2.003685 2.535654 7.210862
v -1.903494 2.535653 7.341438
v -1.840509 2.535653 7.493494
v -1.819027 2.535653 7.656671
v -1.840509 2.535653 7.819850
v -1.903494 2.535653 7.971906
v -2.003685 2.535654 8.102481
v -2.134260 2.535652 8.202676
v -2.286316 2.535654 8.265657
v -2.449495 2.535653 8.287142
v -2.612671 2.535653 8.265657
v -2.764730 2.535653 8.202674
v -2.895306 2.535653 8.102482
v -2.995497 2.535654 7.971905
v -3.058481 2.535653 7.819850
v -3.079964 2.535653 7.656673
v -3.058483 2.535653 7.493493
v -2.995497 2.535652 7.341436
v -2.895304 2.535653 7.210863
v -2.764730 2.535653 7.110668
v -2.612673 2.535654 7.047685
v -4.539049 -2.158355 9.746222
v -3.214327 -2.158356 10.511049
v 0.109667 -2.158356 9.134205
v -4.539045 -2.158355 5.567122
v -5.008663 -2.158355 6.179136
v -5.303875 -2.158355 6.891844
v -0.359949 -2.158355 5.567122
v 0.109667 -2.158356 6.179136
v -0.971964 -2.158356 10.215836
v -0.359951 -2.158355 9.746222
v -0.971964 -2.158357 5.097507
v -5.008661 -2.158356 9.134205
v -2.449499 -2.158356 4.701602
v -1.684671 -2.158355 4.802295
v -1.684671 -2.158355 10.511047
v -3.214327 -2.158356 4.802296
v 0.404879 -2.158355 8.421500
v -2.449495 -2.158355 10.611740
v -5.303873 -2.158355 8.421500
v -4.638386 -2.158355 9.845560
v -3.250687 -2.158356 10.646748
v 0.231331 -2.158355 9.204450
v -4.638386 -2.158355 5.467785
v -5.130327 -2.158355 6.108892
v -5.439573 -2.158356 6.855483
v 0.540577 -2.158355 6.855484
v -0.260611 -2.158355 5.467783
v -3.997276 -2.158356 4.975842
v 0.231331 -2.158355 6.108893
v -0.901720 -2.158356 10.337499
v -0.260611 -2.158355 9.845560
v -3.997272 -2.158356 10.337502
v -0.901722 -2.158356 4.975842
v -5.545053 -2.158355 7.656672
v -5.130325 -2.158355 9.204450
v -2.449499 -2.158356 4.561116
v -1.648310 -2.158355 4.666595
v 0.646055 -2.158356 7.656672
v -1.648310 -2.158355 10.646748
v -3.250689 -2.158356 4.666596
v 0.540579 -2.158355 8.457857
v -2.449499 -2.158355 10.752226
v -5.439573 -2.158356 8.457862
v 0.109182 -0.527459 6.971075
v -3.773968 -0.527459 5.362620
v -0.155447 -0.527459 6.332200
v -5.098440 -0.527459 7.656672
v -4.743547 -0.527459 8.981142
v -1.763901 -0.527459 10.215353
v -3.214327 -0.527458 10.511047
v 0.109667 -0.527458 9.134205
v -5.008663 -0.527458 6.179137
v -5.303877 -0.527459 6.891844
v 0.404879 -0.527459 6.891844
v -3.927034 -0.527458 5.097507
v 0.109667 -0.527458 6.179138
v -0.971962 -0.527459 10.215836
v -3.927034 -0.527459 10.215837
v -0.971964 -0.527458 5.097507
v -5.404566 -0.527458 7.656671
v -5.008661 -0.527459 9.134205
v -2.449499 -0.527458 4.701602
v -1.684669 -0.527459 4.802294
v 0.505571 -0.527459 7.656671
v -1.684669 -0.527459 10.511047
v -3.214327 -0.527458 4.802295
v 0.404879 -0.527459 8.421502
v -2.449499 -0.527458 10.611738
v -5.303875 -0.527459 8.421500
v 0.404879 -2.158355 6.891844
v -3.927034 -2.158356 5.097507
v -3.927031 -2.158356 10.215834
v -5.404566 -2.158356 7.656673
v 0.505571 -2.158355 7.656670
v 11.939175 -6.158876 72.977966
v 11.944427 -4.048014 72.892067
v 12.094769 -4.048012 72.840302
v 12.146534 -4.048014 72.990631
v 12.082088 -4.048012 73.047668
v 11.996197 -4.048015 73.042397
v 11.944427 -6.158875 72.892067
v 12.008877 -6.158877 72.835052
v 12.094765 -6.158878 72.840302
v 12.151787 -6.158877 72.904755
v 12.146530 -6.158877 72.990631
v 12.082081 -6.158876 73.047668
v 11.996201 -6.158878 73.042412
v 12.330948 -2.130674 72.356056
v 12.661201 -2.130676 72.729347
v 12.630772 -2.130676 73.226822
v 12.257484 -2.130674 73.557060
v 11.760014 -2.130674 73.526649
v 11.429756 -2.130676 73.153343
v 11.460190 -2.130676 72.655876
v 11.833477 -2.130676 72.325630
v 12.330948 -3.440440 72.356049
v 12.661205 -3.440442 72.729347
v 12.630775 -3.440442 73.226822
v 12.257484 -3.440442 73.557076
v 11.760017 -3.440441 73.526649
v 11.429760 -3.440441 73.153351
v 11.460186 -3.440441 72.655876
v 11.833481 -3.440441 72.325630
v 12.045479 1.801129 72.941353
v 12.489075 -3.913197 72.788612
v 12.251152 -3.913198 72.519691
v 12.467155 -3.913198 73.147011
v 12.198215 -3.913197 73.384941
v 11.839813 -3.913197 73.363022
v 11.601887 -3.913198 73.094101
v 11.623814 -3.913196 72.735687
v 11.892738 -3.913197 72.497757
v 12.008873 -4.048012 72.835045
v 12.151783 -4.048014 72.904747
v 11.939175 -4.048015 72.977966
v 11.871414 -0.586372 72.435822
v 11.932388 0.514558 72.612900
v 11.564938 -0.586371 72.706978
v 11.733269 0.514560 72.789078
v 11.539963 -0.586372 73.115410
v 11.717033 0.514560 73.054443
v 11.811100 -0.586371 73.421883
v 11.893196 0.514560 73.253571
v 12.219543 -0.586372 73.446877
v 12.158566 0.514558 73.269798
v 12.526016 -0.586371 73.175728
v 12.357697 0.514559 73.093636
v 12.197758 0.514558 72.629135
v 12.279858 -0.586372 72.460815
v 12.550999 -0.586372 72.767288
v 12.373932 0.514559 72.828262
v 5.253593 -6.158876 73.070541
v 5.258856 -4.048014 72.984642
v 5.460955 -4.048014 73.083221
v 5.396500 -4.048014 73.140244
v 5.258850 -6.158877 72.984673
v 5.323301 -6.158877 72.927635
v 5.409193 -6.158877 72.932892
v 5.466209 -6.158878 72.997353
v 5.460955 -6.158876 73.083229
v 5.396507 -6.158874 73.140244
v 5.310616 -6.158875 73.134995
v 5.645369 -2.130672 72.448639
v 5.975624 -2.130676 72.821938
v 5.945198 -2.130676 73.319412
v 5.571905 -2.130677 73.649666
v 5.074440 -2.130673 73.619232
v 4.744184 -2.130676 73.245949
v 4.774616 -2.130676 72.748466
v 5.147898 -2.130674 72.418213
v 5.645367 -3.440440 72.448647
v 5.975626 -3.440442 72.821945
v 5.945202 -3.440442 73.319420
v 5.571911 -3.440441 73.649658
v 5.074436 -3.440441 73.619232
v 4.744177 -3.440440 73.245941
v 4.774614 -3.440441 72.748474
v 5.147896 -3.440441 72.418213
v 5.359907 1.801130 73.033951
v 5.803497 -3.913196 72.881195
v 5.565571 -3.913196 72.612267
v 5.781578 -3.913198 73.239609
v 5.512644 -3.913196 73.477531
v 5.154234 -3.913196 73.455612
v 4.916307 -3.913199 73.186684
v 4.938240 -3.913197 72.828285
v 5.207165 -3.913197 72.590355
v 5.323305 -4.048014 72.927635
v 5.409191 -4.048014 72.932892
v 5.466213 -4.048016 72.997337
v 5.310617 -4.048014 73.134995
v 5.253595 -4.048012 73.070541
v 5.185841 -0.586371 72.528419
v 5.246805 0.514559 72.705490
v 4.879360 -0.586371 72.799561
v 5.047684 0.514559 72.881653
v 4.854374 -0.586372 73.208000
v 5.031460 0.514560 73.147018
v 5.125526 -0.586371 73.514481
v 5.207624 0.514560 73.346161
v 5.533966 -0.586372 73.539459
v 5.472992 0.514559 73.362389
v 5.840437 -0.586371 73.268318
v 5.672125 0.514558 73.186218
v 5.512184 0.514558 72.721733
v 5.594282 -0.586371 72.553406
v 5.865423 -0.586370 72.859871
v 5.688353 0.514560 72.920845
v 11.932030 -4.321894 61.273579
v 11.937275 -2.215686 61.187881
v 12.087280 -2.215686 61.136230
v 12.144176 -2.215686 61.200539
v 11.988926 -2.215688 61.337887
v 11.937279 -4.321894 61.187881
v 12.001579 -4.321892 61.130993
v 12.087284 -4.321894 61.136238
v 12.144180 -4.321895 61.200539
v 12.138935 -4.321894 61.286236
v 12.074631 -4.321895 61.343132
v 11.988926 -4.321893 61.337887
v 12.322945 -0.302576 60.653065
v 12.652466 -0.302577 61.025524
v 12.622105 -0.302576 61.521896
v 12.249645 -0.302577 61.851418
v 11.753262 -0.302576 61.821056
v 11.423737 -0.302577 61.448601
v 11.454109 -0.302576 60.952221
v 11.826569 -0.302577 60.622696
v 12.322945 -1.609453 60.653061
v 12.652466 -1.609454 61.025520
v 12.622101 -1.609453 61.521908
v 12.249645 -1.609454 61.851425
v 11.753262 -1.609453 61.821053
v 11.423744 -1.609454 61.448601
v 11.454109 -1.609453 60.952221
v 11.826565 -1.609453 60.622696
v 12.038105 3.620557 61.237061
v 12.480721 -2.081167 61.084660
v 12.243317 -2.081167 60.816319
v 12.458847 -2.081167 61.442276
v 12.190506 -2.081166 61.679680
v 11.832890 -2.081168 61.657806
v 11.595490 -2.081166 61.389462
v 11.617363 -2.081166 61.031845
v 11.885700 -2.081167 60.794437
v 12.001579 -2.215686 61.130985
v 12.138931 -2.215685 61.286240
v 12.074627 -2.215685 61.343132
v 11.932030 -2.215686 61.273582
v 11.864429 1.238321 60.732655
v 11.925262 2.336824 60.909332
v 11.558628 1.238322 61.003193
v 11.726578 2.336824 61.085114
v 11.533699 1.238322 61.410736
v 11.710377 2.336823 61.349903
v 11.804241 1.238323 61.716541
v 11.886158 2.336823 61.548595
v 12.211781 1.238322 61.741459
v 12.150944 2.336826 61.564781
v 12.517578 1.238322 61.470921
v 12.349632 2.336822 61.389004
v 12.190048 2.336822 60.925526
v 12.271969 1.238322 60.757584
v 12.542511 1.238322 61.063381
v 12.365826 2.336823 61.124222
v 5.261206 -4.321894 61.365971
v 5.266447 -2.215686 61.280262
v 5.330751 -2.215688 61.223370
v 5.468103 -2.215686 61.378620
v 5.403799 -2.215686 61.435513
v 5.318094 -2.215686 61.430264
v 5.266447 -4.321892 61.280262
v 5.330759 -4.321895 61.223370
v 5.416454 -4.321894 61.228615
v 5.473349 -4.321892 61.292919
v 5.468105 -4.321894 61.378620
v 5.403797 -4.321893 61.435513
v 5.318096 -4.321895 61.430271
v 5.652117 -0.302576 60.745441
v 5.981638 -0.302574 61.117897
v 5.951273 -0.302575 61.614281
v 5.578812 -0.302575 61.943798
v 5.082436 -0.302575 61.913441
v 4.752916 -0.302577 61.540977
v 4.783276 -0.302577 61.044601
v 5.155737 -0.302577 60.715076
v 5.652117 -1.609454 60.745445
v 5.981642 -1.609454 61.117897
v 5.951279 -1.609454 61.614285
v 5.578812 -1.609453 61.943806
v 5.082438 -1.609453 61.913445
v 4.752913 -1.609453 61.540974
v 4.783279 -1.609454 61.044601
v 5.155739 -1.609453 60.715076
v 5.367277 3.620558 61.329437
v 5.809893 -2.081167 61.177036
v 5.572491 -2.081168 60.908695
v 5.788017 -2.081166 61.534649
v 5.519684 -2.081167 61.772060
v 5.162067 -2.081168 61.750183
v 4.924660 -2.081167 61.481846
v 4.946539 -2.081166 61.124229
v 5.214876 -2.081167 60.886818
v 5.416454 -2.215686 61.228611
v 5.473345 -2.215686 61.292919
v 5.261206 -2.215686 61.365971
v 5.193596 1.238321 60.825031
v 5.254433 2.336823 61.001720
v 4.887796 1.238321 61.095585
v 5.055746 2.336823 61.177498
v 4.862871 1.238322 61.503124
v 5.039549 2.336824 61.442287
v 5.133413 1.238320 61.808929
v 5.215332 2.336824 61.640968
v 5.540955 1.238321 61.833851
v 5.480120 2.336823 61.657166
v 5.846756 1.238320 61.563305
v 5.678804 2.336824 61.481384
v 5.519226 2.336823 61.017910
v 5.601135 1.238322 60.849968
v 5.871683 1.238321 61.155762
v 5.695000 2.336823 61.216602
v 12.359203 -3.292133 49.755566
v 12.365139 -0.907325 49.658531
v 12.437950 -0.907323 49.594116
v 12.534981 -0.907325 49.600040
v 12.599407 -0.907325 49.672855
v 12.359203 -0.907325 49.755566
v 12.365135 -3.292135 49.658527
v 12.437946 -3.292135 49.594109
v 12.534985 -3.292134 49.600044
v 12.612057 -3.292134 49.711098
v 12.520657 -3.292133 49.834312
v 12.423622 -3.292133 49.828381
v 12.801819 1.258847 49.052959
v 13.174934 1.258846 49.474693
v 13.140549 1.258846 50.036724
v 12.718822 1.258847 50.409836
v 12.156784 1.258846 50.375462
v 11.783680 1.258847 49.953728
v 11.818054 1.258847 49.391689
v 12.239780 1.258847 49.018578
v 12.801819 -0.220900 49.052959
v 13.174931 -0.220901 49.474689
v 13.140556 -0.220901 50.036732
v 12.718826 -0.220900 50.409840
v 12.156784 -0.220900 50.375462
v 11.783676 -0.220901 49.953728
v 11.818054 -0.220900 49.391689
v 12.239780 -0.220900 49.018581
v 12.479305 5.700920 49.714214
v 12.980469 -0.755010 49.541641
v 12.711662 -0.755012 49.237808
v 12.955700 -0.755011 49.946564
v 12.651867 -0.755011 50.215378
v 12.246944 -0.755011 50.190609
v 11.978138 -0.755011 49.886772
v 12.002907 -0.755011 49.481850
v 12.306744 -0.755011 49.213047
v 12.593468 -0.907325 49.769894
v 12.520657 -0.907325 49.834312
v 12.423618 -0.907323 49.828377
v 12.282650 3.003570 49.143078
v 12.351532 4.247378 49.343128
v 11.936401 3.003570 49.449409
v 12.126564 4.247378 49.542171
v 11.908176 3.003569 49.910858
v 12.108227 4.247378 49.841984
v 12.214508 3.003569 50.257107
v 12.307259 4.247378 50.066948
v 12.675957 3.003569 50.285339
v 12.607067 4.247377 50.085289
v 13.022205 3.003570 49.979000
v 12.832039 4.247375 49.886253
v 12.651348 4.247378 49.361469
v 12.744102 3.003569 49.171307
v 13.050430 3.003570 49.517559
v 12.850376 4.247379 49.586441
v 5.046179 -3.292135 49.777473
v 5.040243 -3.292133 49.874508
v 5.248594 1.258846 49.157574
v 5.621704 1.258846 49.579300
v 5.587326 1.258847 50.141338
v 5.165594 1.258847 50.514450
v 4.603558 1.258848 50.480076
v 4.230450 1.258846 50.058342
v 4.264830 1.258846 49.496300
v 4.686560 1.258848 49.123192
v 5.248596 -0.220901 49.157570
v 5.621706 -0.220901 49.579300
v 5.587322 -0.220901 50.141342
v 5.165594 -0.220901 50.514446
v 4.603556 -0.220901 50.480076
v 4.230448 -0.220900 50.058342
v 4.264828 -0.220900 49.496307
v 4.686560 -0.220901 49.123192
v 4.926077 5.700921 49.818825
v 5.427246 -0.755010 49.646259
v 5.158432 -0.755010 49.342419
v 5.402477 -0.755010 50.051178
v 5.098640 -0.755012 50.319988
v 4.693716 -0.755010 50.295223
v 4.424911 -0.755011 49.991383
v 4.449682 -0.755009 49.586464
v 4.753513 -0.755011 49.317654
v 5.046179 -0.907324 49.777470
v 5.040245 -0.907325 49.874508
v 4.967432 -0.907325 49.938923
v 4.870392 -0.907325 49.932991
v 4.805975 -0.907324 49.860172
v 4.729425 3.003570 49.247688
v 4.798306 4.247380 49.447742
v 4.383173 3.003570 49.554020
v 4.573336 4.247377 49.646778
v 4.354948 3.003569 50.015476
v 4.555000 4.247379 49.946590
v 4.661282 3.003570 50.361729
v 4.754034 4.247379 50.171558
v 5.122728 3.003569 50.389946
v 5.053846 4.247378 50.189899
v 5.468977 3.003570 50.083618
v 5.278814 4.247379 49.990860
v 5.098120 4.247376 49.466091
v 5.190870 3.003571 49.275909
v 5.497204 3.003570 49.622177
v 5.297153 4.247379 49.691055
v 11.773960 -3.351890 63.811047
v 5.610291 -3.344386 63.812870
v 11.773956 -4.911134 71.763336
v 5.610291 -4.911135 71.763336
v 11.773956 -6.188336 76.461510
v 5.610291 -6.188335 76.461502
v -8.741868 -8.027311 -42.382027
v -8.762239 -8.026808 -42.295471
v -8.725174 -4.711584 -42.388851
v -8.720478 -4.705528 -42.369152
v -7.206249 -7.680533 -42.368477
v -7.228813 -7.981067 -42.345001
v -7.242641 -7.955814 -42.313698
v -7.263002 -4.823521 -42.381596
v -7.017591 -4.734622 -42.372768
v -7.210449 -4.664738 -42.328297
v -5.377098 -6.468176 -40.854630
v -5.347263 -6.411322 -40.851395
v -5.336477 -6.441714 -40.867577
v -5.328785 -3.133529 -40.863441
v -5.362886 -3.106585 -40.860474
v -3.751900 -6.475084 -40.862171
v -3.807150 -6.349958 -40.872559
v -3.835693 -6.449230 -40.940769
v -3.790102 -3.143556 -40.822697
v -3.829281 -2.960029 -40.887127
v -3.823711 -3.127659 -40.863926
v -2.147772 -4.937098 -40.845161
v -1.983578 -4.883607 -40.825008
v -2.019714 -4.824165 -40.831276
v -2.071432 -1.550276 -40.921043
v -2.067463 -1.563420 -40.920307
v -2.094828 -1.549384 -40.865910
v -0.447033 -4.925601 -40.921051
v -0.557169 -4.935482 -40.901844
v -0.484028 -4.928321 -40.862736
v -0.522270 -1.640396 -40.804203
v -0.456348 -1.623060 -40.826019
v -0.520605 -1.650483 -40.798187
v -12.425230 -4.612091 -25.317474
v -12.479029 -8.654172 -43.294388
v -12.445885 -8.277040 -43.359947
v -12.481511 -8.637292 -43.204422
v -12.438952 -5.332236 -43.290104
v -12.424719 -5.291883 -43.401306
v -10.869789 -4.391407 -25.422073
v -10.938030 -8.616252 -43.278969
v -10.992613 -8.613177 -43.283855
v -10.935575 -8.619968 -43.313049
v -10.780251 -5.318339 -43.310696
v -10.917028 -5.318852 -43.264442
v -16.353458 -4.489264 -24.960445
v -16.274364 -8.554742 -43.246002
v -16.298298 -8.576722 -43.280594
v -16.302542 -8.635118 -43.338974
v -16.306684 -5.292247 -43.304947
v -16.318953 -5.186897 -43.317993
v -16.336250 -5.271945 -43.274746
v -14.783838 -8.632589 -43.274651
v -14.774345 -8.632760 -43.286201
v -14.733683 -5.191954 -43.308552
v -14.735739 -5.257613 -43.297638
v -14.748644 -5.286497 -43.295399
v 9.267635 -2.596368 -25.753147
v 9.307262 0.724503 -25.808559
v 9.284336 0.757246 -25.825832
v 9.343555 0.747594 -25.855503
v 9.305759 -3.430788 -44.498295
v 9.357212 -3.337023 -44.511589
v 9.250298 -3.350555 -44.511154
v 9.314407 0.108526 -44.478016
v 9.279408 0.051938 -44.472443
v 9.290462 0.050684 -44.494141
v 10.863903 -2.586119 -25.699520
v 10.879478 -2.606984 -25.696609
v 10.824200 0.779026 -25.735611
v 10.837749 0.824025 -25.724358
v 10.840698 0.792026 -25.724773
v 10.701378 -3.314880 -44.437119
v 10.805382 -3.267813 -44.433895
v 10.787785 -0.016438 -44.415951
v 10.777599 -0.145116 -44.376259
v 10.799812 -0.047050 -44.380116
v 12.268982 -2.618311 -27.092129
v 12.325935 0.778971 -27.143341
v 12.329670 0.827038 -27.140800
v 12.338516 -3.287788 -46.053761
v 12.327396 -3.297470 -46.017651
v 12.340874 -3.266442 -46.054745
v 12.448917 -0.036317 -46.026749
v 12.400826 -0.070052 -46.040218
v 12.360966 0.017667 -46.117184
v 13.935032 -2.556019 -27.031780
v 13.930573 -2.626951 -27.070625
v 13.864727 -2.536171 -27.084595
v 13.786263 0.749198 -27.071270
v 13.847057 0.747399 -27.034554
v 13.838306 0.762084 -27.057278
v 13.840240 -3.289157 -46.066082
v 13.839466 -3.309631 -46.034451
v 13.841045 -3.339941 -46.047539
v 13.863895 0.036377 -46.045612
v 13.849068 0.028930 -46.062828
v 15.653957 -1.214246 -25.542198
v 15.531448 -1.256025 -25.322712
v 15.551064 2.023853 -25.483253
v 15.559502 2.173505 -25.498161
v 15.563446 2.042367 -25.521019
v 15.515202 -2.060327 -44.604652
v 15.530575 -2.236623 -44.626308
v 15.523510 -2.104395 -44.523090
v 15.512836 1.352809 -44.617485
v 15.499146 1.353506 -44.624767
v 15.507996 1.351921 -44.629639
v 17.037601 -1.239410 -25.425034
v 17.057278 -1.236856 -25.442970
v 17.019699 -1.219490 -25.425518
v 17.125732 2.073874 -25.348293
v 17.083431 2.053142 -25.373306
v 17.149456 -2.242789 -44.591122
v 17.107769 -2.051748 -44.596142
v 17.010582 1.240307 -44.481945
v 17.096760 1.301191 -44.585880
v 17.069534 1.231002 -44.419891
v 18.822647 0.605612 -23.223772
v 18.785984 0.609346 -23.179411
v 18.749920 0.471872 -23.221558
v 18.735184 3.977463 -23.124790
v 18.745689 3.977618 -23.128538
v 18.737873 -0.129311 -42.477032
v 18.743080 -0.178102 -42.486103
v 18.760830 -0.119002 -42.476391
v 18.784336 3.345475 -42.402592
v 18.724579 3.211147 -42.462837
v 18.788078 3.175749 -42.438488
v 20.324116 0.637001 -23.081278
v 20.319340 0.645785 -23.030909
v 20.281429 0.647956 -23.087292
v 20.286160 3.917783 -23.138720
v 20.278648 3.971017 -23.102749
v 20.230244 3.907618 -23.140379
v 20.241978 -0.062990 -42.478714
v 20.307129 -0.084020 -42.623188
v 20.338871 3.078919 -42.502350
v 20.421310 3.256745 -42.502323
v 20.324833 3.192046 -42.441391
v 1.046213 -3.620943 -40.868237
v 1.048273 -3.601416 -40.870197
v 1.068607 -3.611298 -40.821476
v 0.985748 0.363830 -40.978928
v 1.059401 -0.268258 -40.859886
v 1.049448 -0.288484 -40.875908
v 2.566168 -3.676889 -40.804569
v 2.542490 -3.612618 -40.858234
v 2.567129 -3.562422 -40.906265
v 2.585840 -0.207029 -40.901852
v 2.605928 -0.271313 -40.898319
v 2.625788 -0.249408 -40.904804
v 4.277510 -3.566904 -40.831509
v 4.234341 -3.221867 -40.892033
v 4.274519 -3.590078 -40.854275
v 4.206583 -0.438346 -40.825218
v 4.218130 -0.294195 -40.873119
v 4.228861 -0.290801 -40.861115
v 5.803106 -3.644776 -40.892513
v 5.817183 -3.644290 -40.894924
v 5.827017 -0.253447 -40.913136
v 5.805857 -0.250457 -40.898811
v 7.081341 -3.574912 -40.822113
v 7.064220 -3.541678 -40.841537
v 7.078760 -3.584701 -40.819786
v 7.023085 -0.268578 -40.911297
v 7.017845 -0.132277 -40.923660
v 6.984844 -0.227560 -40.933769
v 8.558830 -3.633518 -40.826504
v 8.542135 -3.589253 -40.830448
v 8.644363 -0.231439 -40.940556
v 8.646652 -0.178530 -40.955582
v 8.645226 -0.213433 -40.942585
v -16.331125 -8.106186 -39.164886
v -16.313890 -8.093706 -38.464893
v -16.366133 -8.500654 -32.956806
v -16.327278 -8.644845 -33.657848
v -16.230797 -8.116652 -30.969368
v -16.273008 -7.965049 -29.172104
v -16.335360 -7.967463 -28.908993
v -16.259186 -4.680348 -27.059875
v -16.270031 -5.020451 -33.054245
v -16.353657 -4.989645 -35.918976
v -16.330694 -4.863105 -36.357025
v -16.315235 -4.882981 -38.090992
v -16.316534 -4.999013 -40.687740
v -14.792062 -7.849882 -26.968246
v -14.813341 -7.927539 -29.267204
v -14.718281 -8.404260 -32.894112
v -14.737140 -8.448822 -35.559265
v -14.797144 -8.265690 -36.641083
v -14.799410 -8.099220 -37.432396
v -14.750139 -8.210546 -40.867287
v -14.743635 -8.438412 -43.304230
v -14.672571 -4.975740 -40.620029
v -14.790154 -5.006406 -38.120117
v -14.793121 -5.122777 -35.776993
v -14.784028 -5.082175 -35.739231
v -14.830502 -4.913773 -32.953037
v -14.816317 -4.520694 -28.283752
v -14.794375 -4.596047 -26.389999
v -12.465470 -8.142640 -40.707874
v -12.398333 -8.060141 -38.084854
v -12.503393 -8.449735 -36.024242
v -12.438639 -8.430494 -33.376011
v -12.473984 -8.473027 -33.855446
v -12.413568 -7.851155 -28.245483
v -12.444351 -7.895924 -28.584145
v -12.462570 -4.552766 -28.016689
v -12.454215 -4.894870 -31.631435
v -12.424954 -5.166901 -35.277073
v -12.434953 -5.089679 -36.075703
v -12.508493 -4.699318 -37.942944
v -12.496675 -4.854089 -40.750664
v -12.409305 -5.093915 -43.297020
v -10.943102 -7.881714 -28.050224
v -10.863752 -8.286007 -31.944561
v -10.949417 -7.730565 -28.985874
v -10.938357 -8.439781 -35.554615
v -10.973349 -8.027289 -38.135529
v -10.953609 -8.117716 -40.409893
v -10.922910 -8.077215 -38.755016
v -10.972932 -4.818830 -41.074772
v -10.880286 -5.166140 -43.342720
v -10.907037 -4.765544 -38.106125
v -10.985743 -5.157464 -34.896835
v -10.901152 -5.024424 -32.771717
v -10.810424 -4.482234 -28.043030
v -10.840374 -4.503192 -28.110069
v -8.712268 -7.402648 -39.223030
v -8.734607 -7.589984 -31.358696
v -8.763229 -7.783609 -33.127663
v -8.747766 -7.382054 -30.626518
v -8.716673 -3.917052 -26.859203
v -8.765972 -3.972690 -28.123009
v -8.789845 -4.040244 -30.614910
v -8.783549 -4.319431 -35.198219
v -8.694650 -4.482460 -33.458252
v -8.804694 -4.161979 -36.021114
v -8.741318 -3.954807 -38.541348
v -8.655759 -4.133590 -39.541164
v -7.177553 -7.244844 -27.179237
v -7.093735 -7.303917 -26.906960
v -7.204105 -7.400200 -30.667217
v -7.230707 -7.755732 -33.514679
v -7.251356 -7.772404 -33.109867
v -7.188183 -7.390885 -38.706173
v -7.110538 -4.089475 -39.392349
v -7.176191 -4.274984 -39.195011
v -7.072592 -4.480855 -33.548195
v -7.386456 -4.085075 -30.967571
v -7.224501 -3.957902 -27.576649
v -7.242298 -3.972103 -27.061966
v -5.327581 -5.962811 -37.598614
v -5.351292 -6.272418 -34.516792
v -5.337835 -5.923705 -31.434189
v -5.341150 -5.691231 -28.177662
v -5.322626 -2.395427 -26.911617
v -5.269880 -2.377854 -28.292122
v -5.300203 -2.922394 -34.201298
v -5.280931 -2.691290 -37.451115
v -3.741325 -5.732884 -26.753418
v -3.713329 -5.723223 -28.445972
v -3.792456 -5.968312 -29.701736
v -3.809486 -6.206130 -34.443794
v -3.826788 -5.992201 -37.617653
v -3.778498 -2.695335 -37.756008
v -3.841803 -2.936824 -34.408337
v -3.874886 -2.481620 -30.189014
v -3.807806 -2.280241 -27.674339
v -3.750732 -2.395350 -26.415936
v -1.927263 -4.404904 -38.084053
v -2.001699 -4.395881 -35.397087
v -2.060663 -4.737926 -32.647236
v -2.003050 -4.360202 -30.074478
v -1.998072 -4.588932 -34.389191
v -2.035803 -4.174948 -26.529026
v -2.022757 -4.185489 -26.482471
v -2.082829 -0.751949 -27.397533
v -2.034754 -0.792603 -27.484238
v -1.978691 -1.027095 -28.972427
v -2.052549 -1.012640 -30.120190
v -1.988859 -1.403764 -32.593597
v -2.005148 -1.038334 -36.618408
v -2.006197 -1.166328 -36.710575
v -0.437828 -4.198573 -27.782715
v -0.492115 -4.203528 -28.122585
v -0.487095 -4.705256 -31.094112
v -0.530785 -4.692953 -32.706493
v -0.423956 -4.445562 -34.797047
v -0.454863 -4.326132 -36.161980
v -0.521875 -4.433857 -37.823559
v -0.451700 -0.909948 -37.002701
v -0.468201 -1.115145 -38.082355
v -0.467934 -1.068662 -35.204525
v -0.542538 -1.404225 -31.159195
v -0.499569 -1.407217 -32.362789
v -0.555479 -0.936393 -26.541164
v -0.359518 -0.845309 -28.711182
v -0.535761 -0.927286 -26.085178
v 1.097654 -3.116086 -38.080769
v 1.077215 -3.295816 -34.340530
v 1.070385 -3.056094 -35.148369
v 0.999626 -3.366215 -32.710686
v 1.049940 -2.894434 -27.197853
v 1.028278 -2.813066 -26.925468
v 0.953041 0.436016 -27.618790
v 1.060509 0.430936 -28.922436
v 1.016886 0.312389 -30.087708
v 1.057762 -0.063714 -32.709873
v 1.097086 0.314769 -36.670300
v 0.995089 0.271813 -35.392517
v 1.005779 0.222527 -38.230045
v 2.536926 -2.816499 -26.150105
v 2.579628 -2.878159 -28.230423
v 2.610424 -3.432645 -32.420368
v 2.588209 -3.416953 -32.683903
v 2.542189 -3.048033 -35.273781
v 2.646803 -3.128060 -38.089008
v 2.572369 -2.985654 -36.495213
v 2.597113 0.165060 -32.457481
v 2.723579 0.344180 -36.076183
v 2.590242 -0.064112 -32.695000
v 2.613073 0.463097 -28.375031
v 2.629517 0.492651 -25.273827
v 2.629452 0.498285 -25.234406
v 4.199831 -3.037483 -36.639332
v 4.250130 -3.370224 -32.339676
v 4.247688 -2.930551 -29.238735
v 4.281847 -3.066527 -30.020538
v 4.167765 -2.928019 -26.311295
v 4.231710 -2.913282 -26.027744
v 4.214794 0.466365 -24.733837
v 4.234747 0.470871 -25.919128
v 4.210052 0.502950 -27.626766
v 4.246429 0.402170 -29.071392
v 4.208281 -0.030188 -32.692375
v 4.267635 0.249002 -35.299091
v 4.255367 0.213934 -35.100803
v 4.178547 0.201340 -38.211109
v 5.825184 -2.888468 -26.003147
v 5.771975 -2.923777 -27.826225
v 5.762335 -3.334463 -32.147564
v 5.797020 -3.386847 -32.631676
v 5.805519 -3.085993 -35.427254
v 5.849573 -3.325676 -40.934357
v 5.814983 -3.174803 -38.041210
v 5.812792 -0.196808 -40.910816
v 5.810894 0.196882 -38.215740
v 5.726534 0.239350 -35.333923
v 5.789347 0.061973 -33.400139
v 5.827978 -0.019722 -32.427185
v 5.834503 0.431068 -28.616734
v 5.768631 0.454639 -27.647896
v 5.758406 0.430928 -24.296165
v 6.958328 -3.069882 -36.104668
v 7.003681 -3.197026 -35.284950
v 7.031765 -3.386033 -32.638260
v 7.042986 -2.989617 -29.486210
v 7.080193 -2.786793 -25.217987
v 7.099020 -2.806506 -25.264145
v 6.998653 0.463548 -25.391441
v 7.028948 0.420960 -28.603214
v 7.012171 0.657146 -26.817356
v 7.071238 -0.041304 -32.687737
v 7.024769 0.188804 -33.881451
v 6.980700 0.288804 -35.045261
v 7.087471 0.179115 -38.078178
v 8.572456 -2.884025 -25.322201
v 8.584412 -2.706313 -26.894127
v 8.511028 -2.962915 -29.682808
v 8.602364 -3.422930 -32.658096
v 8.572382 -3.301387 -33.330101
v 8.553022 -3.250791 -34.784145
v 8.586601 -3.739136 -40.838181
v 8.546825 0.263487 -37.418629
v 8.586931 -0.036609 -32.595470
v 8.609203 0.142375 -36.110306
v 8.624250 0.373909 -29.513290
v 8.602177 0.542093 -26.069199
v 8.573238 0.502192 -26.224266
v 9.259026 -3.172741 -37.762524
v 9.307549 -3.053826 -32.477509
v 9.301754 -2.538659 -27.098106
v 9.317410 -2.521516 -28.030781
v 9.278969 0.772093 -28.278469
v 9.286037 0.482341 -30.779423
v 9.334377 0.219695 -33.416862
v 9.324940 0.569308 -36.491760
v 9.317154 -0.004289 -41.705730
v 10.827202 -2.617354 -29.681503
v 10.868893 -3.142681 -33.517963
v 10.795685 -2.989451 -36.147800
v 10.852131 -3.196865 -37.565022
v 10.867542 -3.303990 -39.016140
v 10.793648 -3.674591 -44.417629
v 10.881435 0.211062 -42.999035
v 10.812359 0.058650 -42.089443
v 10.909489 0.530460 -36.716095
v 10.812588 0.246059 -33.352127
v 10.874214 0.766003 -28.838966
v 12.292297 -3.200192 -39.174145
v 12.396637 -2.948404 -36.184059
v 12.381447 -2.818800 -32.461224
v 12.330814 -2.545495 -29.172516
v 12.275311 -2.561720 -27.108829
v 12.290890 0.709049 -30.204212
v 12.318054 0.432007 -32.403355
v 12.323437 0.484393 -37.537384
v 12.299183 0.063428 -40.546261
v 12.329128 0.249559 -40.479515
v 13.837734 -2.811342 -32.962868
v 13.845757 -2.630555 -34.614922
v 13.885696 -2.846809 -37.688766
v 13.879814 -3.273892 -40.532959
v 13.871700 -3.469640 -42.550106
v 13.901939 0.283196 -46.070312
v 13.976231 0.043990 -39.965973
v 13.941586 0.572805 -37.713577
v 13.864532 0.160474 -38.318825
v 13.953571 0.630992 -34.921520
v 13.858517 0.480641 -31.838993
v 13.921276 0.813844 -29.620495
v 13.856464 0.462013 -30.926338
v 15.533745 -2.046468 -41.789455
v 15.589722 -1.638407 -39.310780
v 15.574348 -1.446542 -36.181427
v 15.539780 -1.818617 -33.500011
v 15.564682 -1.606397 -35.017582
v 15.559299 -1.427679 -30.318665
v 15.600971 -1.225520 -25.580276
v 15.510094 1.997809 -29.271183
v 15.521622 1.551673 -33.520863
v 15.523605 1.884097 -36.202805
v 15.602875 1.506982 -41.913143
v 15.498215 1.564080 -40.171822
v 15.644028 1.228771 -41.778698
v 17.085686 -1.278612 -28.159767
v 17.154854 -1.533042 -30.988213
v 17.102180 -1.783611 -33.077644
v 17.078476 -1.797866 -33.607677
v 17.386333 -1.492568 -35.124714
v 17.068230 -1.532098 -39.010605
v 17.145424 -1.976914 -41.421169
v 17.029552 -1.880410 -41.620293
v 17.123802 1.270939 -42.411182
v 17.117424 1.317456 -41.801205
v 17.077343 1.832978 -38.518032
v 17.026634 1.896842 -36.966507
v 17.091999 1.518382 -33.473980
v 17.051559 1.543053 -33.714840
v 17.110634 1.978941 -29.389256
v 18.755306 0.372923 -37.605755
v 18.777473 0.388224 -34.769501
v 18.725266 0.065418 -32.741322
v 18.782139 0.377572 -33.662468
v 18.814838 0.657824 -28.070400
v 18.747829 3.968180 -28.057827
v 18.754131 4.053256 -27.659283
v 18.809589 3.433189 -32.732883
v 18.739204 3.672984 -34.555882
v 18.785538 3.614421 -37.603401
v 18.798897 3.613852 -36.233826
v 18.794369 3.199455 -39.879520
v 20.322414 0.606025 -27.895966
v 20.407246 0.121098 -33.556938
v 20.302929 0.352131 -35.165012
v 20.283115 0.123487 -32.891743
v 20.304539 0.271181 -37.641365
v 20.257751 -0.182519 -42.434700
v 20.305599 -0.118180 -40.044193
v 20.314526 3.219728 -40.037643
v 20.294392 3.620234 -32.309673
v 20.348515 3.758689 -36.144230
v 20.362926 3.577064 -32.648449
v 20.318195 3.934904 -28.134598
v 20.299446 3.992190 -28.929016
v -10.928983 -4.569973 -26.749382
v -14.865627 -4.616028 -26.382191
v 16.315746 -1.315195 -25.411041
v -0.394804 -0.866002 -28.864883
v 13.825527 0.468764 -36.311615
v 13.814060 0.471434 -36.311661
v 26.834152 -2.531251 47.721203
v 31.899174 -1.584920 23.058565
v 38.789539 3.168890 34.774300
v 32.219593 -2.399506 8.741522
v 41.020565 2.841338 8.741515
v 55.426540 4.272219 50.943531
v 60.811993 4.400122 33.434795
v 60.811970 4.400126 8.741507
v -17.534126 -2.597175 42.618744
v 25.751263 -2.401129 62.220398
v 30.132454 0.553537 58.438904
v 55.536015 3.584667 66.039497
v 26.331501 -6.100419 77.952805
v 35.264248 -1.550262 82.228981
v 55.387493 -0.202892 81.898323
v -43.079369 -6.980011 49.342892
v -43.006371 -8.026353 65.857277
v -43.118408 -11.119733 78.887535
v -28.458073 -7.449664 78.328850
v -22.015804 -2.480150 47.977276
v -26.002928 -4.533398 67.285774
v 36.428837 1.000309 8.741515
v 45.735165 4.181644 8.741517
v 41.134815 4.070182 49.442410
v 40.405602 3.551042 66.631622
v 40.257080 -0.277992 82.486671
v 20.203911 -3.028226 55.069012
v 45.088390 4.036195 21.559849
v 24.986843 -2.399503 19.081417
v 28.539173 -3.576171 76.778122
v 28.935478 -1.143260 40.872227
v 28.151478 -1.316334 32.156830
v 29.791229 -3.242287 77.064697
v 28.070477 -1.937244 26.203465
v 29.557587 -2.308024 13.461315
v 28.012672 -2.295120 18.104977
v 28.797203 -0.777617 45.937794
v 28.330528 -0.300306 51.562778
v 28.023911 -1.070720 57.686295
v 28.205906 -1.183130 66.528931
v 28.491875 -2.002786 70.799133
v 29.421413 -0.849380 64.281128
v 30.032940 -0.959689 42.474495
v 30.130970 -1.286417 32.497627
v 29.600136 -1.961064 25.878078
v -4.429148 -2.471026 44.754738
v -2.895174 -6.289915 76.604698
v -4.358912 -2.197222 47.046711
v -4.470083 -2.985405 53.972263
v -4.419834 -3.399319 57.873814
v -4.358271 -3.496675 63.206806
v -4.414818 -4.195727 67.734055
v -4.306746 -5.106031 72.647308
v -2.703289 -5.714321 74.400131
v -2.858526 -4.168540 67.738884
v -2.974758 -3.266032 55.373581
v -2.787554 -2.550064 44.754467
v -7.800264 -6.207280 76.649857
v -5.758776 -6.049542 75.852020
v -7.904826 -3.174195 54.863121
v -7.766507 -3.300625 57.322723
v -7.747765 -3.292151 59.488087
v -7.912670 -3.901474 65.923080
v -7.963847 -5.044570 71.446991
v -6.348936 -3.735617 65.302612
v -6.432493 -3.300270 61.445484
v -6.233017 -3.423054 57.643330
v -6.328833 -2.940872 54.400349
v -6.457956 -2.329212 49.680511
v -0.810902 -1.876987 42.893589
v 0.621935 -6.182772 76.600761
v -0.781538 -3.098185 54.886009
v -0.840288 -3.457278 60.313026
v 0.759687 -5.124949 72.315315
v 0.564728 -3.454416 63.569958
v 0.823942 -3.667234 59.890347
v 0.555473 -2.564140 51.556274
v 0.704941 -2.514636 45.155315
v 2.729414 -6.080824 76.516701
v 2.737736 -2.566204 50.014015
v 4.233580 -6.176705 76.596359
v 2.754589 -2.817896 52.256054
v 2.704021 -3.799830 65.269745
v 2.717796 -4.137189 68.509628
v 4.190355 -5.051820 72.300133
v 4.192080 -3.832991 66.746490
v 4.228466 -3.287665 57.259651
v 4.273388 -2.651774 50.015045
v -11.675742 -6.191236 76.606155
v -10.173495 -6.187400 76.603477
v -11.744090 -3.061114 54.672405
v -11.694585 -3.313663 56.545734
v -11.558106 -3.623420 65.970566
v -11.715978 -5.299669 72.688858
v -10.202035 -5.613903 74.311226
v -10.186199 -4.934995 70.836517
v -10.216624 -2.825431 56.708729
v 15.122009 -6.155680 76.522888
v 13.514080 -3.335559 60.381905
v 13.561699 -3.705160 65.908791
v 13.760456 -5.852083 76.625061
v 15.121197 -4.345536 69.439980
v 15.152512 -3.690753 65.827835
v 15.139256 -3.406684 60.376232
v 14.988869 -2.901561 54.801548
v 17.308895 -5.845216 76.571442
v 17.013885 -2.422983 38.161621
v 18.567650 -6.297779 76.574379
v 17.070869 -2.577423 49.225414
v 17.029915 -3.577945 65.907043
v 16.983776 -4.737463 71.299866
v 18.545994 -3.682157 68.319931
v 18.612823 -3.239994 60.377953
v 18.443386 -2.485948 49.213821
v 18.521725 -2.445056 40.926441
v 20.983013 -6.096292 76.631577
v 20.830158 -2.415467 15.980084
v 22.513912 -6.045424 76.474915
v 20.814903 -2.361577 27.098610
v 22.099827 -2.049130 16.160229
v 20.850407 -2.374223 21.568684
v 20.994251 -2.275897 43.382710
v 20.776447 -2.588336 49.367413
v 21.038982 -2.939044 60.061043
v 20.875355 -3.990096 69.406021
v 22.378017 -3.217001 66.450661
v 22.439789 -2.799709 60.935928
v 22.341911 -2.475375 49.433022
v 22.489967 -2.286042 34.794296
v 22.418812 -2.285933 32.632809
v 22.529354 -2.351642 32.632595
v 24.843372 -4.986168 76.439110
v 24.725407 -2.311613 37.224590
v 24.773563 -2.108806 13.535410
v 26.539742 -5.698895 76.458191
v 26.301109 -2.426504 13.409702
v 24.658272 -2.539647 51.121384
v 24.609215 -2.463996 57.922588
v 24.672844 -2.648178 64.368721
v 26.095177 -2.392941 67.101288
v 26.280544 -2.272944 41.886803
v 26.287914 -2.004978 32.468025
v 28.231857 1.529010 57.912903
v 28.154762 1.500817 64.529572
v 29.702499 0.195489 13.329496
v 28.177135 1.089147 29.284245
v 28.165565 0.796479 29.316912
v 28.758705 -0.565843 77.373108
v 29.443790 1.587737 63.214088
v 29.728645 2.080573 47.419090
v 29.994858 1.559505 42.006718
v 29.872463 0.719344 29.358358
v -4.453218 -2.621715 72.511681
v -4.483538 -3.687114 76.981171
v -4.519510 -0.798236 59.091602
v -4.388407 0.220528 47.647762
v -2.972540 -3.816787 76.808350
v -4.447231 -1.698308 67.992500
v -2.884228 -3.205889 74.703262
v -2.913967 -1.761708 67.987053
v -2.987503 -1.081647 62.964828
v -2.941692 -0.926327 57.193066
v -2.875454 0.009939 44.754780
v -7.831720 -3.740310 76.956192
v -7.909972 -0.331386 53.600948
v -7.832488 -0.884295 57.536633
v -7.766958 -0.147947 49.685585
v -7.968020 -0.739328 59.545551
v -7.702426 -1.366993 66.205307
v -7.805502 -2.321353 70.677063
v -6.134903 -3.739962 76.869461
v -6.191729 -1.923798 69.424698
v -6.375084 -1.689998 67.414459
v -6.339514 -1.049897 61.876324
v -6.365223 -0.983297 58.241531
v -6.246218 -0.165894 52.520565
v -6.300489 -0.056127 49.688416
v -0.932777 -0.840509 58.694561
v -0.866175 -1.181767 63.294910
v -0.915079 -0.087740 47.281025
v -0.831629 -0.024015 40.624252
v 0.575939 -3.757804 76.883385
v 0.645807 -2.711468 72.535500
v 0.792988 -1.554163 68.139420
v 0.650074 -0.947618 60.341599
v 0.706896 -0.148740 50.326424
v 0.587542 0.114828 42.799717
v 2.749475 -3.810258 77.018784
v 2.689190 -2.157297 70.661140
v 2.785027 -1.454414 64.564407
v 2.728174 -0.366940 52.104511
v 4.253656 -3.597614 76.724106
v 4.314070 -2.340012 71.910378
v 4.290781 -0.826722 64.687080
v 4.224442 -0.965761 59.080334
v 4.247585 -0.545380 54.529034
v 4.158989 -0.220161 50.014069
v 4.201714 -0.036174 45.525181
v -11.753546 -3.721715 77.021805
v -11.742167 -0.805487 56.546734
v -11.818485 -1.059775 62.666332
v -11.749304 -1.591229 67.401680
v -11.601398 -2.759406 72.685265
v -10.309539 -3.781456 76.799774
v -10.110464 -1.054420 64.449333
v -10.864740 -0.386072 54.675316
v 13.604687 -2.026755 69.369156
v 13.658501 -3.726908 76.860916
v 13.548920 -0.711328 56.116158
v 15.088253 -3.693246 76.875702
v 13.532108 -1.192313 65.811279
v 15.073112 -1.253292 66.103210
v 15.091858 -0.907583 59.170727
v 17.007042 -3.621482 76.947578
v 16.845940 -0.519548 57.881641
v 17.023525 0.023045 38.161461
v 18.607510 -3.641756 76.952881
v 17.325199 -1.773752 69.444275
v 18.618298 -1.178339 68.403030
v 18.580910 -0.190045 52.068630
v 18.475567 -0.145112 49.227551
v 18.502811 -0.018538 46.368523
v 21.086643 -3.626496 76.832024
v 20.813976 -0.305686 53.982872
v 22.434856 0.116717 16.086380
v 20.811672 0.191233 16.053040
v 20.890285 0.180461 32.632858
v 20.948109 0.105623 27.098772
v 20.992809 0.025441 21.683756
v 22.453911 -3.502636 76.828560
v 21.001617 -0.871499 63.956879
v 22.470135 -1.896989 71.661530
v 22.115627 -0.644119 64.558289
v 22.424110 -0.336672 57.142418
v 22.293541 -0.004070 38.715294
v 22.495163 0.269946 32.633450
v 22.439499 0.219740 24.234535
v 24.722080 -0.995327 70.407074
v 24.586323 -3.102788 76.835976
v 24.569298 0.397342 63.148903
v 24.789421 0.177191 41.967049
v 26.244015 0.160303 13.529187
v 24.622944 0.163769 13.443545
v 24.648014 0.391851 31.979639
v 24.656754 0.306854 23.860004
v 24.823372 0.002735 19.918549
v 24.658463 -3.343215 76.710976
v 26.100677 0.518330 57.931938
v 26.478706 0.648002 41.952202
v 26.210087 0.269124 25.115429
v 28.206200 -0.656753 54.738472
v 29.516903 -2.231925 16.646614
v 29.638260 -1.396537 68.934387
v 30.152454 -1.257117 35.668251
v 29.821289 -1.701027 28.486826
v -4.486635 -3.542785 60.898232
v -4.287487 -2.580093 51.658611
v -2.956478 -3.631954 65.023071
v -3.647705 -2.392321 44.754974
v -2.874144 -2.537312 47.114880
v -7.144089 -2.620174 51.667362
v -7.935665 -3.687078 63.231926
v -6.304184 -4.082466 67.208420
v -6.307779 -3.566982 63.367573
v -7.065001 -2.606047 49.686295
v -0.847490 -3.749223 65.634140
v 0.681019 -5.710670 74.429901
v 0.637041 -3.751426 65.633530
v 0.661570 -3.336342 56.642612
v 0.641310 -2.411397 38.359135
v -0.116238 -2.578721 45.155014
v -0.944374 -4.600538 69.772156
v 3.469578 -2.647606 50.014549
v 3.469395 -2.997783 54.530144
v -11.635598 -6.311455 76.573769
v -11.763539 -3.408001 59.518501
v 13.470604 -3.361203 57.595215
v 13.583031 -3.410339 63.156910
v 13.548496 -4.253095 68.597137
v 16.935749 -2.515005 40.923931
v 16.964142 -3.408364 63.152752
v 17.778042 -2.473042 43.691666
v 21.028881 -5.242259 73.969589
v 20.904591 -2.308996 35.397835
v 20.824234 -3.146378 63.179184
v 22.387554 -3.705412 68.706161
v 22.496799 -2.451551 40.926868
v 24.696304 -2.393111 41.965157
v 26.212349 -2.313919 16.597874
v 24.757824 -3.054651 67.138245
v 26.498089 -5.057481 74.370979
v 26.109333 -2.310295 61.171906
v 26.345196 -2.243912 36.056450
v 28.209473 1.480632 61.194435
v 28.185066 1.950975 54.733574
v 28.617962 1.946389 48.433842
v 28.877422 1.426522 42.080025
v 28.564758 0.814059 69.500648
v 29.922421 1.575284 42.012043
v 29.505882 0.236425 23.047832
v -2.946112 -3.825233 76.902168
v -4.434689 -1.345870 65.474243
v -2.895151 -3.210897 74.700951
v -3.015903 -2.303198 70.236725
v -2.811434 -1.305025 65.692841
v -2.795141 -0.129562 50.950890
v -2.903080 -0.025306 47.049061
v -4.401127 -0.026069 44.755505
v -7.782970 -3.693053 76.978439
v -7.806646 -0.705850 55.563278
v -7.835428 -0.220933 51.640877
v -6.281479 -2.433887 71.297089
v -6.225782 0.067531 47.734390
v -7.065620 -0.234458 49.685745
v -6.401777 -1.133310 59.693863
v -0.963675 0.094673 42.890511
v 0.616129 -2.607868 72.557877
v 0.627832 -1.374698 65.831985
v -0.895657 -2.212507 72.629700
v 2.810913 -3.166243 74.432442
v 2.739483 -0.865150 56.788876
v 4.158052 -0.926608 56.894939
v 3.469633 0.174095 45.526070
v -11.680142 -3.033005 74.299614
v -10.083935 -1.694719 67.483955
v 15.062767 -0.284168 52.010052
v 15.122044 -2.712612 73.712845
v 16.910950 0.120407 40.927261
v 17.012024 0.059136 35.397072
v 17.008724 -0.940060 63.280197
v 18.616383 -2.895318 74.274117
v 18.575649 -0.687718 57.600567
v 18.438793 -0.072920 40.926353
v 17.032856 0.078153 46.630833
v 20.902218 0.115006 39.395195
v 22.373646 0.068720 18.804268
v 20.983982 -3.388880 76.893456
v 20.926880 -1.485379 68.922401
v 22.448612 -2.723760 74.242531
v 22.391468 -1.327163 68.937874
v 22.462234 0.141915 47.867550
v 22.496403 0.078419 39.967106
v 22.476131 0.293621 32.631683
v 24.633636 0.362118 47.048958
v 24.706345 0.229178 35.619862
v 26.220444 0.480920 61.240978
v 26.204483 0.486195 34.904259
v 24.653805 0.023161 65.102074
v -4.421644 -1.303559 49.366627
v -4.493351 -1.225987 44.754776
v 17.007980 -1.304759 49.226852
v 18.635830 -4.922604 76.814743
v 18.574169 -2.744787 52.111851
v 18.417057 -1.205966 40.922009
v 18.423542 -1.113026 32.632996
v 21.019470 -4.754600 76.741081
v 20.876057 -1.057964 27.098345
v 13.603233 -0.308012 52.011429
v 29.670616 0.110371 13.421061
v 24.597370 0.064516 41.971592
v 26.192890 -0.449733 69.386917
v -3.647614 -2.554474 47.049065
v -10.923430 -3.283979 56.546425
v 28.256741 2.219965 51.563335
v 3.469440 -0.203149 52.268131
v 2.743141 -1.390733 65.767471
v 16.922607 0.082108 40.928505
v 25.484951 0.215489 41.962837
v -7.795284 -2.176916 59.507477
v -10.185946 -1.586653 52.801201
v 26.173405 -0.969641 61.211594
v 15.138390 -2.034832 57.601952
v 31.608627 -1.396061 77.061844
v 32.001858 1.056969 41.009281
v 31.220810 0.880959 32.156799
v 32.825386 -1.050377 77.367294
v 31.139805 0.260051 26.203468
v 32.626926 -0.110730 13.461315
v 31.082005 -0.097822 18.105057
v 31.841385 1.497709 46.150654
v 31.398926 1.964374 51.566368
v 31.042267 1.129519 58.248631
v 31.262741 0.978461 66.858536
v 32.718250 0.751778 69.416077
v 32.454967 1.434924 64.226654
v 33.137882 1.131562 40.476776
v 33.200310 0.910876 32.497635
v 32.669468 0.236229 25.878059
v 31.306255 3.925419 57.384796
v 31.207905 3.693042 66.992615
v 32.771828 2.392782 13.329494
v 31.246475 3.002007 29.284241
v 31.234898 2.993768 29.316919
v 32.621803 1.322244 77.719360
v 32.512127 3.827891 62.772556
v 32.802929 4.270378 47.308216
v 33.064186 3.756799 42.006721
v 32.941792 2.916639 29.358355
v 31.275536 1.651771 54.728802
v 32.586235 -0.034630 16.646614
v 32.680489 1.934242 47.344246
v 33.221786 0.940178 35.668251
v 32.890614 0.496261 28.486771
v 32.477825 2.093834 51.871941
v 32.453453 1.897619 54.208076
v 31.278805 3.883567 61.163113
v 31.254398 4.124584 54.721733
v 31.946758 3.623816 42.080021
v 32.991749 3.772578 42.012047
v 32.575226 2.433720 23.047832
v 31.951992 3.796913 45.310463
v 31.660641 0.163839 71.084457
v 32.739941 2.307670 13.421051
v 31.330357 4.482775 51.592648
v -14.052034 -6.455040 78.389198
v -14.111154 -5.105391 72.989868
v -14.219757 -4.201746 69.289200
v -14.218067 -3.685607 66.129799
v -14.278652 -3.273378 61.923512
v -15.556858 -3.864503 68.151901
v -14.181451 -3.975580 78.980850
v -14.110793 -1.244031 67.016556
v -14.102459 -0.908292 58.590279
v -15.603634 -1.134194 64.270157
v -15.801514 -2.166657 71.755379
v -15.681001 -3.228835 75.832245
v -14.238972 -3.392476 60.168007
v -15.673710 -3.386077 60.162727
v -15.647448 -4.609715 71.200722
v -15.731627 -6.374810 78.408882
v -15.740974 -3.905917 78.997353
v -14.033980 -2.190001 58.447132
v -14.184711 -3.300120 75.920082
v -14.359881 -2.216533 60.327236
v -17.766745 -6.455046 78.389198
v -17.825863 -5.105391 72.989868
v -18.004238 -3.509511 65.750992
v -19.240707 -3.304922 65.785736
v -17.819632 -1.939154 70.568863
v -17.896151 -3.975584 78.980858
v -17.879276 -1.211214 66.190582
v -17.870642 -1.038338 62.383411
v -19.561111 -0.871566 66.275848
v -19.395706 -3.228925 75.832542
v -17.984106 -3.396738 63.883270
v -19.362154 -4.609715 71.200729
v -19.446325 -6.374808 78.408890
v -17.819599 -1.461722 68.085953
v -19.355961 -1.169744 64.278282
v -19.455687 -3.905918 78.997345
v -18.526638 -1.264075 64.221390
v -17.899418 -3.300086 75.919945
v -17.707722 -2.308299 64.084305
v -21.463776 -6.455046 78.389206
v -21.522894 -5.105392 72.989868
v -22.997625 -4.164734 69.398865
v -21.506363 -1.802567 70.020500
v -21.593193 -3.975580 78.980858
v -23.154280 -1.833739 69.942207
v -23.168861 -2.171717 71.941772
v -23.092733 -3.228860 75.832314
v -21.590870 -4.654522 71.191231
v -23.059183 -4.609716 71.200729
v -23.143368 -6.374810 78.408890
v -22.141483 -3.168229 69.594818
v -21.516624 -1.461723 68.085945
v -23.152716 -3.905917 78.997353
v -22.343674 -1.861670 69.936440
v -21.596451 -3.300111 75.920052
v -22.342989 -1.337398 68.109726
v -21.677933 -2.728853 67.815941
v -19.846872 -5.627631 -49.742172
v -42.028690 2.478728 -60.669014
v -18.165033 -5.906649 -50.653740
v -10.362708 -5.649141 -46.904461
v -12.277309 -5.877217 -46.078106
v 0.879446 -3.839624 -42.866486
v 2.030657 -3.726969 -44.386116
v 15.023308 -0.061587 -47.183346
v 14.318127 -0.533353 -48.548874
v 23.542778 2.695181 -43.334152
v 23.547760 2.581983 -45.183640
v -35.527802 1.012191 -56.673172
v -35.083836 1.079099 -58.159889
v 27.237007 2.129910 -41.687668
v -19.845848 -3.489655 -49.742767
v 1.649054 -1.542619 -42.890934
v 1.258976 -1.741960 -44.360046
v -16.508295 -4.066776 -49.712914
v -42.236141 4.613836 -60.199715
v -11.926536 -3.712094 -45.880280
v -35.091400 3.220292 -58.163300
v 14.447662 1.795470 -46.997314
v 13.650536 1.392666 -48.522419
v 23.235031 4.788872 -43.619411
v 23.352417 4.670810 -45.376949
v 27.405895 4.268073 -42.172169
v -35.527798 3.150352 -56.673180
v -21.398628 -5.921463 -57.329819
v -43.029331 -0.867813 -68.112160
v -19.843735 -6.250830 -58.275536
v -12.856303 -6.773561 -54.413593
v -13.788509 -6.840946 -53.186424
v -1.630705 -4.723700 -50.373482
v -0.597658 -4.598974 -51.880157
v 8.247759 -1.288561 -54.016346
v 8.803913 -0.852138 -55.576035
v 14.284424 1.609577 -53.864048
v 15.587914 1.714914 -55.258717
v 21.972725 2.419605 -50.836166
v 22.772648 2.419592 -52.121719
v 29.051643 0.964566 -46.819073
v -36.064442 2.343961 -63.949532
v -31.590382 0.527532 -63.620369
v -37.042671 2.150458 -66.063683
v -26.994772 2.064585 -59.911751
v -2.554087 -1.243380 -50.547531
v 7.806047 1.253125 -53.661991
v -0.851017 -1.091975 -51.868637
v -15.875795 -3.219481 -56.126602
v -43.124207 2.025886 -67.642868
v -15.755502 -3.336334 -54.219807
v -36.765907 4.798967 -65.994591
v 8.292253 1.599493 -55.554127
v 14.612671 4.547878 -53.888584
v 14.223503 4.421672 -55.398449
v 22.085152 5.305302 -50.836166
v 22.864613 5.307333 -52.141636
v 29.079079 3.876420 -46.577732
v 29.588520 3.788521 -48.027702
v -37.552200 4.758812 -64.655838
v -25.748573 1.747339 -61.028297
v -41.402740 -1.409644 -75.485451
v -17.761761 -2.498897 -65.186409
v -11.740126 -3.537356 -61.882492
v -14.324206 -3.645302 -61.576073
v -0.223793 -1.059235 -57.831528
v 0.654873 -1.016261 -59.373726
v 8.108124 1.742485 -61.402969
v 8.758129 2.479655 -62.988708
v 14.621265 3.478880 -61.344872
v 19.855751 3.185409 -61.878807
v 23.207439 2.203603 -58.273323
v 30.248463 -0.068648 -54.259895
v -31.848003 1.906427 -70.183197
v -31.947899 1.859405 -71.905548
v -24.773554 0.735030 -66.993896
v -24.151598 0.713403 -68.401749
v -27.262903 4.553905 -68.234444
v -20.138298 1.371845 -64.585945
v -1.713387 1.256438 -58.034286
v 8.046381 5.044118 -61.119286
v -0.274000 1.439209 -59.340744
v -11.592326 0.256646 -61.882492
v -41.497681 1.482196 -75.016159
v -12.280991 0.220212 -60.586456
v -35.301079 4.342872 -73.437141
v -18.640539 1.035037 -65.630966
v 8.559721 5.371653 -62.995338
v 15.565193 6.326689 -61.320580
v 16.629189 6.179434 -62.700920
v 30.193253 2.906970 -54.273899
v 23.947304 4.964154 -59.659920
v 30.795815 2.868718 -55.464851
v -35.923023 4.364498 -72.029282
v -27.905693 4.842189 -70.200066
v 33.796059 3.462680 -19.973743
v 21.695908 -2.426575 -17.408806
v 27.745987 0.518054 -18.691275
v -22.666843 -7.905296 -15.047680
v -20.062555 -6.070437 -40.367512
v -31.447361 -1.071312 -54.623768
v -20.477812 -5.889802 -47.539371
v -15.814138 -0.709314 -66.752800
v -11.841881 -6.041217 -51.467625
v 6.204302 3.047120 -67.028397
v 1.772928 -1.562636 -54.927296
v 23.419464 3.632625 -58.303619
v 11.655262 -1.277158 -50.323658
v 29.505661 3.665263 -31.206249
v 14.469666 -2.451242 -25.782616
v -43.224873 2.949121 -59.075836
v -19.039127 0.028324 -74.968781
v 1.557350 -3.140952 -24.098906
v 1.279415 -3.634942 -29.943905
v -11.393559 -7.247432 -36.131924
v 25.904766 3.658649 -44.788273
v 0.099201 -3.468168 -44.160053
v -12.418519 -7.610418 -43.345615
v 12.727482 -2.465437 -42.644638
v -20.842606 -7.388003 -24.337021
v -9.960126 -7.369718 -29.318577
v -7.192625 1.483982 -72.466164
v -3.899843 -5.134657 -23.609612
v -4.446411 -5.254145 -29.456142
v 7.346193 -2.791956 -30.465942
v 7.918470 -2.637975 -24.761044
v -24.674881 -4.808130 -51.198315
v -10.107120 -3.723969 -58.120880
v -25.285191 -0.316818 -62.688393
v -18.785616 -6.015984 -52.532745
v -32.300301 2.365547 -69.422920
v -15.952015 -7.607791 -19.260403
v -15.401363 -7.378859 -26.827801
v -23.993069 -1.455582 -14.342302
v -24.131264 -1.455582 -14.529596
v -24.183483 -1.455582 -14.201803
v -24.321678 -1.455582 -14.389095
v -24.208109 -1.452977 -14.177788
v -24.051529 -1.452977 -14.278744
v -24.079876 -1.452977 -13.978905
v -23.923296 -1.452977 -14.079861
v -24.005289 -1.462385 -13.984579
v -23.848709 -1.462385 -14.085535
v -24.104143 -1.462385 -14.137896
v -23.947563 -1.462385 -14.238853
v -23.671080 -1.464725 -14.239569
v -23.866701 -1.464725 -14.113441
v -23.769932 -1.464725 -14.392889
v -23.965555 -1.464725 -14.266758
v -24.032522 -1.455581 -14.517401
v -24.031855 -1.455581 -14.284641
v -23.795883 -1.455581 -14.518080
v -23.795216 -1.455581 -14.285320
v -24.170864 -1.455581 -14.285524
v -24.351219 -1.455581 -14.138390
v -24.021276 -1.455581 -14.102163
v -24.201632 -1.455581 -13.955029
v -24.005224 -1.462385 -14.509747
v -24.140007 -1.462385 -14.638367
v -24.131165 -1.462385 -14.377771
v -24.265947 -1.462385 -14.506393
v -24.307333 -1.452977 -14.476360
v -24.147142 -1.452977 -14.381239
v -24.428154 -1.452977 -14.272886
v -24.267962 -1.452977 -14.177769
v -24.235327 -1.464725 -14.091820
v -24.394239 -1.464725 -14.261890
v -24.102036 -1.464725 -14.216366
v -24.260946 -1.464725 -14.386435
v -23.887880 -1.452977 -14.603718
v -23.819380 -1.452977 -14.430464
v -24.107944 -1.452977 -14.516710
v -24.039444 -1.452977 -14.343456
v -23.948807 -1.462385 -14.181952
v -23.914448 -1.462385 -14.365061
v -24.128101 -1.462385 -14.215593
v -24.093742 -1.462385 -14.398703
v -23.646812 -1.464725 -14.378044
v -23.725595 -1.464725 -14.597065
v -23.475157 -1.464725 -14.439789
v -23.553940 -1.464725 -14.658812
v -24.338951 -1.452977 -14.558556
v -24.459782 -1.452977 -14.416748
v -24.519072 -1.452977 -14.712030
v -24.639902 -1.452977 -14.570223
v -24.142258 -1.452977 -13.966743
v -24.060568 -1.452977 -13.799305
v -24.354937 -1.452977 -13.862984
v -24.273247 -1.452977 -13.695543
v -24.579374 -1.455581 -14.372040
v -24.759729 -1.455581 -14.224903
v -24.429787 -1.455581 -14.188677
v -24.610142 -1.455581 -14.041540
v -10.303864 4.074105 0.095684
v -10.167624 4.113528 0.096803
v -10.627208 4.377379 0.155415
v -10.699108 4.922451 0.134563
v -10.675908 5.325135 0.056400
v -10.231339 5.034164 0.132674
v -10.361666 5.390641 0.058523
v -10.129298 4.519229 0.154245
v -10.673687 4.608337 0.160984
v -10.183829 4.740708 0.158638
v -10.145177 4.287900 0.138461
v -10.453757 4.201299 0.134513
v -10.335034 4.232262 0.136918
v -10.147697 4.304715 0.131316
v -10.537050 4.378835 0.085864
v -10.960921 4.609227 0.119239
v -10.633092 4.368927 0.089841
v -11.077900 5.250812 0.133112
v -11.030881 5.472395 0.121278
v -10.695097 5.380424 0.126984
v -10.821895 5.583654 0.111396
v -9.991547 3.764859 0.097332
v -9.814153 3.815271 0.098804
v -10.413285 4.165904 0.175780
v -10.503959 4.882270 0.148396
v -10.467591 5.411250 0.045738
v -9.900105 5.023693 0.145914
v -10.068625 5.492915 0.048525
v -9.772367 4.346315 0.174244
v -10.039095 3.971862 0.151487
v -9.790912 4.043153 0.153514
v -10.199210 3.931705 0.148328
v -9.792521 4.065448 0.144131
v -11.164106 2.933349 0.098083
v -11.437562 3.395281 0.094325
v -10.759630 3.466224 0.094323
v -10.743456 3.958266 0.093442
v -10.856771 4.478987 0.098437
v -10.863873 5.035976 0.096920
v -11.591330 4.846529 0.089314
v -11.255897 5.360631 0.101652
v -10.878516 2.962871 0.101190
v -10.466239 5.665980 0.117323
v -10.332657 4.848017 0.136419
v -10.674676 5.749992 0.104893
v -10.814688 5.523972 0.124379
v -10.467341 4.607655 0.088495
v -10.702551 4.731751 0.128363
v -10.385473 5.279809 0.158045
v -10.807921 5.138026 0.152075
v -10.342296 5.061051 0.157618
v -10.913309 4.341564 0.192680
v -10.905338 4.038279 0.170981
v -11.013828 5.114418 0.105046
v -10.798196 5.395524 0.065205
v -10.514514 5.266860 0.093515
v -10.525406 3.848528 0.121088
v -10.296499 4.053757 0.146738
v -10.956970 4.809243 0.161075
v -10.398339 4.661651 0.182642
v -9.545848 2.985808 0.078009
v -9.314279 3.520448 0.074250
v -9.321318 4.011555 0.073364
v -9.854872 4.442287 0.078362
v -9.995062 4.979867 0.076846
v -9.466249 4.971997 0.069239
v -9.811985 5.387289 0.081578
v -9.774718 2.940917 0.081115
v -10.420276 2.215939 0.052182
v -10.178085 2.753554 0.048422
v -10.083464 3.257898 0.047536
v -10.776731 2.637761 0.048424
v -10.093761 3.745994 0.044248
v -10.704385 3.673403 0.052536
v -10.821093 4.213473 0.051019
v -10.179732 4.224350 0.043413
v -10.584608 4.629611 0.055751
v -10.662729 2.167546 0.055288
v -10.741203 3.323158 0.075726
v -11.004736 3.701202 0.072442
v -10.430314 3.810602 0.072443
v -10.486908 4.230866 0.071672
v -10.623741 4.675510 0.076036
v -10.669078 5.161370 0.074710
v -11.246527 4.950212 0.068065
v -10.991041 5.422902 0.078845
v -10.482409 3.372201 0.078440
v -11.366787 5.086730 0.165479
v -11.365647 5.407080 0.057804
v -10.983135 5.291268 0.138084
v -11.163456 5.107562 0.190614
v -11.258015 5.422167 0.066118
v -10.948401 5.073823 0.190845
v -10.960783 4.826493 0.228792
v -11.039049 4.632587 0.240608
v -11.352626 4.721508 0.216604
v -11.257759 4.531144 0.232289
v -9.960999 3.629773 0.078010
v -9.786562 4.149351 0.074250
v -10.341907 4.061565 0.074250
v -10.441328 5.074036 0.078363
v -10.575795 5.614631 0.076846
v -9.961849 5.597829 0.069240
v -10.434440 6.007934 0.081577
v -10.222479 3.588884 0.081115
v -10.105729 4.535561 0.085864
v -9.818647 4.857456 0.119240
v -10.022602 4.548713 0.089840
v -9.827805 5.185277 0.132875
v -9.893167 5.504507 0.133111
v -9.987756 5.707863 0.121277
v -10.215947 5.543306 0.126984
v -10.194523 5.765614 0.111395
v -11.256275 5.676166 0.117323
v -11.108673 4.860006 0.136418
v -11.079291 5.809783 0.104893
v -10.808347 5.636655 0.124379
v -10.888261 4.665348 0.088495
v -10.658713 4.849260 0.128363
v -11.204656 5.286242 0.158043
v -10.702010 5.263525 0.152075
v -10.658134 5.057527 0.145721
v -11.177561 5.065415 0.157620
v -10.742792 5.453063 0.143502
v -10.490370 5.849757 0.148326
v -10.464836 5.660832 0.205053
v -10.523850 5.973440 0.097377
v -10.381144 5.865023 0.165438
v -10.177874 5.852926 0.177659
v -10.300221 5.676681 0.230187
v -10.437904 5.985736 0.105691
v -10.121838 5.638223 0.230418
v -10.291665 5.478495 0.261191
v -10.141009 5.390019 0.268366
v -10.199231 5.198693 0.280182
v -10.447493 5.296020 0.256178
v -10.367433 5.103749 0.271864
v -10.882296 5.921398 0.117323
v -10.711551 5.108217 0.136418
v -10.742417 6.050241 0.104893
v -10.482766 5.875658 0.124379
v -10.495090 4.913049 0.088495
v -10.318422 5.090157 0.128363
v -10.781685 5.537780 0.158045
v -10.338729 5.507380 0.152074
v -10.308640 5.299608 0.145721
v -10.760234 5.316226 0.157619
v -10.754560 3.269882 0.078010
v -11.019855 3.732864 0.074250
v -10.364710 3.800874 0.074249
v -10.520463 4.806095 0.078363
v -10.526546 5.363216 0.076846
v -11.227942 5.177122 0.069240
v -10.903358 5.689827 0.081578
v -10.456960 3.300949 0.081115
v -10.081023 3.492245 0.072255
v -10.354571 3.961872 0.068497
v -9.791817 3.999508 0.068497
v -9.939834 5.006669 0.072611
v -9.942845 5.561903 0.071094
v -10.520501 5.411626 0.063486
v -10.303142 5.899390 0.075823
v -9.839178 3.507936 0.075362
v -10.280346 2.517771 0.098083
v -10.465559 3.000377 0.094325
v -9.817195 3.534501 0.093444
v -9.896993 4.061141 0.098435
v -9.891663 4.616919 0.096920
v -10.476587 4.469965 0.089313
v -10.194437 4.963650 0.101651
v -10.034564 2.532217 0.101189
v -10.340291 3.658580 0.075726
v -10.144550 4.095736 0.072442
v -10.674322 4.490568 0.071672
v -10.660852 4.954557 0.076036
v -10.764831 5.432868 0.074710
v -10.213853 5.366945 0.068064
v -10.571117 5.760770 0.078843
v -10.585173 3.642797 0.078440
v -11.019600 1.543920 0.098083
v -11.317218 2.002741 0.094326
v -11.410641 2.481834 0.093438
v -10.831689 3.074188 0.098437
v -10.725438 3.645766 0.096920
v -11.455778 3.455947 0.089314
v -11.050870 3.978990 0.101650
v -10.773784 1.568322 0.101190
v 17.626690 4.443157 -8.445351
v 17.625259 4.463996 -8.267682
v 17.550224 4.771523 -8.804731
v 17.576920 5.299290 -8.805767
v 17.676979 5.679839 -8.706598
v 17.579338 5.348331 -8.204626
v 17.674267 5.703700 -8.310852
v 17.551720 4.845563 -8.163027
v 17.543095 4.997111 -8.815689
v 17.546101 5.063114 -8.179030
v 17.573906 4.597556 -8.466297
v 17.571934 4.627264 -8.217637
v 17.576988 4.582624 -8.626017
v 17.581081 4.643581 -8.216496
v 17.579891 5.285983 -8.717262
v 17.639263 4.761862 -8.694654
v 17.596539 5.033155 -9.121185
v 17.561974 5.316581 -8.942495
v 17.634174 4.764197 -8.809158
v 17.579079 5.346392 -9.161903
v 17.561966 5.568230 -8.935484
v 17.578777 5.658337 -9.135324
v 17.593925 5.863541 -9.056658
v 17.586624 5.734830 -8.718946
v 17.606583 5.943861 -8.814299
v 17.624584 4.110456 -8.112627
v 17.622700 4.136715 -7.879152
v 17.524158 4.543965 -8.582569
v 17.559212 5.237122 -8.580631
v 17.690632 5.736300 -8.448009
v 17.562393 5.297773 -7.790807
v 17.687061 5.765164 -7.928101
v 17.526123 4.637196 -7.739314
v 17.514790 4.840313 -8.595551
v 17.518734 4.923018 -7.758974
v 17.555256 4.313367 -8.139170
v 17.552658 4.350832 -7.812402
v 17.559303 4.294755 -8.349033
v 17.564678 4.372255 -7.810803
v 17.623619 3.462468 -9.401003
v 17.628433 3.935776 -9.703905
v 17.628433 3.920248 -8.991375
v 17.629559 4.386735 -8.981207
v 17.623169 4.896394 -9.039822
v 17.625111 5.427567 -8.958525
v 17.634842 5.336338 -9.723900
v 17.619053 5.784705 -9.300108
v 17.619644 3.455580 -9.084904
v 17.598991 5.978662 -8.373026
v 17.574543 5.183517 -8.357679
v 17.614899 6.084192 -8.594584
v 17.589962 5.886155 -8.821474
v 17.635899 4.971176 -8.566113
v 17.584858 5.118149 -8.833046
v 17.546864 5.601095 -8.347725
v 17.554504 5.517872 -8.868217
v 17.562637 5.316367 -8.879677
v 17.547409 5.387526 -8.331802
v 17.502522 4.772481 -9.118876
v 17.518543 4.671731 -8.443523
v 17.530300 4.482750 -9.148588
v 17.614708 5.520626 -9.093428
v 17.665710 5.761840 -8.831284
v 17.629467 5.604579 -8.519962
v 17.594170 4.255534 -8.736433
v 17.561333 4.422881 -8.441919
v 17.542980 5.223105 -9.100405
v 17.515369 5.014129 -8.462963
v 17.649323 3.402556 -7.685009
v 17.654129 3.794762 -7.393889
v 17.654129 3.761635 -8.105820
v 17.655262 4.227730 -8.127507
v 17.648861 4.738680 -8.081503
v 17.650810 5.267683 -8.175896
v 17.660542 5.195390 -7.408500
v 17.644756 5.633151 -7.843239
v 17.645344 3.387861 -8.000840
v 17.682384 2.688281 -8.530222
v 17.687195 3.170461 -8.241651
v 17.687195 3.133573 -8.953396
v 17.688320 3.599545 -8.977545
v 17.681927 4.110732 -8.934240
v 17.683868 4.639228 -9.031427
v 17.693611 4.570992 -8.263661
v 17.677811 5.006449 -8.700710
v 17.678406 2.671917 -8.845976
v 17.652241 3.781779 -8.960657
v 17.656445 4.174004 -9.255953
v 17.656448 4.207773 -8.634192
v 17.657429 4.614838 -8.656300
v 17.651844 5.054945 -8.741194
v 17.653542 5.523083 -8.705629
v 17.662052 5.392802 -9.366344
v 17.648251 5.811537 -9.026911
v 17.648769 3.796760 -8.684824
v 17.609962 5.720518 -9.415901
v 17.537346 5.537516 -9.455093
v 17.675186 5.842378 -9.400898
v 17.588055 5.721668 -9.278454
v 17.572414 5.685241 -9.034992
v 17.505165 5.532432 -9.247362
v 17.664543 5.843553 -9.292826
v 17.504871 5.473959 -9.037415
v 17.465477 5.342694 -9.284208
v 17.456295 5.239995 -9.100256
v 17.447449 5.137107 -9.344360
v 17.441170 5.064971 -9.196716
v 17.471893 5.188056 -9.505770
v 17.451817 4.995187 -9.435266
v 17.649323 3.978099 -8.086699
v 17.654129 4.451408 -7.783796
v 17.654129 4.435879 -8.496326
v 17.655262 4.902367 -8.506493
v 17.648869 5.412024 -8.447878
v 17.650810 5.943198 -8.529177
v 17.660545 5.851968 -7.763798
v 17.644756 6.300336 -8.187594
v 17.645344 3.971209 -8.402798
v 17.579887 5.382347 -8.101788
v 17.639263 4.858225 -8.124397
v 17.596539 5.129519 -7.697864
v 17.561974 5.412945 -7.876554
v 17.634174 4.860560 -8.009892
v 17.579079 5.442755 -7.657148
v 17.561974 5.664594 -7.883565
v 17.578777 5.754700 -7.683723
v 17.593929 5.959905 -7.762392
v 17.586620 5.831194 -8.100102
v 17.606583 6.040225 -8.004754
v 17.598988 6.085169 -9.231930
v 17.574543 5.290025 -9.247276
v 17.614899 6.190698 -9.010374
v 17.589958 5.992661 -8.783478
v 17.635899 5.077684 -9.038845
v 17.584858 5.224656 -8.771910
v 17.546864 5.707603 -9.257227
v 17.554504 5.624379 -8.736740
v 17.562637 5.422874 -8.725277
v 17.547405 5.494034 -9.273151
v 17.559303 6.156590 -8.325470
v 17.486679 5.973588 -8.364662
v 17.624527 6.278450 -8.310465
v 17.537395 6.157741 -8.188021
v 17.521755 6.121315 -7.944557
v 17.454506 5.968505 -8.156930
v 17.613876 6.279626 -8.202393
v 17.454208 5.910032 -7.946981
v 17.414818 5.778766 -8.193773
v 17.405628 5.676068 -8.009823
v 17.396790 5.573181 -8.253930
v 17.390507 5.501044 -8.106283
v 17.421234 5.624129 -8.415337
v 17.401157 5.431259 -8.344833
v 17.598991 6.272826 -8.755182
v 17.574543 5.477680 -8.770527
v 17.614899 6.378354 -8.533625
v 17.589958 6.180319 -8.306732
v 17.635899 5.265339 -8.562098
v 17.584862 5.412312 -8.295162
v 17.546860 5.895257 -8.780481
v 17.554504 5.812035 -8.259991
v 17.562637 5.610529 -8.248530
v 17.547405 5.681690 -8.796402
v 17.649323 3.732692 -8.970104
v 17.654129 4.206001 -9.273006
v 17.654129 4.190473 -8.560476
v 17.655262 4.656960 -8.550312
v 17.648869 5.166618 -8.608925
v 17.650810 5.697792 -8.527628
v 17.660545 5.606563 -9.293003
v 17.644753 6.054929 -8.869209
v 17.645344 3.725803 -8.654005
v 17.656685 3.861867 -8.237166
v 17.661499 4.342515 -8.528284
v 17.661499 4.309388 -7.816356
v 17.662624 4.775482 -7.794668
v 17.656231 5.286432 -7.840672
v 17.658176 5.815435 -7.746280
v 17.667912 5.743142 -8.513676
v 17.652119 6.180903 -8.078934
v 17.652710 3.847171 -7.921335
v 17.623623 2.958506 -8.342451
v 17.628433 3.440686 -8.631027
v 17.628433 3.403797 -7.919283
v 17.629562 3.869770 -7.895131
v 17.623169 4.380957 -7.938437
v 17.625111 4.909453 -7.841249
v 17.634850 4.841216 -8.609016
v 17.619057 5.276674 -8.171968
v 17.619644 2.942141 -8.026702
v 17.652241 4.052003 -8.533983
v 17.656445 4.444228 -8.238682
v 17.656445 4.477998 -8.860449
v 17.657436 4.885062 -8.838339
v 17.651844 5.325170 -8.753447
v 17.653542 5.793308 -8.789011
v 17.662052 5.663026 -8.128295
v 17.648251 6.081762 -8.467728
v 17.648766 4.066984 -8.809814
v 17.621254 4.969391 -9.772512
v 17.620209 4.984559 -9.643198
v 17.565598 5.208388 -10.034081
v 17.585026 5.592513 -10.034834
v 17.657856 5.869490 -9.962658
v 17.586788 5.628207 -9.597303
v 17.655876 5.886856 -9.674618
v 17.566689 5.262276 -9.567026
v 17.560410 5.372578 -10.042057
v 17.562592 5.420616 -9.578676
v 17.582832 5.081767 -9.787754
v 17.581394 5.103390 -9.606773
v 17.585075 5.070900 -9.904005
v 17.588051 5.115268 -9.605944
v 17.587189 5.582828 -9.970419
v 17.630405 5.201355 -9.953962
v 17.599304 5.398812 -10.264408
v 17.574142 5.605099 -10.134350
v 17.626698 5.203055 -10.037302
v 17.586597 5.626795 -10.294043
v 17.574146 5.788258 -10.129250
v 17.586380 5.853839 -10.274698
v 17.597404 6.003194 -10.217442
v 17.592091 5.909514 -9.971645
v 17.606609 6.061653 -10.041042
v 17.619717 4.727240 -9.530342
v 17.618347 4.746353 -9.360413
v 17.546623 5.042764 -9.872383
v 17.572140 5.547265 -9.870974
v 17.667789 5.910583 -9.774446
v 17.574451 5.591409 -9.296114
v 17.665195 5.931592 -9.396040
v 17.548050 5.110620 -9.258633
v 17.539806 5.258454 -9.881830
v 17.542675 5.318651 -9.272945
v 17.569260 4.874926 -9.549662
v 17.567364 4.902194 -9.311829
v 17.572201 4.861380 -9.702408
v 17.576115 4.917787 -9.310667
v 17.619015 4.255613 -10.468065
v 17.622520 4.600104 -10.688528
v 17.622517 4.588800 -10.169926
v 17.623344 4.928326 -10.162527
v 17.618687 5.299272 -10.205189
v 17.620102 5.685878 -10.146017
v 17.627186 5.619478 -10.703081
v 17.615692 5.945815 -10.394632
v 17.616123 4.250599 -10.237999
v 17.601089 6.086983 -9.719872
v 17.583298 5.508250 -9.708702
v 17.612667 6.163790 -9.881128
v 17.594513 6.019653 -10.046268
v 17.627949 5.353702 -9.860405
v 17.590805 5.460673 -10.054689
v 17.563152 5.812177 -9.701458
v 17.568710 5.751604 -10.080286
v 17.574631 5.604941 -10.088629
v 17.563545 5.656735 -9.689867
v 17.530876 5.209085 -10.262724
v 17.542538 5.135755 -9.771179
v 17.551098 4.998209 -10.284353
v 17.612530 5.753609 -10.244204
v 17.649647 5.929172 -10.053410
v 17.623272 5.814713 -9.826817
v 17.597584 4.832833 -9.984369
v 17.573685 4.954634 -9.770016
v 17.560326 5.537062 -10.249281
v 17.540230 5.384964 -9.785330
v 17.637718 4.147637 -9.219109
v 17.641228 4.497468 -9.007223
v 17.641224 4.473358 -9.525391
v 17.642044 4.812596 -9.541174
v 17.637390 5.184483 -9.507690
v 17.638809 5.569509 -9.576393
v 17.645893 5.516891 -9.017857
v 17.634396 5.835508 -9.334276
v 17.634827 4.136941 -9.448980
v 17.661789 3.692135 -9.834286
v 17.665287 4.043081 -9.624252
v 17.665287 4.016232 -10.142282
v 17.666103 4.355383 -10.159859
v 17.661457 4.727441 -10.128344
v 17.662868 5.112098 -10.199078
v 17.669952 5.062433 -9.640272
v 17.658463 5.379374 -9.958372
v 17.658890 3.680224 -10.064096
v 17.639847 4.488018 -10.147570
v 17.642906 4.773493 -10.362497
v 17.642906 4.798071 -9.909954
v 17.643627 5.094346 -9.926048
v 17.639565 5.414671 -9.987835
v 17.640797 5.755397 -9.961950
v 17.646988 5.660574 -10.442841
v 17.636944 5.965344 -10.195791
v 17.637321 4.498922 -9.946810
v 17.609074 5.899096 -10.478910
v 17.556221 5.765902 -10.507437
v 17.656551 5.987791 -10.467991
v 17.593132 5.899934 -10.378874
v 17.581745 5.873421 -10.201670
v 17.532799 5.762202 -10.356243
v 17.648800 5.988646 -10.389332
v 17.532585 5.719643 -10.203436
v 17.503914 5.624103 -10.383057
v 17.497227 5.549357 -10.249170
v 17.490791 5.474472 -10.426840
v 17.486221 5.421968 -10.319380
v 17.508583 5.511554 -10.544319
v 17.493973 5.371177 -10.493006
v 17.637718 4.630906 -9.511473
v 17.641224 4.975397 -9.291010
v 17.641224 4.964095 -9.809612
v 17.642044 5.303619 -9.817013
v 17.637390 5.674564 -9.774351
v 17.638809 6.061172 -9.833523
v 17.645893 5.994771 -9.276455
v 17.634396 6.321108 -9.584908
v 17.634827 4.625893 -9.741541
v 17.587189 5.652965 -9.522455
v 17.630405 5.271492 -9.538910
v 17.599304 5.468948 -9.228462
v 17.574146 5.675235 -9.358522
v 17.626698 5.273191 -9.455570
v 17.586597 5.696932 -9.198830
v 17.574142 5.858393 -9.363623
v 17.586380 5.923976 -9.218176
v 17.597404 6.073330 -9.275433
v 17.592087 5.979651 -9.521229
v 17.606609 6.131791 -9.451828
v 17.601089 6.164502 -10.345009
v 17.583294 5.585769 -10.356178
v 17.612671 6.241309 -10.183750
v 17.594513 6.097172 -10.018612
v 17.627949 5.431221 -10.204475
v 17.590805 5.538192 -10.010191
v 17.563145 5.889696 -10.363424
v 17.568710 5.829123 -9.984592
v 17.574631 5.682462 -9.976250
v 17.563545 5.734254 -10.375011
v 17.572205 6.216485 -9.685259
v 17.519348 6.083290 -9.713785
v 17.619675 6.305179 -9.674337
v 17.556263 6.217323 -9.585220
v 17.544872 6.190810 -9.408018
v 17.495930 6.079591 -9.562590
v 17.611931 6.306034 -9.595680
v 17.495712 6.037032 -9.409782
v 17.467041 5.941492 -9.589407
v 17.460358 5.866745 -9.455519
v 17.453918 5.791859 -9.633188
v 17.449348 5.739356 -9.525728
v 17.471710 5.828942 -9.750666
v 17.457100 5.688565 -9.699352
v 17.601089 6.301085 -9.998014
v 17.583298 5.722352 -10.009186
v 17.612671 6.377892 -9.836761
v 17.594513 6.233755 -9.671619
v 17.627949 5.567802 -9.857485
v 17.590805 5.674774 -9.663198
v 17.563145 6.026278 -10.016430
v 17.568710 5.965706 -9.637600
v 17.574631 5.819043 -9.629259
v 17.563545 5.870836 -10.028019
v 17.637718 4.452292 -10.154446
v 17.641224 4.796782 -10.374907
v 17.641228 4.785479 -9.856306
v 17.642048 5.125004 -9.848906
v 17.637390 5.495951 -9.891565
v 17.638805 5.882556 -9.832397
v 17.645893 5.816156 -10.389462
v 17.634396 6.142493 -10.081013
v 17.634827 4.447278 -9.924377
v 17.643082 4.546309 -9.620987
v 17.646587 4.896141 -9.832872
v 17.646587 4.872030 -9.314709
v 17.647408 5.211268 -9.298922
v 17.642754 5.583156 -9.332409
v 17.644165 5.968180 -9.263702
v 17.651253 5.915563 -9.822237
v 17.639755 6.234180 -9.505821
v 17.640194 4.535612 -9.391113
v 17.619015 3.888812 -9.697620
v 17.622520 4.239759 -9.907652
v 17.622520 4.212911 -9.389622
v 17.623344 4.552061 -9.372044
v 17.618687 4.924119 -9.403563
v 17.620102 5.308777 -9.332827
v 17.627190 5.259112 -9.891634
v 17.615692 5.576052 -9.573534
v 17.616123 3.876902 -9.467806
v 17.639847 4.684697 -9.837021
v 17.642906 4.970171 -9.622093
v 17.642906 4.994749 -10.074633
v 17.643620 5.291024 -10.058542
v 17.639565 5.611349 -9.996754
v 17.640800 5.952076 -10.022638
v 17.646988 5.857253 -9.541748
v 17.636944 6.162022 -9.788799
v 17.637318 4.695601 -10.037779
v 0.876369 1.818473 -9.387583
v 0.874937 1.839313 -9.209911
v 0.799904 2.146840 -9.746962
v 0.826599 2.674606 -9.747997
v 0.926659 3.055155 -9.648829
v 0.829016 2.723647 -9.146856
v 0.923943 3.079016 -9.253082
v 0.801403 2.220879 -9.105255
v 0.792776 2.372428 -9.757917
v 0.795776 2.438430 -9.121262
v 0.821609 2.002580 -9.159866
v 0.826666 1.957940 -9.568247
v 0.823582 1.972871 -9.408527
v 0.830755 2.018898 -9.158726
v 0.829567 2.661298 -9.659494
v 0.888943 2.137177 -9.636885
v 0.846214 2.408471 -10.063417
v 0.811646 2.691897 -9.884726
v 0.883850 2.139513 -9.751389
v 0.828758 2.721707 -10.104132
v 0.811646 2.943547 -9.877714
v 0.828455 3.033653 -10.077555
v 0.843603 3.238857 -9.998888
v 0.836300 3.110146 -9.661177
v 0.856256 3.319177 -9.756529
v 0.874260 1.485772 -9.054855
v 0.872375 1.512032 -8.821383
v 0.773832 1.919282 -9.524799
v 0.808889 2.612437 -9.522861
v 0.940310 3.111616 -9.390240
v 0.812069 2.673089 -8.733038
v 0.936741 3.140480 -8.870333
v 0.775799 2.012513 -8.681545
v 0.764469 2.215629 -9.537779
v 0.768412 2.298335 -8.701206
v 0.804932 1.688684 -9.081400
v 0.802338 1.726147 -8.754633
v 0.808977 1.670071 -9.291262
v 0.814352 1.747572 -8.753035
v 0.873299 0.837784 -10.343231
v 0.878111 1.311093 -10.646135
v 0.878111 1.295565 -9.933607
v 0.879238 1.762051 -9.923439
v 0.872845 2.271710 -9.982054
v 0.874790 2.802884 -9.900755
v 0.884525 2.711654 -10.666132
v 0.868731 3.160020 -10.242338
v 0.869322 0.830896 -10.027132
v 0.848669 3.353979 -9.315256
v 0.824223 2.558834 -9.299910
v 0.864578 3.459507 -9.536814
v 0.839638 3.261472 -9.763704
v 0.885574 2.346492 -9.508341
v 0.834536 2.493465 -9.775276
v 0.796537 2.976410 -9.289957
v 0.804178 2.893187 -9.810446
v 0.812313 2.691682 -9.821907
v 0.797083 2.762843 -9.274035
v 0.752199 2.147798 -10.061104
v 0.768221 2.047047 -9.385754
v 0.779976 1.858067 -10.090818
v 0.864384 2.895942 -10.035658
v 0.915388 3.137156 -9.773516
v 0.879147 2.979895 -9.462193
v 0.843847 1.630850 -9.678663
v 0.811014 1.798197 -9.384153
v 0.792658 2.598421 -10.042635
v 0.765049 2.389445 -9.405193
v 0.898998 0.689430 -8.627237
v 0.903809 1.170079 -8.336121
v 0.903809 1.136952 -9.048048
v 0.904936 1.603046 -9.069736
v 0.898546 2.113997 -9.023733
v 0.900488 2.642999 -9.118126
v 0.910223 2.570705 -8.350731
v 0.894428 3.008467 -8.785471
v 0.895021 0.674735 -8.943071
v 0.932062 0.063598 -9.472454
v 0.936872 0.545777 -9.183880
v 0.936872 0.508889 -9.895624
v 0.938000 0.974861 -9.919775
v 0.931606 1.486048 -9.876471
v 0.933548 2.014544 -9.973660
v 0.943285 1.946308 -9.205891
v 0.927492 2.381765 -9.642941
v 0.928083 0.047234 -9.788206
v 0.901918 1.157095 -9.902887
v 0.906124 1.549320 -10.198187
v 0.906122 1.583089 -9.576422
v 0.907108 1.990153 -9.598530
v 0.901524 2.430261 -9.683422
v 0.903219 2.898399 -9.647858
v 0.911728 2.768118 -10.308575
v 0.897930 3.186852 -9.969141
v 0.898445 1.172076 -9.627056
v 0.859640 3.095834 -10.358133
v 0.787022 2.912831 -10.397324
v 0.924862 3.217694 -10.343130
v 0.837736 3.096984 -10.220684
v 0.822088 3.060558 -9.977221
v 0.754843 2.907749 -10.189592
v 0.914219 3.218868 -10.235056
v 0.754549 2.849275 -9.979645
v 0.715155 2.718010 -10.226437
v 0.705969 2.615312 -10.042484
v 0.697124 2.512424 -10.286592
v 0.690842 2.440286 -10.138947
v 0.721571 2.563372 -10.448000
v 0.701492 2.370503 -10.377499
v 0.898996 1.353415 -9.028929
v 0.903809 1.826724 -8.726027
v 0.903809 1.811195 -9.438555
v 0.904936 2.277682 -9.448723
v 0.898542 2.787340 -9.390110
v 0.900488 3.318514 -9.471407
v 0.910223 3.227284 -8.706030
v 0.894432 3.675652 -9.129824
v 0.895021 1.346526 -9.345030
v 0.829569 2.757662 -9.044018
v 0.888943 2.233541 -9.066628
v 0.846216 2.504835 -8.640093
v 0.811646 2.788261 -8.818783
v 0.883852 2.235877 -8.952124
v 0.828758 2.818071 -8.599379
v 0.811646 3.039910 -8.825796
v 0.828457 3.130016 -8.625957
v 0.843607 3.335221 -8.704622
v 0.836300 3.206510 -9.042334
v 0.856256 3.415541 -8.946983
v 0.848669 3.460485 -10.174158
v 0.824223 2.665340 -10.189505
v 0.864578 3.566014 -9.952602
v 0.839636 3.367979 -9.725708
v 0.885574 2.453000 -9.981073
v 0.834536 2.599972 -9.714138
v 0.796537 3.082917 -10.199457
v 0.804178 2.999695 -9.678968
v 0.812313 2.798190 -9.667507
v 0.797083 2.869350 -10.215382
v 0.808979 3.531905 -9.267698
v 0.736362 3.348904 -9.306892
v 0.874203 3.653766 -9.252697
v 0.787073 3.533056 -9.130251
v 0.771429 3.496630 -8.886789
v 0.704184 3.343822 -9.099159
v 0.863558 3.654941 -9.144625
v 0.703886 3.285348 -8.889214
v 0.664492 3.154083 -9.136003
v 0.655308 3.051384 -8.952053
v 0.646463 2.948496 -9.196159
v 0.640181 2.876359 -9.048513
v 0.670910 2.999445 -9.357567
v 0.650831 2.806575 -9.287064
v 0.848669 3.648141 -9.697412
v 0.824223 2.852997 -9.712759
v 0.864578 3.753670 -9.475855
v 0.839638 3.555634 -9.248962
v 0.885574 2.640655 -9.504326
v 0.834536 2.787629 -9.237392
v 0.796537 3.270574 -9.722712
v 0.804178 3.187351 -9.202221
v 0.812313 2.985846 -9.190762
v 0.797083 3.057005 -9.738632
v 0.898996 1.108009 -9.912334
v 0.903809 1.581318 -10.215237
v 0.903809 1.565789 -9.502708
v 0.904936 2.032275 -9.492542
v 0.898542 2.541934 -9.551155
v 0.900488 3.073108 -9.469858
v 0.910223 2.981878 -10.235233
v 0.894428 3.430246 -9.811440
v 0.895021 1.101120 -9.596235
v 0.906363 1.237183 -9.179396
v 0.911173 1.717831 -9.470514
v 0.911177 1.684704 -8.758587
v 0.912304 2.150798 -8.736900
v 0.905910 2.661748 -8.782904
v 0.907852 3.190751 -8.688511
v 0.917589 3.118458 -9.455906
v 0.901796 3.556219 -9.021164
v 0.902386 1.222487 -8.863565
v 0.873301 0.333822 -9.284683
v 0.878111 0.816002 -9.573257
v 0.878111 0.779114 -8.861515
v 0.879238 1.245085 -8.837362
v 0.872845 1.756273 -8.880667
v 0.874786 2.284769 -8.783478
v 0.884527 2.216533 -9.551247
v 0.868732 2.651990 -9.114197
v 0.869322 0.317457 -8.968931
v 0.901920 1.427320 -9.476212
v 0.906122 1.819545 -9.180914
v 0.906124 1.853314 -9.802677
v 0.907110 2.260378 -9.780571
v 0.901524 2.700486 -9.695677
v 0.903219 3.168623 -9.731241
v 0.911728 3.038342 -9.070526
v 0.897930 3.457077 -9.409960
v 0.898445 1.442301 -9.752045
v 0.870930 2.266840 -10.905260
v 0.869884 2.282007 -10.775948
v 0.815273 2.505835 -11.166826
v 0.834703 2.889962 -11.167582
v 0.907534 3.166937 -11.095404
v 0.836466 2.925655 -10.730053
v 0.905556 3.184304 -10.807367
v 0.816366 2.559724 -10.699776
v 0.810085 2.670026 -11.174803
v 0.812271 2.718064 -10.711424
v 0.831072 2.400838 -10.739523
v 0.834751 2.368348 -11.036753
v 0.832510 2.379215 -10.920506
v 0.837729 2.412715 -10.738693
v 0.836864 2.880276 -11.103167
v 0.880077 2.498803 -11.086710
v 0.848980 2.696259 -11.397154
v 0.823822 2.902546 -11.267097
v 0.876375 2.500503 -11.170052
v 0.836275 2.924243 -11.426790
v 0.823822 3.085705 -11.261995
v 0.836056 3.151287 -11.407446
v 0.847082 3.300642 -11.350189
v 0.841766 3.206962 -11.104391
v 0.856291 3.359102 -11.173790
v 0.869394 2.024688 -10.663092
v 0.868023 2.043801 -10.493162
v 0.796299 2.340211 -11.005133
v 0.821817 2.844713 -11.003723
v 0.917467 3.208032 -10.907194
v 0.824127 2.888857 -10.428862
v 0.914871 3.229040 -10.528790
v 0.797729 2.408068 -10.391384
v 0.789484 2.555902 -11.014582
v 0.792353 2.616099 -10.405695
v 0.817045 2.199641 -10.444580
v 0.821877 2.158828 -10.835155
v 0.818935 2.172374 -10.682411
v 0.825790 2.215235 -10.443417
v 0.868692 1.553061 -11.600815
v 0.872198 1.897552 -11.821276
v 0.872196 1.886249 -11.302675
v 0.873016 2.225774 -11.295275
v 0.868364 2.596719 -11.337934
v 0.869778 2.983326 -11.278767
v 0.876865 2.916926 -11.835831
v 0.865370 3.243262 -11.527378
v 0.865799 1.548047 -11.370747
v 0.850767 3.384431 -10.852621
v 0.832975 2.805697 -10.841450
v 0.862349 3.461238 -11.013878
v 0.844193 3.317101 -11.179016
v 0.877626 2.651149 -10.993153
v 0.840481 2.758120 -11.187435
v 0.812824 3.109625 -10.834208
v 0.818388 3.049052 -11.213034
v 0.824308 2.902390 -11.221376
v 0.813223 2.954183 -10.822618
v 0.780552 2.506532 -11.395472
v 0.792213 2.433203 -10.903931
v 0.800770 2.295656 -11.417099
v 0.862206 3.051057 -11.376949
v 0.899328 3.226621 -11.186155
v 0.872950 3.112161 -10.959564
v 0.847258 2.130281 -11.117119
v 0.823359 2.252081 -10.902763
v 0.810001 2.834511 -11.382029
v 0.789906 2.682413 -10.918079
v 0.887400 1.445085 -10.351858
v 0.890900 1.794916 -10.139973
v 0.890902 1.770805 -10.658136
v 0.891722 2.110044 -10.673923
v 0.887070 2.481930 -10.640438
v 0.888483 2.866956 -10.709141
v 0.895567 2.814339 -10.150606
v 0.884073 3.132956 -10.467024
v 0.884504 1.434389 -10.581730
v 0.911461 0.989582 -10.967033
v 0.914965 1.340529 -10.757000
v 0.914965 1.313680 -11.275028
v 0.915785 1.652831 -11.292606
v 0.911131 2.024889 -11.261091
v 0.912546 2.409547 -11.331825
v 0.919632 2.359882 -10.773022
v 0.908138 2.676822 -11.091118
v 0.908566 0.977672 -11.196846
v 0.889524 1.785467 -11.280317
v 0.892586 2.070940 -11.495245
v 0.892584 2.095519 -11.042704
v 0.893301 2.391794 -11.058794
v 0.889236 2.712119 -11.120583
v 0.890474 3.052845 -11.094700
v 0.896666 2.958023 -11.575590
v 0.886621 3.262791 -11.328539
v 0.886997 1.796370 -11.079557
v 0.858755 3.196545 -11.611660
v 0.805899 3.063350 -11.640184
v 0.906225 3.285239 -11.600739
v 0.842810 3.197381 -11.511620
v 0.831423 3.170869 -11.334417
v 0.782478 3.059650 -11.488989
v 0.898476 3.286093 -11.522079
v 0.782263 3.017091 -11.336184
v 0.753593 2.921552 -11.515806
v 0.746904 2.846805 -11.381920
v 0.740469 2.771919 -11.559589
v 0.735897 2.719416 -11.452129
v 0.758261 2.809001 -11.677067
v 0.743649 2.668625 -11.625751
v 0.887398 1.928354 -10.644222
v 0.890900 2.272844 -10.423759
v 0.890900 2.261542 -10.942362
v 0.891722 2.601067 -10.949760
v 0.887068 2.972013 -10.907101
v 0.888483 3.358618 -10.966270
v 0.895571 3.292220 -10.409204
v 0.884073 3.618556 -10.717657
v 0.884502 1.923341 -10.874290
v 0.836864 2.950413 -10.655203
v 0.880079 2.568939 -10.671659
v 0.848982 2.766396 -10.361214
v 0.823822 2.972683 -10.491272
v 0.876375 2.570640 -10.588318
v 0.836275 2.994380 -10.331581
v 0.823822 3.155842 -10.496374
v 0.836056 3.221424 -10.350924
v 0.847084 3.370779 -10.408180
v 0.841764 3.277099 -10.653976
v 0.856291 3.429238 -10.584579
v 0.850765 3.461951 -11.477757
v 0.832973 2.883218 -11.488928
v 0.862347 3.538758 -11.316500
v 0.844193 3.394621 -11.151360
v 0.877626 2.728669 -11.337221
v 0.840481 2.835640 -11.142939
v 0.812824 3.187145 -11.496172
v 0.818388 3.126572 -11.117342
v 0.824306 2.979910 -11.108999
v 0.813219 3.031702 -11.507759
v 0.821882 3.513933 -10.818007
v 0.769024 3.380737 -10.846531
v 0.869352 3.602626 -10.807085
v 0.805937 3.514770 -10.717968
v 0.794548 3.488258 -10.540768
v 0.745605 3.377038 -10.695337
v 0.861603 3.603481 -10.728428
v 0.745388 3.334479 -10.542532
v 0.716717 3.238940 -10.722155
v 0.710032 3.164193 -10.588266
v 0.703596 3.089308 -10.765936
v 0.699024 3.036804 -10.658476
v 0.721390 3.126390 -10.883413
v 0.706774 2.986012 -10.832100
v 0.850765 3.598532 -11.130764
v 0.832973 3.019800 -11.141932
v 0.862349 3.675340 -10.969509
v 0.844193 3.531202 -10.804369
v 0.877628 2.865251 -10.990232
v 0.840481 2.972222 -10.795948
v 0.812824 3.323726 -11.149179
v 0.818386 3.263154 -10.770350
v 0.824306 3.116492 -10.762007
v 0.813219 3.168284 -11.160767
v 0.887398 1.749739 -11.287193
v 0.890900 2.094229 -11.507654
v 0.890900 2.082927 -10.989054
v 0.891722 2.422452 -10.981655
v 0.887070 2.793399 -11.024311
v 0.888483 3.180003 -10.965145
v 0.895571 3.113604 -11.522211
v 0.884073 3.439940 -11.213758
v 0.884502 1.744726 -11.057125
v 0.892759 1.843757 -10.753736
v 0.896261 2.193588 -10.965624
v 0.896259 2.169477 -10.447456
v 0.897081 2.508716 -10.431673
v 0.892429 2.880603 -10.465155
v 0.893843 3.265628 -10.396454
v 0.900930 3.213011 -10.954990
v 0.889433 3.531628 -10.638571
v 0.889864 1.833061 -10.523863
v 0.868694 1.186261 -10.830368
v 0.872198 1.537207 -11.040400
v 0.872198 1.510359 -10.522369
v 0.873016 1.849509 -10.504795
v 0.868364 2.221568 -10.536310
v 0.869778 2.606225 -10.465574
v 0.876865 2.556560 -11.024382
v 0.865370 2.873500 -10.706282
v 0.865799 1.174351 -10.600555
v 0.889524 1.982144 -10.969769
v 0.892586 2.267619 -10.754841
v 0.892584 2.292197 -11.207380
v 0.893301 2.588473 -11.191288
v 0.889235 2.908797 -11.129501
v 0.890471 3.249523 -11.155386
v 0.896664 3.154701 -10.674498
v 0.886618 3.459470 -10.921547
v 0.886997 1.993048 -11.170528
v -15.896512 -2.144835 -15.360554
v -16.030792 -2.129085 -15.361635
v -15.624895 -1.896659 -15.418343
v -15.624114 -1.497777 -15.398167
v -15.699062 -1.210161 -15.322546
v -16.078447 -1.460712 -15.396341
v -15.998167 -1.192128 -15.324600
v -16.109890 -1.840700 -15.417213
v -15.616615 -1.726160 -15.423733
v -16.097795 -1.676277 -15.421463
v -16.068617 -2.005689 -15.401939
v -15.759965 -2.039427 -15.398119
v -15.880680 -2.028142 -15.400446
v -16.069477 -1.993356 -15.395027
v -15.691002 -1.507834 -15.395924
v -15.708092 -1.903961 -15.351049
v -15.385721 -1.698919 -15.383345
v -15.520774 -1.484708 -15.409470
v -15.621551 -1.902196 -15.354898
v -15.354948 -1.462178 -15.396536
v -15.526073 -1.294514 -15.409468
v -15.375036 -1.226412 -15.396765
v -15.434490 -1.071321 -15.385317
v -15.689731 -1.168599 -15.390837
v -15.617666 -1.010616 -15.375755
v -16.147982 -2.396288 -15.362146
v -16.324440 -2.376441 -15.363573
v -15.792803 -2.068645 -15.438049
v -15.794268 -1.544764 -15.411552
v -15.894503 -1.167488 -15.312225
v -16.391209 -1.498924 -15.409151
v -16.287445 -1.145673 -15.314924
v -16.430130 -1.998181 -15.436563
v -15.782992 -1.844669 -15.445126
v -16.415270 -1.782160 -15.442148
v -16.374887 -2.214613 -15.416504
v -15.969310 -2.256996 -15.411488
v -16.127920 -2.242929 -15.414543
v -16.376097 -2.198422 -15.407425
v -15.174238 -2.886032 -15.362875
v -14.945309 -2.528309 -15.359236
v -15.483831 -2.540045 -15.359236
v -15.491512 -2.187478 -15.358383
v -15.447216 -1.802282 -15.363218
v -15.508659 -1.400827 -15.361748
v -14.930194 -1.469776 -15.354387
v -15.250495 -1.130905 -15.366325
v -15.413144 -2.891239 -15.365879
v -15.951177 -0.984314 -15.381491
v -15.962774 -1.585277 -15.399965
v -15.783722 -0.904556 -15.369463
v -15.612240 -1.054229 -15.388313
v -15.805244 -1.745763 -15.353596
v -15.603496 -1.634682 -15.392170
v -15.970295 -1.269676 -15.420889
v -15.576914 -1.332574 -15.415115
v -15.568251 -1.484871 -15.408968
v -15.982328 -1.431089 -15.420477
v -15.387466 -1.895935 -15.454399
v -15.897896 -1.972081 -15.442289
v -15.365009 -2.114912 -15.433405
v -15.406700 -1.330494 -15.369610
v -15.604827 -1.148186 -15.331062
v -15.840122 -1.267042 -15.358456
v -15.676514 -2.286638 -15.385134
v -15.899103 -2.160160 -15.409950
v -15.401428 -1.555357 -15.423820
v -15.883201 -1.713299 -15.444687
v -16.471172 -2.998157 -15.343449
v -16.691198 -2.634887 -15.339813
v -16.153128 -2.659923 -15.339815
v -16.136738 -2.307654 -15.338963
v -16.171505 -1.921481 -15.343792
v -16.100163 -1.521665 -15.342323
v -16.680157 -1.576304 -15.334967
v -16.351582 -1.245448 -15.346903
v -16.232470 -3.009263 -15.346458
v -15.832364 -3.471155 -15.318460
v -16.050468 -3.106728 -15.314827
v -15.512535 -3.134609 -15.314827
v -15.494286 -2.782429 -15.313974
v -15.527014 -2.396080 -15.318808
v -15.453559 -1.996646 -15.317337
v -16.033833 -2.048219 -15.309978
v -15.703513 -1.719104 -15.321915
v -15.593725 -3.483523 -15.321468
v -15.507049 -2.644699 -15.341244
v -15.283863 -2.348259 -15.338064
v -15.753789 -2.322735 -15.338064
v -15.737080 -2.015080 -15.337318
v -15.672918 -1.682451 -15.341543
v -15.699797 -1.328637 -15.340258
v -15.200434 -1.427101 -15.333828
v -15.456973 -1.110625 -15.344259
v -15.715519 -2.633377 -15.343868
v -15.162978 -1.179417 -15.373198
v -15.133357 -1.317728 -15.428080
v -15.174317 -1.087316 -15.323902
v -15.266860 -1.178547 -15.389751
v -15.450869 -1.206078 -15.401577
v -15.290359 -1.321570 -15.452400
v -15.255998 -1.086428 -15.331945
v -15.449036 -1.365763 -15.452625
v -15.262513 -1.464973 -15.482397
v -15.401541 -1.542591 -15.489340
v -15.217047 -1.620353 -15.496023
v -15.328635 -1.674873 -15.500774
v -15.095056 -1.581846 -15.477549
v -15.148341 -1.727616 -15.492723
v -16.167580 -2.496323 -15.343449
v -16.396509 -2.138599 -15.339813
v -15.857986 -2.150336 -15.339815
v -15.850301 -1.797768 -15.338963
v -15.894599 -1.412574 -15.343792
v -15.833157 -1.011117 -15.342327
v -16.411621 -1.080067 -15.334967
v -16.091324 -0.741195 -15.346903
v -15.928675 -2.501529 -15.346458
v -16.156174 -1.435004 -15.395922
v -16.139086 -1.831130 -15.351049
v -16.461458 -1.626088 -15.383345
v -16.326406 -1.411876 -15.409470
v -16.225630 -1.829365 -15.354897
v -16.492231 -1.389347 -15.396538
v -16.321106 -1.221683 -15.409470
v -16.472141 -1.153582 -15.396765
v -16.412687 -0.998490 -15.385313
v -16.157448 -1.095768 -15.390837
v -16.229515 -0.937784 -15.375755
v -15.302023 -0.903816 -15.381493
v -15.290421 -1.504780 -15.399965
v -15.469473 -0.824059 -15.369463
v -15.640957 -0.973731 -15.388313
v -15.447954 -1.665265 -15.353598
v -15.649701 -1.554185 -15.392166
v -15.282901 -1.189179 -15.420889
v -15.676283 -1.252078 -15.415113
v -15.684944 -1.404373 -15.408968
v -15.270869 -1.350591 -15.420477
v -15.987117 -0.849836 -15.411486
v -15.957497 -0.988149 -15.466370
v -15.998457 -0.757736 -15.362190
v -16.091000 -0.848967 -15.428043
v -16.275007 -0.876498 -15.439867
v -16.114498 -0.991989 -15.490690
v -16.080137 -0.756848 -15.370235
v -16.273172 -1.036183 -15.490911
v -16.086651 -1.135392 -15.520685
v -16.225679 -1.213011 -15.527630
v -16.041185 -1.290773 -15.534313
v -16.152777 -1.345294 -15.539062
v -15.919197 -1.252267 -15.515837
v -15.972482 -1.398036 -15.531012
v -15.662344 -0.761987 -15.381487
v -15.650745 -1.362952 -15.399967
v -15.829795 -0.682230 -15.369463
v -16.001278 -0.831903 -15.388313
v -15.808280 -1.523436 -15.353598
v -16.010025 -1.412356 -15.392170
v -15.643224 -1.047350 -15.420889
v -16.036606 -1.110249 -15.415115
v -16.045267 -1.262546 -15.408966
v -15.631189 -1.208762 -15.420477
v -15.499907 -2.681799 -15.343449
v -15.270975 -2.324076 -15.339815
v -15.809499 -2.335811 -15.339815
v -15.817183 -1.983245 -15.338963
v -15.772884 -1.598049 -15.343792
v -15.834329 -1.196593 -15.342323
v -15.255862 -1.265543 -15.334967
v -15.576162 -0.926671 -15.346903
v -15.738812 -2.687005 -15.346457
v -16.053856 -2.584169 -15.337887
v -15.833834 -2.220900 -15.334248
v -16.371901 -2.245937 -15.334248
v -16.388292 -1.893668 -15.333395
v -16.353521 -1.507495 -15.338228
v -16.424866 -1.107679 -15.336761
v -15.844872 -1.162318 -15.329399
v -16.173447 -0.831462 -15.341337
v -16.292561 -2.595275 -15.340891
v -15.974279 -3.266922 -15.362873
v -15.756180 -2.902495 -15.359236
v -16.294106 -2.930376 -15.359236
v -16.312363 -2.578197 -15.358383
v -16.279633 -2.191846 -15.363216
v -16.353088 -1.792413 -15.361748
v -15.772816 -1.843985 -15.354387
v -16.103134 -1.514870 -15.366325
v -16.212921 -3.279290 -15.365879
v -15.829525 -2.440467 -15.341242
v -16.052710 -2.144025 -15.338064
v -15.582785 -2.118503 -15.338064
v -15.599495 -1.810848 -15.337318
v -15.663655 -1.478217 -15.341541
v -15.636777 -1.124403 -15.340261
v -16.136139 -1.222869 -15.333828
v -15.879601 -0.906392 -15.344259
v -15.621054 -2.429143 -15.343868
v -15.844461 -0.277316 -15.358673
v -15.995399 -0.259612 -15.359892
v -15.539151 0.001647 -15.423632
v -15.538273 0.450009 -15.400955
v -15.622522 0.773303 -15.315947
v -16.048969 0.491672 -15.398899
v -15.958727 0.793574 -15.318254
v -16.084312 0.064547 -15.422361
v -15.529846 0.193295 -15.429689
v -16.070715 0.249367 -15.427141
v -15.826670 -0.146148 -15.403517
v -16.037918 -0.120909 -15.405193
v -15.690981 -0.158832 -15.400900
v -16.038889 -0.107046 -15.397423
v -15.613460 0.438704 -15.398432
v -15.632668 -0.006562 -15.347992
v -15.270308 0.223914 -15.384291
v -15.422115 0.464699 -15.413658
v -15.535393 -0.004578 -15.352316
v -15.235718 0.490024 -15.399118
v -15.428072 0.678487 -15.413656
v -15.258299 0.755036 -15.399376
v -15.325129 0.929367 -15.386509
v -15.612032 0.820021 -15.392712
v -15.531025 0.997603 -15.375759
v -16.127132 -0.559961 -15.360464
v -16.325474 -0.537653 -15.362064
v -15.727890 -0.191675 -15.445784
v -15.729536 0.397194 -15.415998
v -15.842204 0.821269 -15.304352
v -16.400528 0.448720 -15.413298
v -16.283890 0.845791 -15.307384
v -16.444275 -0.112470 -15.444111
v -15.716862 0.060087 -15.453739
v -16.427572 0.130349 -15.450388
v -16.104582 -0.387577 -15.419363
v -16.382179 -0.355751 -15.421564
v -15.926291 -0.403390 -15.415926
v -16.383541 -0.337551 -15.411358
v -15.032592 -1.110457 -15.361279
v -14.775263 -0.708360 -15.357193
v -15.380589 -0.721551 -15.357191
v -15.389226 -0.325249 -15.356234
v -15.339434 0.107730 -15.361666
v -15.408497 0.558986 -15.360016
v -14.758275 0.481483 -15.351744
v -15.118307 0.862392 -15.365162
v -15.301133 -1.116310 -15.364658
v -15.905905 1.027168 -15.382206
v -15.918941 0.351654 -15.402971
v -15.717683 1.116819 -15.368689
v -15.524927 0.948579 -15.389879
v -15.741873 0.171261 -15.350853
v -15.515099 0.296121 -15.394213
v -15.927399 0.706406 -15.426491
v -15.485218 0.635705 -15.420002
v -15.475483 0.464516 -15.413090
v -15.940926 0.524971 -15.426031
v -15.272275 0.002461 -15.464161
v -15.846017 -0.083132 -15.450548
v -15.247029 -0.243680 -15.440563
v -15.293891 0.638044 -15.368855
v -15.516592 0.842967 -15.325523
v -15.781079 0.709367 -15.356312
v -15.597178 -0.436710 -15.386301
v -15.847376 -0.294542 -15.414196
v -15.287964 0.385285 -15.429789
v -15.829500 0.207752 -15.453243
v -16.490410 -1.236492 -15.339447
v -16.737728 -0.828158 -15.335361
v -16.132912 -0.856301 -15.335360
v -16.114489 -0.460331 -15.334404
v -16.153572 -0.026256 -15.339832
v -16.073378 0.423158 -15.338186
v -16.725317 0.361741 -15.329910
v -16.355986 0.733640 -15.343328
v -16.222095 -1.248975 -15.342829
v -15.772360 -1.768165 -15.311361
v -16.017517 -1.358530 -15.307272
v -15.412857 -1.389869 -15.307272
v -15.392339 -0.994004 -15.306314
v -15.429128 -0.559727 -15.311747
v -15.346561 -0.110744 -15.310097
v -15.998814 -0.168714 -15.301823
v -15.627523 0.201227 -15.315239
v -15.504114 -1.782068 -15.314739
v -15.406684 -0.839187 -15.336966
v -15.155817 -0.505974 -15.333395
v -15.684034 -0.477286 -15.333395
v -15.665251 -0.131466 -15.332556
v -15.593131 0.242426 -15.337303
v -15.623345 0.640132 -15.335861
v -15.062037 0.529452 -15.328632
v -15.350401 0.885187 -15.340355
v -15.641020 -0.826460 -15.339918
v -15.019934 0.807862 -15.372883
v -14.986638 0.652393 -15.434576
v -15.032678 0.911388 -15.317474
v -15.136703 0.808839 -15.391493
v -15.343537 0.777893 -15.404787
v -15.163116 0.648075 -15.461914
v -15.124493 0.912386 -15.326517
v -15.341476 0.598398 -15.462166
v -15.131816 0.486883 -15.495630
v -15.288092 0.399636 -15.503437
v -15.080711 0.312228 -15.510948
v -15.206142 0.250943 -15.516283
v -14.943589 0.355511 -15.490181
v -15.003484 0.191659 -15.507238
v -16.149155 -0.672405 -15.339449
v -16.406487 -0.270307 -15.335360
v -15.801159 -0.283499 -15.335361
v -15.792520 0.112803 -15.334404
v -15.842316 0.545782 -15.339832
v -15.773249 0.997039 -15.338186
v -16.423471 0.919535 -15.329910
v -16.063440 1.300444 -15.343328
v -15.880613 -0.678257 -15.342829
v -16.136337 0.520570 -15.398432
v -16.117128 0.075304 -15.347992
v -16.479488 0.305780 -15.384287
v -16.327682 0.546564 -15.413656
v -16.214407 0.077288 -15.352314
v -16.514078 0.571889 -15.399118
v -16.321724 0.760352 -15.413656
v -16.491499 0.836901 -15.399376
v -16.424671 1.011232 -15.386505
v -16.137768 0.901887 -15.392712
v -16.218771 1.079468 -15.375759
v -15.176228 1.117651 -15.382204
v -15.163190 0.442138 -15.402971
v -15.364452 1.207302 -15.368689
v -15.557207 1.039062 -15.389877
v -15.340262 0.261744 -15.350853
v -15.567039 0.386604 -15.394213
v -15.154736 0.796889 -15.426491
v -15.596916 0.726188 -15.420002
v -15.606653 0.555000 -15.413094
v -15.141209 0.615453 -15.426029
v -15.946308 1.178326 -15.415924
v -15.913012 1.022857 -15.477617
v -15.959053 1.281852 -15.360514
v -16.063076 1.179303 -15.434532
v -16.269911 1.148357 -15.447823
v -16.089493 1.018539 -15.504951
v -16.050867 1.282850 -15.369556
v -16.267849 0.968863 -15.505205
v -16.058187 0.857347 -15.538671
v -16.214464 0.770100 -15.546473
v -16.007084 0.682692 -15.553988
v -16.132517 0.621408 -15.559324
v -15.869961 0.725975 -15.533218
v -15.929858 0.562123 -15.550280
v -15.581247 1.277073 -15.382206
v -15.568209 0.601561 -15.402971
v -15.769470 1.366724 -15.368690
v -15.962225 1.198484 -15.389879
v -15.745281 0.421166 -15.350851
v -15.972055 0.546027 -15.394213
v -15.559754 0.956312 -15.426491
v -16.001934 0.885610 -15.420002
v -16.011669 0.714422 -15.413090
v -15.546228 0.774875 -15.426031
v -15.398660 -0.880890 -15.339447
v -15.141330 -0.478792 -15.335360
v -15.746658 -0.491983 -15.335360
v -15.755294 -0.095681 -15.334404
v -15.705502 0.337298 -15.339834
v -15.774563 0.788554 -15.338182
v -15.124342 0.711051 -15.329912
v -15.484375 1.091960 -15.343330
v -15.667201 -0.886742 -15.342827
v -16.021324 -0.771149 -15.333189
v -15.774008 -0.362816 -15.329103
v -16.378826 -0.390960 -15.329102
v -16.397245 0.005009 -15.328144
v -16.358166 0.439085 -15.333576
v -16.438358 0.888498 -15.331926
v -15.786419 0.827082 -15.323656
v -16.155750 1.198980 -15.337072
v -16.289639 -0.783634 -15.336569
v -15.931879 -1.538597 -15.361279
v -15.686723 -1.128963 -15.357191
v -16.291384 -1.160300 -15.357193
v -16.311897 -0.764436 -15.356234
v -16.275110 -0.330158 -15.361666
v -16.357677 0.118825 -15.360016
v -15.705421 0.060854 -15.351742
v -16.076715 0.430795 -15.365160
v -16.200123 -1.552499 -15.364658
v -15.769167 -0.609620 -15.336966
v -16.020037 -0.276406 -15.333395
v -15.491819 -0.247717 -15.333395
v -15.510601 0.098102 -15.332558
v -15.582722 0.471995 -15.337303
v -15.552507 0.869701 -15.335861
v -16.113815 0.759020 -15.328632
v -15.825451 1.114755 -15.340355
v -15.534834 -0.596892 -15.339918
v -16.370279 1.467838 -15.357494
v -16.531712 1.486773 -15.358801
v -16.043741 1.766194 -15.426971
v -16.042805 2.245728 -15.402719
v -16.132908 2.591497 -15.311802
v -16.589006 2.290286 -15.400518
v -16.492487 2.613178 -15.314270
v -16.626804 1.833467 -15.425611
v -16.033787 1.971166 -15.433451
v -16.612259 2.031136 -15.430721
v -16.577183 1.635119 -15.407253
v -16.206127 1.594558 -15.402658
v -16.351246 1.608125 -15.405458
v -16.578220 1.649945 -15.398939
v -16.123219 2.233636 -15.400019
v -16.143763 1.757416 -15.346071
v -15.756210 2.003915 -15.384897
v -15.918571 2.261438 -15.416304
v -16.039722 1.759537 -15.350697
v -15.719215 2.288524 -15.400757
v -15.924942 2.490089 -15.416304
v -15.743362 2.571959 -15.401030
v -15.814842 2.758410 -15.387264
v -16.121687 2.641464 -15.393902
v -16.035053 2.831390 -15.375769
v -16.672596 1.165543 -15.359409
v -16.884735 1.189402 -15.361124
v -16.245602 1.559433 -15.450663
v -16.247366 2.189240 -15.418808
v -16.367865 2.642799 -15.299400
v -16.965000 2.244350 -15.415920
v -16.840260 2.669025 -15.302643
v -17.011789 1.644144 -15.448872
v -16.233807 1.828697 -15.459169
v -16.993925 1.903845 -15.455587
v -16.945381 1.383950 -15.424763
v -16.457798 1.332999 -15.418732
v -16.648479 1.349911 -15.422405
v -16.946835 1.403416 -15.413845
v -15.501968 0.576775 -15.360285
v -15.226748 1.006828 -15.355915
v -15.874157 0.992719 -15.355911
v -15.883394 1.416573 -15.354887
v -15.830139 1.879652 -15.360699
v -15.904006 2.362281 -15.358932
v -15.208577 2.279389 -15.350086
v -15.593641 2.686779 -15.364435
v -15.789181 0.570516 -15.363897
v -16.435995 2.863010 -15.382664
v -16.449940 2.140535 -15.404879
v -16.234688 2.958894 -15.368208
v -16.028528 2.778958 -15.390873
v -16.260557 1.947601 -15.349133
v -16.018019 2.081141 -15.395506
v -16.458981 2.519949 -15.430029
v -15.986061 2.444333 -15.423086
v -15.975647 2.261243 -15.415695
v -16.473448 2.325900 -15.429537
v -15.758309 1.767066 -15.470318
v -16.371939 1.675522 -15.455761
v -15.731314 1.503812 -15.445080
v -15.781431 2.446835 -15.368383
v -16.019619 2.666005 -15.322041
v -16.302486 2.523115 -15.354973
v -16.105801 1.297362 -15.387047
v -16.373396 1.449415 -15.416880
v -15.775092 2.176504 -15.433556
v -16.354280 1.986629 -15.458641
v -17.061134 0.441980 -15.336935
v -17.325645 0.878701 -15.332565
v -16.678783 0.848601 -15.332565
v -16.659077 1.272099 -15.331537
v -16.700876 1.736352 -15.337345
v -16.615110 2.217008 -15.335583
v -17.312372 2.151323 -15.326736
v -16.917362 2.549076 -15.341085
v -16.774166 0.428628 -15.340548
v -16.293165 -0.126657 -15.306892
v -16.555365 0.311456 -15.302523
v -15.908671 0.277939 -15.302523
v -15.886723 0.701325 -15.301497
v -15.926069 1.165793 -15.307306
v -15.837767 1.645990 -15.305542
v -16.535364 1.583990 -15.296692
v -16.138258 1.979650 -15.311045
v -16.006271 -0.141526 -15.310509
v -15.902068 0.866904 -15.334282
v -15.633758 1.223283 -15.330462
v -16.198698 1.253967 -15.330462
v -16.178608 1.623828 -15.329565
v -16.101477 2.023714 -15.334641
v -16.133789 2.449068 -15.333097
v -15.533459 2.330693 -15.325367
v -15.841869 2.711159 -15.337906
v -16.152695 0.880516 -15.337440
v -15.488430 2.628458 -15.372694
v -15.452818 2.462181 -15.438675
v -15.502060 2.739181 -15.313433
v -15.613316 2.629504 -15.392601
v -15.834528 2.596406 -15.406815
v -15.641566 2.457562 -15.467915
v -15.600256 2.740250 -15.323103
v -15.832327 2.404433 -15.468184
v -15.608088 2.285165 -15.503977
v -15.775229 2.191852 -15.512323
v -15.553432 2.098367 -15.520357
v -15.687584 2.032822 -15.526068
v -15.406775 2.144659 -15.498146
v -15.470835 1.969417 -15.516390
v -16.696156 1.045282 -15.336935
v -16.971376 1.475335 -15.332565
v -16.323963 1.461225 -15.332565
v -16.314726 1.885079 -15.331537
v -16.367983 2.348159 -15.337345
v -16.294115 2.830788 -15.335583
v -16.989544 2.747896 -15.326736
v -16.604481 3.155285 -15.341085
v -16.408943 1.039022 -15.340548
v -16.682446 2.321193 -15.400019
v -16.661900 1.844973 -15.346075
v -17.049454 2.091472 -15.384893
v -16.887093 2.348995 -15.416304
v -16.765942 1.847094 -15.350700
v -17.086452 2.376081 -15.400757
v -16.880722 2.577646 -15.416304
v -17.062302 2.659517 -15.401030
v -16.990822 2.845967 -15.387268
v -16.683977 2.729020 -15.393904
v -16.770611 2.918947 -15.375769
v -15.655590 2.959784 -15.382666
v -15.641645 2.237309 -15.404875
v -15.856897 3.055668 -15.368208
v -16.063053 2.875732 -15.390873
v -15.831027 2.044374 -15.349133
v -16.073568 2.177915 -15.395504
v -15.632601 2.616723 -15.430031
v -16.105522 2.541106 -15.423086
v -16.115936 2.358016 -15.415695
v -15.618135 2.422673 -15.429539
v -16.479202 3.024677 -15.418728
v -16.443596 2.858400 -15.484711
v -16.492836 3.135401 -15.359467
v -16.604092 3.025723 -15.438631
v -16.825306 2.992625 -15.452847
v -16.632341 2.853782 -15.513945
v -16.591034 3.136468 -15.369137
v -16.823101 2.800653 -15.514217
v -16.598866 2.681384 -15.550009
v -16.766006 2.588072 -15.558353
v -16.544205 2.494586 -15.566389
v -16.678360 2.429042 -15.572098
v -16.397552 2.540879 -15.544178
v -16.461611 2.365636 -15.562422
v -16.088764 3.130290 -15.382666
v -16.074821 2.407815 -15.404879
v -16.290073 3.226173 -15.368208
v -16.496231 3.046237 -15.390873
v -16.264204 2.214879 -15.349133
v -16.506742 2.348420 -15.395506
v -16.065777 2.787229 -15.430029
v -16.538700 2.711612 -15.423086
v -16.549114 2.528522 -15.415697
v -16.051311 2.593179 -15.429539
v -15.893482 0.822304 -15.336935
v -15.618265 1.252356 -15.332565
v -16.265675 1.238246 -15.332565
v -16.274914 1.662100 -15.331537
v -16.221655 2.125180 -15.337349
v -16.295521 2.607809 -15.335583
v -15.600096 2.524918 -15.326736
v -15.985161 2.932307 -15.341087
v -16.180698 0.816045 -15.340548
v -16.559437 0.939672 -15.330242
v -16.294926 1.376393 -15.325872
v -16.941792 1.346294 -15.325872
v -16.961494 1.769790 -15.324848
v -16.919693 2.234045 -15.330656
v -17.005463 2.714701 -15.328890
v -16.308201 2.649015 -15.320044
v -16.703209 3.046768 -15.334394
v -16.846407 0.926320 -15.333858
v -16.463776 0.118872 -15.360285
v -16.201572 0.556984 -15.355915
v -16.848269 0.523467 -15.355911
v -16.870213 0.946852 -15.354889
v -16.830868 1.411321 -15.360699
v -16.919174 1.891518 -15.358932
v -16.221573 1.829518 -15.350086
v -16.618679 2.225178 -15.364433
v -16.750668 0.104003 -15.363897
v -16.289747 1.112432 -15.334282
v -16.558062 1.468811 -15.330462
v -15.993120 1.499494 -15.330460
v -16.013208 1.869357 -15.329567
v -16.090343 2.269242 -15.334641
v -16.058025 2.694596 -15.333097
v -16.658361 2.576221 -15.325367
v -16.349945 2.956687 -15.337906
v -16.039127 1.126044 -15.337437
v -17.111832 1.705727 -15.359409
v -17.323965 1.729587 -15.361124
v -16.684834 2.099618 -15.450659
v -16.686596 2.729425 -15.418806
v -16.807096 3.182983 -15.299398
v -17.404236 2.784534 -15.415918
v -17.279491 3.209210 -15.302643
v -17.451027 2.184329 -15.448874
v -16.673042 2.368882 -15.459169
v -17.433161 2.444029 -15.455585
v -17.384615 1.924135 -15.424763
v -16.897030 1.873184 -15.418728
v -17.087713 1.890096 -15.422405
v -17.386068 1.943601 -15.413845
v -17.500366 0.982165 -15.336935
v -17.764881 1.418886 -15.332561
v -17.118017 1.388786 -15.332561
v -17.098310 1.812283 -15.331537
v -17.140110 2.276537 -15.337345
v -17.054342 2.757194 -15.335583
v -17.751604 2.691508 -15.326736
v -17.356594 3.089261 -15.341085
v -17.213398 0.968813 -15.340548
v -17.121677 2.861378 -15.400017
v -17.101135 2.385158 -15.346069
v -17.488688 2.631657 -15.384893
v -17.326326 2.889180 -15.416304
v -17.205173 2.387279 -15.350697
v -17.525681 2.916266 -15.400753
v -17.319956 3.117830 -15.416304
v -17.501532 3.199702 -15.401030
v -17.430056 3.386153 -15.387264
v -17.123207 3.269205 -15.393902
v -17.209845 3.459132 -15.375769
v -16.918440 3.564863 -15.418728
v -16.882828 3.398585 -15.484707
v -16.932072 3.675586 -15.359467
v -17.043324 3.565907 -15.438631
v -17.264534 3.532810 -15.452847
v -17.071575 3.393967 -15.513945
v -17.030264 3.676652 -15.369135
v -17.262333 3.340837 -15.514217
v -17.038097 3.221569 -15.550007
v -17.205238 3.128257 -15.558353
v -16.983440 3.034772 -15.566387
v -17.117596 2.969227 -15.572100
v -16.836784 3.081064 -15.544178
v -16.900846 2.905821 -15.562422
v -9.866857 4.104247 -2.648187
v -9.865509 4.141077 -2.814566
v -9.795089 4.492671 -2.283717
v -9.820143 5.151750 -2.239282
v -9.914054 5.632812 -2.297959
v -9.822412 5.249851 -2.808725
v -9.911505 5.687274 -2.679774
v -9.796494 4.624596 -2.891611
v -9.788398 4.773163 -2.245687
v -9.791214 4.894340 -2.843202
v -9.817313 4.296274 -2.622931
v -9.815459 4.348437 -2.854843
v -9.820203 4.268247 -2.478201
v -9.824044 4.368792 -2.853108
v -9.878655 4.487506 -2.391935
v -9.838553 4.796242 -1.901350
v -9.873877 4.482986 -2.276016
v -9.821886 5.574503 -1.810256
v -9.836103 5.836589 -1.883616
v -9.829247 5.700577 -2.279190
v -9.847979 5.953978 -2.142730
v -9.864876 3.709509 -2.998970
v -9.863107 3.756361 -3.215538
v -9.770620 4.222704 -2.524017
v -9.803523 5.088615 -2.470196
v -9.926866 5.720102 -2.554345
v -9.806504 5.211910 -3.205089
v -9.923516 5.787446 -3.038984
v -9.772464 4.389909 -3.306339
v -9.799807 3.961361 -2.957822
v -9.797373 4.027822 -3.260869
v -9.803604 3.925481 -2.762753
v -9.808649 4.054677 -3.260648
v -9.863974 2.802349 -1.529282
v -9.868490 3.377186 -1.236795
v -9.868488 3.410295 -2.055111
v -9.869549 3.999041 -2.112209
v -9.863548 4.632097 -2.016249
v -9.865371 5.300501 -2.050419
v -9.874511 5.129096 -1.163642
v -9.859686 5.719823 -1.605247
v -9.860240 2.815859 -1.873981
v -9.840857 6.025435 -2.575489
v -9.817913 5.034414 -2.672975
v -9.855789 6.142144 -2.331998
v -9.832380 5.881864 -2.146796
v -9.875494 4.756531 -2.493059
v -9.827593 4.923355 -2.220541
v -9.791931 5.556204 -2.642735
v -9.799101 5.418577 -2.125331
v -9.792441 5.290593 -2.677743
v -9.750315 4.471652 -1.937923
v -9.776387 4.107385 -1.924240
v -9.855608 5.406048 -1.876629
v -9.903476 5.726583 -2.156726
v -9.869461 5.550569 -2.487017
v -9.836331 3.850747 -2.365255
v -9.805515 4.079284 -2.655456
v -9.788286 5.035770 -1.921415
v -9.762375 4.815985 -2.579932
v -9.888092 2.741227 -3.473680
v -9.892610 3.364540 -3.792317
v -9.893674 3.953944 -3.821516
v -9.887667 4.511307 -3.214766
v -9.889491 5.166637 -3.087872
v -9.898628 5.116673 -3.721343
v -9.883805 5.641127 -3.338618
v -9.884358 2.704940 -3.195810
v -9.919124 1.885128 -2.366192
v -9.923640 2.511196 -2.697795
v -9.924705 3.108680 -2.849902
v -9.923639 2.418233 -1.971112
v -9.928658 3.694722 -2.874962
v -9.918698 3.654480 -2.137230
v -9.920520 4.310997 -2.038680
v -9.929659 4.274886 -2.808539
v -9.914836 4.791843 -2.354132
v -9.915391 1.845684 -2.071768
v -9.890835 3.237338 -2.066240
v -9.894780 3.710830 -1.779222
v -9.894780 3.797983 -2.476369
v -9.895705 4.306240 -2.440719
v -9.890463 4.849878 -2.310726
v -9.892056 5.435925 -2.293601
v -9.900040 5.226991 -1.585026
v -9.887090 5.774190 -1.927594
v -9.887573 3.276310 -2.380306
v -9.782998 5.399899 -1.451289
v -9.912369 5.783930 -1.477208
v -9.815910 5.615748 -1.926986
v -9.752798 5.409295 -1.696692
v -9.902379 5.793770 -1.607424
v -9.752519 5.352360 -1.951965
v -9.706925 5.056746 -1.918165
v -9.692730 4.830242 -1.809459
v -9.721570 4.960894 -1.440277
v -9.702725 4.725365 -1.539441
v -9.888092 3.545192 -3.025242
v -9.892608 4.154825 -3.274225
v -9.892608 4.092126 -2.601607
v -9.887668 5.313752 -2.559991
v -9.889489 5.972261 -2.440189
v -9.898628 5.905062 -3.175056
v -9.883805 6.433018 -2.639822
v -9.884359 3.516203 -2.708585
v -9.878654 4.642373 -2.921123
v -9.838553 5.006340 -3.290021
v -9.873877 4.651772 -3.021804
v -9.822169 5.400115 -3.304165
v -9.821887 5.787899 -3.250257
v -9.836103 6.038983 -3.152426
v -9.829248 5.859159 -2.866201
v -9.847979 6.124076 -2.908928
v -9.840857 6.098196 -1.628972
v -9.817913 5.108263 -1.743404
v -9.855789 6.244846 -1.851426
v -9.832378 6.016491 -2.163036
v -9.875494 4.857966 -1.992774
v -9.827592 5.060894 -2.282108
v -9.791931 5.626700 -1.660983
v -9.799101 5.560937 -2.261941
v -9.806736 5.310573 -2.298763
v -9.792439 5.359840 -1.676549
v -9.809401 5.791330 -2.227569
v -9.803605 6.247642 -2.560640
v -9.735450 6.019153 -2.576776
v -9.864820 6.398510 -2.529973
v -9.783048 6.257576 -2.692775
v -9.768363 6.227491 -2.935581
v -9.705251 6.025540 -2.775371
v -9.854831 6.406666 -2.633967
v -9.704971 5.965757 -2.986315
v -9.667999 5.787250 -2.770442
v -9.659377 5.669616 -2.944307
v -9.645183 5.444669 -2.859833
v -9.674023 5.580395 -2.569614
v -9.655176 5.343717 -2.650875
v -9.840856 6.363580 -2.096190
v -9.817913 5.375447 -2.238598
v -9.855789 6.507349 -2.273784
v -9.832378 6.278116 -2.571739
v -9.875494 5.124841 -2.483188
v -9.827592 5.323662 -2.708598
v -9.791930 5.895891 -2.187429
v -9.799101 5.825492 -2.716224
v -9.806736 5.574056 -2.736382
v -9.792441 5.628592 -2.196166
v -9.888092 3.174482 -2.046142
v -9.892607 3.749954 -1.763520
v -9.892608 3.781292 -2.554287
v -9.887667 4.998542 -2.444569
v -9.889489 5.667024 -2.479974
v -9.898628 5.497643 -1.624700
v -9.883805 6.087528 -2.053186
v -9.884361 3.188926 -2.405358
v -9.895004 3.389486 -2.870789
v -9.899521 3.973560 -2.578784
v -9.899521 3.975558 -3.256438
v -9.894578 5.194541 -3.156149
v -9.896403 5.860528 -3.195089
v -9.905541 5.724607 -2.490934
v -9.890718 6.292806 -2.788939
v -9.891273 3.389767 -3.161976
v -9.863974 2.236318 -2.557106
v -9.868489 2.829182 -2.372014
v -9.869550 3.419935 -3.190371
v -9.863546 4.057520 -3.135050
v -9.865371 4.723518 -3.184035
v -9.874510 4.592142 -2.471419
v -9.859686 5.162473 -2.847568
v -9.860242 2.234802 -2.852921
v -9.890835 3.608802 -2.572659
v -9.894781 4.117972 -2.840867
v -9.895705 4.631999 -2.235902
v -9.890463 5.187314 -2.287615
v -9.892056 5.768805 -2.199595
v -9.900040 5.647533 -2.855193
v -9.887089 6.147130 -2.456999
v -9.887574 3.608645 -2.277824
v -9.863974 1.125273 -1.596066
v -9.868489 1.698234 -1.274374
v -9.869554 2.279852 -1.199069
v -9.863548 2.945745 -1.938663
v -9.865371 3.622954 -2.109865
v -9.874510 3.451324 -1.219602
v -9.859686 4.047450 -1.745195
v -9.860241 1.135694 -1.892684
v -9.862707 1.861216 -2.413388
v -9.861660 1.872346 -2.544398
v -9.806803 2.199083 -2.173807
v -9.826318 2.712459 -2.209256
v -9.899478 3.077491 -2.307693
v -9.828087 2.729233 -2.651053
v -9.897491 3.080340 -2.597960
v -9.807897 2.238086 -2.646906
v -9.822669 2.028570 -2.592098
v -9.826366 2.006160 -2.291191
v -9.824114 2.012466 -2.408705
v -9.829357 2.044382 -2.594049
v -9.871902 2.184023 -2.253428
v -9.840661 2.469833 -1.960952
v -9.868178 2.192184 -2.170075
v -9.827898 2.776592 -1.952748
v -9.827677 3.078632 -1.993535
v -9.838754 3.274173 -2.064982
v -9.833413 3.131613 -2.302460
v -9.848003 3.339828 -2.247255
v -9.861165 1.520504 -2.633230
v -9.859788 1.534034 -2.805315
v -9.787740 1.966324 -2.320225
v -9.813371 2.640410 -2.369193
v -9.909457 3.119105 -2.500162
v -9.815694 2.658771 -2.949397
v -9.906848 3.120433 -2.881330
v -9.789175 2.013624 -2.941638
v -9.808579 1.738856 -2.868686
v -9.813434 1.711921 -2.473455
v -9.810478 1.719228 -2.627792
v -9.817365 1.759611 -2.871320
v -9.860464 0.956528 -1.649120
v -9.863981 1.432466 -1.460673
v -9.863982 1.380708 -1.979280
v -9.860132 2.332629 -2.010914
v -9.861553 2.845084 -2.106647
v -9.868671 2.795724 -1.542175
v -9.857123 3.210019 -1.882020
v -9.857556 0.933567 -1.879189
v -9.842455 3.350976 -2.571481
v -9.824582 2.576804 -2.528120
v -9.854089 3.465014 -2.417130
v -9.835851 3.284070 -2.238062
v -9.869438 2.380997 -2.361536
v -9.832124 2.537678 -2.176937
v -9.804341 2.982441 -2.564027
v -9.809927 2.928271 -2.178707
v -9.815873 2.732870 -2.156525
v -9.804739 2.773898 -2.560988
v -9.771923 2.216176 -1.944759
v -9.783637 2.083440 -2.430403
v -9.792232 1.935902 -1.903209
v -9.853946 2.942535 -2.014644
v -9.891237 3.163662 -2.222381
v -9.864738 2.994690 -2.438649
v -9.838930 1.693702 -2.188219
v -9.814923 1.841318 -2.414497
v -9.781316 2.417467 -2.439716
v -9.879252 0.723959 -2.890475
v -9.882771 1.176476 -3.135773
v -9.882771 1.180880 -2.614264
v -9.878922 2.129934 -2.699030
v -9.880342 2.649315 -2.666478
v -9.887461 2.539522 -3.221203
v -9.875914 2.987667 -2.934164
v -9.876345 0.725914 -2.659121
v -9.903427 0.158735 -2.231096
v -9.906945 0.612873 -2.474642
v -9.906944 0.613609 -1.953013
v -9.903094 1.563039 -2.034018
v -9.904515 2.082071 -1.999393
v -9.911634 1.976206 -2.554670
v -9.900087 2.422229 -2.265789
v -9.900518 0.159061 -1.999686
v -9.881391 1.244448 -1.992184
v -9.884462 1.641129 -1.803721
v -9.884462 1.641989 -2.259513
v -9.881101 2.471479 -2.239593
v -9.882340 2.924975 -2.297647
v -9.888561 2.832250 -1.806826
v -9.878472 3.222062 -2.083114
v -9.878848 1.244829 -2.194386
v -9.797382 2.977567 -1.752026
v -9.898166 3.271298 -1.812468
v -9.823023 3.099639 -2.068554
v -9.773856 2.961937 -1.903180
v -9.890383 3.266881 -1.891367
v -9.773640 2.894265 -2.052294
v -9.744837 2.779287 -1.863293
v -9.738121 2.669937 -1.990410
v -9.727062 2.504664 -1.908051
v -9.749528 2.640279 -1.691092
v -9.734848 2.449062 -1.729279
v -9.879252 1.390436 -2.643061
v -9.882771 1.835208 -2.896448
v -9.882771 1.856760 -2.375711
v -9.878922 2.803697 -2.478012
v -9.880342 3.324516 -2.455160
v -9.887462 3.196409 -3.007115
v -9.875913 3.654306 -2.728787
v -9.876346 1.399996 -2.412045
v -9.871900 2.248414 -2.675948
v -9.840660 2.490341 -3.005642
v -9.868177 2.244795 -2.759620
v -9.827898 2.792909 -3.056827
v -9.827677 3.097684 -3.058843
v -9.838754 3.301320 -3.015550
v -9.833411 3.193504 -2.760414
v -9.848003 3.391909 -2.844296
v -9.842455 3.498753 -1.952358
v -9.824583 2.726160 -1.886617
v -9.854089 3.589996 -2.121187
v -9.835851 3.385709 -2.273083
v -9.869438 2.508907 -2.024064
v -9.832123 2.638126 -2.228831
v -9.804340 3.132820 -1.908007
v -9.809927 3.025099 -2.281905
v -9.815873 2.828519 -2.276441
v -9.804739 2.925916 -1.881741
v -9.760343 3.345611 -2.577230
v -9.861124 3.639342 -2.637672
v -9.785980 3.467683 -2.893762
v -9.736814 3.329981 -2.728390
v -9.853342 3.634924 -2.716572
v -9.736599 3.262308 -2.877499
v -9.707796 3.147330 -2.688498
v -9.701080 3.037980 -2.815615
v -9.690021 2.872706 -2.733255
v -9.712488 3.008323 -2.516297
v -9.697806 2.817104 -2.554485
v -9.842455 3.656748 -2.312939
v -9.824582 2.884154 -2.247197
v -9.854089 3.747990 -2.481769
v -9.835851 3.543703 -2.633663
v -9.869439 2.666902 -2.384645
v -9.832124 2.796120 -2.589415
v -9.804340 3.290815 -2.268587
v -9.809928 3.183094 -2.642486
v -9.815873 2.986515 -2.637021
v -9.804738 3.083911 -2.242322
v -9.879252 1.197190 -1.981927
v -9.882771 1.673128 -1.793480
v -9.882771 1.621370 -2.312086
v -9.878922 2.573291 -2.343722
v -9.880342 3.085745 -2.439452
v -9.887461 3.036387 -1.874982
v -9.875914 3.450681 -2.214827
v -9.876346 1.174229 -2.211998
v -9.884638 1.285125 -2.525345
v -9.888156 1.767595 -2.345998
v -9.888156 1.698750 -2.862958
v -9.884306 2.650305 -2.912251
v -9.885727 3.159974 -3.017387
v -9.892847 3.129137 -2.452741
v -9.881297 3.532552 -2.799845
v -9.881729 1.254584 -2.754683
v -9.860464 0.411904 -2.386582
v -9.863982 0.895733 -2.209194
v -9.863982 0.823240 -2.725764
v -9.860132 1.774640 -2.778831
v -9.861551 2.283673 -2.885968
v -9.868672 2.256800 -2.321330
v -9.857125 2.657857 -2.669959
v -9.857556 0.379745 -2.615747
v -9.881389 1.485327 -2.321913
v -9.884463 1.851627 -2.564190
v -9.884462 1.916457 -2.113035
v -9.881099 2.734939 -2.249192
v -9.882340 3.192094 -2.255372
v -9.888561 3.031389 -2.728313
v -9.878470 3.456125 -2.509480
v -9.878849 1.514088 -2.121766
v -9.861823 -0.158590 -2.202108
v -9.860838 -0.152134 -2.325453
v -9.809304 0.165941 -1.987463
v -9.827638 0.646876 -2.036395
v -9.896365 0.986610 -2.139943
v -9.829299 0.649160 -2.451716
v -9.894498 0.980437 -2.412566
v -9.810330 0.188140 -2.432849
v -9.824210 -0.006907 -2.375006
v -9.827683 -0.018776 -2.091795
v -9.825567 -0.016436 -2.202323
v -9.830493 0.007880 -2.377318
v -9.870460 0.149373 -2.061759
v -9.841112 0.426641 -1.795864
v -9.866962 0.159578 -1.983748
v -9.829120 0.714910 -1.797511
v -9.828914 0.997257 -1.845011
v -9.839318 1.178676 -1.918056
v -9.834301 1.037585 -2.136680
v -9.848007 1.234764 -2.091199
v -9.860374 -0.485191 -2.398137
v -9.859081 -0.477733 -2.560120
v -9.791396 -0.057063 -2.117844
v -9.815476 0.574353 -2.184366
v -9.905740 1.019814 -2.321926
v -9.817657 0.573907 -2.729689
v -9.903288 1.009443 -2.679850
v -9.792746 -0.031593 -2.702736
v -9.810975 -0.287354 -2.625864
v -9.815536 -0.300597 -2.253957
v -9.812757 -0.298440 -2.399088
v -9.819226 -0.267946 -2.628971
v -9.859714 -0.984718 -1.456952
v -9.863019 -0.532110 -1.294522
v -9.863019 -0.596514 -1.779872
v -9.859403 0.296294 -1.838591
v -9.860736 0.774527 -1.944094
v -9.867425 0.745389 -1.412599
v -9.856576 1.124017 -1.744315
v -9.856984 -1.013290 -1.672265
v -9.842796 1.235348 -2.395954
v -9.826006 0.509788 -2.331645
v -9.853725 1.347125 -2.254510
v -9.836594 1.182692 -2.080865
v -9.868145 0.331019 -2.169271
v -9.833090 0.483757 -2.000719
v -9.806993 0.889552 -2.377725
v -9.812240 0.850436 -2.014291
v -9.817825 0.667648 -1.987508
v -9.807365 0.693841 -2.368514
v -9.776537 0.188971 -1.772924
v -9.787542 0.049541 -2.224856
v -9.795616 -0.072915 -1.725372
v -9.853592 0.868831 -1.860682
v -9.888624 1.070117 -2.062469
v -9.863731 0.904875 -2.260377
v -9.839486 -0.309008 -1.985590
v -9.816933 -0.177306 -2.202546
v -9.785363 0.362880 -2.243781
v -9.877365 -1.240920 -2.615388
v -9.880671 -0.823522 -2.859493
v -9.880670 -0.803490 -2.369979
v -9.877053 0.085006 -2.478494
v -9.878387 0.573652 -2.463762
v -9.885076 0.453658 -2.981256
v -9.874228 0.883176 -2.725411
v -9.874634 -1.232033 -2.398224
v -9.900074 -1.751517 -1.979058
v -9.903380 -1.332545 -2.221570
v -9.903379 -1.315954 -1.731828
v -9.899763 -0.426989 -1.836827
v -9.901096 0.061393 -1.820133
v -9.907784 -0.054931 -2.338266
v -9.896936 0.372652 -2.080626
v -9.897343 -1.744157 -1.761794
v -9.879371 -0.724844 -1.787835
v -9.882259 -0.346649 -1.622977
v -9.882259 -0.359735 -2.050951
v -9.879099 0.419692 -2.057532
v -9.880267 0.843717 -2.125863
v -9.886108 0.771616 -1.662199
v -9.876631 1.129196 -1.933492
v -9.876986 -0.730649 -1.977698
v -9.800456 0.909727 -1.615176
v -9.895130 1.183673 -1.680878
v -9.824542 1.014695 -1.916092
v -9.778354 0.890445 -1.756622
v -9.887821 1.177121 -1.754826
v -9.778151 0.822360 -1.894559
v -9.751094 0.720168 -1.713603
v -9.744784 0.613623 -1.829621
v -9.734395 0.460956 -1.747253
v -9.755502 0.594900 -1.547685
v -9.741710 0.414199 -1.577709
v -9.877365 -0.607614 -2.403401
v -9.880670 -0.197734 -2.654868
v -9.880671 -0.161626 -2.166598
v -9.877053 0.724348 -2.291514
v -9.878388 1.214049 -2.285933
v -9.885077 1.076944 -2.800269
v -9.874228 1.515354 -2.552899
v -9.874634 -0.591595 -2.186790
v -9.870458 0.196952 -2.460432
v -9.841111 0.414050 -2.777362
v -9.866962 0.191004 -2.538882
v -9.829122 0.696576 -2.834643
v -9.828915 0.982673 -2.845827
v -9.839319 1.175188 -2.811382
v -9.834301 1.081737 -2.568547
v -9.848009 1.265465 -2.653353
v -9.842797 1.392970 -1.819156
v -9.826006 0.669575 -1.733882
v -9.853725 1.473493 -1.980453
v -9.836593 1.277054 -2.116843
v -9.868144 0.461404 -1.856311
v -9.833090 0.576487 -2.052508
v -9.806992 1.050742 -1.766357
v -9.812240 0.938205 -2.114136
v -9.817825 0.753799 -2.103012
v -9.807365 0.857278 -1.735391
v -9.765657 1.230134 -2.401191
v -9.860334 1.504081 -2.466892
v -9.789744 1.335101 -2.702106
v -9.743557 1.210852 -2.542639
v -9.853023 1.497528 -2.540839
v -9.743354 1.142767 -2.680575
v -9.716297 1.040575 -2.499618
v -9.709989 0.934030 -2.615635
v -9.699598 0.781363 -2.533270
v -9.720705 0.915307 -2.333699
v -9.706913 0.734606 -2.363724
v -9.842796 1.530322 -2.162528
v -9.826007 0.806927 -2.077251
v -9.853725 1.610844 -2.323826
v -9.836593 1.414407 -2.460213
v -9.868145 0.598757 -2.199680
v -9.833090 0.713839 -2.395878
v -9.806992 1.188094 -2.109729
v -9.812240 1.075557 -2.457507
v -9.817827 0.891151 -2.446382
v -9.807366 0.994630 -2.078762
v -9.877366 -0.768902 -1.776764
v -9.880670 -0.316293 -1.614337
v -9.880670 -0.380698 -2.099686
v -9.877052 0.512112 -2.158404
v -9.878387 0.990344 -2.263908
v -9.885077 0.961206 -1.732412
v -9.874227 1.339834 -2.064130
v -9.874634 -0.797473 -1.992080
v -9.882423 -0.702903 -2.289668
v -9.885728 -0.244439 -2.135983
v -9.885728 -0.324835 -2.619266
v -9.882112 0.567091 -2.694552
v -9.883447 1.042422 -2.808801
v -9.890134 1.030679 -2.277707
v -9.879286 1.398872 -2.615905
v -9.879692 -0.738569 -2.504066
v -9.859715 -1.518553 -2.132764
v -9.863019 -1.058872 -1.980958
v -9.863019 -1.142683 -2.463762
v -9.859404 -0.251017 -2.542590
v -9.860736 0.223656 -2.658701
v -9.867425 0.215636 -2.127732
v -9.856576 0.581567 -2.467289
v -9.856982 -1.555734 -2.346950
v -9.879373 -0.508729 -2.104762
v -9.882260 -0.172190 -2.343410
v -9.882260 -0.097568 -1.921786
v -9.879101 0.666765 -2.074577
v -9.880265 1.095807 -2.094313
v -9.886108 0.930502 -2.533468
v -9.876632 1.335964 -2.340950
v -9.876986 -0.475625 -1.917722
v -11.606559 2.475022 18.018406
v -11.773251 2.501106 18.022968
v -11.272015 2.886017 17.934734
v -11.270155 3.546590 17.959740
v -11.359844 4.022900 18.056889
v -11.833921 3.607972 17.981995
v -11.731129 4.052764 18.067497
v -11.873859 2.978689 17.957474
v -11.588664 2.668272 17.968193
v -11.821963 2.705457 17.974609
v -11.438751 2.649585 17.965775
v -11.822728 2.725881 17.983229
v -11.372302 2.873925 18.021908
v -10.973652 3.213486 17.967651
v -11.265073 2.876848 18.013329
v -10.936045 3.605544 17.949928
v -10.960983 3.995987 17.950527
v -11.034266 4.252827 17.967350
v -11.351266 4.091730 17.971725
v -11.261169 4.353360 17.987274
v -11.918708 2.058601 18.027489
v -12.137759 2.091469 18.033482
v -11.481260 2.601198 17.917671
v -11.481913 3.468777 17.950615
v -11.601936 4.093569 18.078289
v -12.222630 3.544692 17.979855
v -12.089709 4.129695 18.092228
v -12.272134 2.717890 17.947544
v -11.896118 2.312573 17.961578
v -12.202697 2.359464 17.970009
v -11.699139 2.289278 17.958397
v -12.203794 2.386278 17.981329
v -10.710296 1.247556 17.983755
v -10.426026 1.839967 17.978197
v -11.094352 1.820530 18.001886
v -11.049084 3.042310 17.995335
v -11.125271 3.707146 17.999859
v -10.407057 3.592961 17.983547
v -10.805083 4.154153 17.982822
v -11.006917 1.238933 17.990532
v -11.675317 4.396919 17.994827
v -11.690524 3.401685 17.972412
v -11.466976 4.529001 18.002386
v -11.254990 4.281133 17.971447
v -11.492981 3.135910 18.023024
v -11.244305 3.319867 17.966278
v -11.700779 3.924340 17.946774
v -11.212327 3.820175 17.936636
v -11.201307 3.567963 17.943884
v -11.715693 3.657029 17.947813
v -10.978949 2.887217 17.879543
v -11.611864 2.761114 17.917025
v -10.950153 2.524578 17.904615
v -10.999085 3.823623 17.985619
v -11.243270 4.125535 18.042171
v -11.536482 3.928701 18.018528
v -11.334615 2.240187 17.978222
v -11.611947 2.449644 17.957214
v -11.593737 3.189672 17.913404
v -12.318974 1.061870 18.064909
v -12.591871 1.663468 18.079098
v -11.924113 1.622005 18.055431
v -11.947095 2.844910 18.051298
v -11.858494 3.507029 18.049980
v -12.577954 3.416544 18.084629
v -12.170712 3.964462 18.055363
v -12.022870 1.043477 18.050674
v -11.525096 0.278555 18.067818
v -11.795608 0.882069 18.081924
v -11.128022 0.835898 18.058264
v -11.146162 2.058946 18.053963
v -11.054938 2.720433 18.052553
v -11.774747 2.635025 18.087208
v -11.365341 3.180060 18.057865
v -11.229066 0.258072 18.053591
v -11.122372 1.647217 18.025238
v -10.845252 2.138141 18.019365
v -11.428441 2.180407 18.040035
v -11.328236 3.240759 18.032162
v -11.361533 3.826698 18.034935
v -10.741528 3.663634 18.020950
v -11.060361 4.187738 18.019295
v -11.381207 1.665967 18.031151
v -10.662430 3.844762 17.901031
v -10.708678 4.226339 18.032125
v -11.055304 4.029662 17.947889
v -10.858345 3.838400 17.877756
v -10.810401 4.227809 18.025734
v -11.055274 3.765214 17.884457
v -10.825102 3.600916 17.839302
v -10.997948 3.472375 17.836803
v -10.907972 3.253307 17.819410
v -10.617074 3.407367 17.837955
v -10.683869 3.165964 17.821465
v -11.942205 1.892939 18.051552
v -12.226155 2.485349 18.066135
v -11.557832 2.465912 18.042450
v -11.603448 3.687693 18.039116
v -11.527130 4.352529 18.038239
v -12.244698 4.238343 18.072815
v -11.847724 4.799536 18.043915
v -11.645849 1.884316 18.037313
v -11.907180 2.994537 18.040867
v -12.308669 3.334098 18.014975
v -12.014752 2.997460 18.039902
v -12.347441 3.726157 17.999949
v -12.322524 4.116600 17.998783
v -12.248232 4.373439 18.010378
v -11.931717 4.212342 17.992296
v -12.020487 4.473972 18.014189
v -10.869699 4.530227 17.966272
v -10.856117 3.534993 17.942835
v -11.076980 4.662310 17.988562
v -11.290627 4.414443 17.972710
v -11.049581 3.269219 18.007309
v -11.301650 3.453175 17.968311
v -10.847705 4.057650 17.916534
v -11.335647 3.953484 17.941006
v -11.346126 3.701272 17.949018
v -10.832750 3.790338 17.916519
v -11.686893 4.390567 17.889763
v -11.733144 4.772144 18.020855
v -12.079769 4.575467 17.936623
v -11.882808 4.384205 17.866489
v -11.834867 4.773615 18.014465
v -12.079737 4.311018 17.873192
v -11.849567 4.146721 17.828037
v -12.022413 4.018180 17.825535
v -11.932440 3.799112 17.808142
v -11.641538 3.953171 17.826691
v -11.708335 3.711769 17.810200
v -11.316869 4.765103 17.982121
v -11.303286 3.769870 17.958683
v -11.524153 4.897187 18.004410
v -11.737795 4.649318 17.988560
v -11.496749 3.504097 18.023159
v -11.748818 3.688053 17.984159
v -11.294871 4.292526 17.932384
v -11.782816 4.188361 17.956854
v -11.793297 3.936150 17.964863
v -11.279922 4.025216 17.932365
v -11.113605 1.585779 18.022182
v -10.829337 2.178189 18.016626
v -11.497660 2.158753 18.040316
v -11.452394 3.380534 18.033764
v -11.528582 4.045370 18.038288
v -10.810369 3.931183 18.021980
v -11.208393 4.492377 18.021252
v -11.410228 1.577157 18.028961
v -11.800827 1.747458 18.053459
v -11.527611 2.349055 18.048290
v -12.195371 2.307592 18.071960
v -12.172735 3.530496 18.066212
v -12.261212 4.192617 18.071175
v -11.541101 4.102132 18.054796
v -11.949394 4.650049 18.054432
v -12.097197 1.729064 18.060226
v -11.703171 0.616778 18.018944
v -11.432340 1.220292 18.013865
v -12.099928 1.174121 18.037529
v -12.082139 2.397170 18.031952
v -12.173231 3.058655 18.037003
v -11.452773 2.973248 18.020615
v -11.863232 3.518283 18.020332
v -11.999465 0.596296 18.025715
v -11.522573 1.985439 18.039423
v -11.799414 2.476364 18.053185
v -11.216222 2.518631 18.032513
v -11.316740 3.578982 18.031754
v -11.283326 4.164921 18.032162
v -11.902766 4.001856 18.062111
v -11.584849 4.525959 18.037884
v -11.263970 2.004191 18.026993
v -11.242833 -0.634609 18.057816
v -11.513345 -0.031095 18.071920
v -10.845757 -0.077266 18.048260
v -10.863897 1.145782 18.043957
v -10.772675 1.807268 18.042549
v -11.492486 1.721862 18.077206
v -11.083076 2.266896 18.047861
v -10.946806 -0.655091 18.043583
v -11.772598 -1.470978 18.021408
v -11.501772 -0.867464 18.016325
v -12.169356 -0.913635 18.039989
v -12.151566 0.309413 18.034412
v -12.242660 0.970899 18.039467
v -11.522202 0.885491 18.023075
v -11.932660 1.430527 18.022789
v -12.068894 -1.491461 18.028175
v -11.549619 -0.402905 18.013504
v -11.278787 0.200609 18.008423
v -11.254093 0.787109 18.008610
v -11.612895 0.177525 18.011454
v -11.946378 0.154439 18.032082
v -11.611979 0.762878 18.011423
v -11.928587 1.377488 18.026506
v -12.019681 2.038974 18.031563
v -11.299222 1.953566 18.015171
v -11.709680 2.498600 18.014883
v -11.845915 -0.423386 18.020269
v -11.686894 5.060396 17.889763
v -11.733145 5.441973 18.020857
v -12.079769 5.245296 17.936623
v -11.882808 5.054035 17.866489
v -11.834867 5.443445 18.014465
v -12.079738 4.980848 17.873192
v -11.849568 4.816550 17.828037
v -12.022413 4.688009 17.825535
v -11.932438 4.468941 17.808142
v -11.641539 4.623001 17.826687
v -11.708332 4.381598 17.810200
v -11.195861 5.014773 18.073034
v -11.321528 5.032775 18.063757
v -10.952205 5.325656 18.160736
v -10.977440 5.785753 18.351032
v -11.072170 6.097062 18.532940
v -11.402235 5.825876 18.317410
v -11.351108 6.117092 18.505211
v -11.406562 5.387937 18.131224
v -11.359900 5.190133 18.077782
v -11.071332 5.151204 18.101330
v -11.183990 5.164467 18.090565
v -11.362155 5.202293 18.089043
v -11.036089 5.294585 18.206818
v -10.745311 5.546943 18.303793
v -10.955339 5.298415 18.213991
v -10.729502 5.828436 18.398228
v -10.762264 6.104244 18.497795
v -10.828003 6.281610 18.568188
v -11.058902 6.168114 18.492483
v -11.002923 6.348437 18.582129
v -11.419050 4.719937 17.942205
v -11.582301 4.742474 17.926559
v -11.095970 5.129907 18.050194
v -11.131428 5.734171 18.299843
v -11.257493 6.142471 18.538349
v -11.689389 5.783544 18.254425
v -11.623828 6.166592 18.501110
v -11.692852 5.208153 18.010082
v -11.630624 4.948674 17.940117
v -11.251546 4.899804 17.971905
v -11.399530 4.916339 17.957436
v -11.633657 4.964637 17.954901
v -10.509757 4.154549 17.882133
v -10.288727 4.571207 18.015526
v -10.799431 4.555066 17.967770
v -10.798384 5.419055 18.269653
v -10.879682 5.887928 18.437748
v -10.338528 5.808212 18.479578
v -10.655350 6.206746 18.579702
v -10.750689 4.149367 17.883011
v -11.313962 6.379149 18.550890
v -11.286864 5.681992 18.273394
v -11.164303 6.469502 18.614773
v -10.993966 6.301555 18.552917
v -11.135612 5.479949 18.262104
v -10.950701 5.623725 18.299332
v -11.310575 6.058064 18.390903
v -10.941689 5.984868 18.413094
v -10.925158 5.804716 18.353512
v -11.312142 5.869002 18.320045
v -10.727778 5.339696 18.156422
v -11.199010 5.243667 18.076435
v -10.695971 5.076742 18.082478
v -10.788286 5.973389 18.472839
v -10.987388 6.172913 18.562971
v -11.196184 6.041451 18.461124
v -10.980298 4.858192 18.015068
v -11.192232 5.013009 18.023075
v -11.200588 5.547317 18.188000
v -11.770531 4.013489 17.804661
v -11.928028 4.431372 17.823895
v -11.948977 4.843814 17.940880
v -11.445779 4.406528 17.906532
v -11.411984 4.815822 17.994774
v -11.466621 5.269011 18.153275
v -11.424374 5.736739 18.335636
v -11.961077 5.667024 18.252975
v -11.674169 6.059956 18.422831
v -11.558846 4.003627 17.843021
v -11.184552 3.457877 17.750336
v -11.399534 3.881130 17.869856
v -10.872005 3.849899 17.875162
v -11.335805 4.698921 17.997398
v -10.843005 4.709381 18.044659
v -10.797405 5.176580 18.224792
v -11.334549 5.110451 18.143417
v -11.045918 5.501355 18.312725
v -10.961638 3.445780 17.769283
v -10.829851 4.427484 17.957790
v -10.616447 4.772963 18.073702
v -11.055353 4.800123 18.032566
v -11.017632 5.550846 18.314938
v -11.063925 5.964241 18.466148
v -10.594452 5.849835 18.485472
v -10.850812 6.222043 18.584410
v -11.032228 4.440931 17.950603
v -10.528865 6.009068 18.458260
v -10.591534 6.244292 18.644123
v -10.833479 6.129172 18.493851
v -10.672076 6.011626 18.417698
v -10.666690 6.247491 18.628284
v -10.816924 5.959068 18.380474
v -10.634496 5.853829 18.332644
v -10.758383 5.764478 18.277317
v -10.681504 5.613874 18.218334
v -10.472325 5.716470 18.305176
v -10.511564 5.550579 18.222860
v -11.443442 4.597349 17.930183
v -11.663223 5.012366 18.037392
v -11.161864 5.001767 18.093067
v -11.239642 5.866056 18.404766
v -11.206698 6.335647 18.586723
v -11.741119 6.249195 18.498032
v -11.462388 6.651456 18.670427
v -11.222497 4.593753 17.955267
v -11.441137 5.377289 18.189716
v -11.749763 5.625895 18.213951
v -11.521298 5.380112 18.177364
v -11.791172 5.907031 18.301445
v -11.786581 6.183073 18.405548
v -11.741774 6.361129 18.489351
v -11.498088 6.250606 18.471237
v -11.576104 6.430089 18.544621
v -10.715270 6.477112 18.658960
v -10.666608 5.780090 18.384083
v -10.876967 6.565515 18.685066
v -11.025482 6.395571 18.584518
v -10.808267 5.576211 18.337254
v -10.998475 5.717639 18.328957
v -10.676335 6.156247 18.503290
v -11.038890 6.078473 18.436718
v -11.038465 5.898219 18.375187
v -10.655526 5.967326 18.435146
v -11.310808 6.402429 18.474564
v -11.373476 6.637652 18.660423
v -11.615419 6.522533 18.510157
v -11.454017 6.404987 18.434002
v -11.448635 6.640851 18.644588
v -11.598870 6.352429 18.396774
v -11.416439 6.247190 18.348949
v -11.540326 6.157839 18.293621
v -11.463448 6.007235 18.234634
v -11.254266 6.109831 18.321482
v -11.293510 5.943940 18.239161
v -11.058746 6.640957 18.679695
v -11.010081 5.943935 18.404814
v -11.220439 6.729361 18.705795
v -11.368954 6.559416 18.605247
v -11.151737 5.740057 18.357983
v -11.341949 5.881485 18.349691
v -11.019807 6.320093 18.524021
v -11.382360 6.242319 18.457451
v -11.381939 6.062064 18.395918
v -10.999002 6.131172 18.455879
v -10.825320 4.385152 17.948277
v -10.605734 4.801906 18.084099
v -11.106822 4.785115 18.020172
v -11.115388 5.649753 18.338226
v -11.196686 6.118628 18.506317
v -10.655534 6.038912 18.548151
v -10.972355 6.437445 18.648272
v -11.060089 4.379551 17.938797
v -11.346627 4.494325 17.932697
v -11.135764 4.917524 18.070103
v -11.634498 4.885098 17.998566
v -11.661193 5.750501 18.316761
v -11.751597 6.217398 18.483025
v -11.209879 6.154436 18.531225
v -11.533914 6.543543 18.626945
v -11.567369 4.480909 17.898006
v -11.324106 3.710556 17.784023
v -11.099897 4.134071 17.896151
v -11.043158 4.544246 17.952267
v -11.606236 4.098854 17.836685
v -11.582140 4.506315 17.883137
v -11.548952 4.958412 18.007145
v -11.641300 5.424849 18.173006
v -11.099504 5.365475 18.222565
v -11.425053 5.752534 18.317337
v -11.544917 3.695681 17.749128
v -11.126618 4.663533 17.984138
v -11.343455 5.007445 18.075359
v -10.908102 5.040041 18.139416
v -11.021243 5.789858 18.404373
v -11.017562 6.203566 18.561649
v -11.476583 6.083345 18.468300
v -11.255939 6.458539 18.625122
v -10.929185 4.678583 18.003502
v 7.010942 1.624218 12.149494
v 7.011440 1.645102 12.327166
v 6.965160 1.958248 11.790114
v 7.040527 2.481287 11.789079
v 7.175337 2.850956 11.888247
v 7.047470 2.529894 12.390222
v 7.174837 2.874967 12.283995
v 6.973494 2.031832 12.431824
v 6.978910 2.183529 11.779156
v 6.988003 2.248971 12.415817
v 6.972654 1.782836 12.128551
v 6.973433 1.812600 12.377211
v 6.974342 1.767684 11.968831
v 6.984051 1.828002 12.378351
v 7.042253 2.467762 11.877583
v 7.052921 1.940396 11.900194
v 7.035456 2.214478 11.473660
v 7.027237 2.499886 11.652349
v 7.048071 1.943192 11.785690
v 7.047029 2.527987 11.432945
v 7.050501 2.750457 11.659364
v 7.075565 2.838624 11.459522
v 7.109621 3.041549 11.538187
v 7.090448 2.914065 11.875900
v 7.129642 3.120357 11.780549
v 6.978086 1.293137 12.482222
v 6.978636 1.319458 12.715693
v 6.918161 1.734075 12.012279
v 7.017149 2.421020 12.014215
v 7.194151 2.905914 12.146837
v 7.025919 2.481120 12.804039
v 7.193264 2.934985 12.666744
v 6.928738 1.826725 12.855530
v 6.936234 2.030018 11.999298
v 6.947805 2.112006 12.835871
v 6.928690 1.539133 12.782441
v 6.930119 1.482682 12.245813
v 6.927811 1.501589 12.455675
v 6.942635 1.559353 12.784041
v 6.917225 0.648012 11.193844
v 6.965771 1.118850 10.890942
v 6.964334 1.103388 11.603474
v 7.008583 1.567774 11.613639
v 7.049332 2.075841 11.555023
v 7.100368 2.604560 11.636322
v 7.101629 2.512821 10.870945
v 7.127350 2.960729 11.294738
v 6.912630 0.641521 11.509944
v 7.151623 3.439156 11.905642
v 7.053780 2.649675 11.920988
v 7.177223 3.542761 11.684084
v 7.134081 3.347879 11.457192
v 7.095236 2.432572 11.712557
v 7.058006 2.583633 11.445621
v 7.064816 3.068024 11.930940
v 7.064732 2.984451 11.410452
v 7.054203 2.783056 11.398992
v 7.045614 2.855318 11.946863
v 6.917747 1.963612 11.475975
v 6.924387 1.861811 12.151325
v 6.918623 1.672553 11.446260
v 7.098612 2.698182 11.501419
v 7.171698 2.933649 11.763563
v 7.121071 2.780411 12.074886
v 6.961216 1.440406 11.858412
v 6.943991 1.610071 12.152925
v 6.999687 2.408565 11.494440
v 6.952877 2.203038 12.131884
v 6.929100 0.497919 12.909840
v 6.978325 0.976064 13.200959
v 6.975262 0.943079 12.489029
v 7.019472 1.407073 12.467339
v 7.060339 1.916427 12.513345
v 7.111177 2.442985 12.418954
v 7.114189 2.370101 13.186348
v 7.138929 2.807448 12.751606
v 6.923782 0.483654 12.594007
v 6.904169 -0.128291 12.064624
v 6.953535 0.351379 12.353197
v 6.950123 0.314649 11.641454
v 6.994320 0.778522 11.617302
v 7.035210 1.288111 11.660606
v 7.086004 1.814165 11.563419
v 7.089388 1.745320 12.331186
v 7.113916 2.180373 11.894135
v 6.898693 -0.144217 11.748871
v 6.975241 0.963311 11.634190
v 7.015686 1.353467 11.338891
v 7.018808 1.387092 11.960654
v 7.057419 1.792322 11.938545
v 7.092543 2.231063 11.853655
v 7.137508 2.697037 11.889217
v 7.133936 2.566528 11.228500
v 7.158905 2.984747 11.567935
v 6.973166 0.978549 11.910021
v 7.112366 2.897656 11.178944
v 7.023142 2.722150 11.139753
v 7.188574 3.012966 11.193947
v 7.090660 2.900827 11.316394
v 7.071714 2.866003 11.559856
v 6.990631 2.720064 11.347483
v 7.178087 3.015120 11.302020
v 6.984934 2.661869 11.557432
v 6.933573 2.534807 11.310640
v 6.914932 2.433398 11.494593
v 6.896614 2.331767 11.250484
v 6.883690 2.260520 11.398129
v 6.925667 2.380239 11.089077
v 6.887844 2.190051 11.159582
v 6.998192 1.242130 12.597076
v 7.046738 1.712967 12.899979
v 7.045300 1.697505 12.187452
v 7.089548 2.161891 12.177284
v 7.130297 2.669957 12.235898
v 7.181335 3.198676 12.154600
v 7.182598 3.106938 12.919978
v 7.208317 3.554845 12.496183
v 6.993595 1.235639 12.280977
v 7.071371 2.781394 12.937965
v 7.082039 2.254028 12.915358
v 7.064573 2.528109 13.341887
v 7.056356 2.813519 13.163199
v 7.077188 2.256824 13.029861
v 7.076151 2.841619 13.382607
v 7.079620 3.064089 13.156185
v 7.104689 3.152256 13.356027
v 7.138741 3.355181 13.277360
v 7.119570 3.227696 12.939650
v 7.158762 3.433989 13.034998
v 7.154217 3.467108 11.029350
v 7.056372 2.677629 11.014008
v 7.179815 3.570715 11.250906
v 7.136673 3.375833 11.477803
v 7.097830 2.460524 11.222436
v 7.060600 2.611586 11.489370
v 7.067411 3.095976 11.004055
v 7.067324 3.012403 11.524546
v 7.056793 2.811009 11.536004
v 7.048206 2.883273 10.988131
v 7.094442 3.252599 12.757363
v 7.005215 3.077093 12.718166
v 7.170649 3.367908 12.772360
v 7.072735 3.255770 12.894809
v 7.053791 3.220944 13.138273
v 6.972706 3.075007 12.925896
v 7.160158 3.370061 12.880438
v 6.967007 3.016810 13.135849
v 6.915648 2.889748 12.889053
v 6.897007 2.788340 13.073008
v 6.878689 2.686709 12.828897
v 6.865765 2.615462 12.976547
v 6.907740 2.735181 12.667495
v 6.869919 2.544994 12.737993
v 7.152500 3.448614 11.839664
v 7.054651 2.659133 11.824318
v 7.178095 3.552220 12.061222
v 7.134954 3.357338 12.288116
v 7.096109 2.442029 12.032751
v 7.058880 2.593090 12.299686
v 7.065689 3.077481 11.814366
v 7.065605 2.993909 12.334856
v 7.055075 2.792514 12.346317
v 7.046488 2.864778 11.798443
v 6.992512 1.180901 11.453770
v 7.041056 1.651738 11.150866
v 7.039623 1.636276 11.863397
v 7.083868 2.100661 11.873563
v 7.124617 2.608728 11.814949
v 7.175655 3.137448 11.896245
v 7.176916 3.045708 11.130869
v 7.202639 3.493616 11.554664
v 6.987917 1.174409 11.769870
v 7.013248 1.324581 12.643644
v 7.062469 1.802727 12.352523
v 7.059408 1.769742 13.064453
v 7.103617 2.233735 13.086140
v 7.144485 2.743089 13.040136
v 7.195320 3.269648 13.134527
v 7.198336 3.196764 12.367133
v 7.223076 3.634110 12.801873
v 7.007927 1.310316 12.959476
v 6.870640 0.146208 12.252392
v 6.920004 0.625879 11.963820
v 6.916594 0.589148 12.675562
v 6.960791 1.053021 12.699714
v 7.001680 1.562610 12.656409
v 7.052473 2.088663 12.753599
v 7.055861 2.019820 11.985830
v 7.080389 2.454873 12.422882
v 6.865166 0.130282 12.568146
v 7.000221 1.232378 12.060865
v 7.040667 1.622536 12.356161
v 7.043789 1.656160 11.734398
v 7.082397 2.061389 11.756505
v 7.117521 2.500130 11.841402
v 7.162489 2.966106 11.805834
v 7.158916 2.835596 12.466551
v 7.183884 3.253814 12.127115
v 6.998146 1.247617 11.785031
v -9.863709 4.442813 -3.592995
v -9.862589 4.473028 -3.454422
v -9.803979 4.767052 -3.895312
v -9.824831 5.315712 -3.930565
v -9.902993 5.715940 -3.880461
v -9.826719 5.395864 -3.456364
v -9.900870 5.760265 -3.562537
v -9.805147 4.875253 -3.389024
v -9.798410 5.000603 -3.926225
v -9.800755 5.099886 -3.428607
v -9.822474 4.602701 -3.613505
v -9.820932 4.645506 -3.420352
v -9.824883 4.579755 -3.734036
v -9.828077 4.662452 -3.421741
v -9.873529 4.762468 -3.805261
v -9.840154 5.020716 -4.212755
v -9.869554 4.759011 -3.901748
v -9.826282 5.668694 -4.286525
v -9.838115 5.886631 -4.224778
v -9.832410 5.772390 -3.895905
v -9.847999 5.983653 -4.008814
v -9.862062 4.113355 -3.302075
v -9.860590 4.151779 -3.121707
v -9.783613 4.541730 -3.696025
v -9.810998 5.262558 -3.738542
v -9.913655 5.787917 -3.666843
v -9.813479 5.363244 -3.126575
v -9.910869 5.842693 -3.263309
v -9.785150 4.678835 -3.044467
v -9.807905 4.323076 -3.335663
v -9.805880 4.377594 -3.083264
v -9.811067 4.293726 -3.498108
v -9.815263 4.399947 -3.083376
v -9.861310 3.362199 -4.527667
v -9.865069 3.841400 -4.769588
v -9.865070 3.866804 -4.088429
v -9.865951 4.356661 -4.039354
v -9.860957 4.883798 -4.117557
v -9.862474 5.440013 -4.087358
v -9.870081 5.299685 -4.825864
v -9.857742 5.790180 -4.456769
v -9.858204 3.372538 -4.240740
v -9.842071 6.041987 -3.648445
v -9.822976 5.216916 -3.569917
v -9.854501 6.139762 -3.850793
v -9.835015 5.923622 -4.005617
v -9.870899 4.986109 -3.720388
v -9.831032 5.125670 -3.946762
v -9.801351 5.651275 -3.593709
v -9.807319 5.538089 -4.024701
v -9.801774 5.430117 -3.565273
v -9.766713 4.750466 -4.183168
v -9.788413 4.447328 -4.195516
v -9.854347 5.528316 -4.231728
v -9.894190 5.794357 -3.997762
v -9.865878 5.646994 -3.723328
v -9.838304 4.232571 -3.829137
v -9.812655 4.422017 -3.587008
v -9.798316 5.220020 -4.195424
v -9.776752 5.035365 -3.647927
v -9.881385 3.306216 -2.909527
v -9.885143 3.824155 -2.642689
v -9.886029 4.314632 -2.616836
v -9.881031 4.780113 -3.120362
v -9.882547 5.325872 -3.224254
v -9.890154 5.282621 -2.697153
v -9.877817 5.720125 -3.014313
v -9.878278 3.276745 -3.140889
v -9.907212 2.596607 -3.833529
v -9.910971 3.116804 -3.555894
v -9.911857 3.613684 -3.427723
v -9.910970 3.041343 -4.160943
v -9.915147 4.101374 -3.405324
v -9.906857 4.069820 -4.019438
v -9.908375 4.616492 -4.099733
v -9.915980 4.584411 -3.459083
v -9.903644 5.015865 -3.835921
v -9.904104 2.564552 -4.078678
v -9.883667 3.722824 -4.079619
v -9.886952 4.117661 -4.317254
v -9.886951 4.188365 -3.736799
v -9.887720 4.611475 -3.765134
v -9.883359 5.064281 -3.871896
v -9.884683 5.552086 -3.884608
v -9.891329 5.380056 -4.474896
v -9.880549 5.834582 -4.188342
v -9.880953 3.754435 -3.818122
v -9.793917 5.524316 -4.585748
v -9.901591 5.843872 -4.563166
v -9.821309 5.702715 -4.189267
v -9.768780 5.531492 -4.381478
v -9.893275 5.851720 -4.454764
v -9.768549 5.483434 -4.169163
v -9.730601 5.237487 -4.198075
v -9.718786 5.049255 -4.289145
v -9.742790 5.158966 -4.596067
v -9.727103 4.962678 -4.514153
v -9.881384 3.976526 -3.280641
v -9.885143 4.483261 -3.071813
v -9.885144 4.432847 -3.631790
v -9.881031 5.449702 -3.663214
v -9.882547 5.998086 -3.761194
v -9.890154 5.940226 -3.149747
v -9.877817 6.381045 -3.593829
v -9.878278 3.953232 -3.544270
v -9.873529 4.889971 -3.364415
v -9.840154 5.191926 -3.056427
v -9.869554 4.897529 -3.280592
v -9.826517 5.519625 -3.043621
v -9.826282 5.842514 -3.087470
v -9.838117 6.051746 -3.168230
v -9.832411 5.902833 -3.406927
v -9.847998 6.123207 -3.370669
v -9.842070 6.105034 -4.436028
v -9.822974 5.280823 -4.343390
v -9.854499 6.226504 -4.250495
v -9.835014 6.035627 -3.991748
v -9.870897 5.071847 -4.136502
v -9.831032 5.239983 -3.895160
v -9.801349 5.712530 -4.410623
v -9.807319 5.656216 -3.910630
v -9.813672 5.447743 -3.880641
v -9.801775 5.490383 -4.398372
v -9.815891 5.848059 -3.938632
v -9.811068 6.226967 -3.660220
v -9.754341 6.036756 -3.647391
v -9.862017 6.352613 -3.685346
v -9.793957 6.234887 -3.550219
v -9.781734 6.209209 -3.348213
v -9.729206 6.041550 -3.482084
v -9.853703 6.359128 -3.598772
v -9.728975 5.991238 -3.306674
v -9.698204 5.843235 -3.486813
v -9.691029 5.744874 -3.342418
v -9.679213 5.557874 -3.413316
v -9.703216 5.671601 -3.654506
v -9.687531 5.474403 -3.587494
v -9.842071 6.324682 -4.046471
v -9.822974 5.501894 -3.930542
v -9.854499 6.443871 -3.898281
v -9.835014 6.252300 -3.650901
v -9.870899 5.292676 -3.727634
v -9.831031 5.457560 -3.539504
v -9.801349 5.935190 -3.971765
v -9.807319 5.875206 -3.531838
v -9.813672 5.665885 -3.515725
v -9.801775 5.712696 -3.965192
v -9.881384 3.670563 -4.096510
v -9.885143 4.150265 -4.330219
v -9.885143 4.174268 -3.671994
v -9.881030 5.187660 -3.760108
v -9.882548 5.743937 -3.728885
v -9.890154 5.605211 -4.441166
v -9.877815 6.095040 -4.082987
v -9.878278 3.681639 -3.797501
v -9.887139 3.847340 -3.409601
v -9.890896 4.334225 -3.651097
v -9.890897 4.334106 -3.087086
v -9.886784 5.348916 -3.167356
v -9.888301 5.903108 -3.133192
v -9.895907 5.791834 -3.719611
v -9.883570 6.263955 -3.470088
v -9.884030 3.846808 -3.167249
v -9.861312 2.888396 -3.673706
v -9.865070 3.382317 -3.826200
v -9.865950 3.871842 -3.143537
v -9.860956 4.402642 -3.187903
v -9.862474 4.956816 -3.145381
v -9.870080 4.849347 -3.738830
v -9.857742 5.323037 -3.424268
v -9.858204 2.886356 -3.427509
v -9.883667 4.030657 -3.657156
v -9.886951 4.453729 -3.432590
v -9.887722 4.883140 -3.934744
v -9.883357 5.345185 -3.890244
v -9.884685 5.829386 -3.961973
v -9.891329 5.726728 -3.416642
v -9.880550 6.143583 -3.746742
v -9.880953 4.031303 -3.902542
v -9.861311 1.966213 -4.476494
v -9.865069 2.443927 -4.742728
v -9.865956 2.928200 -4.803871
v -9.860956 3.480470 -4.186566
v -9.862474 4.043654 -4.042296
v -9.870081 3.903149 -4.783705
v -9.857742 4.397915 -4.344694
v -9.858204 1.974106 -4.229593
v 0.870930 2.266839 -13.838596
v 0.869884 2.282007 -13.709284
v 0.815273 2.505835 -14.100166
v 0.834703 2.889961 -14.100920
v 0.907534 3.166938 -14.028744
v 0.836462 2.925655 -13.663389
v 0.905552 3.184304 -13.740704
v 0.816362 2.559724 -13.633110
v 0.810085 2.670026 -14.108143
v 0.812273 2.718064 -13.644762
v 0.831074 2.400838 -13.672859
v 0.834751 2.368348 -13.970089
v 0.832506 2.379215 -13.853842
v 0.837730 2.412715 -13.672029
v 0.836866 2.880276 -14.036503
v 0.880079 2.498803 -14.020048
v 0.848980 2.696259 -14.330494
v 0.823822 2.902546 -14.200434
v 0.876375 2.500503 -14.103388
v 0.836275 2.924243 -14.360128
v 0.823822 3.085705 -14.195332
v 0.836056 3.151287 -14.340782
v 0.847082 3.300642 -14.283527
v 0.841766 3.206962 -14.037727
v 0.856291 3.359102 -14.107126
v 0.869394 2.024688 -13.596430
v 0.868023 2.043801 -13.426498
v 0.796299 2.340211 -13.938469
v 0.821817 2.844713 -13.937057
v 0.917469 3.208032 -13.840532
v 0.824127 2.888858 -13.362200
v 0.914871 3.229040 -13.462128
v 0.797729 2.408068 -13.324722
v 0.789484 2.555902 -13.947916
v 0.792355 2.616099 -13.339031
v 0.818932 2.172374 -13.615746
v 0.817045 2.199641 -13.377918
v 0.821877 2.158828 -13.768492
v 0.825790 2.215235 -13.376753
v 0.868692 1.553061 -14.534151
v 0.872196 1.897552 -14.754614
v 0.872196 1.886249 -14.236012
v 0.873016 2.225774 -14.228611
v 0.868364 2.596719 -14.271273
v 0.869778 2.983326 -14.212101
v 0.876865 2.916926 -14.769167
v 0.865372 3.243262 -14.460718
v 0.865799 1.548047 -14.304085
v 0.850767 3.384431 -13.785957
v 0.832973 2.805697 -13.774786
v 0.862347 3.461238 -13.947212
v 0.844193 3.317101 -14.112354
v 0.877626 2.651149 -13.926491
v 0.840481 2.758120 -14.120773
v 0.812824 3.109624 -13.767542
v 0.818386 3.049052 -14.146372
v 0.824306 2.902390 -14.154715
v 0.813223 2.954183 -13.755955
v 0.780552 2.506533 -14.328810
v 0.792213 2.433203 -13.837267
v 0.800770 2.295656 -14.350435
v 0.862206 3.051057 -14.310287
v 0.899328 3.226621 -14.119493
v 0.872950 3.112161 -13.892902
v 0.847260 2.130281 -14.050457
v 0.823359 2.252081 -13.836100
v 0.810001 2.834511 -14.315367
v 0.789906 2.682412 -13.851416
v 0.887398 1.445085 -13.285194
v 0.890900 1.794917 -13.073309
v 0.890900 1.770805 -13.591475
v 0.891722 2.110044 -13.607258
v 0.887070 2.481931 -13.573776
v 0.888483 2.866956 -13.642477
v 0.895567 2.814339 -13.083942
v 0.884073 3.132957 -13.400362
v 0.884504 1.434390 -13.515068
v 0.911461 0.989583 -13.900372
v 0.914965 1.340529 -13.690338
v 0.914965 1.313680 -14.208368
v 0.915785 1.652831 -14.225946
v 0.911133 2.024889 -14.194427
v 0.912546 2.409546 -14.265165
v 0.919632 2.359881 -13.706358
v 0.908136 2.676822 -14.024458
v 0.908569 0.977672 -14.130184
v 0.889524 1.785466 -14.213654
v 0.892586 2.070941 -14.428581
v 0.892584 2.095519 -13.976040
v 0.893299 2.391794 -13.992134
v 0.889236 2.712119 -14.053921
v 0.890471 3.052845 -14.028036
v 0.896664 2.958023 -14.508926
v 0.886621 3.262792 -14.261877
v 0.886995 1.796371 -14.012894
v 0.858753 3.196545 -14.544996
v 0.805899 3.063350 -14.573521
v 0.906223 3.285239 -14.534079
v 0.842810 3.197382 -14.444956
v 0.831423 3.170869 -14.267757
v 0.782478 3.059650 -14.422327
v 0.898476 3.286093 -14.455418
v 0.782263 3.017091 -14.269520
v 0.753593 2.921551 -14.449142
v 0.746904 2.846806 -14.315258
v 0.740469 2.771919 -14.492926
v 0.735897 2.719416 -14.385466
v 0.758261 2.809001 -14.610403
v 0.743649 2.668625 -14.559092
v 0.887398 1.928354 -13.577557
v 0.890900 2.272844 -13.357098
v 0.890900 2.261542 -13.875698
v 0.891722 2.601067 -13.883097
v 0.887068 2.972013 -13.840439
v 0.888483 3.358618 -13.899609
v 0.895567 3.292220 -13.342541
v 0.884073 3.618556 -13.650991
v 0.884504 1.923341 -13.807627
v 0.836864 2.950412 -13.588539
v 0.880079 2.568939 -13.604996
v 0.848980 2.766396 -13.294550
v 0.823822 2.972683 -13.424608
v 0.876371 2.570640 -13.521656
v 0.836275 2.994380 -13.264915
v 0.823822 3.155842 -13.429712
v 0.836056 3.221424 -13.284262
v 0.847080 3.370778 -13.341515
v 0.841764 3.277099 -13.587315
v 0.856291 3.429239 -13.517914
v 0.850767 3.461951 -14.411095
v 0.832973 2.883218 -14.422264
v 0.862349 3.538758 -14.249838
v 0.844191 3.394620 -14.084698
v 0.877626 2.728669 -14.270561
v 0.840481 2.835640 -14.076279
v 0.812824 3.187144 -14.429508
v 0.818386 3.126572 -14.050678
v 0.824306 2.979910 -14.042336
v 0.813223 3.031703 -14.441095
v 0.821878 3.513933 -13.751343
v 0.769024 3.380738 -13.779869
v 0.869349 3.602627 -13.740425
v 0.805939 3.514770 -13.651304
v 0.794548 3.488258 -13.474100
v 0.745605 3.377038 -13.628675
v 0.861603 3.603481 -13.661764
v 0.745388 3.334479 -13.475866
v 0.716717 3.238939 -13.655489
v 0.710032 3.164193 -13.521605
v 0.703598 3.089308 -13.699276
v 0.699024 3.036804 -13.591812
v 0.721390 3.126390 -13.816751
v 0.706774 2.986013 -13.765438
v 0.850767 3.598532 -14.064102
v 0.832973 3.019800 -14.075272
v 0.862347 3.675340 -13.902845
v 0.844193 3.531202 -13.737705
v 0.877626 2.865251 -13.923569
v 0.840481 2.972222 -13.729286
v 0.812824 3.323726 -14.082516
v 0.818388 3.263154 -13.703688
v 0.824306 3.116492 -13.695343
v 0.813219 3.168284 -14.094103
v 0.887398 1.749740 -14.220530
v 0.890900 2.094229 -14.440992
v 0.890900 2.082927 -13.922392
v 0.891722 2.422452 -13.914991
v 0.887068 2.793398 -13.957651
v 0.888483 3.180004 -13.898481
v 0.895571 3.113604 -14.455547
v 0.884073 3.439940 -14.147097
v 0.884502 1.744725 -13.990461
v 0.892759 1.843757 -13.687075
v 0.896261 2.193588 -13.898958
v 0.896261 2.169477 -13.380793
v 0.897081 2.508716 -13.365007
v 0.892429 2.880603 -13.398493
v 0.893845 3.265629 -13.329788
v 0.900930 3.213011 -13.888327
v 0.889435 3.531628 -13.571909
v 0.889864 1.833061 -13.457201
v 0.868692 1.186260 -13.763702
v 0.872196 1.537207 -13.973740
v 0.872198 1.510359 -13.455708
v 0.873016 1.849509 -13.438129
v 0.868364 2.221567 -13.469648
v 0.869776 2.606225 -13.398911
v 0.876865 2.556560 -13.957718
v 0.865372 2.873500 -13.639620
v 0.865799 1.174351 -13.533892
v 0.889524 1.982144 -13.903105
v 0.892586 2.267619 -13.688177
v 0.892584 2.292197 -14.140718
v 0.893301 2.588473 -14.124626
v 0.889235 2.908797 -14.062840
v 0.890471 3.249523 -14.088726
v 0.896662 3.154700 -13.607832
v 0.886621 3.459469 -13.854881
v 0.886995 1.993048 -14.103865
v 6.296799 2.113645 -8.384520
v 6.474466 2.134485 -8.383087
v 5.937418 2.442011 -8.308054
v 5.936382 2.969779 -8.334747
v 6.035553 3.350328 -8.434809
v 6.537523 3.018820 -8.337166
v 6.431299 3.374188 -8.432091
v 6.579124 2.516052 -8.309549
v 5.926462 2.667600 -8.300924
v 6.563118 2.733602 -8.303926
v 6.524513 2.297751 -8.329758
v 6.116135 2.253113 -8.334812
v 6.275852 2.268043 -8.331732
v 6.525652 2.314070 -8.338905
v 6.024887 2.956470 -8.337719
v 6.047497 2.432350 -8.397091
v 5.620962 2.703643 -8.354364
v 5.799656 2.987069 -8.319798
v 5.932993 2.434686 -8.392000
v 5.580248 3.016879 -8.336906
v 5.806664 3.238718 -8.319796
v 5.606825 3.328825 -8.336605
v 5.685492 3.534029 -8.351753
v 6.023203 3.405319 -8.344450
v 5.927853 3.614350 -8.364405
v 6.629522 1.780944 -8.382410
v 6.862995 1.807203 -8.380526
v 6.159580 2.214454 -8.281983
v 6.161516 2.907609 -8.317039
v 6.294142 3.406788 -8.448458
v 6.951342 2.968262 -8.320219
v 6.814047 3.435652 -8.444889
v 7.002834 2.307685 -8.283949
v 6.146599 2.510801 -8.272617
v 6.983173 2.593508 -8.276560
v 6.602980 1.983856 -8.313080
v 6.929745 2.021320 -8.310486
v 6.393120 1.965243 -8.317127
v 6.931345 2.042743 -8.322500
v 5.341145 1.132957 -8.381447
v 5.038244 1.606266 -8.386259
v 5.750772 1.590737 -8.386259
v 5.760941 2.057224 -8.387388
v 5.702328 2.566882 -8.380995
v 5.783625 3.098055 -8.382938
v 5.018248 3.006825 -8.392675
v 5.442041 3.455194 -8.376881
v 5.657246 1.126068 -8.377472
v 6.369123 3.649150 -8.356817
v 6.384470 2.854006 -8.332373
v 6.147566 3.754678 -8.372730
v 5.920675 3.556643 -8.347786
v 6.176039 2.641665 -8.393724
v 5.909103 2.788637 -8.342686
v 6.394423 3.271583 -8.304688
v 5.873934 3.188359 -8.312328
v 5.862473 2.986855 -8.320463
v 6.410345 3.058014 -8.305233
v 5.623276 2.442969 -8.260348
v 6.298628 2.342220 -8.276370
v 5.593561 2.153238 -8.288126
v 5.648722 3.191114 -8.372534
v 5.910864 3.432328 -8.423538
v 6.222187 3.275068 -8.387297
v 6.005718 1.926023 -8.351995
v 6.300228 2.093369 -8.319160
v 5.641743 2.893593 -8.300808
v 6.279186 2.684618 -8.273200
v 7.057142 0.984603 -8.407148
v 7.348261 1.465251 -8.411959
v 6.636330 1.432125 -8.411959
v 6.614645 1.898218 -8.413086
v 6.660646 2.409168 -8.406693
v 6.566256 2.938172 -8.408636
v 7.333651 2.865878 -8.418373
v 6.898909 3.303639 -8.402578
v 6.741308 0.969908 -8.403170
v 6.211926 0.358770 -8.440208
v 6.500500 0.840949 -8.445023
v 5.788755 0.804061 -8.445021
v 5.764605 1.270033 -8.446148
v 5.807907 1.781220 -8.439756
v 5.710722 2.309717 -8.441698
v 6.478487 2.241481 -8.451437
v 6.041439 2.676938 -8.435640
v 5.896173 0.342405 -8.436232
v 5.781490 1.452267 -8.410069
v 5.486195 1.844492 -8.414272
v 6.107958 1.878261 -8.414272
v 6.085850 2.285326 -8.415258
v 6.000956 2.725433 -8.409672
v 6.036522 3.193572 -8.411371
v 5.375805 3.063291 -8.419878
v 5.715240 3.482026 -8.406078
v 6.057323 1.467248 -8.406593
v 5.326246 3.391006 -8.367790
v 5.287054 3.208003 -8.295170
v 5.341249 3.512867 -8.433012
v 5.463694 3.392156 -8.345884
v 5.707159 3.355730 -8.330240
v 5.494785 3.202921 -8.262994
v 5.449324 3.514040 -8.422369
v 5.704733 3.144448 -8.262697
v 5.457945 3.013182 -8.223306
v 5.641895 2.910484 -8.214119
v 5.397787 2.807595 -8.205276
v 5.545433 2.735459 -8.198993
v 5.236380 2.858545 -8.229721
v 5.306883 2.665675 -8.209641
v 6.655449 1.648587 -8.407146
v 6.958353 2.121896 -8.411959
v 6.245825 2.106367 -8.411959
v 6.235657 2.572854 -8.413086
v 6.294270 3.082513 -8.406694
v 6.212975 3.613686 -8.408636
v 6.978348 3.522457 -8.418373
v 6.554556 3.970824 -8.402578
v 6.339350 1.641699 -8.403170
v 6.640362 3.052834 -8.337717
v 6.617752 2.528713 -8.397091
v 7.044285 2.800007 -8.354364
v 6.865595 3.083434 -8.319796
v 6.732256 2.531049 -8.392000
v 7.085001 3.113243 -8.336908
v 6.858583 3.335082 -8.319796
v 7.058426 3.425189 -8.336605
v 6.979757 3.630393 -8.351757
v 6.642046 3.501683 -8.344450
v 6.737398 3.710713 -8.364407
v 5.510220 3.755658 -8.356817
v 5.494875 2.960513 -8.332373
v 5.731777 3.861186 -8.372730
v 5.958670 3.663152 -8.347784
v 5.703306 2.748172 -8.393724
v 5.970240 2.895144 -8.342686
v 5.484922 3.378090 -8.304688
v 6.005409 3.294868 -8.312328
v 6.016872 3.093362 -8.320463
v 5.468998 3.164523 -8.305231
v 6.416681 3.827079 -8.317129
v 6.377487 3.644076 -8.244511
v 6.431683 3.948939 -8.382351
v 6.554127 3.828228 -8.295223
v 6.797590 3.791803 -8.279578
v 6.585218 3.638994 -8.212332
v 6.539753 3.950113 -8.371706
v 6.795168 3.580520 -8.212036
v 6.548374 3.449255 -8.172644
v 6.732327 3.346557 -8.163458
v 6.488220 3.243669 -8.154615
v 6.635862 3.171530 -8.148329
v 6.326813 3.294617 -8.179059
v 6.397314 3.101748 -8.158980
v 5.986969 3.943314 -8.356817
v 5.971621 3.148169 -8.332373
v 6.208525 4.048842 -8.372730
v 6.435417 3.850807 -8.347786
v 6.180054 2.935827 -8.393724
v 6.446987 3.082800 -8.342686
v 5.961670 3.565746 -8.304688
v 6.482157 3.482523 -8.312328
v 6.493620 3.281018 -8.320463
v 5.945745 3.352178 -8.305233
v 5.772043 1.403181 -8.407146
v 5.469141 1.876490 -8.411957
v 6.181673 1.860961 -8.411959
v 6.191839 2.327448 -8.413088
v 6.133224 2.837107 -8.406694
v 6.214523 3.368279 -8.408636
v 5.449144 3.277051 -8.418373
v 5.872940 3.725417 -8.402578
v 6.088142 1.396292 -8.403168
v 6.504982 1.532355 -8.414511
v 6.213865 2.013002 -8.419323
v 6.925793 1.979876 -8.419323
v 6.947477 2.445970 -8.420450
v 6.901476 2.956920 -8.414059
v 6.995871 3.485923 -8.416002
v 6.228474 3.413630 -8.425737
v 6.663214 3.851390 -8.409943
v 6.820816 1.517660 -8.410536
v 6.399696 0.628994 -8.381449
v 6.111120 1.111174 -8.386259
v 6.822865 1.074285 -8.386259
v 6.847015 1.540258 -8.387386
v 6.803713 2.051445 -8.380997
v 6.900900 2.579941 -8.382936
v 6.133133 2.511705 -8.392675
v 6.570181 2.947162 -8.376881
v 6.715446 0.612630 -8.377472
v 6.208168 1.722492 -8.410069
v 6.002119 1.733682 -8.406076
v 6.503464 2.114716 -8.414272
v 6.569639 2.519387 -8.415266
v 6.192585 2.131601 -8.406078
v 5.881701 2.148485 -8.414272
v 5.903811 2.555550 -8.415258
v 5.988703 2.995657 -8.409672
v 5.953140 3.463795 -8.411369
v 6.613855 3.333514 -8.419878
v 6.274420 3.752250 -8.406076
v 5.932333 1.737473 -8.406593
v 4.779110 2.562011 -8.379078
v 4.908421 2.577178 -8.378033
v 4.517540 2.801006 -8.323423
v 4.516787 3.185133 -8.342854
v 4.588964 3.462109 -8.415680
v 4.954319 3.220826 -8.344612
v 4.877001 3.479475 -8.413702
v 4.984594 2.854895 -8.324512
v 4.509565 2.965197 -8.318235
v 4.972946 3.013235 -8.320419
v 4.944845 2.696010 -8.339220
v 4.647615 2.663519 -8.342899
v 4.763863 2.674386 -8.340656
v 4.945679 2.707886 -8.345881
v 4.581202 3.175447 -8.345013
v 4.597658 2.793974 -8.388227
v 4.287212 2.991431 -8.357130
v 4.417271 3.197718 -8.331970
v 4.514320 2.795674 -8.384521
v 4.257580 3.219414 -8.344423
v 4.422375 3.380876 -8.331970
v 4.276922 3.446458 -8.344204
v 4.334181 3.595813 -8.355230
v 4.579979 3.502133 -8.349915
v 4.510578 3.654273 -8.364439
v 5.021276 2.319859 -8.377542
v 5.191210 2.338972 -8.376173
v 4.679237 2.635382 -8.304447
v 4.680647 3.139884 -8.329964
v 4.777174 3.503203 -8.425615
v 5.255507 3.184028 -8.332275
v 5.155582 3.524211 -8.423018
v 5.292986 2.703239 -8.305878
v 4.669788 2.851073 -8.297632
v 5.278677 2.911270 -8.300501
v 5.001959 2.467546 -8.327084
v 5.239790 2.494812 -8.325193
v 4.849213 2.453999 -8.330027
v 5.240955 2.510406 -8.333939
v 4.083553 1.848232 -8.376842
v 3.863091 2.192723 -8.380344
v 4.381693 2.181420 -8.380344
v 4.389093 2.520945 -8.381166
v 4.346432 2.891891 -8.376513
v 4.405603 3.278497 -8.377926
v 3.848537 3.212097 -8.385014
v 4.156990 3.538434 -8.373520
v 4.313622 1.843219 -8.373947
v 4.831749 3.679602 -8.358917
v 4.842920 3.100870 -8.341125
v 4.670492 3.756409 -8.370497
v 4.505354 3.612273 -8.352343
v 4.691217 2.946320 -8.385775
v 4.496933 3.053292 -8.348629
v 4.850163 3.404796 -8.320974
v 4.471334 3.344224 -8.326536
v 4.462992 3.197561 -8.332455
v 4.861752 3.249354 -8.321371
v 4.288897 2.801703 -8.288701
v 4.780439 2.728374 -8.300364
v 4.267269 2.590827 -8.308920
v 4.307417 3.346228 -8.370356
v 4.498217 3.521792 -8.407476
v 4.724804 3.407332 -8.381100
v 4.567249 2.425452 -8.355408
v 4.781603 2.547252 -8.331507
v 4.302340 3.129682 -8.318150
v 4.766293 2.977583 -8.298054
v 5.332512 1.740256 -8.395546
v 5.544399 2.090087 -8.399050
v 5.026230 2.065976 -8.399050
v 5.010448 2.405215 -8.399870
v 5.043930 2.777102 -8.395218
v 4.975227 3.162128 -8.396631
v 5.533762 3.109510 -8.403717
v 5.217346 3.428127 -8.392223
v 5.102640 1.729560 -8.392653
v 4.717335 1.284754 -8.419611
v 4.927370 1.635701 -8.423115
v 4.409338 1.608851 -8.423113
v 4.391762 1.948001 -8.423933
v 4.423279 2.320060 -8.419281
v 4.352541 2.704717 -8.420694
v 4.911350 2.655053 -8.427782
v 4.593250 2.971993 -8.416286
v 4.487520 1.272843 -8.416716
v 4.404053 2.080637 -8.397675
v 4.189123 2.366112 -8.400732
v 4.641665 2.390691 -8.400734
v 4.625574 2.686965 -8.401451
v 4.563787 3.007290 -8.397385
v 4.589672 3.348017 -8.398621
v 4.108780 3.253194 -8.404812
v 4.355833 3.557963 -8.394770
v 4.604813 2.091542 -8.395145
v 4.072710 3.491715 -8.366899
v 4.044186 3.358521 -8.314047
v 4.083630 3.580410 -8.414373
v 4.172749 3.492553 -8.350958
v 4.349951 3.466041 -8.339571
v 4.195381 3.354821 -8.290627
v 4.162289 3.581265 -8.406626
v 4.348185 3.312262 -8.290410
v 4.168562 3.216723 -8.261741
v 4.302446 3.141976 -8.255054
v 4.124779 3.067090 -8.248617
v 4.232241 3.014586 -8.244045
v 4.007301 3.104173 -8.266411
v 4.058615 2.963796 -8.251796
v 5.040150 2.223526 -8.395548
v 5.260611 2.568016 -8.399050
v 4.742008 2.556713 -8.399050
v 4.734608 2.896238 -8.399870
v 4.777267 3.267185 -8.395216
v 4.718098 3.653790 -8.396629
v 5.275166 3.587390 -8.403717
v 4.966713 3.913726 -8.392223
v 4.810081 2.218512 -8.392653
v 5.029167 3.245584 -8.345013
v 5.012711 2.864110 -8.388227
v 5.323154 3.061567 -8.357130
v 5.193098 3.267854 -8.331972
v 5.096048 2.865811 -8.384523
v 5.352789 3.289551 -8.344423
v 5.187996 3.451013 -8.331968
v 5.333447 3.516596 -8.344204
v 5.276190 3.665950 -8.355230
v 5.030390 3.572270 -8.349913
v 5.099791 3.724409 -8.364437
v 4.206610 3.757122 -8.358913
v 4.195440 3.178389 -8.341124
v 4.367868 3.833929 -8.370497
v 4.533007 3.689792 -8.352343
v 4.347143 3.023840 -8.385775
v 4.541430 3.130811 -8.348631
v 4.188200 3.482315 -8.320974
v 4.567028 3.421743 -8.326534
v 4.575369 3.275081 -8.332455
v 4.176609 3.326873 -8.321369
v 4.866364 3.809104 -8.330029
v 4.837837 3.675909 -8.277174
v 4.877281 3.897799 -8.377501
v 4.966402 3.809942 -8.314085
v 5.143604 3.783429 -8.302698
v 4.989029 3.672209 -8.253752
v 4.955942 3.898654 -8.369753
v 5.141838 3.629650 -8.253538
v 4.962215 3.534111 -8.224867
v 5.096100 3.459364 -8.218181
v 4.918430 3.384479 -8.211743
v 5.025894 3.331975 -8.207172
v 4.800955 3.421561 -8.229537
v 4.852268 3.281184 -8.214922
v 4.553604 3.893704 -8.358915
v 4.542433 3.314971 -8.341124
v 4.714861 3.970511 -8.370497
v 4.879999 3.826374 -8.352341
v 4.694138 3.160422 -8.385775
v 4.888422 3.267394 -8.348631
v 4.535192 3.618898 -8.320974
v 4.914019 3.558326 -8.326536
v 4.922361 3.411663 -8.332455
v 4.523602 3.463456 -8.321369
v 4.397177 2.044911 -8.395546
v 4.569036 2.041166 -8.392223
v 4.176714 2.389400 -8.399050
v 4.436014 2.383749 -8.392223
v 4.695314 2.378098 -8.399050
v 4.702715 2.717623 -8.399870
v 4.660053 3.088569 -8.395216
v 4.719225 3.475175 -8.396631
v 4.162159 3.408776 -8.403717
v 4.470612 3.735112 -8.392223
v 4.627245 2.039897 -8.392653
v 4.930632 2.138928 -8.400906
v 4.718746 2.488760 -8.404409
v 5.236912 2.464649 -8.404409
v 5.252699 2.803887 -8.405230
v 5.219213 3.175774 -8.400578
v 5.287916 3.560800 -8.401991
v 4.729380 3.508183 -8.409079
v 5.045797 3.826799 -8.397583
v 5.160507 2.128232 -8.398012
v 4.854002 1.481432 -8.376842
v 4.643969 1.832379 -8.380344
v 5.162001 1.805530 -8.380346
v 5.179577 2.144679 -8.381166
v 5.148060 2.516739 -8.376513
v 5.218794 2.901396 -8.377926
v 4.659986 2.851731 -8.385014
v 4.978088 3.168672 -8.373520
v 5.083815 1.469522 -8.373949
v 4.714600 2.277315 -8.397673
v 4.929527 2.562790 -8.400734
v 4.476986 2.587369 -8.400734
v 4.493076 2.883644 -8.401449
v 4.554865 3.203969 -8.397383
v 4.528982 3.544695 -8.398621
v 5.009872 3.449872 -8.404812
v 4.762823 3.754640 -8.394770
v 4.513840 2.288219 -8.395145
v 7.023678 1.785671 -7.407319
v 7.024229 1.809468 -7.230019
v 6.995035 2.115405 -7.772396
v 7.094225 2.634373 -7.781577
v 7.245285 2.999111 -7.687708
v 7.100330 2.692625 -7.181284
v 7.243874 3.029710 -7.292416
v 7.003464 2.199217 -7.131947
v 7.019127 2.339612 -7.786969
v 7.027962 2.415171 -7.151429
v 6.993662 1.979336 -7.182951
v 6.994591 1.927625 -7.590526
v 6.992786 1.945498 -7.431090
v 7.004967 1.994254 -7.182002
v 7.094885 2.622260 -7.692855
v 7.081329 2.095407 -7.661530
v 7.078573 2.362854 -8.092597
v 7.082495 2.651278 -7.918668
v 7.077190 2.096512 -7.776092
v 7.104668 2.674786 -8.138388
v 7.117149 2.900610 -7.915635
v 7.147234 2.984199 -8.116746
v 7.190123 3.186643 -8.041225
v 7.163433 3.065811 -7.701584
v 7.212496 3.268483 -7.800077
v 6.974037 1.462024 -7.069400
v 6.974607 1.492179 -6.836393
v 6.936716 1.897341 -7.546861
v 7.066977 2.578996 -7.555623
v 7.265272 3.057455 -7.429948
v 7.074471 2.651786 -6.766854
v 7.263077 3.095196 -6.910603
v 6.947229 2.003453 -6.705194
v 6.968357 2.191897 -7.564593
v 6.979410 2.287200 -6.729424
v 6.933479 1.672080 -7.099656
v 6.934412 1.714984 -6.773552
v 6.935986 1.649593 -7.309163
v 6.949257 1.734573 -6.772202
v 6.890310 0.798965 -8.347349
v 6.961859 1.261985 -8.657650
v 6.956097 1.258482 -7.944983
v 7.021465 1.720470 -7.942184
v 7.085682 2.225102 -8.008890
v 7.160416 2.752226 -7.935987
v 7.161373 2.647783 -8.699734
v 7.205379 3.101051 -8.283205
v 6.883814 0.797958 -8.031217
v 7.207535 3.311345 -7.359477
v 7.073641 2.527515 -7.331745
v 7.238966 3.409969 -7.582553
v 7.188114 3.213504 -7.806463
v 7.106194 2.305303 -7.536339
v 7.077259 2.453435 -7.805931
v 7.103731 2.945032 -7.328598
v 7.102470 2.852887 -7.847637
v 7.082809 2.652020 -7.855852
v 7.074749 2.733720 -7.309299
v 6.949511 2.117690 -8.086856
v 6.948061 2.026962 -7.409897
v 6.937239 1.826439 -8.111782
v 7.163626 2.843570 -8.072416
v 7.246058 3.079794 -7.813751
v 7.186905 2.934234 -7.500256
v 6.967085 1.599492 -7.695630
v 6.956135 1.774651 -7.404050
v 7.051607 2.558689 -8.075215
v 6.992216 2.366161 -7.434769
v 6.886597 0.677103 -6.629081
v 6.956137 1.157291 -6.345569
v 6.955191 1.112620 -7.056867
v 7.020664 1.573689 -7.085908
v 7.084528 2.081345 -7.048035
v 7.159853 2.603392 -7.150761
v 7.155634 2.543244 -6.382266
v 7.202539 2.971701 -6.823977
v 6.882236 0.657834 -6.944663
v 6.837370 0.038684 -7.464034
v 6.907133 0.520346 -7.183089
v 6.905666 0.471953 -7.894144
v 6.971136 0.932862 -7.925647
v 7.035049 1.440706 -7.890476
v 7.110319 1.962204 -7.995990
v 7.106653 1.906080 -7.227186
v 7.153257 2.332219 -7.671170
v 6.832779 0.017764 -7.779508
v 6.960434 1.118583 -7.911907
v 7.020164 1.501515 -8.213328
v 7.021662 1.545319 -7.592194
v 7.078861 1.947942 -7.620723
v 7.134428 2.383147 -7.712601
v 7.200457 2.847116 -7.684429
v 7.194283 2.705913 -8.342924
v 7.236609 3.128154 -8.010262
v 6.957659 1.138496 -7.636377
v 7.188116 3.036808 -8.398035
v 7.091167 2.864925 -8.434862
v 7.269440 3.148755 -8.384483
v 7.165880 3.043254 -8.260786
v 7.144129 3.013393 -8.016901
v 7.057539 2.867785 -8.227316
v 7.258509 3.153185 -8.276523
v 7.048122 2.813417 -8.016479
v 6.992264 2.684735 -8.261447
v 6.968073 2.587360 -8.075967
v 6.946373 2.482617 -8.318476
v 6.929457 2.414504 -8.169760
v 6.978430 2.527016 -8.480484
v 6.931595 2.339953 -8.407091
v 6.980164 1.327971 -7.041205
v 7.048634 1.801087 -6.745795
v 7.050114 1.773834 -7.457971
v 7.115583 2.235485 -7.475499
v 7.179207 2.742071 -7.424999
v 7.254765 3.266484 -7.514666
v 7.247942 3.187551 -6.747890
v 7.296257 3.626694 -7.178823
v 6.976881 1.316429 -7.357178
v 7.105042 2.727949 -7.078995
v 7.091717 2.200341 -7.092881
v 7.084627 2.482004 -6.671015
v 7.090364 2.764473 -6.854411
v 7.086414 2.205264 -6.978470
v 7.110310 2.795294 -6.635386
v 7.125090 3.013572 -6.865400
v 7.153145 3.103821 -6.666892
v 7.196835 3.303643 -6.748677
v 7.173573 3.171556 -7.084357
v 7.221668 3.377406 -6.992180
v 7.226580 3.402510 -8.219935
v 7.092840 2.618167 -8.222888
v 7.255760 3.508518 -7.999961
v 7.202604 3.319615 -7.770158
v 7.123278 2.402903 -8.010685
v 7.091629 2.559931 -7.746487
v 7.123032 3.035352 -8.239643
v 7.116486 2.960556 -7.717864
v 7.096708 2.760070 -7.703159
v 7.094212 2.823510 -8.252183
v 7.192511 3.493812 -7.315030
v 7.095558 3.321929 -7.351858
v 7.273832 3.605760 -7.301482
v 7.170273 3.500260 -7.177783
v 7.148521 3.470397 -6.933896
v 7.061935 3.324791 -7.144314
v 7.262903 3.610190 -7.193521
v 7.052513 3.270421 -6.933477
v 6.996656 3.141739 -7.178444
v 6.972469 3.044366 -6.992965
v 6.950766 2.939623 -7.235474
v 6.933847 2.871509 -7.086755
v 6.982822 2.984021 -7.397483
v 6.935987 2.796958 -7.324089
v 7.250025 3.596295 -7.746225
v 7.116285 2.811952 -7.749181
v 7.279205 3.702303 -7.526254
v 7.226049 3.513401 -7.296448
v 7.146721 2.596687 -7.536975
v 7.115076 2.753717 -7.272779
v 7.146477 3.229138 -7.765937
v 7.139933 3.154342 -7.244154
v 7.120150 2.953856 -7.229447
v 7.117659 3.017295 -7.778476
v 6.950823 1.070217 -7.920598
v 7.022369 1.533238 -8.230900
v 7.016611 1.529733 -7.518233
v 7.081976 1.991722 -7.515434
v 7.146196 2.496354 -7.582139
v 7.220926 3.023478 -7.509237
v 7.221882 2.919035 -8.272984
v 7.265892 3.372303 -7.856457
v 6.944326 1.069210 -7.604465
v 6.972200 1.209341 -7.189759
v 7.044699 1.679826 -7.488394
v 7.036516 1.658884 -6.776051
v 7.101770 2.120675 -6.761724
v 7.166105 2.626798 -6.815846
v 7.240471 3.151990 -6.729814
v 7.244047 3.066267 -7.495880
v 7.286539 3.509213 -7.068239
v 6.964634 1.200599 -6.873774
v 6.815466 0.317518 -7.280993
v 6.888163 0.789562 -7.577110
v 6.879461 0.764891 -6.864891
v 6.944687 1.226604 -6.848102
v 7.009039 1.733005 -6.899525
v 7.083321 2.257741 -6.810691
v 7.087458 2.176029 -7.577190
v 7.129622 2.616734 -7.147207
v 6.807669 0.307122 -6.965061
v 6.995518 1.393304 -7.489568
v 7.052246 1.786078 -7.200482
v 7.060059 1.809159 -7.822686
v 7.117035 2.212518 -7.807008
v 7.171738 2.650554 -7.729126
v 7.238127 3.113338 -7.772070
v 7.225243 2.994155 -7.109334
v 7.271017 3.405084 -7.455436
v 6.995543 1.404023 -7.765620
v 0.130236 1.467838 -15.357494
v 0.291666 1.486773 -15.358801
v -0.196301 1.766195 -15.426973
v -0.197241 2.245728 -15.402719
v -0.107136 2.591498 -15.311802
v 0.348959 2.290287 -15.400522
v 0.252443 2.613178 -15.314272
v 0.386759 1.833468 -15.425613
v -0.206257 1.971166 -15.433451
v 0.372213 2.031136 -15.430723
v 0.111206 1.608125 -15.405458
v 0.337139 1.635119 -15.407255
v -0.033916 1.594559 -15.402660
v 0.338175 1.649945 -15.398943
v -0.116825 2.233636 -15.400023
v -0.096283 1.757415 -15.346075
v -0.483833 2.003915 -15.384897
v -0.321474 2.261439 -15.416306
v -0.200323 1.759538 -15.350700
v -0.520828 2.288524 -15.400757
v -0.315104 2.490089 -15.416306
v -0.496679 2.571959 -15.401030
v -0.425203 2.758410 -15.387268
v -0.118357 2.641464 -15.393904
v -0.204992 2.831391 -15.375771
v 0.432554 1.165543 -15.359415
v 0.644691 1.189402 -15.361124
v 0.005558 1.559433 -15.450663
v 0.007320 2.189240 -15.418810
v 0.127821 2.642798 -15.299400
v 0.724957 2.244349 -15.415924
v 0.600216 2.669024 -15.302643
v 0.771746 1.644144 -15.448877
v -0.006237 1.828697 -15.459171
v 0.753883 1.903845 -15.455589
v 0.408438 1.349911 -15.422405
v 0.705339 1.383950 -15.424763
v 0.217751 1.332999 -15.418732
v 0.706791 1.403415 -15.413847
v -0.738077 0.576775 -15.360285
v -1.013296 1.006828 -15.355915
v -0.365887 0.992718 -15.355915
v -0.356649 1.416573 -15.354889
v -0.409906 1.879652 -15.360701
v -0.336040 2.362281 -15.358932
v -1.031466 2.279389 -15.350088
v -0.646402 2.686779 -15.364437
v -0.450867 0.570516 -15.363901
v 0.195953 2.863011 -15.382666
v 0.209894 2.140535 -15.404879
v -0.005358 2.958895 -15.368210
v -0.211514 2.778958 -15.390873
v 0.020514 1.947601 -15.349133
v -0.222027 2.081141 -15.395506
v 0.218939 2.519949 -15.430031
v -0.253983 2.444332 -15.423090
v -0.264397 2.261243 -15.415697
v 0.233404 2.325900 -15.429537
v -0.481735 1.767065 -15.470318
v 0.131897 1.675523 -15.455761
v -0.508732 1.503812 -15.445080
v -0.458612 2.446835 -15.368387
v -0.220427 2.666005 -15.322044
v 0.062443 2.523116 -15.354973
v -0.134245 1.297362 -15.387047
v 0.133352 1.449415 -15.416880
v -0.464952 2.176505 -15.433556
v 0.114235 1.986628 -15.458643
v 0.821089 0.441980 -15.336935
v 1.085604 0.878701 -15.332567
v 0.438744 0.848602 -15.332567
v 0.419031 1.272099 -15.331539
v 0.460835 1.736352 -15.337351
v 0.375065 2.217009 -15.335585
v 1.072327 2.151323 -15.326738
v 0.677319 2.549077 -15.341087
v 0.534121 0.428628 -15.340549
v 0.053120 -0.126657 -15.306898
v 0.315319 0.311455 -15.302523
v -0.331375 0.277938 -15.302525
v -0.353319 0.701324 -15.301497
v -0.313974 1.165794 -15.307308
v -0.402281 1.645990 -15.305544
v 0.295322 1.583990 -15.296698
v -0.101786 1.979650 -15.311045
v -0.233774 -0.141526 -15.310509
v -0.337978 0.866904 -15.334282
v -0.606287 1.223283 -15.330462
v -0.041344 1.253966 -15.330462
v -0.061436 1.623828 -15.329565
v -0.138571 2.023714 -15.334641
v -0.106255 2.449068 -15.333099
v -0.706587 2.330693 -15.325369
v -0.398174 2.711159 -15.337906
v -0.087353 0.880516 -15.337440
v -0.751614 2.628459 -15.372696
v -0.787226 2.462181 -15.438679
v -0.737984 2.739182 -15.313433
v -0.626728 2.629503 -15.392601
v -0.405518 2.596406 -15.406815
v -0.598478 2.457563 -15.467916
v -0.639786 2.740250 -15.323107
v -0.407721 2.404433 -15.468184
v -0.631956 2.285165 -15.503977
v -0.464815 2.191852 -15.512323
v -0.686613 2.098367 -15.520357
v -0.552462 2.032822 -15.526070
v -0.833269 2.144659 -15.498146
v -0.769211 1.969417 -15.516390
v 0.456110 1.045282 -15.336935
v 0.731333 1.475334 -15.332567
v 0.083920 1.461225 -15.332567
v 0.074682 1.885079 -15.331537
v 0.127939 2.348159 -15.337349
v 0.054070 2.830788 -15.335583
v 0.749498 2.747896 -15.326738
v 0.364437 3.155286 -15.341087
v 0.168900 1.039023 -15.340549
v 0.442402 2.321193 -15.400021
v 0.421858 1.844973 -15.346075
v 0.809410 2.091472 -15.384899
v 0.647049 2.348996 -15.416304
v 0.525898 1.847094 -15.350700
v 0.846403 2.376081 -15.400759
v 0.640680 2.577646 -15.416307
v 0.822254 2.659517 -15.401031
v 0.750778 2.845967 -15.387264
v 0.443932 2.729020 -15.393904
v 0.530567 2.918948 -15.375771
v -0.584457 2.959784 -15.382666
v -0.598400 2.237309 -15.404879
v -0.383146 3.055668 -15.368210
v -0.176992 2.875732 -15.390873
v -0.409018 2.044374 -15.349133
v -0.166479 2.177914 -15.395506
v -0.607441 2.616723 -15.430031
v -0.134521 2.541106 -15.423090
v -0.124107 2.358017 -15.415697
v -0.621910 2.422673 -15.429539
v 0.239161 3.024678 -15.418728
v 0.203548 2.858400 -15.484713
v 0.252792 3.135401 -15.359467
v 0.364046 3.025723 -15.438631
v 0.585262 2.992625 -15.452847
v 0.392298 2.853783 -15.513947
v 0.350988 3.136468 -15.369137
v 0.583057 2.800653 -15.514217
v 0.358822 2.681384 -15.550011
v 0.525959 2.588072 -15.558355
v 0.304163 2.494586 -15.566393
v 0.438314 2.429042 -15.572100
v 0.157507 2.540879 -15.544178
v 0.221565 2.365636 -15.562424
v -0.151279 3.130290 -15.382666
v -0.165224 2.407815 -15.404879
v 0.050026 3.226173 -15.368210
v 0.256187 3.046237 -15.390873
v 0.024160 2.214879 -15.349133
v 0.266699 2.348420 -15.395506
v -0.174265 2.787229 -15.430031
v 0.298655 2.711612 -15.423090
v 0.309069 2.528522 -15.415701
v -0.188732 2.593179 -15.429541
v -0.346560 0.822303 -15.336935
v -0.621778 1.252356 -15.332565
v 0.025629 1.238246 -15.332565
v 0.034866 1.662101 -15.331539
v -0.018387 2.125180 -15.337349
v 0.055477 2.607809 -15.335583
v -0.639948 2.524918 -15.326738
v -0.254885 2.932307 -15.341087
v -0.059347 0.816044 -15.340551
v 0.319393 0.939672 -15.330246
v 0.054882 1.376393 -15.325872
v 0.701746 1.346294 -15.325872
v 0.721453 1.769791 -15.324850
v 0.679649 2.234045 -15.330658
v 0.765417 2.714701 -15.328892
v 0.068155 2.649015 -15.320045
v 0.463165 3.046768 -15.334394
v 0.606361 0.926320 -15.333858
v 0.223730 0.118871 -15.360287
v -0.038469 0.556984 -15.355915
v 0.608229 0.523467 -15.355915
v 0.630169 0.946853 -15.354889
v 0.590822 1.411322 -15.360701
v 0.679132 1.891518 -15.358934
v -0.018473 1.829517 -15.350086
v 0.378633 2.225178 -15.364437
v 0.510624 0.104003 -15.363901
v 0.049706 1.112432 -15.334282
v 0.318016 1.468811 -15.330462
v -0.246925 1.499494 -15.330462
v -0.226835 1.869356 -15.329569
v -0.149702 2.269242 -15.334641
v -0.182016 2.694595 -15.333099
v 0.418316 2.576221 -15.325369
v 0.109903 2.956688 -15.337908
v -0.200918 1.126044 -15.337440
v 0.871784 1.705728 -15.359413
v 1.083921 1.729588 -15.361124
v 0.444792 2.099618 -15.450663
v 0.446552 2.729426 -15.418808
v 0.567057 3.182984 -15.299400
v 1.164190 2.784535 -15.415920
v 1.039444 3.209210 -15.302643
v 1.210979 2.184329 -15.448877
v 0.432997 2.368882 -15.459169
v 1.193117 2.444030 -15.455589
v 1.144573 1.924135 -15.424763
v 0.656988 1.873184 -15.418730
v 0.847668 1.890096 -15.422405
v 1.146025 1.943601 -15.413847
v 1.260323 0.982165 -15.336935
v 1.524837 1.418886 -15.332565
v 0.877974 1.388787 -15.332565
v 0.858265 1.812284 -15.331539
v 0.900068 2.276538 -15.337351
v 0.814299 2.757194 -15.335583
v 1.511560 2.691508 -15.326736
v 1.116552 3.089261 -15.341085
v 0.973360 0.968813 -15.340551
v 0.881634 2.861378 -15.400021
v 0.861092 2.385157 -15.346071
v 1.248644 2.631657 -15.384897
v 1.086283 2.889181 -15.416306
v 0.965132 2.387279 -15.350700
v 1.285637 2.916266 -15.400757
v 1.079912 3.117831 -15.416307
v 1.261488 3.199703 -15.401030
v 1.190014 3.386153 -15.387268
v 0.883165 3.269205 -15.393904
v 0.969801 3.459133 -15.375771
v 0.678394 3.564863 -15.418728
v 0.642786 3.398585 -15.484711
v 0.692026 3.675586 -15.359468
v 0.803280 3.565908 -15.438631
v 1.024492 3.532811 -15.452847
v 0.831532 3.393967 -15.513947
v 0.790224 3.676654 -15.369137
v 1.022291 3.340838 -15.514217
v 0.798056 3.221569 -15.550009
v 0.965193 3.128257 -15.558355
v 0.743395 3.034772 -15.566389
v 0.877548 2.969227 -15.572098
v 0.596741 3.081064 -15.544178
v 0.660801 2.905821 -15.562424
v -27.995142 -4.952141 21.565502
v -24.812014 -4.952141 21.565502
v -27.995142 -4.952141 18.382374
v -24.812014 -4.952141 18.382374
vt 1.601628 -3.022180
vt -0.376254 -2.693203
vt 1.487164 -4.854681
vt -3.043523 2.746086
vt -4.428583 3.836213
vt -4.431738 3.334583
vt -0.928040 -2.243481
vt 2.998802 3.325501
vt 2.985148 3.835065
vt 1.409428 3.851368
vt 2.948525 5.357785
vt -4.439253 5.867526
vt -4.431082 4.334242
vt -3.126631 4.273692
vt 0.593423 3.204494
vt -0.278342 3.895955
vt 1.340257 5.377651
vt 2.737838 -3.343513
vt -0.215748 -4.883011
vt -0.142407 5.352762
vt -1.774060 3.631239
vt 2.715242 2.257746
vt -0.461702 2.280180
vt -1.928709 5.883011
vt 2.870871 -4.874916
vt 0.938225 2.153054
vt -4.433416 2.781372
vt -3.376600 2.055652
vt 0.304007 1.627001
vt 2.042254 2.354321
vt 2.783372 2.671871
vt 2.811053 3.162759
vt 1.980609 3.592668
vt 2.841962 3.653713
vt -0.494077 0.708547
vt -0.271155 1.097697
vt -0.766529 1.385353
vt -0.237352 2.110089
vt -1.383806 0.452622
vt -2.077878 1.203729
vt -2.063608 0.170644
vt -1.426286 1.215585
vt -1.653078 1.969857
vt 0.238182 0.866196
vt 1.275229 0.279836
vt 1.237682 0.704734
vt 0.806103 0.765879
vt 0.842004 2.569178
vt 0.503654 1.751105
vt 1.465671 1.525931
vt 1.564197 1.960507
vt 1.878448 1.419100
vt 0.311835 2.736013
vt 1.363434 1.108007
vt 1.773760 1.009587
vt 1.972467 1.877245
vt -0.989496 2.748888
vt 0.972126 3.623554
vt -0.007831 3.719433
vt -1.004552 -0.127575
vt -0.562413 0.260685
vt 1.893295 -0.495024
vt 1.772124 0.060685
vt 1.311928 -0.145704
vt 0.254909 0.286006
vt -0.218421 0.441776
vt -1.644605 -0.821549
vt -3.123908 15.446213
vt -3.131026 14.911232
vt -5.010500 14.446803
vt -5.003378 14.981784
vt 1.183795 17.196253
vt 1.176843 16.661333
vt -2.236293 -10.696886
vt -2.173035 -11.228161
vt -4.043532 -10.977840
vt -4.108962 -10.445957
vt 11.582669 -1.964188
vt 11.599086 -2.484868
vt 10.005239 -1.538917
vt -3.051732 12.690710
vt -3.458941 12.001162
vt -5.010500 11.909392
vt -5.006224 12.444407
vt 1.088978 14.330268
vt -0.529311 13.242294
vt 13.140467 -1.899777
vt 13.198233 -2.431677
vt 17.541229 12.853071
vt 17.585854 13.386892
vt 19.507572 12.974761
vt 19.456238 12.442200
vt 8.401405 -1.488301
vt 12.956282 0.567461
vt 12.999001 0.034141
vt 11.441135 -0.000324
vt 10.415388 0.708956
vt 16.680819 10.363815
vt 17.815254 10.854121
vt 19.816998 10.589785
vt 19.841167 10.055303
vt -11.529803 -12.274059
vt -10.345673 -12.508314
vt -12.749597 -13.020134
vt 9.388227 0.411097
vt -14.302639 -12.987350
vt -14.260360 -12.453994
vt 0.625957 -0.092096
vt 0.646697 0.284933
vt 0.492173 0.287387
vt 0.496968 -0.076320
vt 0.233692 -0.129907
vt 0.175117 0.274059
vt -0.012605 0.258441
vt 0.081019 -0.221522
vt -0.237440 0.247253
vt -0.129152 -0.442538
vt 1.104434 -0.463728
vt 1.272300 0.235298
vt 1.014080 0.258870
vt 0.915172 -0.253956
vt 0.814928 0.275832
vt 0.762011 -0.144971
vt 0.319180 1.226023
vt 0.409245 1.197615
vt 0.493249 1.739432
vt 0.338823 0.283937
vt 0.364774 0.787659
vt 0.227529 0.814463
vt 0.368635 -0.085925
vt 0.388805 -0.237947
vt 0.495021 -0.225433
vt 0.281627 -0.288879
vt 0.170654 -0.399056
vt 0.070291 -0.624328
vt 0.813691 -0.417982
vt 0.914759 -0.657889
vt 0.707619 -0.301695
vt 0.601276 -0.244009
vt 0.768397 1.285180
vt 0.870379 1.378468
vt 0.583364 1.198786
vt 0.673180 1.228881
vt 0.222993 1.279507
vt 0.117355 1.369156
vt 0.627797 0.789139
vt 0.496150 0.779664
vt 0.077501 0.865727
vt 0.496325 1.189012
vt 0.918081 0.871724
vt 0.765996 0.817901
vt -0.092270 0.955673
vt 1.093009 0.962124
vt 0.335657 -0.573490
vt 0.381643 -0.531374
vt 0.434905 -0.517725
vt 0.490334 -0.527210
vt 0.311515 -0.646527
vt 0.643635 -0.584126
vt 0.665616 -0.661248
vt 0.546050 -0.521605
vt 0.598937 -0.539162
vt 0.625957 -0.092096
vt 0.646697 0.284933
vt 0.492173 0.287387
vt 0.496968 -0.076320
vt 0.233692 -0.129907
vt 0.175117 0.274059
vt -0.012605 0.258441
vt 0.081019 -0.221522
vt -0.237440 0.247253
vt -0.129152 -0.442538
vt 1.104434 -0.463728
vt 1.272300 0.235298
vt 1.014080 0.258870
vt 0.915172 -0.253956
vt 0.814928 0.275832
vt 0.762011 -0.144971
vt 0.319180 1.226023
vt 0.409245 1.197615
vt 0.493249 1.739432
vt 0.338823 0.283937
vt 0.364774 0.787659
vt 0.227529 0.814463
vt 0.368635 -0.085925
vt 0.388805 -0.237947
vt 0.495021 -0.225433
vt 0.281627 -0.288879
vt 0.170654 -0.399056
vt 0.070291 -0.624328
vt 0.813691 -0.417982
vt 0.914759 -0.657889
vt 0.707619 -0.301695
vt 0.601276 -0.244009
vt 0.768397 1.285180
vt 0.870379 1.378468
vt 0.583364 1.198786
vt 0.673180 1.228881
vt 0.222993 1.279507
vt 0.117355 1.369156
vt 0.627797 0.789139
vt 0.496150 0.779664
vt 0.077501 0.865727
vt 0.496325 1.189012
vt 0.918081 0.871724
vt 0.765996 0.817901
vt -0.092270 0.955673
vt 1.093009 0.962124
vt 0.335657 -0.573490
vt 0.381643 -0.531374
vt 0.434905 -0.517725
vt 0.490334 -0.527210
vt 0.311515 -0.646527
vt 0.643635 -0.584126
vt 0.665616 -0.661248
vt 0.546050 -0.521605
vt 0.598937 -0.539162
vt 0.625957 -0.092096
vt 0.646697 0.284933
vt 0.492173 0.287387
vt 0.496968 -0.076320
vt 0.233692 -0.129907
vt 0.175117 0.274059
vt -0.012605 0.258441
vt 0.081019 -0.221522
vt -0.237440 0.247253
vt -0.129152 -0.442538
vt 1.104434 -0.463728
vt 1.272300 0.235298
vt 1.014080 0.258870
vt 0.915172 -0.253956
vt 0.814928 0.275832
vt 0.762011 -0.144971
vt 0.319180 1.226023
vt 0.409245 1.197615
vt 0.493249 1.739432
vt 0.338823 0.283937
vt 0.364774 0.787659
vt 0.227529 0.814463
vt 0.368635 -0.085925
vt 0.388805 -0.237947
vt 0.495021 -0.225433
vt 0.281627 -0.288879
vt 0.170654 -0.399056
vt 0.070291 -0.624328
vt 0.813691 -0.417982
vt 0.914759 -0.657889
vt 0.707619 -0.301695
vt 0.601276 -0.244009
vt 0.768397 1.285180
vt 0.870379 1.378468
vt 0.583364 1.198786
vt 0.673180 1.228881
vt 0.222993 1.279507
vt 0.117355 1.369156
vt 0.627797 0.789139
vt 0.496150 0.779664
vt 0.077501 0.865727
vt 0.496325 1.189012
vt 0.918081 0.871724
vt 0.765996 0.817901
vt -0.092270 0.955673
vt 1.093009 0.962124
vt 0.335657 -0.573490
vt 0.381643 -0.531374
vt 0.434905 -0.517725
vt 0.490334 -0.527210
vt 0.311515 -0.646527
vt 0.643635 -0.584126
vt 0.665616 -0.661248
vt 0.546050 -0.521605
vt 0.598937 -0.539162
vt 0.625957 -0.092096
vt 0.646697 0.284933
vt 0.492173 0.287387
vt 0.496968 -0.076320
vt 0.233692 -0.129907
vt 0.175117 0.274059
vt -0.012605 0.258441
vt 0.081019 -0.221522
vt -0.237440 0.247253
vt -0.129152 -0.442538
vt 1.104434 -0.463728
vt 1.272300 0.235298
vt 1.014080 0.258870
vt 0.915172 -0.253956
vt 0.814928 0.275832
vt 0.762011 -0.144971
vt 0.319180 1.226023
vt 0.409245 1.197615
vt 0.493249 1.739432
vt 0.338823 0.283937
vt 0.364774 0.787659
vt 0.227529 0.814463
vt 0.368635 -0.085925
vt 0.388805 -0.237947
vt 0.495021 -0.225433
vt 0.281627 -0.288879
vt 0.170654 -0.399056
vt 0.070291 -0.624328
vt 0.813691 -0.417982
vt 0.914759 -0.657889
vt 0.707619 -0.301695
vt 0.601276 -0.244009
vt 0.768397 1.285180
vt 0.870379 1.378468
vt 0.583364 1.198786
vt 0.673180 1.228881
vt 0.222993 1.279507
vt 0.117355 1.369156
vt 0.627797 0.789139
vt 0.496150 0.779664
vt 0.077501 0.865727
vt 0.496325 1.189012
vt 0.918081 0.871724
vt 0.765996 0.817901
vt -0.092270 0.955673
vt 1.093009 0.962124
vt 0.335657 -0.573490
vt 0.381643 -0.531374
vt 0.434905 -0.517725
vt 0.490334 -0.527210
vt 0.311515 -0.646527
vt 0.643635 -0.584126
vt 0.665616 -0.661248
vt 0.546050 -0.521605
vt 0.598937 -0.539162
vt 0.625957 -0.092096
vt 0.646697 0.284933
vt 0.492173 0.287387
vt 0.496968 -0.076320
vt 0.233692 -0.129907
vt 0.175117 0.274059
vt -0.012605 0.258441
vt 0.081019 -0.221522
vt -0.237440 0.247253
vt -0.129152 -0.442538
vt 1.104434 -0.463728
vt 1.272300 0.235298
vt 1.014080 0.258870
vt 0.915172 -0.253956
vt 0.814928 0.275832
vt 0.762011 -0.144971
vt 0.319180 1.226023
vt 0.409245 1.197615
vt 0.493249 1.739432
vt 0.338823 0.283937
vt 0.364774 0.787659
vt 0.227529 0.814463
vt 0.368635 -0.085925
vt 0.388805 -0.237947
vt 0.495021 -0.225433
vt 0.281627 -0.288879
vt 0.170654 -0.399056
vt 0.070291 -0.624328
vt 0.813691 -0.417982
vt 0.914759 -0.657889
vt 0.707619 -0.301695
vt 0.601276 -0.244009
vt 0.768397 1.285180
vt 0.870379 1.378468
vt 0.583364 1.198786
vt 0.673180 1.228881
vt 0.222993 1.279507
vt 0.117355 1.369156
vt 0.627797 0.789139
vt 0.496150 0.779664
vt 0.077501 0.865727
vt 0.496325 1.189012
vt 0.918081 0.871724
vt 0.765996 0.817901
vt -0.092270 0.955673
vt 1.093009 0.962124
vt 0.335657 -0.573490
vt 0.381643 -0.531374
vt 0.434905 -0.517725
vt 0.490334 -0.527210
vt 0.311515 -0.646527
vt 0.643635 -0.584126
vt 0.665616 -0.661248
vt 0.546050 -0.521605
vt 0.598937 -0.539162
vt 0.625957 -0.092096
vt 0.646697 0.284933
vt 0.492173 0.287387
vt 0.496968 -0.076320
vt 0.233692 -0.129907
vt 0.175117 0.274059
vt -0.012605 0.258441
vt 0.081019 -0.221522
vt -0.237440 0.247253
vt -0.129152 -0.442538
vt 1.104434 -0.463728
vt 1.272300 0.235298
vt 1.014080 0.258870
vt 0.915172 -0.253956
vt 0.814928 0.275832
vt 0.762011 -0.144971
vt 0.319180 1.226023
vt 0.409245 1.197615
vt 0.493249 1.739432
vt 0.338823 0.283937
vt 0.364774 0.787659
vt 0.227529 0.814463
vt 0.368635 -0.085925
vt 0.388805 -0.237947
vt 0.495021 -0.225433
vt 0.281627 -0.288879
vt 0.170654 -0.399056
vt 0.070291 -0.624328
vt 0.813691 -0.417982
vt 0.914759 -0.657889
vt 0.707619 -0.301695
vt 0.601276 -0.244009
vt 0.768397 1.285180
vt 0.870379 1.378468
vt 0.583364 1.198786
vt 0.673180 1.228881
vt 0.222993 1.279507
vt 0.117355 1.369156
vt 0.627797 0.789139
vt 0.496150 0.779664
vt 0.077501 0.865727
vt 0.496325 1.189012
vt 0.918081 0.871724
vt 0.765996 0.817901
vt -0.092270 0.955673
vt 1.093009 0.962124
vt 0.335657 -0.573490
vt 0.381643 -0.531374
vt 0.434905 -0.517725
vt 0.311515 -0.646527
vt 0.643635 -0.584126
vt 0.665616 -0.661248
vt -9.419869 2.780076
vt -9.515781 4.105569
vt -10.751056 3.913666
vt -10.781862 2.586054
vt 4.451908 5.004737
vt 5.782689 5.004737
vt 5.782689 5.617736
vt 4.452142 5.617558
vt -1.710124 1.256761
vt -1.604480 2.583481
vt -2.975614 2.451094
vt -3.021835 1.121456
vt 4.452095 4.390841
vt 5.782689 4.390774
vt 5.782689 5.004045
vt 4.453371 5.004737
vt -1.076848 -6.173250
vt -1.525874 -4.837818
vt -3.218294 -4.977342
vt -2.138042 -6.155012
vt -3.255852 -6.307805
vt 5.738313 -3.108493
vt 5.738464 -2.494479
vt 4.409833 -2.494527
vt 4.407888 -3.108555
vt -9.667430 4.278214
vt -9.658409 5.605829
vt -10.755246 5.440927
vt -10.782419 4.113300
vt 5.681264 6.494354
vt 7.011141 7.108334
vt 5.681466 7.107840
vt 7.012043 6.498791
vt 10.629767 4.113337
vt 9.178621 3.501660
vt 11.759928 3.499289
vt 11.179233 4.113297
vt 11.707408 4.107668
vt -10.771976 10.111615
vt -8.713487 10.267400
vt -10.755450 11.440546
vt -9.640876 11.605405
vt 5.730669 10.387829
vt 5.730685 11.000833
vt 4.400119 10.390233
vt 4.400162 11.001792
vt -0.548705 -1.832275
vt -2.067050 -0.482585
vt -3.217046 -1.767384
vt -3.165640 -0.438303
vt 4.420905 1.972087
vt 5.750666 1.972088
vt 5.751193 2.584975
vt 4.420905 2.586045
vt -9.158723 -3.262245
vt -9.541193 -1.916552
vt -10.781348 -1.950856
vt -10.727979 -3.280187
vt 4.351739 7.385772
vt 5.681555 7.385772
vt 5.681754 7.999012
vt -6.061209 -6.931975
vt -10.780438 -6.928998
vt -10.240552 -7.542948
vt -10.780441 -6.928807
vt -8.768589 -6.314579
vt -10.764175 -6.314799
vt -0.418143 4.183052
vt -3.095084 5.596944
vt -3.163851 4.268031
vt 4.400038 11.001793
vt 5.730685 11.004305
vt 5.730418 11.615757
vt 4.400111 11.615314
vt -3.180778 -3.334557
vt -2.229861 -1.950530
vt -3.254621 -2.005603
vt 5.682016 7.999768
vt 5.307582 8.613363
vt 4.351757 8.003888
vt 4.351739 8.613806
vt 10.184474 3.479478
vt 11.721636 2.884149
vt 11.759789 3.497334
vt -9.671347 -0.375408
vt -9.632689 0.954510
vt -10.746424 0.983889
vt -10.781861 -0.345810
vt 4.420905 1.358734
vt 5.750846 1.358124
vt 5.751422 1.956772
vt 4.420905 1.972088
vt -9.640388 5.753119
vt -9.180487 7.073603
vt -10.781280 7.069239
vt -10.746450 5.739668
vt 4.351942 6.494220
vt 5.681468 6.494256
vt 5.681466 7.108079
vt 4.352704 7.108318
vt 4.350893 6.801287
vt 4.342218 -9.379619
vt 2.169883 -9.993399
vt 4.411586 -9.993584
vt 4.386076 -9.686602
vt -3.022643 2.542565
vt -4.101996 1.237934
vt -3.068254 1.213971
vt 5.774010 8.882328
vt 5.774466 9.489190
vt 4.443889 8.883472
vt 4.447249 9.496291
vt -8.810986 8.750824
vt -10.777654 10.033064
vt -10.729281 8.704236
vt 4.351631 5.880206
vt 5.681478 5.884805
vt 4.350975 6.490775
vt 5.681466 6.494244
vt 2.555568 -6.919135
vt 4.487247 -7.534202
vt 4.438663 -6.922111
vt 2.163423 -6.307736
vt 2.653495 -6.922574
vt 4.461262 -6.921668
vt 4.498183 -6.311578
vt -2.016395 -0.218230
vt -2.037826 1.104380
vt -3.096423 0.956432
vt -3.132810 -0.374581
vt 5.683698 5.880291
vt 7.012102 6.494278
vt 5.681552 6.487298
vt 7.012053 5.881519
vt -1.388010 7.281919
vt -1.981764 8.602123
vt -3.079968 7.124348
vt -3.044335 8.452111
vt 5.773989 9.496284
vt 5.774468 10.110255
vt 4.444169 10.110256
vt 4.443894 9.498158
vt -1.177675 5.761057
vt -1.926204 7.105790
vt -3.043429 6.949134
vt -3.081157 5.619424
vt 4.407824 -2.494161
vt 5.738464 -2.494378
vt 5.738464 -1.880563
vt 4.407897 -1.880565
vt -3.253426 -8.150845
vt -0.310404 -8.150156
vt -3.249818 -7.536966
vt -0.027302 -7.539493
vt 3.616396 -8.152652
vt 3.885498 -7.536245
vt -3.254077 -8.149101
vt -3.251048 -8.764806
vt -1.482349 -8.150429
vt -0.396482 -8.764670
vt 0.876975 -8.150884
vt 3.657107 -8.764467
vt 2.760211 -8.150883
vt -3.080399 7.108416
vt -3.108623 8.439388
vt -4.221328 8.603842
vt -4.117563 7.262591
vt -5.329322 8.613778
vt -5.597051 7.243675
vt -6.354349 8.472713
vt -6.404953 7.131029
vt -7.541699 8.438792
vt -9.488699 8.590434
vt -7.527526 7.113638
vt -9.056819 7.238378
vt -10.249578 8.600213
vt -4.660312 10.246840
vt -3.034544 11.581833
vt -6.364877 11.441335
vt -5.522678 10.186555
vt -6.360036 10.110706
vt -7.601488 11.480166
vt -8.521402 11.616622
vt 4.174962 4.104046
vt 4.170897 3.498692
vt 7.284572 3.489667
vt 8.687912 4.112892
vt -3.258132 -9.991714
vt -3.254061 -10.607798
vt -1.285438 -10.589538
vt 0.754653 -10.048924
vt 2.856043 -10.607700
vt 3.058374 -10.003151
vt -3.246347 -0.552365
vt -4.215577 -0.412871
vt -3.218840 -1.881589
vt -4.467741 -1.716470
vt -5.496412 -0.392130
vt -5.445410 -1.705715
vt -6.547870 -1.857508
vt -6.862375 -0.529191
vt -8.079188 -1.825208
vt -9.725927 -0.385244
vt -9.701670 -1.715563
vt -4.382348 4.269953
vt -4.266057 5.602626
vt -7.301363 5.466412
vt -6.527432 4.116832
vt -7.651895 4.163459
vt -8.450260 5.609579
vt -8.539962 4.287724
vt -10.777003 -7.545358
vt -10.781821 -8.157747
vt -9.116964 -8.157080
vt -9.394571 -7.543035
vt -7.690671 -8.157560
vt -4.481372 -7.543167
vt -4.181880 -8.139903
vt -10.781862 -8.157915
vt -10.778448 -8.769706
vt -10.073742 -8.157825
vt -6.979192 -8.776204
vt -6.052496 -8.158231
vt -4.319873 -8.772139
vt 4.170054 2.594884
vt 2.839667 4.111224
vt 2.582511 2.774543
vt 4.138110 3.925156
vt 0.341776 3.927826
vt -0.756055 4.028311
vt 0.189745 2.611179
vt -0.849595 2.726194
vt -2.369707 4.066944
vt -2.395751 2.738081
vt -5.745627 2.717296
vt -4.683542 4.062581
vt -5.708032 4.048884
vt -6.912624 3.916622
vt -6.810260 2.604253
vt -8.010390 4.036833
vt 4.179322 -4.566112
vt 4.178340 -5.177980
vt 9.448947 -4.565831
vt 9.747064 -5.170757
vt 4.299783 0.500380
vt 4.299735 -0.113199
vt 6.851693 0.500758
vt 8.745287 -0.111389
vt 8.068547 0.500800
vt 9.848605 -0.111562
vt -3.385364 -4.984221
vt -4.631728 -4.856628
vt -3.338299 -6.314521
vt -4.641024 -6.179619
vt -5.962811 -4.984874
vt -5.916834 -6.310647
vt -7.677735 -4.910472
vt -8.298580 -6.189889
vt -9.188951 -4.918792
vt 2.053648 1.242123
vt 2.045581 2.570288
vt -0.461052 1.120415
vt -0.316142 2.456386
vt -10.781803 -9.387913
vt -10.781831 -10.001133
vt -9.125089 -10.000407
vt -9.232010 -9.388520
vt -6.919924 -9.396479
vt -6.034063 -10.000607
vt -5.379996 -9.980566
vt -5.985947 -9.386639
vt -5.060178 -9.386585
vt 11.686324 -1.603423
vt 11.687196 -0.989509
vt 9.799520 -1.001598
vt 9.066330 -1.584452
vt 7.794587 -0.989565
vt 6.593317 -0.990247
vt 5.943230 -1.603267
vt 4.443748 8.618655
vt 4.407134 9.950933
vt 3.292271 10.107720
vt 2.144861 10.105147
vt 3.223984 8.777867
vt 2.021605 8.754042
vt 1.017101 9.962615
vt 1.186360 8.618995
vt -0.462039 10.073644
vt -0.782204 8.769380
vt -1.507579 10.073807
vt 2.473605 -6.164581
vt 2.126830 -4.826584
vt 1.576696 -4.849687
vt 1.073961 -4.873964
vt 1.058135 -6.201147
vt 0.082082 -4.973150
vt 0.023232 -6.306686
vt -10.779301 -10.001801
vt -9.098335 -10.614432
vt -7.417935 -10.010284
vt -10.778802 -10.614888
vt -6.008347 -10.615230
vt -4.549539 -10.001472
vt 4.178241 -5.178115
vt 4.177995 -5.785121
vt 5.931917 -5.791891
vt 6.783502 -5.178306
vt 7.552507 -5.790329
vt 9.782499 -5.216781
vt 10.054785 -5.791964
vt 4.401031 10.126209
vt 4.364190 11.456318
vt 2.446771 11.616637
vt 3.284815 10.282494
vt 2.164281 10.285275
vt 1.102656 11.454847
vt 1.131533 10.124723
vt -0.625512 11.593363
vt -0.646733 10.256229
vt -1.875035 11.582870
vt 2.313774 -0.214416
vt 1.206906 1.059234
vt 0.134455 -0.366536
vt 2.193573 1.107447
vt 0.158658 0.958531
vt -0.909185 1.114841
vt -0.847911 -0.222411
vt -10.778345 -8.771397
vt -10.779664 -9.386450
vt -8.577328 -9.389798
vt -7.723330 -8.791529
vt -6.069926 -9.386011
vt -5.528448 -8.816341
vt -4.340847 -9.386571
vt 4.289227 -0.376945
vt 4.291139 -0.989509
vt 7.772098 -0.989229
vt 8.629402 -0.375644
vt 10.243032 -0.965634
vt 10.102943 -0.375427
vt 4.177989 -4.824302
vt 4.141973 -3.495544
vt 3.044820 -4.668165
vt 3.078508 -3.350043
vt 1.931134 -3.331520
vt 2.002804 -4.664990
vt 0.780772 -3.484987
vt 0.889128 -4.823152
vt -0.744149 -3.361755
vt -1.024558 -4.673776
vt -2.460668 -3.377827
vt 2.846847 7.260201
vt 2.923728 8.588097
vt 2.242925 8.605769
vt 1.563988 7.244708
vt 0.217598 8.453073
vt 0.319399 7.137076
vt -0.735620 8.603594
vt 4.177989 -3.948989
vt 6.978285 -4.557881
vt 6.084384 -3.947027
vt 4.180645 -4.563455
vt 9.790397 -4.562823
vt 10.085690 -3.953165
vt 6.538630 1.114958
vt 4.299962 1.113481
vt 7.318231 0.521033
vt 4.302129 0.500881
vt 9.845933 0.501118
vt 10.548200 1.114950
vt -3.352737 -4.849852
vt -3.385762 -3.519758
vt -4.764437 -3.373620
vt -5.783458 -4.785095
vt -6.687570 -3.517185
vt -6.624578 -4.849832
vt -7.818158 -4.741953
vt -7.909139 -3.404663
vt -9.230446 -3.382706
vt -9.559737 -4.722732
vt 3.147796 5.745457
vt 3.129369 7.076308
vt 1.459280 5.734449
vt 1.852333 7.081476
vt 0.220946 6.948229
vt 0.201735 5.620203
vt -0.719313 7.092807
vt -3.307956 -6.922810
vt -3.311405 -6.314590
vt -3.891221 -6.928422
vt -3.314922 -7.543015
vt -3.311952 -6.928961
vt -3.257029 -3.273737
vt -3.307959 -1.943400
vt -4.252602 -1.980337
vt -5.415232 -3.353506
vt -6.405602 -1.895622
vt -6.573882 -3.297083
vt -7.740111 -2.031573
vt -7.619441 -3.353999
vt 4.290520 -0.446472
vt 3.296462 -0.403352
vt 4.236508 -1.774556
vt 3.342922 -1.740345
vt 1.563614 -1.836174
vt 1.240865 -0.528130
vt 0.019847 -0.389573
vt 4.176368 3.498600
vt 4.173502 2.886954
vt 6.386643 2.885336
vt 7.234629 3.498556
vt 8.063236 3.498315
vt 8.617838 3.498523
vt 11.767756 -3.335407
vt 10.356382 -3.346807
vt 11.767529 -3.948843
vt 7.822773 -3.948726
vt 7.194652 -3.336715
vt 4.180925 -3.341084
vt 4.224255 -3.948790
vt 4.406603 -3.212661
vt 4.334647 -1.884496
vt 1.913419 -1.984375
vt 2.206439 -3.333541
vt 0.996730 -1.880490
vt 1.064018 -3.206425
vt 0.441903 -1.903676
vt -0.112930 -1.926753
vt -1.338891 -1.981319
vt -0.926188 -3.307423
vt 4.386290 4.189805
vt 4.451662 5.518637
vt 3.239665 5.551366
vt 3.578334 4.224977
vt 2.350985 5.490697
vt 2.261719 4.167364
vt 0.304737 5.615661
vt -0.901143 5.488161
vt -3.240253 -8.794508
vt -3.254044 -9.379460
vt -2.192179 -9.379946
vt -2.148084 -8.765627
vt -0.829673 -8.766211
vt 1.081715 -8.765821
vt 4.361983 -9.378800
vt 4.408893 -8.765211
vt -3.246940 -9.384477
vt -3.251832 -9.993660
vt -2.069762 -9.993675
vt 0.557473 -9.378278
vt 1.112226 -9.992891
vt -3.081173 5.648267
vt -3.116579 6.978151
vt -3.958273 6.951817
vt -4.336856 5.667964
vt -6.155177 7.103225
vt -5.307179 5.776047
vt -7.547791 6.947899
vt -6.850923 5.716792
vt -7.673332 5.630675
vt -3.132576 1.076223
vt -4.640249 1.079873
vt -5.095422 -0.264966
vt -3.170471 -0.253194
vt -6.335612 0.959056
vt -6.363345 -0.372176
vt -7.402690 1.115131
vt -7.428933 -0.214113
vt -8.983112 1.031800
vt -8.677239 -0.257519
vt -3.252377 -6.307965
vt -3.246195 -6.918291
vt -0.757005 -6.920915
vt 0.803829 -6.308387
vt -3.254580 -6.925033
vt -3.253782 -7.536126
vt 0.259856 -6.927389
vt 0.570134 -7.536948
vt -2.988102 8.644996
vt -3.029709 9.973294
vt -4.002846 9.944098
vt -3.959769 8.613806
vt -4.920909 8.738564
vt -5.562363 10.091640
vt -5.912020 8.751101
vt -6.956622 9.997629
vt -6.549569 8.660446
vt -8.757089 10.087130
vt -10.781863 1.179552
vt -8.832693 1.118668
vt -10.715862 2.508715
vt -8.884411 2.448612
vt -6.955568 1.256387
vt -6.909337 2.584419
vt -6.230956 1.150471
vt -5.019487 1.124090
vt -6.099233 2.467649
vt -4.972099 2.411552
vt 29.221197 19.558523
vt 29.066223 17.590300
vt 25.074133 20.633492
vt -14.518996 -13.170531
vt -21.192566 -13.422849
vt -14.574466 -11.223811
vt 19.477232 -33.909515
vt 15.117322 -33.469475
vt 17.114874 -32.468719
vt -25.811771 23.669691
vt -21.397694 24.006361
vt -25.637760 21.703049
vt -38.124142 -31.664961
vt -45.295311 -28.003578
vt -45.475616 -30.790483
vt 2.044117 -19.857450
vt 1.889122 -19.055397
vt 4.550272 -19.893354
vt 22.316921 -6.673679
vt 20.515350 -5.301061
vt 21.497379 -5.401599
vt 31.952950 -18.820543
vt 29.602131 -19.526756
vt 27.466293 -18.811939
vt 7.059574 -19.783440
vt 12.158846 -18.499048
vt 9.763607 -19.657995
vt 14.138050 -25.358650
vt 15.786344 -24.538437
vt 16.654953 -25.623566
vt -20.452616 -10.896901
vt -20.647194 -8.932195
vt -14.816059 -8.384181
vt -0.836704 33.549664
vt 6.982544 34.088753
vt 5.858585 32.086918
vt -13.059756 -10.232328
vt -20.452616 -10.896901
vt -14.800013 -8.382225
vt 34.550362 -22.711536
vt 38.961994 -23.161551
vt 32.949043 -23.786459
vt 1.916002 4.987478
vt 0.368557 4.941368
vt 0.207144 6.876863
vt 38.838474 -24.386530
vt 13.447570 -36.492138
vt 13.513222 -35.826088
vt 15.317748 -36.035934
vt -35.709202 -15.714279
vt -32.517784 -15.278494
vt -28.910456 -16.455105
vt -8.394707 -23.514891
vt -8.304688 -24.774046
vt -20.990217 -25.423819
vt -33.596550 -20.513691
vt -38.749374 -18.725948
vt -32.053455 -19.527626
vt -15.132420 -34.054630
vt -12.409556 -32.805843
vt -13.300480 -33.934036
vt 2.448014 -31.902588
vt 2.404710 -31.288330
vt 5.674244 -30.558836
vt 4.275889 -31.774612
vt -22.858015 10.721179
vt -25.069956 10.611008
vt -18.509619 12.866831
vt 29.052483 16.564789
vt 28.805021 14.613955
vt 20.030334 15.780308
vt 7.243729 -23.885368
vt 3.011524 -24.321753
vt 7.341938 -22.783295
vt 45.993851 -23.889137
vt 48.805794 -24.183880
vt 42.245186 -24.714298
vt 19.537285 4.105093
vt 21.493526 3.904817
vt 19.447718 2.876038
vt 11.506401 -6.270257
vt 3.073146 -8.296974
vt 2.999013 -6.323399
vt 34.699192 -22.727741
vt 34.487770 -23.324270
vt 32.949043 -23.786459
vt -38.987259 -0.867060
vt -41.020828 -2.778520
vt -42.821907 -2.751038
vt -33.861729 -31.929379
vt -32.520241 -33.295849
vt -35.342377 -31.778446
vt -8.746991 -36.141544
vt -10.285872 -35.008606
vt -7.277424 -34.813938
vt -10.299682 -36.251759
vt 3.955511 -0.227338
vt 5.586467 1.784362
vt 7.402172 1.816482
vt 6.419701 -34.133629
vt 6.068238 -32.924210
vt 7.615006 -32.813599
vt 31.745691 22.504406
vt 29.003780 20.789209
vt 21.409836 21.756142
vt 7.926348 -31.516220
vt 23.765385 -34.386688
vt 20.973848 -34.699318
vt 17.703547 -33.759651
vt 20.874565 23.452080
vt 21.409836 21.756142
vt 18.963175 22.248175
vt -17.594948 -9.616343
vt -16.214073 -8.486517
vt -13.101641 -10.325799
vt -40.470703 -16.956629
vt -34.156105 -16.388372
vt -29.093452 -18.011612
vt -33.558464 -11.682297
vt -29.642231 -14.096504
vt -33.200638 -13.706947
vt -15.982441 -20.580841
vt -14.029681 -19.735180
vt -8.465511 -19.644060
vt -14.525309 -20.812984
vt -8.298419 -20.718430
vt -9.999158 -21.498055
vt 25.170557 -20.330961
vt 32.113010 -19.799000
vt 36.123249 -20.203529
vt 28.535694 -23.338991
vt 34.550362 -22.711536
vt 32.949043 -23.786459
vt 38.971569 -21.736862
vt 37.995911 -20.411440
vt 41.530167 -20.756672
vt 14.363775 -26.096413
vt 14.447358 -27.324356
vt 12.239437 -27.482332
vt -41.515537 10.420604
vt -41.257359 12.377970
vt -35.645531 12.092183
vt 9.838459 -19.652954
vt 6.613405 -18.860102
vt 12.058855 -18.506508
vt 10.736957 5.111336
vt 3.465320 5.034890
vt 6.368470 7.053793
vt 7.152874 -0.839715
vt 12.545940 -0.891822
vt 9.551268 -2.778888
vt 19.744278 -31.432152
vt 17.569857 -31.187019
vt 23.943102 -31.222179
vt 15.108486 -33.492073
vt -12.248938 36.033192
vt -19.597071 35.854305
vt -12.339199 38.131516
vt -18.485819 -20.806767
vt -21.041040 -20.302008
vt 35.698856 -13.560449
vt 44.592682 -14.466555
vt 44.941914 -15.732134
vt -34.507904 6.845272
vt -28.002686 6.393224
vt -31.104227 4.710432
vt -15.986681 -20.580427
vt -21.038717 -20.333414
vt -14.371168 -19.510365
vt -19.178734 4.472194
vt -10.458153 5.211573
vt -18.997526 2.606385
vt -20.452616 -10.896901
vt -20.647194 -8.932195
vt -10.310016 -8.050120
vt -24.186167 32.261490
vt -24.507277 30.431870
vt -26.708481 32.483295
vt -39.022289 -23.649920
vt -42.583622 -22.295864
vt -38.244465 -22.710814
vt -19.814028 23.832479
vt 36.026505 -22.862087
vt 34.425179 -23.937008
vt 21.377190 2.682667
vt -16.264111 7.348366
vt -17.754189 5.329813
vt -20.379822 5.196724
vt 9.875263 -22.529896
vt 6.967546 -22.741850
vt 7.837944 -21.553085
vt -17.429062 38.199638
vt -9.925376 -7.678348
vt -19.499535 -8.001991
vt -17.241652 -5.963554
vt -20.734064 -18.756397
vt -22.151390 -16.851608
vt -16.681974 -16.609085
vt -29.230795 32.705093
vt -31.023495 30.730844
vt -34.447586 30.717268
vt 20.494255 -24.899469
vt 26.825951 -25.623735
vt 26.696766 -26.393557
vt 40.749367 -15.954731
vt 35.422703 -16.023962
vt 35.402905 -15.402798
vt 22.604748 -4.276259
vt 22.479263 -5.501939
vt 20.640715 -4.074993
vt -37.322208 -7.287265
vt -30.641628 -6.681590
vt -35.844746 -7.351704
vt 3.754327 1.736701
vt 0.295337 -0.399669
vt -15.994514 -27.883604
vt -11.585692 -28.802898
vt -20.321083 -29.397221
vt 51.634651 -15.201965
vt 51.509583 -16.426777
vt -23.693893 34.880779
vt -28.986158 32.989090
vt -39.187954 33.888802
vt -41.495853 -15.638874
vt -40.470642 -16.956627
vt -44.068886 -15.380752
vt -22.283710 -14.405814
vt -18.717562 -14.042512
vt -16.865263 -13.849010
vt 1.902912 -23.101828
vt 1.862092 -22.471960
vt 20.647869 -4.075907
vt 20.764008 -2.897621
vt 22.605101 -4.276286
vt -41.739445 -28.648010
vt -41.868958 -29.862240
vt -45.355339 -28.297096
vt -17.089062 -5.283883
vt -22.606014 -5.817512
vt -22.797173 -3.852468
vt -21.658636 30.627132
vt -15.883299 29.226290
vt -21.573898 28.629465
vt 23.919024 -33.153805
vt -24.032513 7.001126
vt -20.926640 7.174045
vt -30.987934 32.695942
vt -26.708481 32.483295
vt -31.168106 30.730270
vt -23.820585 25.980356
vt -16.733902 28.114712
vt -19.092669 26.220953
vt 20.527328 -5.302104
vt 13.037281 -24.868141
vt 7.273920 -25.269377
vt 12.476852 -23.693071
vt -14.044824 -25.245775
vt -13.944685 -26.388613
vt -22.822031 -25.724390
vt -9.948727 -24.938156
vt -7.202105 -25.999775
vt 2.495804 -21.198210
vt 12.067024 -20.292713
vt 12.244424 -20.910873
vt 13.967804 -22.324436
vt 27.031019 -23.737770
vt 26.910488 -24.936653
vt 19.370390 -22.979259
vt -24.189781 30.469191
vt -24.103397 28.432812
vt -42.332161 -19.812099
vt -44.517220 -20.730165
vt -44.495438 -19.624653
vt 12.746216 -2.843663
vt 20.874544 23.452080
vt 50.484150 -21.682772
vt 46.564049 -22.509045
vt 48.740715 -21.670086
vt -18.720348 17.314100
vt -14.594001 18.656572
vt -18.631474 16.330956
vt -10.920582 -2.812981
vt -34.570278 -8.347410
vt -29.794224 -8.691623
vt 14.556293 -22.197065
vt -22.656773 -26.945419
vt -19.372679 7.257808
vt -36.434509 -27.903467
vt -34.199902 -26.887543
vt -32.125015 -28.330679
vt -16.933304 -23.814793
vt -20.837490 -22.825779
vt -17.982737 -22.747936
vt 28.642809 -22.111681
vt 34.550362 -22.711536
vt 28.535696 -23.338989
vt -11.026953 -19.831718
vt -8.469235 -18.766260
vt -44.292774 -17.928942
vt -44.204834 -16.724573
vt -41.671185 -16.979969
vt 16.571648 -27.029902
vt 18.885647 -25.994436
vt 19.082071 -27.281988
vt 11.930223 -17.785168
vt 1.714599 -17.972794
vt 1.821379 -17.508722
vt -18.479357 -26.788225
vt -9.174446 -27.404055
vt -17.959085 -28.161716
vt 33.852657 -13.986362
vt 32.012592 -14.418667
vt 15.217888 -23.255926
vt -13.545565 22.733315
vt -21.407549 22.025700
vt -13.485956 24.296772
vt -8.469235 -18.766260
vt 31.774403 -15.648092
vt 31.900322 -14.422719
vt -28.369114 -6.913699
vt -34.851952 -8.317278
vt -31.542475 -6.722411
vt -20.986961 -21.032913
vt -7.229116 -27.968473
vt -13.740152 -27.738260
vt -9.325233 -27.454447
vt -20.647194 -8.932195
vt 2.361406 -30.674086
vt -9.657683 -34.952244
vt -11.568696 -33.845428
vt -9.736878 -33.728367
vt 34.305138 -19.391251
vt 32.821354 -18.619213
vt 35.913868 -18.938030
vt 0.233353 18.846922
vt 10.468898 20.980923
vt 6.770139 19.506748
vt -27.120102 43.170948
vt -23.528452 40.587063
vt -28.598927 41.061207
vt 31.150259 -19.685122
vt -13.155452 -23.581654
vt -13.842293 -22.490974
vt -38.398617 -32.716091
vt -14.518993 -13.170532
vt -20.435883 -13.400093
vt -14.574468 -11.223810
vt 14.378029 -22.254429
vt -22.612413 -8.190457
vt -21.938345 -6.156426
vt 20.387493 -6.532182
vt 22.223440 -7.928385
vt 20.262573 -7.752316
vt 1.703669 1.549046
vt 19.338121 -24.790632
vt 26.696766 -26.393557
vt -40.633030 18.695866
vt -40.403988 20.612078
vt -33.689812 20.686998
vt -15.144526 -13.743714
vt -9.632445 -15.426124
vt 32.336842 30.670044
vt 22.542210 33.981079
vt 32.614330 32.619209
vt -19.091381 26.221432
vt -24.101501 25.834770
vt -23.893051 27.686831
vt -23.184731 15.526915
vt -9.876584 16.001762
vt -16.470959 14.740764
vt 16.615625 -6.141478
vt 16.753780 -4.171999
vt 18.546368 -4.509252
vt 12.322639 -12.049258
vt 9.493917 -11.750027
vt 9.289775 -11.089914
vt 17.596275 -29.920717
vt 15.501160 -28.461292
vt 19.902012 -28.912926
vt 34.242550 -20.003811
vt 32.696407 -19.844467
vt 3.499525 -29.351494
vt 3.413189 -28.123274
vt 6.749578 -27.891544
vt 28.054005 -19.368393
vt -27.456329 4.358145
vt -38.569817 5.059235
vt -42.040516 5.127439
vt -41.783108 7.082864
vt 17.923996 -18.292183
vt 24.830112 -17.802362
vt 26.497631 -19.209377
vt 20.497049 -17.360069
vt 17.396894 -17.041151
vt 18.924576 -17.197016
vt -26.694502 26.103525
vt -26.936539 24.145794
vt -29.152010 24.307777
vt -22.086348 -16.370241
vt 2.021576 -20.335693
vt 35.870605 -22.806915
vt 25.821737 -20.515556
vt 33.573265 -21.360756
vt 15.984718 -20.801441
vt 16.102064 -19.576506
vt 19.660919 -19.932337
vt -16.439337 13.754190
vt -25.279997 13.463923
vt -24.616503 30.317440
vt -43.348175 -8.057232
vt -43.086819 -6.100291
vt -39.826885 -6.596518
vt 20.964149 -14.516442
vt 15.840768 -13.983336
vt 16.043257 -12.814082
vt -9.887440 -1.081155
vt -14.476692 -2.320385
vt -11.990379 -0.316861
vt 4.460940 -8.273466
vt 1.425353 -7.551818
vt 1.354858 -6.392437
vt 32.173111 25.700161
vt 21.397423 26.129787
vt 21.112217 28.017509
vt 20.605534 19.495070
vt 20.760509 21.463299
vt -29.179890 -19.458776
vt -29.093975 -18.251825
vt 38.853245 -24.392052
vt 35.178528 -24.013840
vt 36.837948 -22.950314
vt -45.723198 -32.003719
vt 9.457424 -13.710625
vt 5.898710 -13.660686
vt 9.167893 -11.751551
vt -17.439407 -0.001609
vt -21.870064 1.766800
vt -15.649598 1.042965
vt -27.659468 16.410629
vt -27.782799 15.431207
vt -32.190277 15.734962
vt -8.853364 -8.031988
vt -12.263515 -10.137593
vt -15.731217 -29.135406
vt -6.902867 -28.555769
vt -13.483448 -29.604483
vt -38.399368 40.689957
vt -33.380630 43.328815
vt -41.495853 -15.638874
vt 23.666382 -35.576622
vt 27.701437 3.368412
vt 19.091702 4.893355
vt 27.844231 5.238620
vt -35.126984 -19.951920
vt 4.611577 -34.255814
vt 3.067415 -34.343987
vt 2.982712 -33.136192
vt -8.465511 -19.644060
vt -15.636311 -21.748245
vt -7.117061 -27.313309
vt -14.326992 2.072562
vt 10.853053 22.039186
vt -0.228451 22.053905
vt 6.337606 23.797630
vt -40.125732 24.433510
vt -39.883488 26.392912
vt -34.579620 26.516354
vt 41.161736 -23.380373
vt 39.556454 -21.977013
vt -29.614658 -8.460649
vt -44.811104 -23.276445
vt -44.740559 -22.096333
vt 20.278780 17.738930
vt 13.121517 -14.697003
vt 9.466647 -13.787240
vt 12.752176 -13.997419
vt 3.551267 -0.907271
vt 1.944798 -2.927777
vt 0.969652 -1.023066
vt 41.928135 -24.706800
vt 33.683624 -14.606046
vt -36.309238 -29.176842
vt -31.489946 -29.655516
vt -31.916508 -30.576252
vt -33.607529 -21.928560
vt -31.403683 -22.144560
vt -31.587526 -22.778936
vt -18.804564 -36.830238
vt -20.282120 -38.138542
vt -20.403252 -36.911942
vt 22.762352 19.080250
vt -14.518998 -13.170536
vt -21.183804 -13.422892
vt -14.574470 -11.223811
vt 4.970074 -24.215557
vt 3.207066 -25.573011
vt -0.684088 27.796074
vt 8.502966 30.194561
vt 7.080694 29.252338
vt -22.751608 -28.218201
vt 10.807720 23.025303
vt 14.520270 -28.569818
vt 8.291718 -28.983187
vt -17.859829 -30.507940
vt -15.651690 -30.363491
vt 15.505802 -29.745848
vt 15.395432 -30.941895
vt -9.878699 5.212300
vt 1.821270 -21.842094
vt -12.858880 -35.175198
vt 13.185596 -21.365278
vt 32.949043 -23.786459
vt -45.168861 -26.951193
vt -45.016781 -25.823011
vt -38.576370 -26.455406
vt -39.378262 -27.580091
vt -36.397026 -26.669960
vt -19.276983 28.188601
vt -29.512737 -19.798256
vt -39.548576 -19.657066
vt 2.291903 -13.156394
vt -11.256609 -4.518385
vt 14.987583 -34.710217
vt -43.798443 -13.309235
vt -43.604778 -11.351990
vt -41.822708 -11.350808
vt -45.477139 -29.522770
vt 11.197396 19.724392
vt 42.311440 -15.469200
vt 26.548811 -18.052189
vt -18.930008 -35.515324
vt -19.465389 -34.585987
vt -11.981729 -35.101643
vt -20.363503 -37.526588
vt 10.305590 38.427361
vt -2.362551 37.683716
vt -1.971394 38.922062
vt -25.338678 16.780891
vt -18.810162 18.297167
vt -43.910908 -13.948951
vt -43.736065 -19.677826
vt -8.791920 -22.911804
vt 16.654953 -25.623566
vt 15.787904 -24.536049
vt 10.762338 24.011419
vt 0.202781 15.693993
vt 0.115464 17.665089
vt 2.326056 17.774437
vt -38.974564 -11.448174
vt 31.745689 22.504404
vt 29.003780 20.789209
vt -17.586576 28.997709
vt -13.897983 31.423307
vt -11.511143 29.863033
vt -36.431015 -30.405365
vt 25.800575 -13.749307
vt 25.807720 -15.033939
vt 24.654867 -14.923902
vt -10.253059 21.761932
vt -14.538141 19.577053
vt -25.744320 19.344265
vt 4.384988 -28.010073
vt 3.324244 -26.876133
vt 2.609406 40.028885
vt 10.210676 40.401230
vt -12.320269 -36.374546
vt 24.737938 -26.149334
vt 26.244459 -28.054157
vt 18.408216 -6.478731
vt -32.892582 -7.486296
vt -34.236607 -6.437673
vt -31.287199 -6.577978
vt 24.304407 -29.364830
vt 7.840731 -30.287306
vt 13.270965 -29.920847
vt -28.850780 -16.475492
vt -12.772196 -20.781561
vt -10.140051 -21.489445
vt -15.637111 -21.748373
vt -32.002781 -27.105129
vt -9.584152 -8.151650
vt 52.245289 -21.899475
vt -29.486883 20.413107
vt -31.925827 18.626921
vt -33.830032 -3.053092
vt 11.838143 -8.220490
vt 5.939169 -8.251081
vt -39.187954 33.888802
vt -23.693892 34.880783
vt -28.986158 32.989090
vt 11.603775 13.117579
vt 11.792835 11.152333
vt 5.076008 11.735541
vt -11.635404 28.090425
vt 0.072995 19.791010
vt 0.029254 20.779396
vt 22.730068 -3.051072
vt -20.913895 -22.598436
vt -20.924763 -21.043304
vt -21.658636 30.627136
vt -21.573898 28.629465
vt -24.305084 31.782911
vt -22.527636 33.811283
vt -16.894810 34.187153
vt -39.404613 30.554636
vt -32.901428 32.259720
vt 26.598251 -21.878340
vt 4.379019 21.247528
vt 22.479404 -5.502137
vt -34.156120 -16.388371
vt -29.942699 -7.716083
vt -28.336842 -6.897243
vt -28.467522 -7.875716
vt 34.429276 -23.937426
vt 20.473333 -8.577402
vt 20.264582 -7.752536
vt 22.103292 -9.158045
vt -16.586388 -35.419346
vt -14.990652 -36.027004
vt -25.735159 21.318029
vt 0.574316 12.292205
vt 43.379612 -23.617054
vt -35.931675 -22.938423
vt -44.736023 -22.063509
vt -40.118618 -21.280231
vt -27.279665 20.239214
vt -35.442135 -32.387901
vt -33.996735 -33.148849
vt -18.835546 -33.681320
vt -18.838312 -33.064331
vt -18.805389 -34.296535
vt 24.151768 -30.587885
vt 1.776062 23.503288
vt 21.037836 -28.937048
vt 17.164694 -27.392963
vt 26.131210 -29.490589
vt -31.425432 -33.404846
vt 47.369736 -25.267488
vt -22.519825 -27.052580
vt 11.796295 -16.401598
vt 28.642809 -22.111681
vt -39.758137 27.434984
vt -39.636078 29.370531
vt -37.429104 29.211311
vt -27.476501 10.721844
vt -27.607674 9.743384
vt -32.739422 10.108585
vt -29.401325 -1.439183
vt -28.421625 -3.519427
vt 13.308700 -32.421661
vt -37.437561 10.529031
vt -32.401314 11.817940
vt -9.993031 -5.705198
vt 23.354494 2.606549
vt 22.520893 3.797278
vt 23.503237 3.699063
vt -28.370197 -6.914251
vt -33.021404 -8.463718
vt -38.927353 -8.208656
vt 22.347471 -6.727227
vt -33.316898 26.469559
vt -15.880841 -37.846508
vt -22.785543 -1.199306
vt -17.302546 -0.669852
vt -18.514759 -2.528151
vt 11.737587 -31.185257
vt 27.041691 -19.902369
vt -12.697527 3.059647
vt -9.690630 3.276885
vt -0.278633 24.732344
vt -0.456852 26.632143
vt 9.333534 27.708567
vt -24.263729 27.802410
vt -19.254856 28.188606
vt 19.664104 27.177124
vt 21.365685 -2.235803
vt 23.564621 -1.690733
vt 23.300953 -2.441436
vt -24.103397 28.432812
vt 26.809870 -25.621733
vt 3.752788 -2.871276
vt -40.878437 15.898743
vt -31.693108 17.676466
vt -8.348844 -26.122961
vt 23.185352 1.032270
vt 21.089655 0.027527
vt 21.221489 1.235081
vt -16.547812 -36.033882
vt 28.709167 13.686596
vt 28.558899 11.718002
vt 21.957170 13.104586
vt 31.937086 23.767729
vt 5.359258 -0.850770
vt -9.024238 -29.929415
vt -31.943497 -21.976744
vt -36.299622 -21.567688
vt -15.580596 -36.601974
vt -12.923859 -37.653618
vt -26.704821 27.416056
vt -33.090469 28.909641
vt -26.386909 28.436241
vt -22.943594 -0.260877
vt -24.197853 32.118229
vt -39.082588 32.513947
vt -33.553234 -32.095699
vt -31.447121 -33.402687
vt -41.323288 -32.339100
vt 3.480083 -11.713923
vt -42.571266 -0.850781
vt -14.725475 -34.214565
vt -15.880841 -37.846500
vt -19.810905 -38.108139
vt -18.515980 -36.917915
vt -12.027102 16.901863
vt -11.516259 -13.615675
vt 26.254572 -28.270023
vt 4.700726 -22.966084
vt -23.968300 5.027853
vt 18.963175 22.248175
vt -0.575652 27.798298
vt -1.707116 29.744301
vt 8.502967 30.194563
vt 7.080588 29.252342
vt 6.400249 28.289165
vt -23.460217 38.143333
vt -23.618710 36.200378
vt -38.835083 37.098057
vt 32.035500 27.075169
vt 24.502262 28.987694
vt 26.220528 30.679932
vt -21.036459 -24.429520
vt 9.615417 6.836337
vt -10.209804 -33.733505
vt -39.957417 -28.811384
vt -38.251450 -30.220940
vt 23.736464 -34.281696
vt 21.853676 -31.622757
vt 21.015026 -2.875373
vt 19.790813 -1.780710
vt 21.391245 -1.468227
vt 4.387636 -19.118782
vt 4.550773 -19.895739
vt -11.635404 28.090425
vt -11.473221 26.123301
vt 21.388597 2.794050
vt -31.615631 -1.136698
vt 23.053707 -0.173550
vt 31.580141 20.551607
vt 28.642809 -22.111681
vt 28.535698 -23.338987
vt 23.036263 1.770475
vt 21.405361 2.674967
vt 23.357435 2.475454
vt 21.254625 1.490658
vt 19.877014 29.669790
vt 2.963169 10.565559
vt 8.323228 35.697197
vt -1.967874 36.461205
vt 8.128557 37.914894
vt 19.971024 30.778921
vt 20.065033 31.888060
vt -35.517891 -31.789845
vt -20.913895 -22.598436
vt 23.963074 -31.813370
vt 32.173576 25.700047
vt 21.441156 26.091251
vt 21.522591 27.974436
vt 32.223526 29.293436
vt 17.891182 -28.628239
vt 50.437344 -25.053143
vt -11.966198 1.159822
vt 15.217802 -23.255896
vt 14.378029 -22.254429
vt 19.370390 -22.979259
vt 0.042554 -2.120413
vt -32.850021 -15.189474
vt -33.948833 -15.969866
vt -43.700306 -14.003276
vt 30.287645 -13.624665
vt 11.243619 -0.143530
vt -24.189781 30.469183
vt -1.773204 34.243507
vt -26.464783 32.848793
vt -23.925259 32.857346
vt -32.100857 -24.477264
vt -20.666981 -33.802010
vt -38.949097 35.848625
vt -10.118475 -10.011638
vt -20.363503 -37.526588
vt -17.405424 -37.283283
vt -18.847914 -38.046009
vt -17.347168 32.051994
vt -38.245945 42.889545
vt 19.982248 -13.389517
vt -27.358322 11.700855
vt -44.616180 -20.842102
vt -18.485819 -20.806767
vt -20.924763 -21.043304
vt -21.935162 -12.907385
vt -21.936722 -11.507072
vt -44.068882 -15.380753
vt 2.048375 -19.879480
vt 1.887358 -19.046267
vt 7.059574 -19.783440
vt 14.138050 -25.358650
vt 11.930221 -17.785166
vt 1.714599 -17.972794
vt 1.821375 -17.508722
vt -22.439041 -28.281778
vt 27.031019 -23.737770
vt 26.910488 -24.936653
vt -24.971378 36.123886
vt -20.986961 -21.032913
vt -34.447186 30.722202
vt -35.972717 -8.328636
vt -9.997201 19.110985
vt -39.408394 30.554386
vt -39.325172 32.505291
vt -11.933840 0.173192
vt -31.392885 -20.794638
vt -1.707116 29.744301
vt 6.400272 28.289162
vt 21.693098 -18.738800
vt 21.539183 3.900140
vt 21.365765 -2.235585
vt 23.564501 -1.690721
vt 23.301016 -2.441268
vt 31.580141 20.551607
vt -44.339569 -18.082510
vt -35.318123 -6.390501
vt -13.724946 31.449766
vt -26.464783 32.848785
vt -29.093452 -18.011612
vt -23.925259 32.857346
vt -40.726677 17.846287
vt -38.674953 39.061192
vt -15.880840 -37.846508
vt -19.791981 -38.106918
vt -19.967621 -37.199154
vt 19.242010 6.861943
vt -12.923858 -37.653625
vt -15.580652 -36.601978
vt -12.996696 -36.436733
vt -20.440144 -13.395524
vt -21.947878 -12.496007
vt -20.501762 -11.426987
vt -29.788794 -8.692941
vt -28.910456 -16.455105
vt 10.783548 25.797573
vt -32.136063 -32.210850
vt -21.465260 -11.480709
vt -37.191528 -6.308790
vt 10.651509 1.095550
vt 26.504248 -26.631514
vt 40.812260 -15.342094
vt -12.923861 -37.653622
vt -15.580406 -36.601963
vt -12.996696 -36.436733
vt -31.043753 -33.442844
vt 3.080742 31.924156
vt -1.586108 31.518505
vt -0.823026 33.509693
vt -21.446327 -11.479652
vt -38.949097 35.848625
vt -14.929206 -18.542435
vt -44.483360 -19.502880
vt 7.301448 34.110321
vt 23.448704 14.778692
vt 50.698273 -24.380903
vt 31.925659 23.770340
vt -11.473217 26.123266
vt -28.850780 -16.475492
vt -25.066559 38.348072
vt 15.807779 -17.492773
vt -12.996696 -36.436733
vt -31.043753 -33.442844
vt -32.520241 -33.295849
vt -32.459309 -32.682941
vt -30.982821 -32.829937
vt 14.442525 -27.348135
vt -22.594719 -3.164382
vt 13.849067 -33.610565
vt 3.103497 -25.634821
vt 7.604735 -26.556030
vt 3.189854 -26.862450
vt 20.399534 -6.432370
vt 11.796294 -16.401598
vt -1.584855 31.492237
vt -26.532162 -9.344920
vt -26.719387 -9.780035
vt -29.539286 -11.268175
vt -29.805965 -10.898495
vt -23.201626 -9.266415
vt -23.622116 -9.560563
vt -21.155542 -9.732205
vt -16.921139 -11.018254
vt -21.515795 -10.044594
vt -31.945969 -11.050981
vt -32.048569 -10.623582
vt -15.088516 -11.264203
vt -16.894875 -10.630424
vt -33.043530 -10.419477
vt -21.555336 -15.957977
vt -18.547859 -17.459726
vt -18.835514 -17.789862
vt -21.734039 -16.300783
vt -25.005758 -15.821054
vt -26.327801 -16.516739
vt -27.143999 -16.310091
vt -31.232159 -17.573769
vt -33.048206 -17.688015
vt -31.257402 -17.185648
vt -16.199078 -17.192764
vt -16.273258 -17.611071
vt -15.106678 -17.088203
vt 14.349298 19.215076
vt 14.293846 19.706949
vt 16.925983 19.976812
vt 16.884535 19.456770
vt 18.114372 19.647251
vt 18.006418 19.123228
vt 9.695720 15.725971
vt 9.543579 15.239207
vt 6.748311 16.104023
vt 6.579005 16.680292
vt 0.965721 -0.516113
vt 1.107894 -0.000321
vt 2.291055 -0.000321
vt 2.148884 -0.516113
vt -11.070985 -9.418763
vt -9.337288 -9.737073
vt -13.809819 -10.749888
vt -14.041519 -10.278396
vt -8.933872 -9.146236
vt 3.358188 16.671591
vt 3.265705 17.215069
vt 11.860552 14.474420
vt 11.963577 14.981783
vt 12.970211 15.109846
vt 12.963093 14.574864
vt -0.990117 10.078939
vt 0.408047 9.977665
vt -1.213825 9.653551
vt 2.673336 11.712011
vt 2.522476 11.278187
vt 0.464121 10.381061
vt 5.709112 11.837040
vt 5.552325 11.491405
vt 7.793966 11.258709
vt 10.717672 10.262980
vt 7.474459 10.941292
vt -3.126867 10.013990
vt -3.005799 10.370525
vt 11.900991 10.412832
vt 12.227201 9.952757
vt 13.783190 9.779529
vt -4.969838 10.958426
vt -4.681919 0.217292
vt -4.647368 -0.259830
vt -6.733041 0.999931
vt -7.019762 1.537371
vt -10.416185 1.396425
vt -10.554902 0.963881
vt -13.497206 0.653369
vt -13.250322 0.311897
vt -2.997387 -0.192844
vt -1.018308 0.112831
vt -0.905119 -0.246096
vt -3.173117 -0.540996
vt 0.919357 0.762069
vt 0.965721 0.380831
vt -16.301292 0.068978
vt -16.190374 -0.301161
vt -17.798786 -0.355336
vt 15.134728 17.993727
vt 14.960274 17.487942
vt 13.882508 17.487942
vt 14.056960 17.993727
vt 4.639476 -0.750312
vt 5.560040 -1.201719
vt 1.862587 -2.093654
vt 1.724073 -1.583447
vt 9.752502 12.686407
vt 9.798491 12.138214
vt 8.194655 12.756383
vt 8.323298 13.247085
vt 13.963140 12.497369
vt 15.295606 13.360858
vt 15.585243 12.876547
vt 6.237038 13.941617
vt 6.029647 13.476055
vt 2.654791 13.902010
vt 3.217493 14.439365
vt 6.613370 -0.610928
vt 11.791192 12.444403
vt 11.786919 11.909392
vt 0.949620 1.793822
vt 1.484648 2.114973
vt 1.484648 1.729801
vt 13.796360 12.660037
vt 13.793761 12.125250
vt 13.854005 12.974759
vt -13.543411 2.085778
vt -12.037513 2.013931
vt -14.752915 1.768432
vt -10.119432 3.636750
vt -10.230917 3.214961
vt -11.962579 2.421951
vt -6.581162 3.674398
vt -7.179201 3.447386
vt -3.662856 2.921682
vt -3.735651 2.543636
vt -5.521634 2.998217
vt -15.815007 2.332592
vt 0.901089 1.752543
vt -1.610179 2.113919
vt -1.730082 2.530496
vt -17.784998 2.923155
vt -18.423071 -8.718170
vt -18.246975 -9.135111
vt -20.218185 -8.736509
vt -20.275278 -8.298281
vt -22.256910 -7.503148
vt -22.467697 -6.995068
vt -25.181007 -6.973996
vt -25.085857 -7.334723
vt -29.268383 -7.999965
vt -27.314939 -7.516151
vt -27.005875 -7.842620
vt -29.532812 -8.446907
vt -14.483959 -7.796946
vt -16.290304 -8.800697
vt -14.391701 -8.162628
vt -31.550035 -8.461247
vt -31.477983 -8.839422
vt -33.048977 -8.882993
vt 4.663251 1.591376
vt 4.705973 1.058057
vt 1.986377 0.404530
vt 1.704488 0.857972
vt 5.344280 -3.403446
vt 5.171220 -2.850723
vt 6.905789 -3.175032
vt 6.881046 -3.709486
vt -9.538824 -11.765036
vt 14.026704 10.098859
vt 13.934320 10.615908
vt 15.814273 10.931072
vt -3.053399 -12.118851
vt -3.421473 -12.520202
vt -6.069952 -11.955408
vt -6.540646 -11.424734
vt 8.219615 1.251331
vt 6.697106 1.032902
vt 6.368705 1.583284
vt 3.058322 -3.439794
vt 1.112018 -3.167916
vt 13.832106 9.733850
vt 14.367133 10.055303
vt 14.367133 9.670131
vt -8.269484 -11.996497
vt 1.037602 -3.709147
vt -2.207542 -13.020138
vt 14.107047 6.407227
vt 13.962778 6.904181
vt 15.055613 6.407227
vt 13.908832 6.904181
vt 14.100164 7.403828
vt 15.082846 7.403830
vt 14.891514 6.904183
vt -0.268793 0.731207
vt -0.268793 0.673405
vt 0.731207 0.673405
vt 0.731207 0.731207
vt -0.268793 0.384397
vt -0.268793 0.326595
vt 0.731207 0.326595
vt 0.731207 0.384397
vt -0.268793 0.500000
vt -0.268793 0.442198
vt 0.731207 0.442198
vt 0.731207 0.500000
vt -0.268793 0.615603
vt -0.268793 0.557802
vt 0.731207 0.557802
vt 0.731207 0.615603
vt -0.268793 0.268793
vt 0.731207 0.268793
vt -0.268793 0.731207
vt -0.268793 0.673405
vt 0.731207 0.673405
vt 0.731207 0.731207
vt -0.268793 0.384397
vt -0.268793 0.326595
vt 0.731207 0.326595
vt 0.731207 0.384397
vt -0.268793 0.500000
vt -0.268793 0.442198
vt 0.731207 0.442198
vt 0.731207 0.500000
vt -0.268793 0.615603
vt -0.268793 0.557802
vt 0.731207 0.557802
vt 0.731207 0.615603
vt -0.268793 0.268793
vt 0.731207 0.268793
vt -0.268793 0.731207
vt -0.268793 0.673405
vt 0.731207 0.673405
vt 0.731207 0.731207
vt -0.268793 0.384397
vt -0.268793 0.326595
vt 0.731207 0.326595
vt 0.731207 0.384397
vt -0.268793 0.500000
vt -0.268793 0.442198
vt 0.731207 0.442198
vt 0.731207 0.500000
vt -0.268793 0.615603
vt -0.268793 0.557802
vt 0.731207 0.557802
vt 0.731207 0.615603
vt -0.268793 0.268793
vt 0.731207 0.268793
vt -0.268793 0.731207
vt -0.268793 0.673405
vt 0.731207 0.673405
vt 0.731207 0.731207
vt -0.268793 0.384397
vt -0.268793 0.326595
vt 0.731207 0.326595
vt 0.731207 0.384397
vt -0.268793 0.500000
vt -0.268793 0.442198
vt 0.731207 0.442198
vt 0.731207 0.500000
vt -0.268793 0.615603
vt -0.268793 0.557802
vt 0.731207 0.557802
vt 0.731207 0.615603
vt -0.268793 0.268793
vt 0.731207 0.268793
vt -0.268793 0.731207
vt -0.268793 0.673405
vt 0.731207 0.673405
vt 0.731207 0.731207
vt -0.268793 0.384397
vt -0.268793 0.326595
vt 0.731207 0.326595
vt 0.731207 0.419965
vt -0.268793 0.500000
vt -0.268793 0.442198
vt 0.731207 0.500000
vt -0.268793 0.615603
vt -0.268793 0.557802
vt 0.731207 0.557802
vt 0.731207 0.615603
vt -0.268793 0.268793
vt 0.731207 0.268793
vt -0.268793 0.442198
vt 0.731207 0.384397
vt 0.731207 0.442198
vt 0.789934 0.385308
vt 0.783884 0.358193
vt 0.815149 0.361679
vt 0.783884 0.358193
vt 0.783884 0.358193
vt 0.815149 0.361679
vt 0.871453 0.137309
vt 0.810855 0.209518
vt 0.742606 0.217315
vt 0.611457 0.118522
vt 0.612692 0.143620
vt 0.673648 0.210360
vt 0.777835 0.331077
vt 0.862119 0.281591
vt 0.858148 0.340270
vt 0.787308 0.272326
vt 0.856294 0.235210
vt 0.862119 0.281591
vt 0.777835 0.331077
vt 0.783884 0.358193
vt 0.783884 0.358193
vt 0.815149 0.361679
vt 0.000000 0.588799
vt 0.009428 0.850092
vt 0.129453 0.668120
vt 0.000000 0.588799
vt 0.009428 0.850092
vt 0.129453 0.668120
vt 0.000000 0.588799
vt 0.009428 0.850092
vt 0.129453 0.668120
vt 0.009428 0.850092
vt 0.000000 0.588799
vt 0.129453 0.668120
vt 0.580123 0.341236
vt 0.536343 0.392800
vt 0.528811 0.295468
vt 0.445452 0.291525
vt 0.458516 0.397844
vt 0.391749 0.389861
vt 0.485893 0.288559
vt 0.000000 0.588799
vt 0.142464 0.568661
vt 0.129453 0.668120
vt 0.334426 0.519782
vt 0.231615 0.520790
vt 0.270421 0.553044
vt 0.231615 0.520790
vt 0.333600 0.476661
vt 0.334426 0.519782
vt 0.332436 0.415928
vt 0.240684 0.436598
vt 0.000000 0.762994
vt 0.009428 0.850092
vt 0.129453 0.668120
vt 0.000000 0.762994
vt 0.071245 0.762920
vt 0.129453 0.668120
vt 0.129453 0.668120
vt 0.000000 0.675897
vt 0.000000 0.588799
vt 0.000000 0.588799
vt 0.009428 0.850092
vt 0.129453 0.668120
vt 0.777835 0.331077
vt 0.862119 0.281591
vt 0.858148 0.340270
vt 0.742606 0.217315
vt 0.734684 0.169381
vt 0.673648 0.210360
vt 0.815149 0.361679
vt 0.783884 0.358193
vt 0.777835 0.331077
vt 0.734684 0.169381
vt 0.726552 0.120175
vt 0.825007 0.117714
vt 0.810855 0.209518
vt 0.855366 0.190971
vt 0.871453 0.137309
vt 0.445452 0.291525
vt 0.375057 0.299145
vt 0.391749 0.389861
vt 0.485893 0.288559
vt 0.496737 0.400852
vt 0.528811 0.295468
vt 0.580123 0.341236
vt 0.536343 0.392800
vt 0.528811 0.295468
vt 0.665601 0.153991
vt 0.734684 0.169381
vt 0.673648 0.210360
vt 0.612692 0.143620
vt 0.734684 0.169381
vt 0.742606 0.217315
vt 0.789833 0.166257
vt 0.855366 0.190971
vt 0.789833 0.166257
vt 0.871453 0.137309
vt 0.825007 0.117714
vt 0.726552 0.120175
vt 0.391749 0.389861
vt 0.445452 0.291525
vt 0.375057 0.299145
vt 0.485893 0.288559
vt 0.496737 0.400852
vt 0.528811 0.295468
vt 0.781100 0.304951
vt 0.862119 0.281591
vt 0.860568 0.314386
vt 0.142464 0.850092
vt 0.129453 0.668120
vt 0.009428 0.850092
vt 0.129453 0.668120
vt 0.142464 0.568661
vt 0.000000 0.588799
vt 0.009428 0.850092
vt 0.000000 0.588799
vt 0.129453 0.668120
vt 0.777835 0.331077
vt 0.783884 0.358193
vt 0.815149 0.361679
vt 0.781100 0.304951
vt 0.862119 0.281591
vt 0.787308 0.272326
vt 0.787308 0.272326
vt 0.856294 0.235210
vt 0.862119 0.281591
vt 0.777835 0.331077
vt 0.860568 0.314386
vt 0.858148 0.340270
vt 0.783884 0.358193
vt 0.783884 0.358193
vt 0.815149 0.361679
vt 0.789934 0.385308
vt 0.783884 0.358193
vt 0.815149 0.361679
vt 0.673648 0.210360
vt 0.734684 0.169381
vt 0.726552 0.120175
vt 0.734684 0.169381
vt 0.673648 0.210360
vt 0.742606 0.217315
vt 0.789833 0.166257
vt 0.855366 0.190971
vt 0.810855 0.209518
vt 0.789833 0.166257
vt 0.871453 0.137309
vt 0.825007 0.117714
vt 0.777835 0.331077
vt 0.783884 0.358193
vt 0.815149 0.361679
vt 0.781100 0.304951
vt 0.862119 0.281591
vt 0.860568 0.314386
vt 0.612692 0.143620
vt 0.726552 0.120175
vt 0.734684 0.169381
vt 0.777835 0.331077
vt 0.860568 0.314386
vt 0.858148 0.340270
vt 0.783884 0.358193
vt 0.783884 0.358193
vt 0.815149 0.361679
vt 0.789934 0.385308
vt 0.783884 0.358193
vt 0.815149 0.361679
vt 0.391749 0.389861
vt 0.375057 0.299145
vt 0.445452 0.291525
vt 0.485893 0.288559
vt 0.528811 0.295468
vt 0.496737 0.400852
vt 0.536343 0.392800
vt 0.580123 0.341236
vt 0.528811 0.295468
vt 0.334426 0.519782
vt 0.270421 0.553044
vt 0.231615 0.520790
vt 0.332436 0.415928
vt 0.249254 0.356494
vt 0.331618 0.373260
vt 0.333600 0.476661
vt 0.240684 0.436598
vt 0.332436 0.415928
vt 0.235777 0.482188
vt 0.334426 0.519782
vt 0.231615 0.520790
vt 0.000000 0.588799
vt 0.009428 0.850092
vt 0.129453 0.668120
vt 0.009428 0.850092
vt 0.067881 0.937189
vt 0.142464 0.850092
vt 0.009428 0.850092
vt 0.067881 0.937189
vt 0.142464 0.850092
vt 0.726552 0.120175
vt 0.734684 0.169381
vt 0.665601 0.153991
vt 0.665601 0.153991
vt 0.734684 0.169381
vt 0.673648 0.210360
vt 0.612692 0.143620
vt 0.825007 0.117714
vt 0.789833 0.166257
vt 0.726552 0.120175
vt 0.841059 0.156448
vt 0.825007 0.117714
vt 0.871453 0.137309
vt 0.000000 0.588799
vt 0.009428 0.850092
vt 0.129453 0.668120
vt 0.612692 0.143620
vt 0.611457 0.118522
vt 0.726552 0.120175
vt 0.742606 0.217315
vt 0.734684 0.169381
vt 0.789833 0.166257
vt 0.855366 0.190971
vt 0.789833 0.166257
vt 0.871453 0.137309
vt 0.009428 0.850092
vt 0.067881 0.937189
vt 0.142464 0.850092
vt 0.375057 0.299145
vt 0.391749 0.389861
vt 0.445452 0.291525
vt 0.485893 0.288559
vt 0.528811 0.295468
vt 0.496737 0.400852
vt 0.536343 0.392800
vt 0.580123 0.341236
vt 0.528811 0.295468
vt 0.726552 0.120175
vt 0.734684 0.169381
vt 0.665601 0.153991
vt 0.665601 0.153991
vt 0.734684 0.169381
vt 0.673648 0.210360
vt 0.612692 0.143620
vt 0.742606 0.217315
vt 0.825007 0.117714
vt 0.789833 0.166257
vt 0.726552 0.120175
vt 0.841059 0.156448
vt 0.825007 0.117714
vt 0.871453 0.137309
vt 0.391749 0.389861
vt 0.375057 0.299145
vt 0.445452 0.291525
vt 0.485893 0.288559
vt 0.528811 0.295468
vt 0.496737 0.400852
vt 0.580123 0.341236
vt 0.536343 0.392800
vt 0.528811 0.295468
vt 0.142464 0.850092
vt 0.126900 0.937189
vt 0.067881 0.937189
vt 0.142464 0.850092
vt 0.126900 0.937189
vt 0.067881 0.937189
vt 0.009428 0.850092
vt 0.067881 0.937189
vt 0.142464 0.850092
vt 0.009428 0.850092
vt 0.067881 0.937189
vt 0.142464 0.850092
vt 0.815149 0.361679
vt 0.783884 0.358193
vt 0.777835 0.331077
vt 0.781100 0.304951
vt 0.862119 0.281591
vt 0.860568 0.314386
vt 0.777835 0.331077
vt 0.860568 0.314386
vt 0.858148 0.340270
vt 0.783884 0.358193
vt 0.783884 0.358193
vt 0.815149 0.361679
vt 0.789934 0.385308
vt 0.783884 0.358193
vt 0.815149 0.361679
vt 0.673648 0.210360
vt 0.734684 0.169381
vt 0.726552 0.120175
vt 0.789833 0.166257
vt 0.855366 0.190971
vt 0.871453 0.137309
vt 0.142464 0.850092
vt 0.129453 0.668120
vt 0.009428 0.850092
vt 0.815149 0.361679
vt 0.783884 0.358193
vt 0.777835 0.331077
vt 0.787308 0.272326
vt 0.856294 0.235210
vt 0.862119 0.281591
vt 0.777835 0.331077
vt 0.860568 0.314386
vt 0.858148 0.340270
vt 0.783884 0.358193
vt 0.783884 0.358193
vt 0.815149 0.361679
vt 0.789934 0.385308
vt 0.783884 0.358193
vt 0.815149 0.361679
vt 0.673648 0.210360
vt 0.734684 0.169381
vt 0.726552 0.120175
vt 0.142464 0.850092
vt 0.126900 0.937189
vt 0.067881 0.937189
vt 0.391749 0.389861
vt 0.375057 0.299145
vt 0.445452 0.291525
vt 0.334426 0.519782
vt 0.270421 0.553044
vt 0.231615 0.520790
vt 0.332436 0.415928
vt 0.249254 0.356494
vt 0.331618 0.373260
vt 0.787308 0.272326
vt 0.856294 0.235210
vt 0.862119 0.281591
vt 0.485893 0.288559
vt 0.496737 0.400852
vt 0.528811 0.295468
vt 0.235777 0.482188
vt 0.334426 0.519782
vt 0.231615 0.520790
vt 0.142464 0.850092
vt 0.126900 0.937189
vt 0.067881 0.937189
vt 0.009428 0.850092
vt 0.067881 0.937189
vt 0.142464 0.850092
vt 0.009428 0.850092
vt 0.067881 0.937189
vt 0.142464 0.850092
vt 0.726552 0.120175
vt 0.734684 0.169381
vt 0.665601 0.153991
vt 0.665601 0.153991
vt 0.734684 0.169381
vt 0.673648 0.210360
vt 0.612692 0.143620
vt 0.734684 0.169381
vt 0.742606 0.217315
vt 0.789833 0.166257
vt 0.825007 0.117714
vt 0.789833 0.166257
vt 0.726552 0.120175
vt 0.841059 0.156448
vt 0.871453 0.137309
vt 0.000000 0.588799
vt 0.009428 0.850092
vt 0.129453 0.668120
vt 0.612692 0.143620
vt 0.611457 0.118522
vt 0.726552 0.120175
vt 0.742606 0.217315
vt 0.734684 0.169381
vt 0.789833 0.166257
vt 0.825007 0.117714
vt 0.789833 0.166257
vt 0.726552 0.120175
vt 0.375057 0.299145
vt 0.445452 0.291525
vt 0.391749 0.389861
vt 0.485893 0.288559
vt 0.496737 0.400852
vt 0.528811 0.295468
vt 0.580123 0.341236
vt 0.536343 0.392800
vt 0.528811 0.295468
vt 0.789934 0.385308
vt 0.783884 0.358193
vt 0.815149 0.361679
vt 0.665601 0.153991
vt 0.734684 0.169381
vt 0.673648 0.210360
vt 0.612692 0.143620
vt 0.742606 0.217315
vt 0.734684 0.169381
vt 0.789833 0.166257
vt 0.742606 0.217315
vt 0.734684 0.169381
vt 0.810855 0.209518
vt 0.825007 0.117714
vt 0.789833 0.166257
vt 0.726552 0.120175
vt 0.841059 0.156448
vt 0.825007 0.117714
vt 0.871453 0.137309
vt 0.332436 0.415928
vt 0.249254 0.356494
vt 0.331618 0.373260
vt 0.485893 0.288559
vt 0.496737 0.400852
vt 0.528811 0.295468
vt 0.580123 0.341236
vt 0.536343 0.392800
vt 0.528811 0.295468
vt 0.815149 0.361679
vt 0.783884 0.358193
vt 0.777835 0.331077
vt 0.000000 0.588799
vt 0.009428 0.850092
vt 0.129453 0.668120
vt 0.009428 0.850092
vt 0.067881 0.937189
vt 0.142464 0.850092
vt 0.009428 0.850092
vt 0.000000 0.588799
vt 0.129453 0.668120
vt 0.142464 0.850092
vt 0.126900 0.937189
vt 0.067881 0.937189
vt 0.815149 0.361679
vt 0.783884 0.358193
vt 0.777835 0.331077
vt 0.781100 0.304951
vt 0.862119 0.281591
vt 0.860568 0.314386
vt 0.787308 0.272326
vt 0.856294 0.235210
vt 0.862119 0.281591
vt 0.777835 0.331077
vt 0.860568 0.314386
vt 0.858148 0.340270
vt 0.783884 0.358193
vt 0.789934 0.385308
vt 0.783884 0.358193
vt 0.815149 0.361679
vt 0.612692 0.143620
vt 0.611457 0.118522
vt 0.726552 0.120175
vt 0.734684 0.169381
vt 0.673648 0.210360
vt 0.742606 0.217315
vt 0.855366 0.190971
vt 0.789833 0.166257
vt 0.871453 0.137309
vt 0.825007 0.117714
vt 0.789833 0.166257
vt 0.815149 0.361679
vt 0.783884 0.358193
vt 0.777835 0.331077
vt 0.781100 0.304951
vt 0.862119 0.281591
vt 0.860568 0.314386
vt 0.787308 0.272326
vt 0.856294 0.235210
vt 0.807055 0.228707
vt 0.860568 0.314386
vt 0.781100 0.304951
vt 0.783884 0.358193
vt 0.783884 0.358193
vt 0.815149 0.361679
vt 0.789934 0.385308
vt 0.783884 0.358193
vt 0.815149 0.361679
vt 0.000000 0.588799
vt 0.009428 0.850092
vt 0.129453 0.668120
vt 0.391749 0.389861
vt 0.445452 0.291525
vt 0.375057 0.299145
vt 0.485893 0.288559
vt 0.528811 0.295468
vt 0.496737 0.400852
vt 0.536343 0.392800
vt 0.580123 0.341236
vt 0.528811 0.295468
vt 0.580123 0.341236
vt 0.536343 0.392800
vt 0.528811 0.295468
vt 0.333600 0.476661
vt 0.240684 0.436598
vt 0.332436 0.415928
vt 0.235777 0.482188
vt 0.000000 0.588799
vt 0.009428 0.850092
vt 0.129453 0.668120
vt 0.142464 0.850092
vt 0.126900 0.937189
vt 0.067881 0.937189
vt 0.000000 0.588799
vt 0.009428 0.850092
vt 0.129453 0.668120
vt 0.726552 0.120175
vt 0.734684 0.169381
vt 0.665601 0.153991
vt 0.665601 0.153991
vt 0.734684 0.169381
vt 0.673648 0.210360
vt 0.612692 0.143620
vt 0.742606 0.217315
vt 0.734684 0.169381
vt 0.789833 0.166257
vt 0.825007 0.117714
vt 0.789833 0.166257
vt 0.726552 0.120175
vt 0.660954 0.121440
vt 0.665601 0.153991
vt 0.726552 0.120175
vt 0.871453 0.137309
vt 0.825007 0.117714
vt 0.841059 0.156448
vt 0.009428 0.850092
vt 0.000000 0.588799
vt 0.129453 0.668120
vt 0.726552 0.120175
vt 0.742606 0.217315
vt 0.734684 0.169381
vt 0.789833 0.166257
vt 0.871453 0.137309
vt 0.825007 0.117714
vt 0.391749 0.389861
vt 0.375057 0.299145
vt 0.445452 0.291525
vt 0.485893 0.288559
vt 0.528811 0.295468
vt 0.496737 0.400852
vt 0.580123 0.341236
vt 0.536343 0.392800
vt 0.528811 0.295468
vt 0.726552 0.120175
vt 0.734684 0.169381
vt 0.665601 0.153991
vt 0.665601 0.153991
vt 0.734684 0.169381
vt 0.673648 0.210360
vt 0.612692 0.143620
vt 0.742606 0.217315
vt 0.789833 0.166257
vt 0.825007 0.117714
vt 0.789833 0.166257
vt 0.726552 0.120175
vt 0.871453 0.137309
vt 0.825007 0.117714
vt 0.841059 0.156448
vt 0.391749 0.389861
vt 0.375057 0.299145
vt 0.445452 0.291525
vt 0.485893 0.288559
vt 0.528811 0.295468
vt 0.496737 0.400852
vt 0.580123 0.341236
vt 0.536343 0.392800
vt 0.528811 0.295468
vt 0.142464 0.850092
vt 0.126900 0.937189
vt 0.067881 0.937189
vt 0.000000 0.588799
vt 0.009428 0.850092
vt 0.129453 0.668120
vt 0.142464 0.850092
vt 0.126900 0.937189
vt 0.067881 0.937189
vt 0.142464 0.850092
vt 0.126900 0.937189
vt 0.067881 0.937189
vt 0.781100 0.304951
vt 0.862119 0.281591
vt 0.860568 0.314386
vt 0.787308 0.272326
vt 0.856294 0.235210
vt 0.807055 0.228707
vt 0.777835 0.331077
vt 0.860568 0.314386
vt 0.858148 0.340270
vt 0.783884 0.358193
vt 0.789934 0.385308
vt 0.783884 0.358193
vt 0.815149 0.361679
vt 0.612692 0.143620
vt 0.611457 0.118522
vt 0.726552 0.120175
vt 0.742606 0.217315
vt 0.734684 0.169381
vt 0.789833 0.166257
vt 0.789833 0.166257
vt 0.871453 0.137309
vt 0.825007 0.117714
vt 0.777835 0.331077
vt 0.781100 0.304951
vt 0.862119 0.281591
vt 0.860568 0.314386
vt 0.787308 0.272326
vt 0.856294 0.235210
vt 0.862119 0.281591
vt 0.858148 0.340270
vt 0.783884 0.358193
vt 0.789934 0.385308
vt 0.783884 0.358193
vt 0.815149 0.361679
vt 0.142464 0.850092
vt 0.126900 0.937189
vt 0.067881 0.937189
vt 0.391749 0.389861
vt 0.375057 0.299145
vt 0.445452 0.291525
vt 0.485893 0.288559
vt 0.496737 0.400852
vt 0.528811 0.295468
vt 0.536343 0.392800
vt 0.580123 0.341236
vt 0.528811 0.295468
vt 0.334426 0.519782
vt 0.270421 0.553044
vt 0.231615 0.520790
vt 0.333600 0.476661
vt 0.240684 0.436598
vt 0.235777 0.482188
vt 0.334426 0.519782
vt 0.231615 0.520790
vt 0.000000 0.588799
vt 0.009428 0.850092
vt 0.129453 0.668120
vt 0.142464 0.850092
vt 0.126900 0.937189
vt 0.067881 0.937189
vt 0.009428 0.850092
vt 0.067881 0.937189
vt 0.142464 0.850092
vt 0.665601 0.153991
vt 0.726552 0.120175
vt 0.660954 0.121440
vt 0.665601 0.153991
vt 0.734684 0.169381
vt 0.673648 0.210360
vt 0.612692 0.143620
vt 0.742606 0.217315
vt 0.789833 0.166257
vt 0.825007 0.117714
vt 0.789833 0.166257
vt 0.726552 0.120175
vt 0.841059 0.156448
vt 0.871453 0.137309
vt 0.009428 0.850092
vt 0.067881 0.937189
vt 0.142464 0.850092
vt 0.673648 0.210360
vt 0.734684 0.169381
vt 0.726552 0.120175
vt 0.734684 0.169381
vt 0.673648 0.210360
vt 0.742606 0.217315
vt 0.855366 0.190971
vt 0.789833 0.166257
vt 0.871453 0.137309
vt 0.825007 0.117714
vt 0.871453 0.137309
vt 0.789833 0.166257
vt 0.391749 0.389861
vt 0.375057 0.299145
vt 0.445452 0.291525
vt 0.580123 0.341236
vt 0.536343 0.392800
vt 0.528811 0.295468
vt 0.665601 0.153991
vt 0.673648 0.210360
vt 0.612692 0.143620
vt 0.734684 0.169381
vt 0.742606 0.217315
vt 0.789833 0.166257
vt 0.825007 0.117714
vt 0.726552 0.120175
vt 0.841059 0.156448
vt 0.871453 0.137309
vt 0.391749 0.389861
vt 0.375057 0.299145
vt 0.445452 0.291525
vt 0.485893 0.288559
vt 0.496737 0.400852
vt 0.528811 0.295468
vt 0.580123 0.341236
vt 0.536343 0.392800
vt 0.528811 0.295468
vt 0.142464 0.850092
vt 0.126900 0.937189
vt 0.067881 0.937189
vt 0.000000 0.588799
vt 0.009428 0.850092
vt 0.129453 0.668120
vt 0.000000 0.588799
vt 0.009428 0.850092
vt 0.129453 0.668120
vt 0.815149 0.361679
vt 0.783884 0.358193
vt 0.777835 0.331077
vt 0.781100 0.304951
vt 0.862119 0.281591
vt 0.860568 0.314386
vt 0.787308 0.272326
vt 0.856294 0.235210
vt 0.862119 0.281591
vt 0.860568 0.314386
vt 0.858148 0.340270
vt 0.783884 0.358193
vt 0.789934 0.385308
vt 0.783884 0.358193
vt 0.612692 0.143620
vt 0.611457 0.118522
vt 0.726552 0.120175
vt 0.734684 0.169381
vt 0.673648 0.210360
vt 0.742606 0.217315
vt 0.789833 0.166257
vt 0.855366 0.190971
vt 0.871453 0.137309
vt 0.142464 0.850092
vt 0.067881 0.937189
vt 0.126900 0.937189
vt 0.777835 0.331077
vt 0.781100 0.304951
vt 0.860568 0.314386
vt 0.391749 0.389861
vt 0.445452 0.291525
vt 0.375057 0.299145
vt 0.777835 0.331077
vt 0.860568 0.314386
vt 0.858148 0.340270
vt 0.783884 0.358193
vt 0.789934 0.385308
vt 0.009428 0.850092
vt 0.067881 0.937189
vt 0.142464 0.850092
vt 0.391749 0.389861
vt 0.445452 0.291525
vt 0.375057 0.299145
vt 0.485893 0.288559
vt 0.496737 0.400852
vt 0.580123 0.341236
vt 0.536343 0.392800
vt 0.000000 0.588799
vt 0.009428 0.850092
vt 0.129453 0.668120
vt 0.334426 0.519782
vt 0.270421 0.553044
vt 0.231615 0.520790
vt 0.332436 0.415928
vt 0.249254 0.356494
vt 0.331618 0.373260
vt 0.240684 0.436598
vt 0.333600 0.476661
vt 0.332436 0.415928
vt 0.235777 0.482188
vt 0.334426 0.519782
vt 0.231615 0.520790
vt 0.000000 0.588799
vt 0.009428 0.850092
vt 0.129453 0.668120
vt 0.142464 0.850092
vt 0.126900 0.937189
vt 0.067881 0.937189
vt 0.009428 0.850092
vt 0.067881 0.937189
vt 0.142464 0.850092
vt 0.333600 0.476661
vt 0.240684 0.436598
vt 0.332436 0.415928
vt 0.665601 0.153991
vt 0.734684 0.169381
vt 0.673648 0.210360
vt 0.612692 0.143620
vt 0.734684 0.169381
vt 0.742606 0.217315
vt 0.789833 0.166257
vt 0.825007 0.117714
vt 0.789833 0.166257
vt 0.726552 0.120175
vt 0.841059 0.156448
vt 0.825007 0.117714
vt 0.871453 0.137309
vt 0.142464 0.850092
vt 0.126900 0.937189
vt 0.067881 0.937189
vt 0.673648 0.210360
vt 0.734684 0.169381
vt 0.726552 0.120175
vt 0.742606 0.217315
vt 0.734684 0.169381
vt 0.825007 0.117714
vt 0.789833 0.166257
vt 0.726552 0.120175
vt 0.391749 0.389861
vt 0.375057 0.299145
vt 0.445452 0.291525
vt 0.485893 0.288559
vt 0.496737 0.400852
vt 0.528811 0.295468
vt 0.536343 0.392800
vt 0.580123 0.341236
vt 0.665601 0.153991
vt 0.734684 0.169381
vt 0.673648 0.210360
vt 0.612692 0.143620
vt 0.742606 0.217315
vt 0.734684 0.169381
vt 0.789833 0.166257
vt 0.825007 0.117714
vt 0.789833 0.166257
vt 0.726552 0.120175
vt 0.841059 0.156448
vt 0.871453 0.137309
vt 0.391749 0.389861
vt 0.375057 0.299145
vt 0.445452 0.291525
vt 0.485893 0.288559
vt 0.528811 0.295468
vt 0.496737 0.400852
vt 0.580123 0.341236
vt 0.536343 0.392800
vt 0.009428 0.850092
vt 0.000000 0.588799
vt 0.129453 0.668120
vt 0.142464 0.850092
vt 0.126900 0.937189
vt 0.067881 0.937189
vt 0.142464 0.850092
vt 0.126900 0.937189
vt 0.067881 0.937189
vt 0.142464 0.850092
vt 0.126900 0.937189
vt 0.067881 0.937189
vt 0.777835 0.331077
vt 0.783884 0.358193
vt 0.815149 0.361679
vt 0.781100 0.304951
vt 0.862119 0.281591
vt 0.787308 0.272326
vt 0.856294 0.235210
vt 0.777835 0.331077
vt 0.858148 0.340270
vt 0.783884 0.358193
vt 0.783884 0.358193
vt 0.815149 0.361679
vt 0.812307 0.387684
vt 0.835228 0.363977
vt 0.612692 0.143620
vt 0.611457 0.118522
vt 0.726552 0.120175
vt 0.734684 0.169381
vt 0.673648 0.210360
vt 0.742606 0.217315
vt 0.789833 0.166257
vt 0.855366 0.190971
vt 0.871453 0.137309
vt 0.825007 0.117714
vt 0.726552 0.120175
vt 0.783884 0.358193
vt 0.781100 0.304951
vt 0.862119 0.281591
vt 0.787308 0.272326
vt 0.856294 0.235210
vt 0.862119 0.281591
vt 0.777835 0.331077
vt 0.860568 0.314386
vt 0.858148 0.340270
vt 0.783884 0.358193
vt 0.789934 0.385308
vt 0.000000 0.588799
vt 0.009428 0.850092
vt 0.129453 0.668120
vt 0.391749 0.389861
vt 0.375057 0.299145
vt 0.445452 0.291525
vt 0.485893 0.288559
vt 0.496737 0.400852
vt 0.528811 0.295468
vt 0.580123 0.341236
vt 0.536343 0.392800
vt 0.528811 0.295468
vt 0.334426 0.519782
vt 0.270421 0.553044
vt 0.231615 0.520790
vt 0.391749 0.389861
vt 0.445452 0.291525
vt 0.375057 0.299145
vt 0.249254 0.356494
vt 0.331618 0.373260
vt 0.333600 0.476661
vt 0.240684 0.436598
vt 0.235777 0.482188
vt 0.142464 0.850092
vt 0.126900 0.937189
vt 0.067881 0.937189
vt 0.009428 0.850092
vt 0.067881 0.937189
vt 0.142464 0.850092
vt 0.000000 0.588799
vt 0.009428 0.850092
vt 0.129453 0.668120
vt 0.726552 0.120175
vt 0.734684 0.169381
vt 0.665601 0.153991
vt 0.673648 0.210360
vt 0.612692 0.143620
vt 0.000000 0.588799
vt 0.009428 0.850092
vt 0.129453 0.668120
vt 0.742606 0.217315
vt 0.825007 0.117714
vt 0.789833 0.166257
vt 0.841059 0.156448
vt 0.871453 0.137309
vt 0.142464 0.850092
vt 0.126900 0.937189
vt 0.067881 0.937189
vt 0.726552 0.120175
vt 0.334426 0.519782
vt 0.270421 0.553044
vt 0.231615 0.520790
vt 0.742606 0.217315
vt 0.789833 0.166257
vt 0.855366 0.190971
vt 0.871453 0.137309
vt 0.825007 0.117714
vt 0.391749 0.389861
vt 0.375057 0.299145
vt 0.445452 0.291525
vt 0.485893 0.288559
vt 0.496737 0.400852
vt 0.580123 0.341236
vt 0.536343 0.392800
vt 0.673648 0.210360
vt 0.612692 0.143620
vt 0.742606 0.217315
vt 0.734684 0.169381
vt 0.789833 0.166257
vt 0.789833 0.166257
vt 0.841059 0.156448
vt 0.825007 0.117714
vt 0.871453 0.137309
vt 0.391749 0.389861
vt 0.375057 0.299145
vt 0.445452 0.291525
vt 0.485893 0.288559
vt 0.496737 0.400852
vt 0.536343 0.392800
vt 0.580123 0.341236
vt 0.528811 0.295468
vt 0.000000 0.588799
vt 0.009428 0.850092
vt 0.129453 0.668120
vt 0.142464 0.850092
vt 0.126900 0.937189
vt 0.067881 0.937189
vt 0.009428 0.850092
vt 0.067881 0.937189
vt 0.142464 0.850092
vt 0.009428 0.850092
vt 0.067881 0.937189
vt 0.142464 0.850092
vt 0.783884 0.358193
vt 0.781100 0.304951
vt 0.862119 0.281591
vt 0.860568 0.314386
vt 0.787308 0.272326
vt 0.856294 0.235210
vt 0.777835 0.331077
vt 0.860568 0.314386
vt 0.858148 0.340270
vt 0.612692 0.143620
vt 0.611457 0.118522
vt 0.726552 0.120175
vt 0.742606 0.217315
vt 0.734684 0.169381
vt 0.789833 0.166257
vt 0.855366 0.190971
vt 0.871453 0.137309
vt 0.789833 0.166257
vt 0.871453 0.137309
vt 0.825007 0.117714
vt 0.815149 0.361679
vt 0.783884 0.358193
vt 0.787308 0.272326
vt 0.856294 0.235210
vt 0.783884 0.358193
vt 0.789934 0.385308
vt 0.142464 0.850092
vt 0.126900 0.937189
vt 0.067881 0.937189
vt 0.391749 0.389861
vt 0.375057 0.299145
vt 0.445452 0.291525
vt 0.485893 0.288559
vt 0.528811 0.295468
vt 0.496737 0.400852
vt 0.580123 0.341236
vt 0.536343 0.392800
vt 0.528811 0.295468
vt 0.334426 0.519782
vt 0.270421 0.553044
vt 0.231615 0.520790
vt 0.332436 0.415928
vt 0.249254 0.356494
vt 0.331618 0.373260
vt 0.333600 0.476661
vt 0.240684 0.436598
vt 0.235777 0.482188
vt 0.334426 0.519782
vt 0.000000 0.588799
vt 0.009428 0.850092
vt 0.129453 0.668120
vt 0.009428 0.850092
vt 0.067881 0.937189
vt 0.142464 0.850092
vt 0.142464 0.850092
vt 0.126900 0.937189
vt 0.067881 0.937189
vt 0.665601 0.153991
vt 0.726552 0.120175
vt 0.660954 0.121440
vt 0.665601 0.153991
vt 0.734684 0.169381
vt 0.673648 0.210360
vt 0.612692 0.143620
vt 0.742606 0.217315
vt 0.825007 0.117714
vt 0.789833 0.166257
vt 0.726552 0.120175
vt 0.841059 0.156448
vt 0.825007 0.117714
vt 0.871453 0.137309
vt 0.000000 0.588799
vt 0.009428 0.850092
vt 0.129453 0.668120
vt 0.673648 0.210360
vt 0.734684 0.169381
vt 0.726552 0.120175
vt 0.742606 0.217315
vt 0.734684 0.169381
vt 0.789833 0.166257
vt 0.855366 0.190971
vt 0.825007 0.117714
vt 0.391749 0.389861
vt 0.445452 0.291525
vt 0.375057 0.299145
vt 0.485893 0.288559
vt 0.496737 0.400852
vt 0.580123 0.341236
vt 0.536343 0.392800
vt 0.665601 0.153991
vt 0.734684 0.169381
vt 0.673648 0.210360
vt 0.612692 0.143620
vt 0.742606 0.217315
vt 0.734684 0.169381
vt 0.789833 0.166257
vt 0.825007 0.117714
vt 0.789833 0.166257
vt 0.726552 0.120175
vt 0.841059 0.156448
vt 0.871453 0.137309
vt 0.485893 0.288559
vt 0.528811 0.295468
vt 0.496737 0.400852
vt 0.580123 0.341236
vt 0.536343 0.392800
vt 0.000000 0.588799
vt 0.009428 0.850092
vt 0.129453 0.668120
vt 0.142464 0.850092
vt 0.126900 0.937189
vt 0.067881 0.937189
vt 0.142464 0.850092
vt 0.126900 0.937189
vt 0.067881 0.937189
vt 0.142464 0.850092
vt 0.126900 0.937189
vt 0.067881 0.937189
vt 0.777835 0.331077
vt 0.781100 0.304951
vt 0.860568 0.314386
vt 0.787308 0.272326
vt 0.856294 0.235210
vt 0.862119 0.281591
vt 0.860568 0.314386
vt 0.783884 0.358193
vt 0.000000 0.588799
vt 0.009428 0.850092
vt 0.129453 0.668120
vt 0.726552 0.120175
vt 0.742606 0.217315
vt 0.235777 0.482188
vt 0.334426 0.519782
vt 0.231615 0.520790
vt 0.789833 0.166257
vt 0.871453 0.137309
vt 0.825007 0.117714
vt 0.726552 0.120175
vt 0.665601 0.153991
vt 0.665601 0.153991
vt 0.673648 0.210360
vt 0.612692 0.143620
vt 0.742606 0.217315
vt 0.734684 0.169381
vt 0.789833 0.166257
vt 0.726552 0.120175
vt 0.841059 0.156448
vt 0.825007 0.117714
vt 0.871453 0.137309
vt 0.111967 0.937189
vt 0.142464 0.850092
vt 0.126900 0.937189
vt 0.825007 0.117714
vt 0.391749 0.389861
vt 0.445452 0.291525
vt 0.375057 0.299145
vt 0.789934 0.385308
vt 0.783884 0.358193
vt 0.783884 0.358193
vt 0.815149 0.361679
vt 0.789934 0.385308
vt 0.812307 0.387684
vt 0.815149 0.361679
vt 0.129453 0.668120
vt 0.142464 0.762994
vt 0.000000 0.762994
vt 0.855366 0.190971
vt 0.787308 0.272326
vt 0.856294 0.235210
vt 0.807055 0.228707
vt 0.815149 0.361679
vt 0.783884 0.358193
vt 0.777835 0.331077
vt 0.783884 0.358193
vt 0.783884 0.358193
vt 0.815149 0.361679
vt 0.815149 0.361679
vt 0.783884 0.358193
vt 0.777835 0.331077
vt 0.536343 0.392800
vt 0.580123 0.341236
vt 0.528811 0.295468
vt 0.331618 0.373260
vt 0.294612 0.334823
vt 0.249254 0.356494
vt 0.000000 0.588799
vt 0.142464 0.568661
vt 0.129453 0.668120
vt 0.240684 0.436598
vt 0.333600 0.476661
vt 0.332436 0.415928
vt 0.580123 0.341236
vt 0.536343 0.392800
vt 0.009428 0.850092
vt 0.000000 0.588799
vt 0.129453 0.668120
vt 0.612692 0.143620
vt 0.726552 0.120175
vt 0.142464 0.850092
vt 0.126900 0.937189
vt 0.067881 0.937189
vt 0.742606 0.217315
vt 0.810855 0.209518
vt 0.009428 0.850092
vt 0.000000 0.588799
vt 0.129453 0.668120
vt 0.391749 0.389861
vt 0.375057 0.299145
vt 0.445452 0.291525
vt 0.375057 0.299145
vt 0.445452 0.291525
vt 0.391749 0.389861
vt 0.000000 0.588799
vt 0.009428 0.850092
vt 0.129453 0.668120
vt 0.855366 0.190971
vt 0.789833 0.166257
vt 0.871453 0.137309
vt 0.673648 0.210360
vt 0.825007 0.117714
vt 0.485893 0.288559
vt 0.528811 0.295468
vt 0.496737 0.400852
vt 0.536343 0.392800
vt 0.580123 0.341236
vt 0.660954 0.121440
vt 0.665601 0.153991
vt 0.734684 0.169381
vt 0.673648 0.210360
vt 0.612692 0.143620
vt 0.660954 0.121440
vt 0.726552 0.120175
vt 0.825007 0.117714
vt 0.789833 0.166257
vt 0.726552 0.120175
vt 0.855366 0.190971
vt 0.871453 0.137309
vt 0.825007 0.117714
vt 0.375057 0.299145
vt 0.391749 0.389861
vt 0.445452 0.291525
vt 0.009428 0.850092
vt 0.067881 0.937189
vt 0.142464 0.850092
vt 0.536343 0.392800
vt 0.580123 0.341236
vt 0.142464 0.850092
vt 0.129453 0.668120
vt 0.009428 0.850092
vt 0.781100 0.304951
vt 0.789833 0.166257
vt 0.871453 0.137309
vt 0.825007 0.117714
vt 0.000000 0.588799
vt 0.009428 0.850092
vt 0.129453 0.668120
vt 0.000000 0.588799
vt 0.009428 0.850092
vt 0.129453 0.668120
vt 0.000000 0.588799
vt 0.009428 0.850092
vt 0.129453 0.668120
vt 0.855366 0.190971
vt 0.871453 0.137309
vt 0.787308 0.272326
vt 0.856294 0.235210
vt 0.862119 0.281591
vt 0.783884 0.358193
vt 0.777835 0.331077
vt 0.810855 0.209518
vt 0.742606 0.217315
vt 0.825007 0.117714
vt 0.855366 0.190971
vt 0.777835 0.331077
vt 0.862119 0.281591
vt 0.858148 0.340270
vt 0.787308 0.272326
vt 0.856294 0.235210
vt 0.783884 0.358193
vt 0.783884 0.358193
vt 0.815149 0.361679
vt 0.000000 0.588799
vt 0.009428 0.850092
vt 0.129453 0.668120
vt 0.391749 0.389861
vt 0.375057 0.299145
vt 0.445452 0.291525
vt 0.580123 0.341236
vt 0.536343 0.392800
vt 0.528811 0.295468
vt 0.496737 0.400852
vt 0.536343 0.392800
vt 0.528811 0.295468
vt 0.235777 0.482188
vt 0.333600 0.476661
vt 0.334426 0.519782
vt 0.240684 0.436598
vt 0.000000 0.588799
vt 0.009428 0.850092
vt 0.129453 0.668120
vt 0.249254 0.356494
vt 0.294612 0.334823
vt 0.331618 0.373260
vt 0.391749 0.389861
vt 0.375057 0.299145
vt 0.445452 0.291525
vt 0.009428 0.850092
vt 0.067881 0.937189
vt 0.142464 0.850092
vt 0.777835 0.331077
vt 0.862119 0.281591
vt 0.858148 0.340270
vt 0.009428 0.850092
vt 0.067881 0.937189
vt 0.142464 0.850092
vt 0.009428 0.850092
vt 0.000000 0.588799
vt 0.129453 0.668120
vt 0.612692 0.143620
vt 0.726552 0.120175
vt 0.734684 0.169381
vt 0.612692 0.143620
vt 0.734684 0.169381
vt 0.673648 0.210360
vt 0.742606 0.217315
vt 0.734684 0.169381
vt 0.789833 0.166257
vt 0.855366 0.190971
vt 0.789833 0.166257
vt 0.871453 0.137309
vt 0.825007 0.117714
vt 0.789833 0.166257
vt 0.009428 0.850092
vt 0.000000 0.588799
vt 0.129453 0.668120
vt 0.000000 0.588799
vt 0.009428 0.850092
vt 0.129453 0.668120
vt 0.810855 0.209518
vt 0.855366 0.190971
vt 0.825007 0.117714
vt 0.391749 0.389861
vt 0.375057 0.299145
vt 0.445452 0.291525
vt 0.580123 0.341236
vt 0.536343 0.392800
vt 0.528811 0.295468
vt 0.580123 0.341236
vt 0.536343 0.392800
vt 0.528811 0.295468
vt 0.496737 0.400852
vt 0.458516 0.397844
vt 0.485893 0.288559
vt 0.825007 0.117714
vt 0.673648 0.210360
vt 0.742606 0.217315
vt 0.734684 0.169381
vt 0.789833 0.166257
vt 0.855366 0.190971
vt 0.789833 0.166257
vt 0.871453 0.137309
vt 0.825007 0.117714
vt 0.726552 0.120175
vt 0.391749 0.389861
vt 0.375057 0.299145
vt 0.445452 0.291525
vt 0.580123 0.341236
vt 0.496737 0.400852
vt 0.458516 0.397844
vt 0.485893 0.288559
vt 0.142464 0.850092
vt 0.126900 0.937189
vt 0.067881 0.937189
vt 0.009428 0.850092
vt 0.067881 0.937189
vt 0.142464 0.850092
vt 0.000000 0.588799
vt 0.009428 0.850092
vt 0.129453 0.668120
vt 0.000000 0.588799
vt 0.009428 0.850092
vt 0.129453 0.668120
vt 0.858148 0.340270
vt 0.742606 0.217315
vt 0.734684 0.169381
vt 0.742606 0.217315
vt 0.783884 0.358193
vt 0.783884 0.358193
vt 0.815149 0.361679
vt 0.789934 0.385308
vt 0.812307 0.387684
vt 0.815149 0.361679
vt 0.810855 0.209518
vt 0.742606 0.217315
vt 0.825007 0.117714
vt 0.783884 0.358193
vt 0.862119 0.281591
vt 0.858148 0.340270
vt 0.612692 0.143620
vt 0.726552 0.120175
vt 0.734684 0.169381
vt 0.332436 0.415928
vt 0.333600 0.476661
vt 0.240684 0.436598
vt 0.783884 0.358193
vt 0.783884 0.358193
vt 0.815149 0.361679
vt 0.777835 0.331077
vt 0.009428 0.850092
vt 0.075946 0.850092
vt 0.142464 0.850092
vt 0.126900 0.937189
vt 0.067881 0.937189
vt 0.391749 0.389861
vt 0.375057 0.299145
vt 0.445452 0.291525
vt 0.496737 0.400852
vt 0.458516 0.397844
vt 0.485893 0.288559
vt 0.249254 0.356494
vt 0.294612 0.334823
vt 0.331618 0.373260
vt 0.009428 0.850092
vt 0.000000 0.588799
vt 0.129453 0.668120
vt 0.142464 0.850092
vt 0.126900 0.937189
vt 0.067881 0.937189
vt 0.742606 0.217315
vt 0.789833 0.166257
vt 0.612692 0.143620
vt 0.726552 0.120175
vt 0.734684 0.169381
vt 0.612692 0.143620
vt 0.673648 0.210360
vt 0.742606 0.217315
vt 0.789833 0.166257
vt 0.855366 0.190971
vt 0.789833 0.166257
vt 0.871453 0.137309
vt 0.825007 0.117714
vt 0.726552 0.120175
vt 0.235777 0.482188
vt 0.333600 0.476661
vt 0.334426 0.519782
vt 0.270421 0.553044
vt 0.810855 0.209518
vt 0.742606 0.217315
vt 0.825007 0.117714
vt 0.391749 0.389861
vt 0.375057 0.299145
vt 0.445452 0.291525
vt 0.536343 0.392800
vt 0.580123 0.341236
vt 0.528811 0.295468
vt 0.536343 0.392800
vt 0.580123 0.341236
vt 0.528811 0.295468
vt 0.496737 0.400852
vt 0.673648 0.210360
vt 0.742606 0.217315
vt 0.855366 0.190971
vt 0.871453 0.137309
vt 0.825007 0.117714
vt 0.612692 0.143620
vt 0.726552 0.120175
vt 0.391749 0.389861
vt 0.375057 0.299145
vt 0.445452 0.291525
vt 0.580123 0.341236
vt 0.536343 0.392800
vt 0.528811 0.295468
vt 0.496737 0.400852
vt 0.458516 0.397844
vt 0.485893 0.288559
vt 0.009428 0.850092
vt 0.067881 0.937189
vt 0.142464 0.850092
vt 0.142464 0.850092
vt 0.126900 0.937189
vt 0.067881 0.937189
vt 0.862119 0.281591
vt 0.858148 0.340270
vt 0.142464 0.850092
vt 0.126900 0.937189
vt 0.067881 0.937189
vt 0.000000 0.588799
vt 0.009428 0.850092
vt 0.129453 0.668120
vt 0.781100 0.304951
vt 0.777835 0.331077
vt 0.860568 0.314386
vt 0.777835 0.331077
vt 0.858148 0.340270
vt 0.787308 0.272326
vt 0.856294 0.235210
vt 0.862119 0.281591
vt 0.783884 0.358193
vt 0.235777 0.482188
vt 0.333600 0.476661
vt 0.334426 0.519782
vt 0.810855 0.209518
vt 0.855366 0.190971
vt 0.825007 0.117714
vt 0.787308 0.272326
vt 0.856294 0.235210
vt 0.783884 0.358193
vt 0.815149 0.361679
vt 0.783884 0.358193
vt 0.391749 0.389861
vt 0.375057 0.299145
vt 0.445452 0.291525
vt 0.496737 0.400852
vt 0.458516 0.397844
vt 0.485893 0.288559
vt 0.333600 0.476661
vt 0.235777 0.482188
vt 0.240684 0.436598
vt 0.580123 0.341236
vt 0.536343 0.392800
vt 0.528811 0.295468
vt 0.249254 0.356494
vt 0.294612 0.334823
vt 0.331618 0.373260
vt 0.142464 0.850092
vt 0.126900 0.937189
vt 0.067881 0.937189
vt 0.009428 0.850092
vt 0.000000 0.588799
vt 0.129453 0.668120
vt 0.009428 0.850092
vt 0.000000 0.588799
vt 0.129453 0.668120
vt 0.781100 0.304951
vt 0.612692 0.143620
vt 0.734684 0.169381
vt 0.825007 0.117714
vt 0.742606 0.217315
vt 0.855366 0.190971
vt 0.871453 0.137309
vt 0.825007 0.117714
vt 0.129453 0.668120
vt 0.000000 0.762994
vt 0.000000 0.588799
vt 0.726552 0.120175
vt 0.240684 0.436598
vt 0.810855 0.209518
vt 0.855366 0.190971
vt 0.825007 0.117714
vt 0.391749 0.389861
vt 0.375057 0.299145
vt 0.445452 0.291525
vt 0.496737 0.400852
vt 0.536343 0.392800
vt 0.528811 0.295468
vt 0.612692 0.143620
vt 0.726552 0.120175
vt 0.612692 0.143620
vt 0.673648 0.210360
vt 0.742606 0.217315
vt 0.855366 0.190971
vt 0.871453 0.137309
vt 0.825007 0.117714
vt 0.391749 0.389861
vt 0.375057 0.299145
vt 0.445452 0.291525
vt 0.580123 0.341236
vt 0.580123 0.341236
vt 0.536343 0.392800
vt 0.528811 0.295468
vt 0.496737 0.400852
vt 0.458516 0.397844
vt 0.485893 0.288559
vt 0.142464 0.850092
vt 0.126900 0.937189
vt 0.067881 0.937189
vt 0.142464 0.850092
vt 0.126900 0.937189
vt 0.067881 0.937189
vt 0.009428 0.850092
vt 0.067881 0.937189
vt 0.142464 0.850092
vt 0.142464 0.850092
vt 0.126900 0.937189
vt 0.067881 0.937189
vt 0.787308 0.272326
vt 0.856294 0.235210
vt 0.862119 0.281591
vt 0.673648 0.210360
vt 0.742606 0.217315
vt 0.787308 0.272326
vt 0.856294 0.235210
vt 0.807055 0.228707
vt 0.810855 0.209518
vt 0.742606 0.217315
vt 0.825007 0.117714
vt 0.825007 0.117714
vt 0.787308 0.272326
vt 0.856294 0.235210
vt 0.783884 0.358193
vt 0.810855 0.209518
vt 0.855366 0.190971
vt 0.825007 0.117714
vt 0.855366 0.190971
vt 0.871453 0.137309
vt 0.862119 0.281591
vt 0.777835 0.331077
vt 0.858148 0.340270
vt 0.787308 0.272326
vt 0.856294 0.235210
vt 0.862119 0.281591
vt 0.777835 0.331077
vt 0.142464 0.850092
vt 0.126900 0.937189
vt 0.067881 0.937189
vt 0.142464 0.850092
vt 0.067881 0.937189
vt 0.126900 0.937189
vt 0.334426 0.519782
vt 0.391749 0.389861
vt 0.375057 0.299145
vt 0.445452 0.291525
vt 0.496737 0.400852
vt 0.458516 0.397844
vt 0.485893 0.288559
vt 0.536343 0.392800
vt 0.580123 0.341236
vt 0.528811 0.295468
vt 0.240684 0.436598
vt 0.858148 0.340270
vt 0.777835 0.331077
vt 0.126900 0.937189
vt 0.129453 0.668120
vt 0.009428 0.850092
vt 0.142464 0.850092
vt 0.126900 0.937189
vt 0.067881 0.937189
vt 0.787308 0.272326
vt 0.856294 0.235210
vt 0.485893 0.288559
vt 0.528811 0.295468
vt 0.496737 0.400852
vt 0.825007 0.117714
vt 0.673648 0.210360
vt 0.611457 0.118522
vt 0.673648 0.210360
vt 0.742606 0.217315
vt 0.000000 0.588799
vt 0.009428 0.850092
vt 0.129453 0.668120
vt 0.855366 0.190971
vt 0.871453 0.137309
vt 0.825007 0.117714
vt 0.726552 0.120175
vt 0.000000 0.588799
vt 0.009428 0.850092
vt 0.129453 0.668120
vt 0.391749 0.389861
vt 0.445452 0.291525
vt 0.375057 0.299145
vt 0.580123 0.341236
vt 0.536343 0.392800
vt 0.528811 0.295468
vt 0.787308 0.272326
vt 0.856294 0.235210
vt 0.862119 0.281591
vt 0.673648 0.210360
vt 0.726552 0.120175
vt 0.855366 0.190971
vt 0.871453 0.137309
vt 0.825007 0.117714
vt 0.391749 0.389861
vt 0.445452 0.291525
vt 0.375057 0.299145
vt 0.580123 0.341236
vt 0.536343 0.392800
vt 0.528811 0.295468
vt 0.496737 0.400852
vt 0.458516 0.397844
vt 0.485893 0.288559
vt 0.862119 0.281591
vt 0.841059 0.156448
vt 0.871453 0.137309
vt 0.580123 0.341236
vt 0.536343 0.392800
vt 0.000000 0.588799
vt 0.009428 0.850092
vt 0.129453 0.668120
vt 0.485893 0.288559
vt 0.496737 0.400852
vt 0.009428 0.850092
vt 0.000000 0.762994
vt 0.142464 0.850092
vt 0.067881 0.937189
vt 0.075946 0.850092
vt 0.781100 0.304951
vt 0.787308 0.272326
vt 0.862119 0.281591
vt 0.781100 0.304951
vt 0.787308 0.272326
vt 0.856294 0.235210
vt 0.858148 0.340270
vt 0.783884 0.358193
vt 0.789934 0.385308
vt 0.783884 0.358193
vt 0.815149 0.361679
vt 0.673648 0.210360
vt 0.734684 0.169381
vt 0.726552 0.120175
vt 0.734684 0.169381
vt 0.742606 0.217315
vt 0.789833 0.166257
vt 0.855366 0.190971
vt 0.871453 0.137309
vt 0.825007 0.117714
vt 0.783884 0.358193
vt 0.777835 0.331077
vt 0.787308 0.272326
vt 0.856294 0.235210
vt 0.858148 0.340270
vt 0.783884 0.358193
vt 0.783884 0.358193
vt 0.815149 0.361679
vt 0.789934 0.385308
vt 0.009428 0.850092
vt 0.067881 0.937189
vt 0.142464 0.850092
vt 0.391749 0.389861
vt 0.445452 0.291525
vt 0.375057 0.299145
vt 0.485893 0.288559
vt 0.528811 0.295468
vt 0.496737 0.400852
vt 0.536343 0.392800
vt 0.580123 0.341236
vt 0.231615 0.520790
vt 0.270421 0.553044
vt 0.249254 0.356494
vt 0.331618 0.373260
vt 0.333600 0.476661
vt 0.240684 0.436598
vt 0.000000 0.588799
vt 0.009428 0.850092
vt 0.129453 0.668120
vt 0.142464 0.850092
vt 0.126900 0.937189
vt 0.067881 0.937189
vt 0.142464 0.850092
vt 0.126900 0.937189
vt 0.067881 0.937189
vt 0.673648 0.210360
vt 0.612692 0.143620
vt 0.742606 0.217315
vt 0.825007 0.117714
vt 0.841059 0.156448
vt 0.825007 0.117714
vt 0.871453 0.137309
vt 0.000000 0.588799
vt 0.009428 0.850092
vt 0.129453 0.668120
vt 0.673648 0.210360
vt 0.726552 0.120175
vt 0.742606 0.217315
vt 0.734684 0.169381
vt 0.855366 0.190971
vt 0.871453 0.137309
vt 0.871453 0.137309
vt 0.825007 0.117714
vt 0.391749 0.389861
vt 0.375057 0.299145
vt 0.445452 0.291525
vt 0.485893 0.288559
vt 0.496737 0.400852
vt 0.536343 0.392800
vt 0.580123 0.341236
vt 0.665601 0.153991
vt 0.673648 0.210360
vt 0.612692 0.143620
vt 0.000000 0.588799
vt 0.009428 0.850092
vt 0.129453 0.668120
vt 0.742606 0.217315
vt 0.734684 0.169381
vt 0.789833 0.166257
vt 0.825007 0.117714
vt 0.726552 0.120175
vt 0.142464 0.850092
vt 0.391749 0.389861
vt 0.375057 0.299145
vt 0.445452 0.291525
vt 0.485893 0.288559
vt 0.496737 0.400852
vt 0.580123 0.341236
vt 0.536343 0.392800
vt 0.528811 0.295468
vt 0.009428 0.850092
vt 0.067881 0.937189
vt 0.142464 0.850092
vt 0.009428 0.850092
vt 0.067881 0.937189
vt 0.142464 0.850092
vt 0.000000 0.588799
vt 0.009428 0.850092
vt 0.129453 0.668120
vt 0.126900 0.937189
vt 0.129453 0.668120
vt 0.009428 0.850092
vt 0.142464 0.850092
vt 0.126900 0.937189
vt 0.067881 0.937189
vt 0.856294 0.235210
vt 0.496737 0.400852
vt 0.789934 0.385308
vt 0.783884 0.358193
vt 0.783884 0.358193
vt 0.783884 0.358193
vt 0.812307 0.387684
vt 0.835228 0.363977
vt 0.000000 0.762994
vt 0.000000 0.588799
vt 0.129453 0.668120
vt 0.009428 0.850092
vt 0.000000 0.762994
vt 0.142464 0.850092
vt 0.825007 0.117714
vt 0.673648 0.210360
vt 0.611457 0.118522
vt 0.858148 0.340270
vt 0.787308 0.272326
vt 0.856294 0.235210
vt 0.783884 0.358193
vt 0.783884 0.358193
vt 0.673648 0.210360
vt 0.485893 0.288559
vt 0.445452 0.291525
vt 0.458516 0.397844
vt 0.270421 0.553044
vt 0.000000 0.762994
vt 0.000000 0.588799
vt 0.129453 0.668120
vt 0.855366 0.190971
vt 0.871453 0.137309
vt 0.000000 0.762994
vt 0.000000 0.588799
vt 0.129453 0.668120
vt 0.009428 0.850092
vt 0.000000 0.588799
vt 0.129453 0.668120
vt 0.858148 0.340270
vt 0.612692 0.143620
vt 0.787308 0.272326
vt 0.856294 0.235210
vt 0.855366 0.190971
vt 0.871453 0.137309
vt 0.825007 0.117714
vt 0.000000 0.588799
vt 0.009428 0.850092
vt 0.129453 0.668120
vt 0.810855 0.209518
vt 0.855366 0.190971
vt 0.871453 0.137309
vt 0.726552 0.120175
vt 0.734684 0.169381
vt 0.665601 0.153991
vt 0.249254 0.356494
vt 0.294612 0.334823
vt 0.331618 0.373260
vt 0.673648 0.210360
vt 0.825007 0.117714
vt 0.000000 0.588799
vt 0.009428 0.850092
vt 0.129453 0.668120
vt 0.485893 0.288559
vt 0.445452 0.291525
vt 0.458516 0.397844
vt 0.787308 0.272326
vt 0.856294 0.235210
vt 0.485893 0.288559
vt 0.496737 0.400852
vt 0.673648 0.210360
vt 0.612692 0.143620
vt 0.742606 0.217315
vt 0.375057 0.299145
vt 0.353676 0.344962
vt 0.391749 0.389861
vt 0.375057 0.299145
vt 0.353676 0.344962
vt 0.391749 0.389861
vt 0.580123 0.341236
vt 0.536343 0.392800
vt 0.485893 0.288559
vt 0.496737 0.400852
vt 0.000000 0.675897
vt 0.000000 0.762994
vt 0.129453 0.668120
vt 0.009428 0.850092
vt 0.000000 0.588799
vt 0.129453 0.668120
vt 0.142464 0.850092
vt 0.129453 0.668120
vt 0.009428 0.850092
vt 0.009428 0.850092
vt 0.000000 0.588799
vt 0.129453 0.668120
vt 0.815149 0.361679
vt 0.783884 0.358193
vt 0.777835 0.331077
vt 0.781100 0.304951
vt 0.860568 0.314386
vt 0.787308 0.272326
vt 0.856294 0.235210
vt 0.862119 0.281591
vt 0.855366 0.190971
vt 0.858148 0.340270
vt 0.612692 0.143620
vt 0.611457 0.118522
vt 0.810855 0.209518
vt 0.742606 0.217315
vt 0.855366 0.190971
vt 0.789833 0.166257
vt 0.871453 0.137309
vt 0.825007 0.117714
vt 0.777835 0.331077
vt 0.781100 0.304951
vt 0.862119 0.281591
vt 0.787308 0.272326
vt 0.856294 0.235210
vt 0.862119 0.281591
vt 0.860568 0.314386
vt 0.858148 0.340270
vt 0.783884 0.358193
vt 0.789934 0.385308
vt 0.783884 0.358193
vt 0.142464 0.850092
vt 0.126900 0.937189
vt 0.067881 0.937189
vt 0.391749 0.389861
vt 0.445452 0.291525
vt 0.375057 0.299145
vt 0.485893 0.288559
vt 0.496737 0.400852
vt 0.580123 0.341236
vt 0.536343 0.392800
vt 0.270421 0.553044
vt 0.332436 0.415928
vt 0.249254 0.356494
vt 0.331618 0.373260
vt 0.333600 0.476661
vt 0.240684 0.436598
vt 0.235777 0.482188
vt 0.142464 0.850092
vt 0.126900 0.937189
vt 0.067881 0.937189
vt 0.009428 0.850092
vt 0.067881 0.937189
vt 0.142464 0.850092
vt 0.009428 0.850092
vt 0.067881 0.937189
vt 0.142464 0.850092
vt 0.673648 0.210360
vt 0.612692 0.143620
vt 0.742606 0.217315
vt 0.789833 0.166257
vt 0.841059 0.156448
vt 0.871453 0.137309
vt 0.142464 0.850092
vt 0.126900 0.937189
vt 0.067881 0.937189
vt 0.673648 0.210360
vt 0.734684 0.169381
vt 0.726552 0.120175
vt 0.742606 0.217315
vt 0.855366 0.190971
vt 0.825007 0.117714
vt 0.871453 0.137309
vt 0.391749 0.389861
vt 0.375057 0.299145
vt 0.445452 0.291525
vt 0.485893 0.288559
vt 0.496737 0.400852
vt 0.536343 0.392800
vt 0.580123 0.341236
vt 0.528811 0.295468
vt 0.673648 0.210360
vt 0.612692 0.143620
vt 0.742606 0.217315
vt 0.789833 0.166257
vt 0.235777 0.482188
vt 0.871453 0.137309
vt 0.825007 0.117714
vt 0.841059 0.156448
vt 0.391749 0.389861
vt 0.445452 0.291525
vt 0.375057 0.299145
vt 0.485893 0.288559
vt 0.528811 0.295468
vt 0.496737 0.400852
vt 0.536343 0.392800
vt 0.580123 0.341236
vt 0.000000 0.588799
vt 0.009428 0.850092
vt 0.129453 0.668120
vt 0.142464 0.850092
vt 0.126900 0.937189
vt 0.067881 0.937189
vt 0.009428 0.850092
vt 0.000000 0.588799
vt 0.129453 0.668120
vt 0.009428 0.850092
vt 0.067881 0.937189
vt 0.142464 0.850092
vt 0.777835 0.331077
vt 0.781100 0.304951
vt 0.862119 0.281591
vt 0.860568 0.314386
vt 0.856294 0.235210
vt 0.807055 0.228707
vt 0.858148 0.340270
vt 0.783884 0.358193
vt 0.789934 0.385308
vt 0.612692 0.143620
vt 0.611457 0.118522
vt 0.726552 0.120175
vt 0.742606 0.217315
vt 0.855366 0.190971
vt 0.789833 0.166257
vt 0.871453 0.137309
vt 0.825007 0.117714
vt 0.726552 0.120175
vt 0.781100 0.304951
vt 0.787308 0.272326
vt 0.856294 0.235210
vt 0.777835 0.331077
vt 0.858148 0.340270
vt 0.812307 0.387684
vt 0.835228 0.363977
vt 0.000000 0.588799
vt 0.009428 0.850092
vt 0.129453 0.668120
vt 0.391749 0.389861
vt 0.445452 0.291525
vt 0.375057 0.299145
vt 0.485893 0.288559
vt 0.528811 0.295468
vt 0.496737 0.400852
vt 0.580123 0.341236
vt 0.536343 0.392800
vt 0.528811 0.295468
vt 0.270421 0.553044
vt 0.332436 0.415928
vt 0.249254 0.356494
vt 0.331618 0.373260
vt 0.333600 0.476661
vt 0.240684 0.436598
vt 0.332436 0.415928
vt 0.235777 0.482188
vt 0.009428 0.850092
vt 0.067881 0.937189
vt 0.142464 0.850092
vt 0.142464 0.850092
vt 0.126900 0.937189
vt 0.067881 0.937189
vt 0.142464 0.850092
vt 0.126900 0.937189
vt 0.067881 0.937189
vt 0.673648 0.210360
vt 0.612692 0.143620
vt 0.742606 0.217315
vt 0.841059 0.156448
vt 0.871453 0.137309
vt 0.009428 0.850092
vt 0.000000 0.588799
vt 0.129453 0.668120
vt 0.742606 0.217315
vt 0.855366 0.190971
vt 0.825007 0.117714
vt 0.391749 0.389861
vt 0.375057 0.299145
vt 0.445452 0.291525
vt 0.485893 0.288559
vt 0.496737 0.400852
vt 0.580123 0.341236
vt 0.536343 0.392800
vt 0.665601 0.153991
vt 0.726552 0.120175
vt 0.660954 0.121440
vt 0.673648 0.210360
vt 0.612692 0.143620
vt 0.742606 0.217315
vt 0.841059 0.156448
vt 0.871453 0.137309
vt 0.391749 0.389861
vt 0.375057 0.299145
vt 0.445452 0.291525
vt 0.485893 0.288559
vt 0.496737 0.400852
vt 0.580123 0.341236
vt 0.536343 0.392800
vt 0.528811 0.295468
vt 0.009428 0.850092
vt 0.067881 0.937189
vt 0.142464 0.850092
vt 0.000000 0.588799
vt 0.009428 0.850092
vt 0.129453 0.668120
vt 0.000000 0.588799
vt 0.009428 0.850092
vt 0.129453 0.668120
vt 0.858148 0.340270
vt 0.009428 0.850092
vt 0.000000 0.588799
vt 0.129453 0.668120
vt 0.781100 0.304951
vt 0.787308 0.272326
vt 0.856294 0.235210
vt 0.858148 0.340270
vt 0.789934 0.385308
vt 0.612692 0.143620
vt 0.611457 0.118522
vt 0.742606 0.217315
vt 0.789833 0.166257
vt 0.855366 0.190971
vt 0.871453 0.137309
vt 0.825007 0.117714
vt 0.789833 0.166257
vt 0.726552 0.120175
vt 0.781100 0.304951
vt 0.862119 0.281591
vt 0.787308 0.272326
vt 0.856294 0.235210
vt 0.781100 0.304951
vt 0.862119 0.281591
vt 0.783884 0.358193
vt 0.789934 0.385308
vt 0.009428 0.850092
vt 0.067881 0.937189
vt 0.142464 0.850092
vt 0.391749 0.389861
vt 0.445452 0.291525
vt 0.375057 0.299145
vt 0.485893 0.288559
vt 0.496737 0.400852
vt 0.528811 0.295468
vt 0.580123 0.341236
vt 0.536343 0.392800
vt 0.334426 0.519782
vt 0.270421 0.553044
vt 0.231615 0.520790
vt 0.332436 0.415928
vt 0.249254 0.356494
vt 0.331618 0.373260
vt 0.333600 0.476661
vt 0.240684 0.436598
vt 0.235777 0.482188
vt 0.142464 0.850092
vt 0.126900 0.937189
vt 0.067881 0.937189
vt 0.009428 0.850092
vt 0.067881 0.937189
vt 0.142464 0.850092
vt 0.000000 0.588799
vt 0.009428 0.850092
vt 0.129453 0.668120
vt 0.726552 0.120175
vt 0.665601 0.153991
vt 0.665601 0.153991
vt 0.673648 0.210360
vt 0.612692 0.143620
vt 0.742606 0.217315
vt 0.789833 0.166257
vt 0.726552 0.120175
vt 0.841059 0.156448
vt 0.871453 0.137309
vt 0.142464 0.850092
vt 0.126900 0.937189
vt 0.067881 0.937189
vt 0.000000 0.588799
vt 0.009428 0.850092
vt 0.129453 0.668120
vt 0.742606 0.217315
vt 0.855366 0.190971
vt 0.871453 0.137309
vt 0.825007 0.117714
vt 0.391749 0.389861
vt 0.375057 0.299145
vt 0.445452 0.291525
vt 0.485893 0.288559
vt 0.496737 0.400852
vt 0.536343 0.392800
vt 0.580123 0.341236
vt 0.673648 0.210360
vt 0.612692 0.143620
vt 0.742606 0.217315
vt 0.825007 0.117714
vt 0.841059 0.156448
vt 0.871453 0.137309
vt 0.391749 0.389861
vt 0.375057 0.299145
vt 0.445452 0.291525
vt 0.485893 0.288559
vt 0.496737 0.400852
vt 0.536343 0.392800
vt 0.580123 0.341236
vt 0.142464 0.850092
vt 0.126900 0.937189
vt 0.067881 0.937189
vt 0.142464 0.850092
vt 0.126900 0.937189
vt 0.067881 0.937189
vt 0.009428 0.850092
vt 0.067881 0.937189
vt 0.142464 0.850092
vt 0.067881 0.937189
vt 0.075946 0.850092
vt 0.111967 0.937189
vt 0.781100 0.304951
vt 0.787308 0.272326
vt 0.856294 0.235210
vt 0.858148 0.340270
vt 0.789934 0.385308
vt 0.742606 0.217315
vt 0.734684 0.169381
vt 0.855366 0.190971
vt 0.871453 0.137309
vt 0.825007 0.117714
vt 0.787308 0.272326
vt 0.856294 0.235210
vt 0.858148 0.340270
vt 0.142464 0.850092
vt 0.126900 0.937189
vt 0.067881 0.937189
vt 0.375057 0.299145
vt 0.391749 0.389861
vt 0.445452 0.291525
vt 0.485893 0.288559
vt 0.496737 0.400852
vt 0.580123 0.341236
vt 0.536343 0.392800
vt 0.270421 0.553044
vt 0.249254 0.356494
vt 0.331618 0.373260
vt 0.333600 0.476661
vt 0.240684 0.436598
vt 0.235777 0.482188
vt 0.142464 0.850092
vt 0.126900 0.937189
vt 0.067881 0.937189
vt 0.009428 0.850092
vt 0.067881 0.937189
vt 0.142464 0.850092
vt 0.009428 0.850092
vt 0.000000 0.588799
vt 0.129453 0.668120
vt 0.665601 0.153991
vt 0.673648 0.210360
vt 0.612692 0.143620
vt 0.742606 0.217315
vt 0.726552 0.120175
vt 0.841059 0.156448
vt 0.871453 0.137309
vt 0.009428 0.850092
vt 0.067881 0.937189
vt 0.142464 0.850092
vt 0.612692 0.143620
vt 0.611457 0.118522
vt 0.742606 0.217315
vt 0.855366 0.190971
vt 0.825007 0.117714
vt 0.391749 0.389861
vt 0.375057 0.299145
vt 0.445452 0.291525
vt 0.485893 0.288559
vt 0.496737 0.400852
vt 0.536343 0.392800
vt 0.580123 0.341236
vt 0.673648 0.210360
vt 0.612692 0.143620
vt 0.742606 0.217315
vt 0.825007 0.117714
vt 0.841059 0.156448
vt 0.871453 0.137309
vt 0.485893 0.288559
vt 0.528811 0.295468
vt 0.496737 0.400852
vt 0.580123 0.341236
vt 0.536343 0.392800
vt 0.009428 0.850092
vt 0.067881 0.937189
vt 0.142464 0.850092
vt 0.142464 0.850092
vt 0.126900 0.937189
vt 0.067881 0.937189
vt 0.009428 0.850092
vt 0.000000 0.588799
vt 0.129453 0.668120
vt 0.009428 0.850092
vt 0.067881 0.937189
vt 0.142464 0.850092
vt 0.781100 0.304951
vt 0.860568 0.314386
vt 0.787308 0.272326
vt 0.856294 0.235210
vt 0.858148 0.340270
vt 0.783884 0.358193
vt 0.789934 0.385308
vt 0.612692 0.143620
vt 0.611457 0.118522
vt 0.742606 0.217315
vt 0.855366 0.190971
vt 0.871453 0.137309
vt 0.825007 0.117714
vt 0.781100 0.304951
vt 0.787308 0.272326
vt 0.856294 0.235210
vt 0.858148 0.340270
vt 0.783884 0.358193
vt 0.789934 0.385308
vt 0.000000 0.588799
vt 0.009428 0.850092
vt 0.129453 0.668120
vt 0.391749 0.389861
vt 0.353676 0.344962
vt 0.375057 0.299145
vt 0.485893 0.288559
vt 0.496737 0.400852
vt 0.580123 0.341236
vt 0.536343 0.392800
vt 0.270421 0.553044
vt 0.742606 0.217315
vt 0.734684 0.169381
vt 0.825007 0.117714
vt 0.673648 0.210360
vt 0.249254 0.356494
vt 0.331618 0.373260
vt 0.333600 0.476661
vt 0.240684 0.436598
vt 0.142464 0.850092
vt 0.126900 0.937189
vt 0.067881 0.937189
vt 0.000000 0.588799
vt 0.009428 0.850092
vt 0.129453 0.668120
vt 0.009428 0.850092
vt 0.000000 0.588799
vt 0.129453 0.668120
vt 0.673648 0.210360
vt 0.612692 0.143620
vt 0.742606 0.217315
vt 0.841059 0.156448
vt 0.871453 0.137309
vt 0.000000 0.588799
vt 0.009428 0.850092
vt 0.129453 0.668120
vt 0.612692 0.143620
vt 0.611457 0.118522
vt 0.742606 0.217315
vt 0.734684 0.169381
vt 0.855366 0.190971
vt 0.871453 0.137309
vt 0.825007 0.117714
vt 0.391749 0.389861
vt 0.445452 0.291525
vt 0.375057 0.299145
vt 0.485893 0.288559
vt 0.496737 0.400852
vt 0.536343 0.392800
vt 0.580123 0.341236
vt 0.673648 0.210360
vt 0.612692 0.143620
vt 0.742606 0.217315
vt 0.841059 0.156448
vt 0.871453 0.137309
vt 0.391749 0.389861
vt 0.445452 0.291525
vt 0.375057 0.299145
vt 0.485893 0.288559
vt 0.496737 0.400852
vt 0.580123 0.341236
vt 0.536343 0.392800
vt 0.000000 0.588799
vt 0.009428 0.850092
vt 0.129453 0.668120
vt 0.000000 0.588799
vt 0.009428 0.850092
vt 0.129453 0.668120
vt 0.009428 0.850092
vt 0.067881 0.937189
vt 0.142464 0.850092
vt 0.009428 0.850092
vt 0.067881 0.937189
vt 0.142464 0.850092
vt 0.781100 0.304951
vt 0.787308 0.272326
vt 0.856294 0.235210
vt 0.860568 0.314386
vt 0.783884 0.358193
vt 0.789934 0.385308
vt 0.142464 0.850092
vt 0.126900 0.937189
vt 0.067881 0.937189
vt 0.612692 0.143620
vt 0.611457 0.118522
vt 0.726552 0.120175
vt 0.742606 0.217315
vt 0.734684 0.169381
vt 0.855366 0.190971
vt 0.825007 0.117714
vt 0.673648 0.210360
vt 0.612692 0.143620
vt 0.742606 0.217315
vt 0.841059 0.156448
vt 0.871453 0.137309
vt 0.835228 0.363977
vt 0.812307 0.387684
vt 0.855366 0.190971
vt 0.810855 0.209518
vt 0.825007 0.117714
vt 0.855366 0.190971
vt 0.871453 0.137309
vt 0.807055 0.228707
vt 0.858148 0.340270
vt 0.835228 0.363977
vt 0.812307 0.387684
vt 0.789934 0.385308
vt 0.067881 0.937189
vt 0.142464 0.850092
vt 0.126900 0.937189
vt 0.142464 0.762994
vt 0.142464 0.568661
vt 0.077265 0.503401
vt 0.067881 0.937189
vt 0.126900 0.937189
vt 0.142464 0.762994
vt 0.142464 0.568661
vt 0.077265 0.503401
vt 0.126900 0.937189
vt 0.142464 0.850092
vt 0.067881 0.937189
vt 0.142464 0.762994
vt 0.142464 0.568661
vt 0.077265 0.503401
vt 0.077265 0.503401
vt 0.142464 0.568661
vt 0.142464 0.762994
vt 0.126900 0.937189
vt 0.067881 0.937189
vt 0.353676 0.344962
vt 0.375057 0.299145
vt 0.142464 0.762994
vt 0.009428 0.850092
vt 0.142464 0.850092
vt 0.126900 0.937189
vt 0.067881 0.937189
vt 0.077265 0.503401
vt 0.249254 0.356494
vt 0.294612 0.334823
vt 0.331618 0.373260
vt 0.067881 0.937189
vt 0.126900 0.937189
vt 0.142464 0.568661
vt 0.000000 0.588799
vt 0.077265 0.503401
vt 0.067881 0.937189
vt 0.126900 0.937189
vt 0.142464 0.850092
vt 0.142464 0.568661
vt 0.000000 0.588799
vt 0.077265 0.503401
vt 0.077265 0.503401
vt 0.142464 0.568661
vt 0.067881 0.937189
vt 0.142464 0.850092
vt 0.126900 0.937189
vt 0.142464 0.762994
vt 0.142464 0.568661
vt 0.077265 0.503401
vt 0.810855 0.209518
vt 0.835228 0.363977
vt 0.812307 0.387684
vt 0.789934 0.385308
vt 0.871453 0.137309
vt 0.855366 0.190971
vt 0.742606 0.217315
vt 0.353676 0.344962
vt 0.425132 0.393853
vt 0.458516 0.397844
vt 0.810855 0.209518
vt 0.810855 0.209518
vt 0.353676 0.344962
vt 0.458516 0.397844
vt 0.458516 0.397844
vt 0.142464 0.568661
vt 0.000000 0.588799
vt 0.077265 0.503401
vt 0.067881 0.937189
vt 0.126900 0.937189
vt 0.077265 0.503401
vt 0.000000 0.762994
vt 0.142464 0.762994
vt 0.077265 0.503401
vt 0.142464 0.568661
vt 0.142464 0.762994
vt 0.126900 0.937189
vt 0.067881 0.937189
vt 0.858148 0.340270
vt 0.807055 0.228707
vt 0.835228 0.363977
vt 0.812307 0.387684
vt 0.611457 0.118522
vt 0.612692 0.143620
vt 0.810855 0.209518
vt 0.858148 0.340270
vt 0.611457 0.118522
vt 0.835228 0.363977
vt 0.812307 0.387684
vt 0.458516 0.397844
vt 0.353676 0.344962
vt 0.458516 0.397844
vt 0.294612 0.334823
vt 0.067881 0.937189
vt 0.142464 0.850092
vt 0.126900 0.937189
vt 0.142464 0.568661
vt 0.077265 0.503401
vt 0.126900 0.937189
vt 0.142464 0.762994
vt 0.129453 0.668120
vt 0.142464 0.568661
vt 0.000000 0.588799
vt 0.077265 0.503401
vt 0.126900 0.937189
vt 0.142464 0.762994
vt 0.129453 0.668120
vt 0.142464 0.568661
vt 0.000000 0.588799
vt 0.077265 0.503401
vt 0.660954 0.121440
vt 0.611457 0.118522
vt 0.855366 0.190971
vt 0.810855 0.209518
vt 0.067881 0.937189
vt 0.142464 0.850092
vt 0.126900 0.937189
vt 0.142464 0.762994
vt 0.142464 0.568661
vt 0.077265 0.503401
vt 0.673648 0.210360
vt 0.810855 0.209518
vt 0.673648 0.210360
vt 0.810855 0.209518
vt 0.126900 0.937189
vt 0.353676 0.344962
vt 0.458516 0.397844
vt 0.458516 0.397844
vt 0.660954 0.121440
vt 0.611457 0.118522
vt 0.810855 0.209518
vt 0.855366 0.190971
vt 0.810855 0.209518
vt 0.353676 0.344962
vt 0.458516 0.397844
vt 0.000000 0.588799
vt 0.077265 0.503401
vt 0.142464 0.568661
vt 0.129453 0.668120
vt 0.142464 0.762994
vt 0.009428 0.850092
vt 0.000000 0.588799
vt 0.077265 0.503401
vt 0.142464 0.568661
vt 0.129453 0.668120
vt 0.142464 0.762994
vt 0.009428 0.850092
vt 0.126900 0.937189
vt 0.142464 0.762994
vt 0.129453 0.668120
vt 0.142464 0.568661
vt 0.000000 0.588799
vt 0.077265 0.503401
vt 0.126900 0.937189
vt 0.142464 0.762994
vt 0.129453 0.668120
vt 0.142464 0.568661
vt 0.000000 0.588799
vt 0.077265 0.503401
vt 0.835228 0.363977
vt 0.835228 0.363977
vt 0.812307 0.387684
vt 0.611457 0.118522
vt 0.612692 0.143620
vt 0.810855 0.209518
vt 0.142464 0.568661
vt 0.000000 0.588799
vt 0.077265 0.503401
vt 0.067881 0.937189
vt 0.126900 0.937189
vt 0.835228 0.363977
vt 0.807055 0.228707
vt 0.835228 0.363977
vt 0.812307 0.387684
vt 0.611457 0.118522
vt 0.612692 0.143620
vt 0.000000 0.588799
vt 0.077265 0.503401
vt 0.142464 0.568661
vt 0.129453 0.668120
vt 0.142464 0.762994
vt 0.009428 0.850092
vt 0.458516 0.397844
vt 0.353676 0.344962
vt 0.294612 0.334823
vt 0.807055 0.228707
vt 0.458516 0.397844
vt 0.000000 0.588799
vt 0.077265 0.503401
vt 0.142464 0.568661
vt 0.129453 0.668120
vt 0.142464 0.762994
vt 0.009428 0.850092
vt 0.126900 0.937189
vt 0.142464 0.762994
vt 0.129453 0.668120
vt 0.142464 0.568661
vt 0.000000 0.588799
vt 0.077265 0.503401
vt 0.126900 0.937189
vt 0.142464 0.762994
vt 0.129453 0.668120
vt 0.142464 0.568661
vt 0.000000 0.588799
vt 0.077265 0.503401
vt 0.660954 0.121440
vt 0.611457 0.118522
vt 0.810855 0.209518
vt 0.855366 0.190971
vt 0.810855 0.209518
vt 0.067881 0.937189
vt 0.142464 0.850092
vt 0.126900 0.937189
vt 0.142464 0.762994
vt 0.142464 0.568661
vt 0.077265 0.503401
vt 0.673648 0.210360
vt 0.810855 0.209518
vt 0.458516 0.397844
vt 0.425132 0.393853
vt 0.353676 0.344962
vt 0.458516 0.397844
vt 0.835228 0.363977
vt 0.812307 0.387684
vt 0.810855 0.209518
vt 0.673648 0.210360
vt 0.855366 0.190971
vt 0.810855 0.209518
vt 0.294612 0.334823
vt 0.835228 0.363977
vt 0.067881 0.937189
vt 0.142464 0.850092
vt 0.126900 0.937189
vt 0.142464 0.762994
vt 0.142464 0.568661
vt 0.077265 0.503401
vt 0.126900 0.937189
vt 0.142464 0.762994
vt 0.129453 0.668120
vt 0.142464 0.568661
vt 0.000000 0.588799
vt 0.077265 0.503401
vt 0.077265 0.503401
vt 0.142464 0.568661
vt 0.142464 0.850092
vt 0.126900 0.937189
vt 0.067881 0.937189
vt 0.000000 0.588799
vt 0.077265 0.503401
vt 0.142464 0.568661
vt 0.129453 0.668120
vt 0.142464 0.762994
vt 0.009428 0.850092
vt 0.835228 0.363977
vt 0.807055 0.228707
vt 0.835228 0.363977
vt 0.812307 0.387684
vt 0.673648 0.210360
vt 0.810855 0.209518
vt 0.810855 0.209518
vt 0.835228 0.363977
vt 0.835228 0.363977
vt 0.812307 0.387684
vt 0.067881 0.937189
vt 0.142464 0.850092
vt 0.126900 0.937189
vt 0.142464 0.762994
vt 0.142464 0.568661
vt 0.077265 0.503401
vt 0.353676 0.344962
vt 0.458516 0.397844
vt 0.458516 0.397844
vt 0.067881 0.937189
vt 0.142464 0.850092
vt 0.126900 0.937189
vt 0.142464 0.762994
vt 0.142464 0.568661
vt 0.077265 0.503401
vt 0.000000 0.588799
vt 0.077265 0.503401
vt 0.142464 0.568661
vt 0.129453 0.668120
vt 0.142464 0.762994
vt 0.009428 0.850092
vt 0.067881 0.937189
vt 0.142464 0.850092
vt 0.126900 0.937189
vt 0.142464 0.762994
vt 0.142464 0.568661
vt 0.077265 0.503401
vt 0.660954 0.121440
vt 0.611457 0.118522
vt 0.810855 0.209518
vt 0.611457 0.118522
vt 0.810855 0.209518
vt 0.855366 0.190971
vt 0.077265 0.503401
vt 0.142464 0.568661
vt 0.142464 0.850092
vt 0.126900 0.937189
vt 0.067881 0.937189
vt 0.611457 0.118522
vt 0.612692 0.143620
vt 0.673648 0.210360
vt 0.458516 0.397844
vt 0.353676 0.344962
vt 0.458516 0.397844
vt 0.660954 0.121440
vt 0.611457 0.118522
vt 0.810855 0.209518
vt 0.810855 0.209518
vt 0.855366 0.190971
vt 0.353676 0.344962
vt 0.458516 0.397844
vt 0.000000 0.588799
vt 0.077265 0.503401
vt 0.142464 0.568661
vt 0.129453 0.668120
vt 0.142464 0.762994
vt 0.009428 0.850092
vt 0.067881 0.937189
vt 0.142464 0.850092
vt 0.126900 0.937189
vt 0.142464 0.762994
vt 0.142464 0.568661
vt 0.077265 0.503401
vt 0.000000 0.588799
vt 0.077265 0.503401
vt 0.142464 0.568661
vt 0.129453 0.668120
vt 0.142464 0.762994
vt 0.009428 0.850092
vt 0.000000 0.588799
vt 0.077265 0.503401
vt 0.142464 0.568661
vt 0.129453 0.668120
vt 0.142464 0.762994
vt 0.009428 0.850092
vt 0.835228 0.363977
vt 0.812307 0.387684
vt 0.734684 0.169381
vt 0.673648 0.210360
vt 0.810855 0.209518
vt 0.807055 0.228707
vt 0.835228 0.363977
vt 0.812307 0.387684
vt 0.000000 0.588799
vt 0.077265 0.503401
vt 0.142464 0.568661
vt 0.129453 0.668120
vt 0.142464 0.762994
vt 0.009428 0.850092
vt 0.458516 0.397844
vt 0.353676 0.344962
vt 0.458516 0.397844
vt 0.067881 0.937189
vt 0.142464 0.850092
vt 0.126900 0.937189
vt 0.142464 0.762994
vt 0.142464 0.568661
vt 0.077265 0.503401
vt 0.000000 0.588799
vt 0.077265 0.503401
vt 0.142464 0.568661
vt 0.129453 0.668120
vt 0.142464 0.762994
vt 0.009428 0.850092
vt 0.126900 0.937189
vt 0.142464 0.762994
vt 0.129453 0.668120
vt 0.142464 0.568661
vt 0.000000 0.588799
vt 0.077265 0.503401
vt 0.611457 0.118522
vt 0.810855 0.209518
vt 0.855366 0.190971
vt 0.810855 0.209518
vt 0.126900 0.937189
vt 0.142464 0.762994
vt 0.129453 0.668120
vt 0.142464 0.568661
vt 0.000000 0.588799
vt 0.077265 0.503401
vt 0.611457 0.118522
vt 0.612692 0.143620
vt 0.810855 0.209518
vt 0.810855 0.209518
vt 0.353676 0.344962
vt 0.855366 0.190971
vt 0.810855 0.209518
vt 0.353676 0.344962
vt 0.458516 0.397844
vt 0.000000 0.588799
vt 0.077265 0.503401
vt 0.142464 0.568661
vt 0.129453 0.668120
vt 0.142464 0.762994
vt 0.009428 0.850092
vt 0.067881 0.937189
vt 0.142464 0.850092
vt 0.126900 0.937189
vt 0.142464 0.762994
vt 0.142464 0.568661
vt 0.077265 0.503401
vt 0.067881 0.937189
vt 0.142464 0.850092
vt 0.126900 0.937189
vt 0.142464 0.762994
vt 0.142464 0.568661
vt 0.077265 0.503401
vt 0.835228 0.363977
vt 0.807055 0.228707
vt 0.812307 0.387684
vt 0.673648 0.210360
vt 0.810855 0.209518
vt 0.810855 0.209518
vt 0.353676 0.344962
vt 0.458516 0.397844
vt 0.835228 0.363977
vt 0.812307 0.387684
vt 0.126900 0.937189
vt 0.142464 0.762994
vt 0.129453 0.668120
vt 0.142464 0.568661
vt 0.000000 0.588799
vt 0.077265 0.503401
vt 0.353676 0.344962
vt 0.458516 0.397844
vt 0.067881 0.937189
vt 0.142464 0.850092
vt 0.126900 0.937189
vt 0.142464 0.568661
vt 0.077265 0.503401
vt 0.294612 0.334823
vt 0.067881 0.937189
vt 0.126900 0.937189
vt 0.142464 0.850092
vt 0.142464 0.568661
vt 0.077265 0.503401
vt 0.000000 0.588799
vt 0.077265 0.503401
vt 0.142464 0.568661
vt 0.129453 0.668120
vt 0.142464 0.762994
vt 0.009428 0.850092
vt 0.126900 0.937189
vt 0.142464 0.762994
vt 0.129453 0.668120
vt 0.142464 0.568661
vt 0.000000 0.588799
vt 0.077265 0.503401
vt 0.855366 0.190971
vt 0.810855 0.209518
vt 0.000000 0.588799
vt 0.077265 0.503401
vt 0.142464 0.568661
vt 0.129453 0.668120
vt 0.142464 0.762994
vt 0.009428 0.850092
vt 0.611457 0.118522
vt 0.612692 0.143620
vt 0.673648 0.210360
vt 0.353676 0.344962
vt 0.458516 0.397844
vt 0.660954 0.121440
vt 0.611457 0.118522
vt 0.810855 0.209518
vt 0.855366 0.190971
vt 0.458516 0.397844
vt 0.353676 0.344962
vt 0.458516 0.397844
vt 0.077265 0.503401
vt 0.142464 0.568661
vt 0.142464 0.850092
vt 0.126900 0.937189
vt 0.067881 0.937189
vt 0.000000 0.588799
vt 0.077265 0.503401
vt 0.142464 0.568661
vt 0.129453 0.668120
vt 0.142464 0.762994
vt 0.009428 0.850092
vt 0.000000 0.588799
vt 0.077265 0.503401
vt 0.142464 0.568661
vt 0.129453 0.668120
vt 0.142464 0.762994
vt 0.009428 0.850092
vt 0.000000 0.588799
vt 0.077265 0.503401
vt 0.142464 0.568661
vt 0.129453 0.668120
vt 0.142464 0.762994
vt 0.009428 0.850092
vt 0.858148 0.340270
vt 0.807055 0.228707
vt 0.789934 0.385308
vt 0.673648 0.210360
vt 0.810855 0.209518
vt 0.807055 0.228707
vt 0.835228 0.363977
vt 0.812307 0.387684
vt 0.067881 0.937189
vt 0.142464 0.850092
vt 0.126900 0.937189
vt 0.142464 0.762994
vt 0.142464 0.568661
vt 0.077265 0.503401
vt 0.458516 0.397844
vt 0.353676 0.344962
vt 0.458516 0.397844
vt 0.353676 0.344962
vt 0.458516 0.397844
vt 0.294612 0.334823
vt 0.000000 0.588799
vt 0.077265 0.503401
vt 0.142464 0.568661
vt 0.129453 0.668120
vt 0.142464 0.762994
vt 0.009428 0.850092
vt 0.126900 0.937189
vt 0.142464 0.762994
vt 0.129453 0.668120
vt 0.142464 0.568661
vt 0.000000 0.588799
vt 0.077265 0.503401
vt 0.067881 0.937189
vt 0.142464 0.850092
vt 0.126900 0.937189
vt 0.142464 0.568661
vt 0.077265 0.503401
vt 0.660954 0.121440
vt 0.611457 0.118522
vt 0.067881 0.937189
vt 0.142464 0.850092
vt 0.126900 0.937189
vt 0.142464 0.762994
vt 0.142464 0.568661
vt 0.077265 0.503401
vt 0.810855 0.209518
vt 0.855366 0.190971
vt 0.810855 0.209518
vt 0.000000 0.588799
vt 0.077265 0.503401
vt 0.142464 0.568661
vt 0.129453 0.668120
vt 0.142464 0.762994
vt 0.009428 0.850092
vt 0.611457 0.118522
vt 0.612692 0.143620
vt 0.810855 0.209518
vt 0.458516 0.397844
vt 0.353676 0.344962
vt 0.458516 0.397844
vt 0.660954 0.121440
vt 0.611457 0.118522
vt 0.855366 0.190971
vt 0.810855 0.209518
vt 0.353676 0.344962
vt 0.458516 0.397844
vt 0.067881 0.937189
vt 0.126900 0.937189
vt 0.142464 0.850092
vt 0.142464 0.568661
vt 0.077265 0.503401
vt 0.000000 0.588799
vt 0.077265 0.503401
vt 0.142464 0.568661
vt 0.129453 0.668120
vt 0.142464 0.762994
vt 0.009428 0.850092
vt 0.126900 0.937189
vt 0.142464 0.762994
vt 0.129453 0.668120
vt 0.142464 0.568661
vt 0.000000 0.588799
vt 0.077265 0.503401
vt 0.126900 0.937189
vt 0.142464 0.762994
vt 0.129453 0.668120
vt 0.142464 0.568661
vt 0.000000 0.588799
vt 0.077265 0.503401
vt 0.807055 0.228707
vt 0.810855 0.209518
vt 0.810855 0.209518
vt 0.835228 0.363977
vt 0.807055 0.228707
vt 0.812307 0.387684
vt 0.000000 0.588799
vt 0.077265 0.503401
vt 0.142464 0.568661
vt 0.129453 0.668120
vt 0.142464 0.762994
vt 0.009428 0.850092
vt 0.458516 0.397844
vt 0.353676 0.344962
vt 0.294612 0.334823
vt 0.067881 0.937189
vt 0.126900 0.937189
vt 0.142464 0.850092
vt 0.142464 0.568661
vt 0.077265 0.503401
vt 0.126900 0.937189
vt 0.142464 0.762994
vt 0.129453 0.668120
vt 0.142464 0.568661
vt 0.000000 0.588799
vt 0.077265 0.503401
vt 0.000000 0.588799
vt 0.077265 0.503401
vt 0.142464 0.568661
vt 0.129453 0.668120
vt 0.142464 0.762994
vt 0.009428 0.850092
vt 0.611457 0.118522
vt 0.810855 0.209518
vt 0.855366 0.190971
vt 0.067881 0.937189
vt 0.142464 0.850092
vt 0.126900 0.937189
vt 0.142464 0.762994
vt 0.142464 0.568661
vt 0.077265 0.503401
vt 0.611457 0.118522
vt 0.612692 0.143620
vt 0.810855 0.209518
vt 0.353676 0.344962
vt 0.458516 0.397844
vt 0.660954 0.121440
vt 0.611457 0.118522
vt 0.810855 0.209518
vt 0.855366 0.190971
vt 0.810855 0.209518
vt 0.458516 0.397844
vt 0.067881 0.937189
vt 0.142464 0.850092
vt 0.126900 0.937189
vt 0.142464 0.762994
vt 0.142464 0.568661
vt 0.077265 0.503401
vt 0.000000 0.588799
vt 0.077265 0.503401
vt 0.142464 0.568661
vt 0.129453 0.668120
vt 0.142464 0.762994
vt 0.009428 0.850092
vt 0.000000 0.588799
vt 0.077265 0.503401
vt 0.142464 0.568661
vt 0.129453 0.668120
vt 0.142464 0.762994
vt 0.009428 0.850092
vt 0.000000 0.588799
vt 0.077265 0.503401
vt 0.142464 0.568661
vt 0.129453 0.668120
vt 0.142464 0.762994
vt 0.009428 0.850092
vt 0.807055 0.228707
vt 0.067881 0.937189
vt 0.142464 0.850092
vt 0.126900 0.937189
vt 0.142464 0.762994
vt 0.142464 0.568661
vt 0.077265 0.503401
vt 0.611457 0.118522
vt 0.612692 0.143620
vt 0.673648 0.210360
vt 0.734684 0.169381
vt 0.660954 0.121440
vt 0.611457 0.118522
vt 0.810855 0.209518
vt 0.855366 0.190971
vt 0.353676 0.344962
vt 0.835228 0.363977
vt 0.812307 0.387684
vt 0.835228 0.363977
vt 0.858148 0.340270
vt 0.000000 0.588799
vt 0.077265 0.503401
vt 0.142464 0.568661
vt 0.810855 0.209518
vt 0.835228 0.363977
vt 0.812307 0.387684
vt 0.789934 0.385308
vt 0.835228 0.363977
vt 0.812307 0.387684
vt 0.789934 0.385308
vt 0.142464 0.850092
vt 0.126900 0.937189
vt 0.067881 0.937189
vt 0.009428 0.850092
vt 0.077265 0.503401
vt 0.331618 0.373260
vt 0.249254 0.356494
vt 0.294612 0.334823
vt 0.077265 0.503401
vt 0.142464 0.568661
vt 0.142464 0.850092
vt 0.126900 0.937189
vt 0.067881 0.937189
vt 0.611457 0.118522
vt 0.000000 0.588799
vt 0.077265 0.503401
vt 0.142464 0.568661
vt 0.129453 0.668120
vt 0.142464 0.762994
vt 0.009428 0.850092
vt 0.673648 0.210360
vt 0.077265 0.503401
vt 0.142464 0.568661
vt 0.142464 0.850092
vt 0.126900 0.937189
vt 0.067881 0.937189
vt 0.458516 0.397844
vt 0.353676 0.344962
vt 0.458516 0.397844
vt 0.425132 0.393853
vt 0.353676 0.344962
vt 0.142464 0.568661
vt 0.077265 0.503401
vt 0.810855 0.209518
vt 0.611457 0.118522
vt 0.612692 0.143620
vt 0.611457 0.118522
vt 0.611457 0.118522
vt 0.353676 0.344962
vt 0.126900 0.937189
vt 0.129453 0.668120
vt 0.142464 0.568661
vt 0.000000 0.588799
vt 0.077265 0.503401
vt 0.142464 0.568661
vt 0.000000 0.588799
vt 0.077265 0.503401
vt 0.067881 0.937189
vt 0.126900 0.937189
vt 0.067881 0.937189
vt 0.126900 0.937189
vt 0.142464 0.762994
vt 0.142464 0.568661
vt 0.077265 0.503401
vt 0.067881 0.937189
vt 0.142464 0.850092
vt 0.126900 0.937189
vt 0.142464 0.568661
vt 0.077265 0.503401
vt 0.126900 0.937189
vt 0.142464 0.850092
vt 0.067881 0.937189
vt 0.142464 0.762994
vt 0.142464 0.568661
vt 0.077265 0.503401
vt 0.807055 0.228707
vt 0.835228 0.363977
vt 0.812307 0.387684
vt 0.789934 0.385308
vt 0.673648 0.210360
vt 0.611457 0.118522
vt 0.612692 0.143620
vt 0.871453 0.137309
vt 0.855366 0.190971
vt 0.807055 0.228707
vt 0.835228 0.363977
vt 0.812307 0.387684
vt 0.789934 0.385308
vt 0.067881 0.937189
vt 0.126900 0.937189
vt 0.142464 0.850092
vt 0.142464 0.568661
vt 0.077265 0.503401
vt 0.458516 0.397844
vt 0.353676 0.344962
vt 0.485893 0.288559
vt 0.458516 0.397844
vt 0.270421 0.553044
vt 0.231615 0.520790
vt 0.142464 0.850092
vt 0.126900 0.937189
vt 0.142464 0.762994
vt 0.142464 0.568661
vt 0.077265 0.503401
vt 0.458516 0.397844
vt 0.353676 0.344962
vt 0.126900 0.937189
vt 0.142464 0.762994
vt 0.129453 0.668120
vt 0.142464 0.568661
vt 0.000000 0.588799
vt 0.077265 0.503401
vt 0.126900 0.937189
vt 0.142464 0.762994
vt 0.129453 0.668120
vt 0.142464 0.568661
vt 0.000000 0.588799
vt 0.077265 0.503401
vt 0.077265 0.503401
vt 0.142464 0.568661
vt 0.142464 0.850092
vt 0.126900 0.937189
vt 0.067881 0.937189
vt 0.611457 0.118522
vt 0.810855 0.209518
vt 0.810855 0.209518
vt 0.077265 0.503401
vt 0.142464 0.568661
vt 0.142464 0.850092
vt 0.126900 0.937189
vt 0.067881 0.937189
vt 0.067881 0.937189
vt 0.142464 0.850092
vt 0.126900 0.937189
vt 0.142464 0.762994
vt 0.142464 0.568661
vt 0.077265 0.503401
vt 0.871453 0.137309
vt 0.611457 0.118522
vt 0.742606 0.217315
vt 0.673648 0.210360
vt 0.612692 0.143620
vt 0.353676 0.344962
vt 0.810855 0.209518
vt 0.810855 0.209518
vt 0.353676 0.344962
vt 0.000000 0.588799
vt 0.077265 0.503401
vt 0.142464 0.568661
vt 0.129453 0.668120
vt 0.142464 0.762994
vt 0.009428 0.850092
vt 0.126900 0.937189
vt 0.142464 0.762994
vt 0.129453 0.668120
vt 0.142464 0.568661
vt 0.000000 0.588799
vt 0.077265 0.503401
vt 0.067881 0.937189
vt 0.126900 0.937189
vt 0.142464 0.850092
vt 0.142464 0.568661
vt 0.077265 0.503401
vt 0.067881 0.937189
vt 0.142464 0.850092
vt 0.126900 0.937189
vt 0.142464 0.568661
vt 0.077265 0.503401
vt 0.835228 0.363977
vt 0.673648 0.210360
vt 0.611457 0.118522
vt 0.612692 0.143620
vt 0.871453 0.137309
vt 0.855366 0.190971
vt 0.611457 0.118522
vt 0.249254 0.356494
vt 0.294612 0.334823
vt 0.331618 0.373260
vt 0.835228 0.363977
vt 0.812307 0.387684
vt 0.789934 0.385308
vt 0.000000 0.588799
vt 0.077265 0.503401
vt 0.142464 0.568661
vt 0.129453 0.668120
vt 0.142464 0.762994
vt 0.009428 0.850092
vt 0.458516 0.397844
vt 0.353676 0.344962
vt 0.077265 0.503401
vt 0.142464 0.568661
vt 0.142464 0.850092
vt 0.126900 0.937189
vt 0.067881 0.937189
vt 0.000000 0.588799
vt 0.077265 0.503401
vt 0.142464 0.568661
vt 0.129453 0.668120
vt 0.142464 0.762994
vt 0.009428 0.850092
vt 0.810855 0.209518
vt 0.611457 0.118522
vt 0.810855 0.209518
vt 0.660954 0.121440
vt 0.611457 0.118522
vt 0.810855 0.209518
vt 0.270421 0.553044
vt 0.231615 0.520790
vt 0.673648 0.210360
vt 0.611457 0.118522
vt 0.612692 0.143620
vt 0.871453 0.137309
vt 0.855366 0.190971
vt 0.353676 0.344962
vt 0.485893 0.288559
vt 0.611457 0.118522
vt 0.810855 0.209518
vt 0.611457 0.118522
vt 0.353676 0.344962
vt 0.126900 0.937189
vt 0.142464 0.762994
vt 0.129453 0.668120
vt 0.142464 0.568661
vt 0.000000 0.588799
vt 0.077265 0.503401
vt 0.000000 0.588799
vt 0.077265 0.503401
vt 0.142464 0.568661
vt 0.129453 0.668120
vt 0.142464 0.762994
vt 0.009428 0.850092
vt 0.000000 0.588799
vt 0.077265 0.503401
vt 0.142464 0.568661
vt 0.129453 0.668120
vt 0.142464 0.762994
vt 0.009428 0.850092
vt 0.067881 0.937189
vt 0.142464 0.850092
vt 0.126900 0.937189
vt 0.142464 0.762994
vt 0.142464 0.568661
vt 0.077265 0.503401
vt 0.862119 0.281591
vt 0.807055 0.228707
vt 0.270421 0.553044
vt 0.231615 0.520790
vt 0.871453 0.137309
vt 0.611457 0.118522
vt 0.742606 0.217315
vt 0.673648 0.210360
vt 0.612692 0.143620
vt 0.807055 0.228707
vt 0.835228 0.363977
vt 0.812307 0.387684
vt 0.789934 0.385308
vt 0.458516 0.397844
vt 0.353676 0.344962
vt 0.000000 0.588799
vt 0.077265 0.503401
vt 0.142464 0.568661
vt 0.129453 0.668120
vt 0.142464 0.762994
vt 0.009428 0.850092
vt 0.077265 0.503401
vt 0.142464 0.568661
vt 0.142464 0.850092
vt 0.126900 0.937189
vt 0.067881 0.937189
vt 0.077265 0.503401
vt 0.142464 0.568661
vt 0.142464 0.850092
vt 0.126900 0.937189
vt 0.067881 0.937189
vt 0.860568 0.314386
vt 0.858148 0.340270
vt 0.611457 0.118522
vt 0.871453 0.137309
vt 0.855366 0.190971
vt 0.077265 0.503401
vt 0.142464 0.568661
vt 0.142464 0.762994
vt 0.611457 0.118522
vt 0.612692 0.143620
vt 0.871453 0.137309
vt 0.611457 0.118522
vt 0.742606 0.217315
vt 0.673648 0.210360
vt 0.612692 0.143620
vt 0.353676 0.344962
vt 0.485893 0.288559
vt 0.458516 0.397844
vt 0.611457 0.118522
vt 0.353676 0.344962
vt 0.000000 0.588799
vt 0.077265 0.503401
vt 0.142464 0.568661
vt 0.129453 0.668120
vt 0.142464 0.762994
vt 0.009428 0.850092
vt 0.000000 0.588799
vt 0.077265 0.503401
vt 0.142464 0.568661
vt 0.129453 0.668120
vt 0.142464 0.762994
vt 0.009428 0.850092
vt 0.126900 0.937189
vt 0.142464 0.762994
vt 0.129453 0.668120
vt 0.142464 0.568661
vt 0.000000 0.588799
vt 0.077265 0.503401
vt 0.000000 0.588799
vt 0.077265 0.503401
vt 0.142464 0.568661
vt 0.129453 0.668120
vt 0.142464 0.762994
vt 0.009428 0.850092
vt 0.807055 0.228707
vt 0.673648 0.210360
vt 0.611457 0.118522
vt 0.612692 0.143620
vt 0.871453 0.137309
vt 0.855366 0.190971
vt 0.807055 0.228707
vt 0.835228 0.363977
vt 0.812307 0.387684
vt 0.789934 0.385308
vt 0.871453 0.137309
vt 0.611457 0.118522
vt 0.742606 0.217315
vt 0.673648 0.210360
vt 0.612692 0.143620
vt 0.810855 0.209518
vt 0.807055 0.228707
vt 0.835228 0.363977
vt 0.812307 0.387684
vt 0.789934 0.385308
vt 0.009428 0.850092
vt 0.270421 0.553044
vt 0.231615 0.520790
vt 0.458516 0.397844
vt 0.353676 0.344962
vt 0.835228 0.363977
vt 0.812307 0.387684
vt 0.789934 0.385308
vt 0.142464 0.568661
vt 0.000000 0.588799
vt 0.077265 0.503401
vt 0.000000 0.762994
vt 0.067881 0.937189
vt 0.000000 0.588799
vt 0.077265 0.503401
vt 0.142464 0.568661
vt 0.129453 0.668120
vt 0.142464 0.762994
vt 0.009428 0.850092
vt 0.807055 0.228707
vt 0.871453 0.137309
vt 0.855366 0.190971
vt 0.810855 0.209518
vt 0.612692 0.143620
vt 0.611457 0.118522
vt 0.810855 0.209518
vt 0.067881 0.937189
vt 0.126900 0.937189
vt 0.142464 0.850092
vt 0.142464 0.568661
vt 0.077265 0.503401
vt 0.142464 0.568661
vt 0.077265 0.503401
vt 0.353676 0.344962
vt 0.807055 0.228707
vt 0.611457 0.118522
vt 0.612692 0.143620
vt 0.353676 0.344962
vt 0.855366 0.190971
vt 0.810855 0.209518
vt 0.067881 0.937189
vt 0.126900 0.937189
vt 0.142464 0.850092
vt 0.142464 0.568661
vt 0.077265 0.503401
vt 0.660954 0.121440
vt 0.611457 0.118522
vt 0.000000 0.588799
vt 0.077265 0.503401
vt 0.142464 0.568661
vt 0.129453 0.668120
vt 0.126900 0.937189
vt 0.067881 0.937189
vt 0.000000 0.675897
vt 0.009428 0.850092
vt 0.860568 0.314386
vt 0.807055 0.228707
vt 0.835228 0.363977
vt 0.812307 0.387684
vt 0.611457 0.118522
vt 0.612692 0.143620
vt 0.810855 0.209518
vt 0.807055 0.228707
vt 0.812307 0.387684
vt 0.126900 0.937189
vt 0.142464 0.762994
vt 0.129453 0.668120
vt 0.142464 0.568661
vt 0.000000 0.588799
vt 0.077265 0.503401
vt 0.353676 0.344962
vt 0.458516 0.397844
vt 0.294612 0.334823
vt 0.067881 0.937189
vt 0.142464 0.850092
vt 0.126900 0.937189
vt 0.142464 0.762994
vt 0.142464 0.568661
vt 0.077265 0.503401
vt 0.000000 0.588799
vt 0.077265 0.503401
vt 0.142464 0.568661
vt 0.129453 0.668120
vt 0.142464 0.762994
vt 0.009428 0.850092
vt 0.000000 0.588799
vt 0.077265 0.503401
vt 0.142464 0.568661
vt 0.129453 0.668120
vt 0.142464 0.762994
vt 0.009428 0.850092
vt 0.660954 0.121440
vt 0.611457 0.118522
vt 0.810855 0.209518
vt 0.855366 0.190971
vt 0.067881 0.937189
vt 0.142464 0.850092
vt 0.126900 0.937189
vt 0.142464 0.762994
vt 0.142464 0.568661
vt 0.077265 0.503401
vt 0.611457 0.118522
vt 0.612692 0.143620
vt 0.673648 0.210360
vt 0.810855 0.209518
vt 0.353676 0.344962
vt 0.458516 0.397844
vt 0.660954 0.121440
vt 0.611457 0.118522
vt 0.067881 0.937189
vt 0.142464 0.850092
vt 0.126900 0.937189
vt 0.142464 0.762994
vt 0.142464 0.568661
vt 0.077265 0.503401
vt 0.126900 0.937189
vt 0.067881 0.937189
vt 0.009428 0.850092
vt 0.353676 0.344962
vt 0.458516 0.397844
vt 0.126900 0.937189
vt 0.142464 0.762994
vt 0.129453 0.668120
vt 0.142464 0.568661
vt 0.000000 0.588799
vt 0.077265 0.503401
vt 0.126900 0.937189
vt 0.142464 0.762994
vt 0.129453 0.668120
vt 0.142464 0.568661
vt 0.000000 0.588799
vt 0.077265 0.503401
vt 0.067881 0.937189
vt 0.126900 0.937189
vt 0.142464 0.850092
vt 0.142464 0.568661
vt 0.077265 0.503401
vt 0.142464 0.568661
vt 0.000000 0.588799
vt 0.077265 0.503401
vt 0.000000 0.762994
vt 0.067881 0.937189
vt 0.000000 0.588799
vt 0.077265 0.503401
vt 0.142464 0.568661
vt 0.129453 0.668120
vt 0.142464 0.762994
vt 0.009428 0.850092
vt 0.807055 0.228707
vt 0.485893 0.288559
vt 0.812307 0.387684
vt 0.789934 0.385308
vt 0.077265 0.503401
vt 0.142464 0.568661
vt 0.126900 0.937189
vt 0.009428 0.850092
vt 0.067881 0.937189
vt 0.000000 0.588799
vt 0.077265 0.503401
vt 0.142464 0.568661
vt 0.129453 0.668120
vt 0.126900 0.937189
vt 0.067881 0.937189
vt 0.000000 0.675897
vt 0.871453 0.137309
vt 0.855366 0.190971
vt 0.810855 0.209518
vt 0.612692 0.143620
vt 0.807055 0.228707
vt 0.077265 0.503401
vt 0.142464 0.568661
vt 0.126900 0.937189
vt 0.009428 0.850092
vt 0.067881 0.937189
vt 0.077265 0.503401
vt 0.142464 0.568661
vt 0.126900 0.937189
vt 0.009428 0.850092
vt 0.067881 0.937189
vt 0.077265 0.503401
vt 0.142464 0.568661
vt 0.142464 0.850092
vt 0.126900 0.937189
vt 0.067881 0.937189
vt 0.611457 0.118522
vt 0.807055 0.228707
vt 0.067881 0.937189
vt 0.142464 0.850092
vt 0.126900 0.937189
vt 0.142464 0.568661
vt 0.077265 0.503401
vt 0.742606 0.217315
vt 0.660954 0.121440
vt 0.611457 0.118522
vt 0.611457 0.118522
vt 0.612692 0.143620
vt 0.067881 0.937189
vt 0.126900 0.937189
vt 0.142464 0.762994
vt 0.142464 0.568661
vt 0.077265 0.503401
vt 0.807055 0.228707
vt 0.611457 0.118522
vt 0.009428 0.850092
vt 0.067881 0.937189
vt 0.142464 0.850092
vt 0.126900 0.937189
vt 0.142464 0.568661
vt 0.000000 0.588799
vt 0.077265 0.503401
vt 0.077265 0.503401
vt 0.142464 0.568661
vt 0.142464 0.850092
vt 0.126900 0.937189
vt 0.067881 0.937189
vt 0.142464 0.568661
vt 0.000000 0.588799
vt 0.077265 0.503401
vt 0.067881 0.937189
vt 0.126900 0.937189
vt 0.077265 0.503401
vt 0.142464 0.568661
vt 0.142464 0.762994
vt 0.126900 0.937189
vt 0.067881 0.937189
vt 0.835228 0.363977
vt 0.807055 0.228707
vt 0.810855 0.209518
vt 0.810855 0.209518
vt 0.807055 0.228707
vt 0.812307 0.387684
vt 0.000000 0.588799
vt 0.077265 0.503401
vt 0.142464 0.568661
vt 0.129453 0.668120
vt 0.142464 0.762994
vt 0.009428 0.850092
vt 0.353676 0.344962
vt 0.458516 0.397844
vt 0.445452 0.291525
vt 0.294612 0.334823
vt 0.000000 0.588799
vt 0.077265 0.503401
vt 0.142464 0.568661
vt 0.129453 0.668120
vt 0.142464 0.762994
vt 0.009428 0.850092
vt 0.126900 0.937189
vt 0.142464 0.762994
vt 0.129453 0.668120
vt 0.142464 0.568661
vt 0.000000 0.588799
vt 0.077265 0.503401
vt 0.126900 0.937189
vt 0.142464 0.762994
vt 0.129453 0.668120
vt 0.142464 0.568661
vt 0.000000 0.588799
vt 0.077265 0.503401
vt 0.660954 0.121440
vt 0.611457 0.118522
vt 0.855366 0.190971
vt 0.000000 0.588799
vt 0.077265 0.503401
vt 0.142464 0.568661
vt 0.129453 0.668120
vt 0.142464 0.762994
vt 0.009428 0.850092
vt 0.611457 0.118522
vt 0.612692 0.143620
vt 0.810855 0.209518
vt 0.353676 0.344962
vt 0.660954 0.121440
vt 0.611457 0.118522
vt 0.810855 0.209518
vt 0.855366 0.190971
vt 0.353676 0.344962
vt 0.067881 0.937189
vt 0.142464 0.850092
vt 0.126900 0.937189
vt 0.142464 0.762994
vt 0.142464 0.568661
vt 0.077265 0.503401
vt 0.000000 0.588799
vt 0.077265 0.503401
vt 0.142464 0.568661
vt 0.129453 0.668120
vt 0.142464 0.762994
vt 0.009428 0.850092
vt 0.077265 0.503401
vt 0.142464 0.568661
vt 0.142464 0.850092
vt 0.126900 0.937189
vt 0.067881 0.937189
vt 0.126900 0.937189
vt 0.142464 0.762994
vt 0.129453 0.668120
vt 0.142464 0.568661
vt 0.000000 0.588799
vt 0.077265 0.503401
vt 0.835228 0.363977
vt 0.812307 0.387684
vt 0.810855 0.209518
vt 0.835228 0.363977
vt 0.807055 0.228707
vt 0.789934 0.385308
vt 0.067881 0.937189
vt 0.126900 0.937189
vt 0.142464 0.850092
vt 0.142464 0.568661
vt 0.077265 0.503401
vt 0.353676 0.344962
vt 0.294612 0.334823
vt 0.126900 0.937189
vt 0.142464 0.762994
vt 0.129453 0.668120
vt 0.142464 0.568661
vt 0.000000 0.588799
vt 0.077265 0.503401
vt 0.000000 0.588799
vt 0.077265 0.503401
vt 0.142464 0.568661
vt 0.129453 0.668120
vt 0.142464 0.762994
vt 0.009428 0.850092
vt 0.000000 0.588799
vt 0.077265 0.503401
vt 0.142464 0.568661
vt 0.129453 0.668120
vt 0.142464 0.762994
vt 0.009428 0.850092
vt 0.660954 0.121440
vt 0.611457 0.118522
vt 0.855366 0.190971
vt 0.077265 0.503401
vt 0.142464 0.568661
vt 0.142464 0.850092
vt 0.126900 0.937189
vt 0.067881 0.937189
vt 0.353676 0.344962
vt 0.611457 0.118522
vt 0.855366 0.190971
vt 0.810855 0.209518
vt 0.353676 0.344962
vt 0.126900 0.937189
vt 0.142464 0.762994
vt 0.129453 0.668120
vt 0.142464 0.568661
vt 0.000000 0.588799
vt 0.077265 0.503401
vt 0.067881 0.937189
vt 0.142464 0.850092
vt 0.126900 0.937189
vt 0.142464 0.762994
vt 0.142464 0.568661
vt 0.077265 0.503401
vt 0.067881 0.937189
vt 0.142464 0.850092
vt 0.126900 0.937189
vt 0.142464 0.762994
vt 0.142464 0.568661
vt 0.077265 0.503401
vt 0.077265 0.503401
vt 0.142464 0.568661
vt 0.142464 0.850092
vt 0.126900 0.937189
vt 0.067881 0.937189
vt 0.807055 0.228707
vt 0.812307 0.387684
vt 0.673648 0.210360
vt 0.835228 0.363977
vt 0.807055 0.228707
vt 0.812307 0.387684
vt 0.126900 0.937189
vt 0.142464 0.762994
vt 0.129453 0.668120
vt 0.142464 0.568661
vt 0.000000 0.588799
vt 0.077265 0.503401
vt 0.353676 0.344962
vt 0.458516 0.397844
vt 0.458516 0.397844
vt 0.294612 0.334823
vt 0.000000 0.588799
vt 0.077265 0.503401
vt 0.142464 0.568661
vt 0.129453 0.668120
vt 0.142464 0.762994
vt 0.009428 0.850092
vt 0.126900 0.937189
vt 0.142464 0.762994
vt 0.129453 0.668120
vt 0.142464 0.568661
vt 0.000000 0.588799
vt 0.077265 0.503401
vt 0.067881 0.937189
vt 0.142464 0.850092
vt 0.126900 0.937189
vt 0.142464 0.762994
vt 0.142464 0.568661
vt 0.077265 0.503401
vt 0.660954 0.121440
vt 0.611457 0.118522
vt 0.810855 0.209518
vt 0.855366 0.190971
vt 0.000000 0.588799
vt 0.077265 0.503401
vt 0.142464 0.568661
vt 0.129453 0.668120
vt 0.142464 0.762994
vt 0.009428 0.850092
vt 0.067881 0.937189
vt 0.142464 0.850092
vt 0.126900 0.937189
vt 0.142464 0.762994
vt 0.142464 0.568661
vt 0.077265 0.503401
vt 0.353676 0.344962
vt 0.660954 0.121440
vt 0.611457 0.118522
vt 0.855366 0.190971
vt 0.353676 0.344962
vt 0.000000 0.588799
vt 0.077265 0.503401
vt 0.142464 0.568661
vt 0.129453 0.668120
vt 0.142464 0.762994
vt 0.009428 0.850092
vt 0.000000 0.588799
vt 0.077265 0.503401
vt 0.142464 0.568661
vt 0.129453 0.668120
vt 0.142464 0.762994
vt 0.009428 0.850092
vt 0.126900 0.937189
vt 0.142464 0.762994
vt 0.129453 0.668120
vt 0.142464 0.568661
vt 0.000000 0.588799
vt 0.077265 0.503401
vt 0.807055 0.228707
vt 0.812307 0.387684
vt 0.810855 0.209518
vt 0.673648 0.210360
vt 0.807055 0.228707
vt 0.000000 0.588799
vt 0.077265 0.503401
vt 0.142464 0.568661
vt 0.129453 0.668120
vt 0.142464 0.762994
vt 0.009428 0.850092
vt 0.353676 0.344962
vt 0.294612 0.334823
vt 0.000000 0.588799
vt 0.077265 0.503401
vt 0.142464 0.568661
vt 0.129453 0.668120
vt 0.142464 0.762994
vt 0.009428 0.850092
vt 0.126900 0.937189
vt 0.142464 0.762994
vt 0.129453 0.668120
vt 0.142464 0.568661
vt 0.000000 0.588799
vt 0.077265 0.503401
vt 0.077265 0.503401
vt 0.142464 0.568661
vt 0.142464 0.850092
vt 0.126900 0.937189
vt 0.067881 0.937189
vt 0.660954 0.121440
vt 0.611457 0.118522
vt 0.855366 0.190971
vt 0.126900 0.937189
vt 0.142464 0.762994
vt 0.129453 0.668120
vt 0.142464 0.568661
vt 0.000000 0.588799
vt 0.077265 0.503401
vt 0.353676 0.344962
vt 0.660954 0.121440
vt 0.611457 0.118522
vt 0.855366 0.190971
vt 0.126900 0.937189
vt 0.142464 0.762994
vt 0.129453 0.668120
vt 0.142464 0.568661
vt 0.000000 0.588799
vt 0.077265 0.503401
vt 0.000000 0.588799
vt 0.077265 0.503401
vt 0.142464 0.568661
vt 0.129453 0.668120
vt 0.142464 0.762994
vt 0.009428 0.850092
vt 0.077265 0.503401
vt 0.142464 0.568661
vt 0.142464 0.850092
vt 0.126900 0.937189
vt 0.067881 0.937189
vt 0.126900 0.937189
vt 0.142464 0.762994
vt 0.129453 0.668120
vt 0.142464 0.568661
vt 0.000000 0.588799
vt 0.077265 0.503401
vt 0.807055 0.228707
vt 0.812307 0.387684
vt 0.673648 0.210360
vt 0.807055 0.228707
vt 0.835228 0.363977
vt 0.812307 0.387684
vt 0.067881 0.937189
vt 0.142464 0.850092
vt 0.126900 0.937189
vt 0.142464 0.568661
vt 0.077265 0.503401
vt 0.612692 0.143620
vt 0.611457 0.118522
vt 0.294612 0.334823
vt 0.000000 0.588799
vt 0.077265 0.503401
vt 0.142464 0.568661
vt 0.129453 0.668120
vt 0.142464 0.762994
vt 0.009428 0.850092
vt 0.067881 0.937189
vt 0.126900 0.937189
vt 0.142464 0.850092
vt 0.142464 0.568661
vt 0.077265 0.503401
vt 0.077265 0.503401
vt 0.142464 0.568661
vt 0.142464 0.850092
vt 0.126900 0.937189
vt 0.067881 0.937189
vt 0.660954 0.121440
vt 0.611457 0.118522
vt 0.855366 0.190971
vt 0.067881 0.937189
vt 0.142464 0.850092
vt 0.126900 0.937189
vt 0.142464 0.762994
vt 0.142464 0.568661
vt 0.077265 0.503401
vt 0.353676 0.344962
vt 0.660954 0.121440
vt 0.611457 0.118522
vt 0.855366 0.190971
vt 0.353676 0.344962
vt 0.067881 0.937189
vt 0.142464 0.850092
vt 0.126900 0.937189
vt 0.142464 0.762994
vt 0.142464 0.568661
vt 0.077265 0.503401
vt 0.067881 0.937189
vt 0.126900 0.937189
vt 0.142464 0.850092
vt 0.142464 0.568661
vt 0.077265 0.503401
vt 0.126900 0.937189
vt 0.142464 0.762994
vt 0.129453 0.668120
vt 0.142464 0.568661
vt 0.000000 0.588799
vt 0.077265 0.503401
vt 0.126900 0.937189
vt 0.142464 0.762994
vt 0.129453 0.668120
vt 0.142464 0.568661
vt 0.000000 0.588799
vt 0.077265 0.503401
vt 0.807055 0.228707
vt 0.812307 0.387684
vt 0.000000 0.588799
vt 0.077265 0.503401
vt 0.142464 0.568661
vt 0.129453 0.668120
vt 0.142464 0.762994
vt 0.009428 0.850092
vt 0.660954 0.121440
vt 0.611457 0.118522
vt 0.855366 0.190971
vt 0.000000 0.140735
vt 1.000000 0.140735
vt 1.000000 0.937073
vt 0.000000 0.937073
vt 0.000000 0.140735
vt 1.000000 0.140735
vt 1.000000 0.937073
vt 0.000000 0.937073
vt 0.000000 0.140735
vt 1.000000 0.140735
vt 1.000000 0.937073
vt 0.000000 0.937073
vt 0.000000 0.140735
vt 1.000000 0.140735
vt 1.000000 0.937073
vt 0.000000 0.937073
vt 0.000000 0.140735
vt 1.000000 0.140735
vt 1.000000 0.937073
vt 0.000000 0.937073
vt 0.000000 0.140735
vt 1.000000 0.140735
vt 1.000000 0.937073
vt 0.000000 0.937073
vt 0.000000 0.140735
vt 1.000000 0.140735
vt 1.000000 0.937073
vt 0.000000 0.937073
vt 0.000000 0.140735
vt 1.000000 0.140735
vt 1.000000 0.937073
vt 0.000000 0.937073
vt 0.000000 0.140735
vt 1.000000 0.140735
vt 1.000000 0.937073
vt 0.000000 0.937073
vt 0.000000 0.140735
vt 1.000000 0.140735
vt 1.000000 0.937073
vt 0.000000 0.937073
vt 0.000000 0.140735
vt 1.000000 0.140735
vt 1.000000 0.937073
vt 0.000000 0.937073
vt 0.000000 0.140735
vt 1.000000 0.140735
vt 1.000000 0.937073
vt 0.000000 0.937073
vt 0.000000 0.140735
vt 1.000000 0.140735
vt 1.000000 0.937073
vt 0.000000 0.937073
vt 0.000000 0.140735
vt 1.000000 0.140735
vt 1.000000 0.937073
vt 0.000000 0.937073
vt 0.000000 0.140735
vt 1.000000 0.140735
vt 1.000000 0.937073
vt 0.000000 0.937073
vt 0.000000 0.140735
vt 1.000000 0.140735
vt 1.000000 0.937073
vt 0.000000 0.937073
vt 0.000000 0.140735
vt 1.000000 0.140735
vt 1.000000 0.937073
vt 0.000000 0.937073
vt 0.000000 0.140735
vt 1.000000 0.140735
vt 1.000000 0.937073
vt 0.000000 0.937073
vt 0.000000 0.140735
vt 1.000000 0.140735
vt 1.000000 0.937073
vt 0.000000 0.937073
vt 0.000000 0.140735
vt 1.000000 0.140735
vt 1.000000 0.937073
vt 0.000000 0.937073
vt 0.000000 0.140735
vt 1.000000 0.140735
vt 1.000000 0.937073
vt 0.000000 0.937073
vt 0.000000 0.140735
vt 1.000000 0.140735
vt 1.000000 0.937073
vt 0.000000 0.937073
vt 0.000000 0.140735
vt 1.000000 0.140735
vt 1.000000 0.937073
vt 0.000000 0.937073
vt 0.000000 0.140735
vt 1.000000 0.140735
vt 1.000000 0.937073
vt 0.000000 0.937073
vt 0.000000 0.140735
vt 1.000000 0.140735
vt 1.000000 0.937073
vt 0.000000 0.937073
vt 0.000000 0.140735
vt 1.000000 0.140735
vt 1.000000 0.937073
vt 0.000000 0.937073
vt 0.000000 0.140735
vt 1.000000 0.140735
vt 1.000000 0.937073
vt 0.000000 0.937073
vt 0.000000 0.140735
vt 1.000000 0.140735
vt 1.000000 0.937073
vt 0.000000 0.937073
vt 0.000000 0.140735
vt 1.000000 0.140735
vt 1.000000 0.937073
vt 0.000000 0.937073
vt 0.000000 0.140735
vt 1.000000 0.140735
vt 1.000000 0.937073
vt 0.000000 0.937073
vt 0.000000 0.140735
vt 1.000000 0.140735
vt 1.000000 0.937073
vt 0.000000 0.937073
vt 0.000000 0.140735
vt 1.000000 0.140735
vt 1.000000 0.937073
vt 0.000000 0.937073
vt 0.000000 0.140735
vt 1.000000 0.140735
vt 1.000000 0.937073
vt 0.000000 0.937073
vt 0.000000 0.140735
vt 1.000000 0.140735
vt 1.000000 0.937073
vt 0.000000 0.937073
vt 0.000000 0.140735
vt 1.000000 0.140735
vt 1.000000 0.937073
vt 0.000000 0.937073
vt 0.000000 0.140735
vt 1.000000 0.140735
vt 1.000000 0.937073
vt 0.000000 0.937073
vt 0.000000 0.140735
vt 1.000000 0.140735
vt 1.000000 0.937073
vt 0.000000 0.937073
vt 0.000000 0.140735
vt 1.000000 0.140735
vt 1.000000 0.937073
vt 0.000000 0.937073
vt 0.000000 0.140735
vt 1.000000 0.140735
vt 1.000000 0.937073
vt 0.000000 0.937073
vt 0.000000 0.140735
vt 1.000000 0.140735
vt 1.000000 0.937073
vt 0.000000 0.937073
vt 0.000000 0.140735
vt 1.000000 0.140735
vt 1.000000 0.937073
vt 0.000000 0.937073
vt 0.000000 0.140735
vt 1.000000 0.140735
vt 1.000000 0.937073
vt 0.000000 0.937073
vt 0.000000 0.140735
vt 1.000000 0.140735
vt 1.000000 0.937073
vt 0.000000 0.937073
vt 0.000000 0.140735
vt 1.000000 0.140735
vt 1.000000 0.937073
vt 0.000000 0.937073
vt 0.000000 0.140735
vt 1.000000 0.140735
vt 1.000000 0.937073
vt 0.000000 0.937073
vt 0.000000 0.140735
vt 1.000000 0.140735
vt 1.000000 0.937073
vt 0.000000 0.937073
vt 0.000000 0.140735
vt 1.000000 0.140735
vt 1.000000 0.937073
vt 0.000000 0.937073
vt 0.000000 0.140735
vt 1.000000 0.140735
vt 1.000000 0.937073
vt 0.000000 0.937073
vt 0.000000 0.140735
vt 1.000000 0.140735
vt 1.000000 0.937073
vt 0.000000 0.937073
vt 0.000000 0.140735
vt 1.000000 0.140735
vt 1.000000 0.937073
vt 0.000000 0.937073
vt 0.000000 0.140735
vt 1.000000 0.140735
vt 1.000000 0.937073
vt 0.000000 0.937073
vt 0.000000 0.140735
vt 1.000000 0.140735
vt 1.000000 0.937073
vt 0.000000 0.937073
vt 0.000000 0.140735
vt 1.000000 0.140735
vt 1.000000 0.937073
vt 0.000000 0.937073
vt 0.000000 0.140735
vt 1.000000 0.140735
vt 1.000000 0.937073
vt 0.000000 0.937073
vt 0.000000 0.140735
vt 1.000000 0.140735
vt 1.000000 0.937073
vt 0.000000 0.937073
vt 0.000000 0.140735
vt 1.000000 0.140735
vt 1.000000 0.937073
vt 0.000000 0.937073
vt 0.000000 0.140735
vt 1.000000 0.140735
vt 1.000000 0.937073
vt 0.000000 0.937073
vt 0.000000 0.140735
vt 1.000000 0.140735
vt 1.000000 0.937073
vt 0.000000 0.937073
vt 0.000000 0.140735
vt 1.000000 0.140735
vt 1.000000 0.937073
vt 0.000000 0.937073
vt 0.000000 0.140735
vt 1.000000 0.140735
vt 1.000000 0.937073
vt 0.000000 0.937073
vt 0.000000 0.140735
vt 1.000000 0.140735
vt 1.000000 0.937073
vt 0.000000 0.937073
vt 0.000000 0.140735
vt 1.000000 0.140735
vt 1.000000 0.937073
vt 0.000000 0.937073
vt 0.000000 0.140735
vt 1.000000 0.140735
vt 1.000000 0.937073
vt 0.000000 0.937073
vt 0.000000 0.140735
vt 1.000000 0.140735
vt 1.000000 0.937073
vt 0.000000 0.937073
vt 0.000000 0.140735
vt 1.000000 0.140735
vt 1.000000 0.937073
vt 0.000000 0.937073
vt 0.000000 0.140735
vt 1.000000 0.140735
vt 1.000000 0.937073
vt 0.000000 0.937073
vt 0.000000 0.140735
vt 1.000000 0.140735
vt 1.000000 0.937073
vt 0.000000 0.937073
vt 0.000000 0.140735
vt 1.000000 0.140735
vt 1.000000 0.937073
vt 0.000000 0.937073
vt 0.000000 0.140735
vt 1.000000 0.140735
vt 1.000000 0.937073
vt 0.000000 0.937073
vt 0.000000 0.140735
vt 1.000000 0.140735
vt 1.000000 0.937073
vt 0.000000 0.937073
vt 0.000000 0.140735
vt 1.000000 0.140735
vt 1.000000 0.937073
vt 0.000000 0.937073
vt 0.000000 0.140735
vt 1.000000 0.140735
vt 1.000000 0.937073
vt 0.000000 0.937073
vt 0.000000 0.140735
vt 1.000000 0.140735
vt 1.000000 0.937073
vt 0.000000 0.937073
vt 0.000000 0.140735
vt 1.000000 0.140735
vt 1.000000 0.937073
vt 0.000000 0.937073
vt 0.000000 0.140735
vt 1.000000 0.140735
vt 1.000000 0.937073
vt 0.000000 0.937073
vt 0.000000 0.140735
vt 1.000000 0.140735
vt 1.000000 0.937073
vt 0.000000 0.937073
vt 0.000000 0.140735
vt 1.000000 0.140735
vt 1.000000 0.937073
vt 0.000000 0.937073
vt 0.000000 0.140735
vt 1.000000 0.140735
vt 1.000000 0.937073
vt 0.000000 0.937073
vt 0.000000 0.140735
vt 1.000000 0.140735
vt 1.000000 0.937073
vt 0.000000 0.937073
vt 0.000000 0.140735
vt 1.000000 0.140735
vt 1.000000 0.937073
vt 0.000000 0.937073
vt 0.000000 0.140735
vt 1.000000 0.140735
vt 1.000000 0.937073
vt 0.000000 0.937073
vt 0.000000 0.140735
vt 1.000000 0.140735
vt 1.000000 0.937073
vt 0.000000 0.937073
vt 0.000000 0.140735
vt 1.000000 0.140735
vt 1.000000 0.937073
vt 0.000000 0.937073
vt 0.000000 0.140735
vt 1.000000 0.140735
vt 1.000000 0.937073
vt 0.000000 0.937073
vt 0.000000 0.140735
vt 1.000000 0.140735
vt 1.000000 0.937073
vt 0.000000 0.937073
vt 0.000000 0.140735
vt 1.000000 0.140735
vt 1.000000 0.937073
vt 0.000000 0.937073
vt 0.000000 0.140735
vt 1.000000 0.140735
vt 1.000000 0.937073
vt 0.000000 0.937073
vt 0.000000 0.140735
vt 1.000000 0.140735
vt 1.000000 0.937073
vt 0.000000 0.937073
vt 0.000000 0.140735
vt 1.000000 0.140735
vt 1.000000 0.937073
vt 0.000000 0.937073
vt 0.000000 0.140735
vt 1.000000 0.140735
vt 1.000000 0.937073
vt 0.000000 0.937073
vt 0.000000 0.140735
vt 1.000000 0.140735
vt 1.000000 0.937073
vt 0.000000 0.937073
vt 0.000000 0.140735
vt 1.000000 0.140735
vt 1.000000 0.937073
vt 0.000000 0.937073
vt 0.000000 0.140735
vt 1.000000 0.140735
vt 1.000000 0.937073
vt 0.000000 0.937073
vt 0.000000 0.140735
vt 1.000000 0.140735
vt 1.000000 0.937073
vt 0.000000 0.937073
vt 0.000000 0.140735
vt 1.000000 0.140735
vt 1.000000 0.937073
vt 0.000000 0.937073
vt 0.000000 0.140735
vt 1.000000 0.140735
vt 1.000000 0.937073
vt 0.000000 0.937073
vt 0.000000 0.140735
vt 1.000000 0.140735
vt 1.000000 0.937073
vt 0.000000 0.937073
vt 0.000000 0.140735
vt 1.000000 0.140735
vt 1.000000 0.937073
vt 0.000000 0.937073
vt 0.000000 0.140735
vt 1.000000 0.140735
vt 1.000000 0.937073
vt 0.000000 0.937073
vt 0.000000 0.140735
vt 1.000000 0.140735
vt 1.000000 0.937073
vt 0.000000 0.937073
vt 0.000000 0.140735
vt 1.000000 0.140735
vt 1.000000 0.937073
vt 0.000000 0.937073
vt 0.000000 0.140735
vt 1.000000 0.140735
vt 1.000000 0.937073
vt 0.000000 0.937073
vt 0.000000 0.140735
vt 1.000000 0.140735
vt 1.000000 0.937073
vt 0.000000 0.937073
vt 0.000000 0.140735
vt 1.000000 0.140735
vt 1.000000 0.937073
vt 0.000000 0.937073
vt 0.000000 0.140735
vt 1.000000 0.140735
vt 1.000000 0.937073
vt 0.000000 0.937073
vt 0.000000 0.140735
vt 1.000000 0.140735
vt 1.000000 0.937073
vt 0.000000 0.937073
vt 0.000000 0.140735
vt 1.000000 0.140735
vt 1.000000 0.937073
vt 0.000000 0.937073
vt 0.000000 0.140735
vt 1.000000 0.140735
vt 1.000000 0.937073
vt 0.000000 0.937073
vt 0.000000 0.140735
vt 1.000000 0.140735
vt 1.000000 0.937073
vt 0.000000 0.937073
vt 0.000000 0.140735
vt 1.000000 0.140735
vt 1.000000 0.937073
vt 0.000000 0.937073
vt 0.000000 0.140735
vt 1.000000 0.140735
vt 1.000000 0.937073
vt 0.000000 0.937073
vt 0.000000 0.140735
vt 1.000000 0.140735
vt 1.000000 0.937073
vt 0.000000 0.937073
vt 0.000000 0.140735
vt 1.000000 0.140735
vt 1.000000 0.937073
vt 0.000000 0.937073
vt 0.000000 0.140735
vt 1.000000 0.140735
vt 1.000000 0.937073
vt 0.000000 0.937073
vt 0.000000 0.140735
vt 1.000000 0.140735
vt 1.000000 0.937073
vt 0.000000 0.937073
vt 0.000000 0.140735
vt 1.000000 0.140735
vt 1.000000 0.937073
vt 0.000000 0.937073
vt 0.000000 0.140735
vt 1.000000 0.140735
vt 1.000000 0.937073
vt 0.000000 0.937073
vt 0.000000 0.140735
vt 1.000000 0.140735
vt 1.000000 0.937073
vt 0.000000 0.937073
vt 0.000000 0.140735
vt 1.000000 0.140735
vt 1.000000 0.937073
vt 0.000000 0.937073
vt 0.000000 0.140735
vt 1.000000 0.140735
vt 1.000000 0.937073
vt 0.000000 0.937073
vt 0.000000 0.140735
vt 1.000000 0.140735
vt 1.000000 0.937073
vt 0.000000 0.937073
vt 0.000000 0.140735
vt 1.000000 0.140735
vt 1.000000 0.937073
vt 0.000000 0.937073
vt 0.000000 0.140735
vt 1.000000 0.140735
vt 1.000000 0.937073
vt 0.000000 0.937073
vt 0.000000 0.140735
vt 1.000000 0.140735
vt 1.000000 0.937073
vt 0.000000 0.937073
vt 0.000000 0.140735
vt 1.000000 0.140735
vt 1.000000 0.937073
vt 0.000000 0.937073
vt 0.000000 0.140735
vt 1.000000 0.140735
vt 1.000000 0.937073
vt 0.000000 0.937073
vt 0.000000 0.140735
vt 1.000000 0.140735
vt 1.000000 0.937073
vt 0.000000 0.937073
vt 0.000000 0.140735
vt 1.000000 0.140735
vt 1.000000 0.937073
vt 0.000000 0.937073
vt 0.000000 0.140735
vt 1.000000 0.140735
vt 1.000000 0.937073
vt 0.000000 0.937073
vt 0.000000 0.140735
vt 1.000000 0.140735
vt 1.000000 0.937073
vt 0.000000 0.937073
vt 0.444574 0.435313
vt 1.000000 0.435313
vt 1.000000 1.000000
vt 0.444574 1.000000
vt 0.000000 0.435313
vt 0.444574 0.435313
vt 0.444574 1.000000
vt 0.000000 1.000000
vt 0.000000 0.000000
vt 0.444574 0.000000
vt 0.444574 0.435313
vt 0.000000 0.435313
vt 0.444574 0.000000
vt 1.000000 0.000000
vt 1.000000 0.435313
vt 0.444574 0.435313
vt 0.444574 0.435313
vt 1.000000 0.435313
vt 1.000000 1.000000
vt 0.444574 1.000000
vt 0.444574 0.435313
vt 1.000000 0.435313
vt 1.000000 1.000000
vt 0.444574 1.000000
vt 0.000000 0.000000
vt 0.444574 0.000000
vt 0.444574 0.435313
vt 0.000000 0.435313
vt 0.000000 0.435313
vt 0.444574 0.435313
vt 0.444574 1.000000
vt 0.000000 1.000000
vt 0.444574 0.000000
vt 1.000000 0.000000
vt 1.000000 0.435313
vt 0.444574 0.435313
vt 0.000000 0.435313
vt 0.444574 0.435313
vt 0.444574 1.000000
vt 0.000000 1.000000
vt 0.000000 0.000000
vt 0.444574 0.000000
vt 0.444574 0.435313
vt 0.000000 0.435313
vt 0.444574 0.000000
vt 1.000000 0.000000
vt 1.000000 0.435313
vt 0.444574 0.435313
vt 0.000000 0.435313
vt 0.444574 0.435313
vt 0.444574 1.000000
vt 0.000000 1.000000
vt 0.000000 0.435313
vt 0.444574 0.435313
vt 0.444574 1.000000
vt 0.000000 1.000000
vt 0.444574 0.435313
vt 1.000000 0.435313
vt 1.000000 1.000000
vt 0.444574 1.000000
vt 0.444574 0.435313
vt 1.000000 0.435313
vt 1.000000 1.000000
vt 0.444574 1.000000
vt 0.000000 0.435313
vt 0.444574 0.435313
vt 0.444574 1.000000
vt 0.000000 1.000000
vt 0.000000 0.000000
vt 0.444574 0.000000
vt 0.444574 0.435313
vt 0.000000 0.435313
vt 0.444574 0.000000
vt 1.000000 0.000000
vt 1.000000 0.435313
vt 0.444574 0.435313
vt 0.444574 0.435313
vt 1.000000 0.435313
vt 1.000000 1.000000
vt 0.444574 1.000000
vt 0.444574 0.435313
vt 1.000000 0.435313
vt 1.000000 1.000000
vt 0.444574 1.000000
vt 0.000000 0.000000
vt 0.444574 0.000000
vt 0.444574 0.435313
vt 0.000000 0.435313
vt 0.000000 0.435313
vt 0.444574 0.435313
vt 0.444574 1.000000
vt 0.000000 1.000000
vt 0.444574 0.000000
vt 1.000000 0.000000
vt 1.000000 0.435313
vt 0.444574 0.435313
vt 0.000000 0.435313
vt 0.444574 0.435313
vt 0.444574 1.000000
vt 0.000000 1.000000
vt 0.000000 0.000000
vt 0.444574 0.000000
vt 0.444574 0.435313
vt 0.000000 0.435313
vt 0.444574 0.000000
vt 1.000000 0.000000
vt 1.000000 0.435313
vt 0.444574 0.435313
vt 0.000000 0.435313
vt 0.444574 0.435313
vt 0.444574 1.000000
vt 0.000000 1.000000
vt 0.000000 0.435313
vt 0.444574 0.435313
vt 0.444574 1.000000
vt 0.000000 1.000000
vt 0.444574 0.435313
vt 1.000000 0.435313
vt 1.000000 1.000000
vt 0.444574 1.000000
vt 0.444574 0.435313
vt 1.000000 0.435313
vt 1.000000 1.000000
vt 0.444574 1.000000
vt 0.000000 0.435313
vt 0.444574 0.435313
vt 0.444574 1.000000
vt 0.000000 1.000000
vt 0.000000 0.000000
vt 0.444574 0.000000
vt 0.444574 0.435313
vt 0.000000 0.435313
vt 0.444574 0.000000
vt 1.000000 0.000000
vt 1.000000 0.435313
vt 0.444574 0.435313
vt 0.444574 0.435313
vt 1.000000 0.435313
vt 1.000000 1.000000
vt 0.444574 1.000000
vt 0.444574 0.435313
vt 1.000000 0.435313
vt 1.000000 1.000000
vt 0.444574 1.000000
vt 0.000000 0.000000
vt 0.444574 0.000000
vt 0.444574 0.435313
vt 0.000000 0.435313
vt 0.000000 0.435313
vt 0.444574 0.435313
vt 0.444574 1.000000
vt 0.000000 1.000000
vt 0.444574 0.000000
vt 1.000000 0.000000
vt 1.000000 0.435313
vt 0.444574 0.435313
vt 0.000000 0.435313
vt 0.444574 0.435313
vt 0.444574 1.000000
vt 0.000000 1.000000
vt 0.000000 0.000000
vt 0.444574 0.000000
vt 0.444574 0.435313
vt 0.000000 0.435313
vt 0.444574 0.000000
vt 1.000000 0.000000
vt 1.000000 0.435313
vt 0.444574 0.435313
vt 0.000000 0.435313
vt 0.444574 0.435313
vt 0.444574 1.000000
vt 0.000000 1.000000
vt 0.000000 0.435313
vt 0.444574 0.435313
vt 0.444574 1.000000
vt 0.000000 1.000000
vt 0.444574 0.435313
vt 1.000000 0.435313
vt 1.000000 1.000000
vt 0.444574 1.000000
vt 0.444574 0.435313
vt 1.000000 0.435313
vt 1.000000 1.000000
vt 0.444574 1.000000
vt 0.000000 0.435313
vt 0.444574 0.435313
vt 0.444574 1.000000
vt 0.000000 1.000000
vt 0.000000 0.000000
vt 0.444574 0.000000
vt 0.444574 0.435313
vt 0.000000 0.435313
vt 0.444574 0.000000
vt 1.000000 0.000000
vt 1.000000 0.435313
vt 0.444574 0.435313
vt 0.444574 0.435313
vt 1.000000 0.435313
vt 1.000000 1.000000
vt 0.444574 1.000000
vt 0.444574 0.435313
vt 1.000000 0.435313
vt 1.000000 1.000000
vt 0.444574 1.000000
vt 0.000000 0.000000
vt 0.444574 0.000000
vt 0.444574 0.435313
vt 0.000000 0.435313
vt 0.000000 0.435313
vt 0.444574 0.435313
vt 0.444574 1.000000
vt 0.000000 1.000000
vt 0.444574 0.000000
vt 1.000000 0.000000
vt 1.000000 0.435313
vt 0.444574 0.435313
vt 0.000000 0.435313
vt 0.444574 0.435313
vt 0.444574 1.000000
vt 0.000000 1.000000
vt 0.000000 0.000000
vt 0.444574 0.000000
vt 0.444574 0.435313
vt 0.000000 0.435313
vt 0.444574 0.000000
vt 1.000000 0.000000
vt 1.000000 0.435313
vt 0.444574 0.435313
vt 0.000000 0.435313
vt 0.444574 0.435313
vt 0.444574 1.000000
vt 0.000000 1.000000
vt 0.000000 0.435313
vt 0.444574 0.435313
vt 0.444574 1.000000
vt 0.000000 1.000000
vt 0.444574 0.435313
vt 1.000000 0.435313
vt 1.000000 1.000000
vt 0.444574 1.000000
vt 0.444574 0.435313
vt 1.000000 0.435313
vt 1.000000 1.000000
vt 0.444574 1.000000
vt 0.000000 0.435313
vt 0.444574 0.435313
vt 0.444574 1.000000
vt 0.000000 1.000000
vt 0.000000 0.000000
vt 0.444574 0.000000
vt 0.444574 0.435313
vt 0.000000 0.435313
vt 0.444574 0.000000
vt 1.000000 0.000000
vt 1.000000 0.435313
vt 0.444574 0.435313
vt 0.444574 0.435313
vt 1.000000 0.435313
vt 1.000000 1.000000
vt 0.444574 1.000000
vt 0.444574 0.435313
vt 1.000000 0.435313
vt 1.000000 1.000000
vt 0.444574 1.000000
vt 0.000000 0.000000
vt 0.444574 0.000000
vt 0.444574 0.435313
vt 0.000000 0.435313
vt 0.000000 0.435313
vt 0.444574 0.435313
vt 0.444574 1.000000
vt 0.000000 1.000000
vt 0.444574 0.000000
vt 1.000000 0.000000
vt 1.000000 0.435313
vt 0.444574 0.435313
vt 0.000000 0.435313
vt 0.444574 0.435313
vt 0.444574 1.000000
vt 0.000000 1.000000
vt 0.000000 0.000000
vt 0.444574 0.000000
vt 0.444574 0.435313
vt 0.000000 0.435313
vt 0.444574 0.000000
vt 1.000000 0.000000
vt 1.000000 0.435313
vt 0.444574 0.435313
vt 0.000000 0.435313
vt 0.444574 0.435313
vt 0.444574 1.000000
vt 0.000000 1.000000
vt 0.000000 0.435313
vt 0.444574 0.435313
vt 0.444574 1.000000
vt 0.000000 1.000000
vt 0.444574 0.435313
vt 1.000000 0.435313
vt 1.000000 1.000000
vt 0.444574 1.000000
vt 0.444574 0.435313
vt 1.000000 0.435313
vt 1.000000 1.000000
vt 0.444574 1.000000
vt 0.000000 0.435313
vt 0.444574 0.435313
vt 0.444574 1.000000
vt 0.000000 1.000000
vt 0.000000 0.000000
vt 0.444574 0.000000
vt 0.444574 0.435313
vt 0.000000 0.435313
vt 0.444574 0.000000
vt 1.000000 0.000000
vt 1.000000 0.435313
vt 0.444574 0.435313
vt 0.444574 0.435313
vt 1.000000 0.435313
vt 1.000000 1.000000
vt 0.444574 1.000000
vt 0.444574 0.435313
vt 1.000000 0.435313
vt 1.000000 1.000000
vt 0.444574 1.000000
vt 0.000000 0.000000
vt 0.444574 0.000000
vt 0.444574 0.435313
vt 0.000000 0.435313
vt 0.000000 0.435313
vt 0.444574 0.435313
vt 0.444574 1.000000
vt 0.000000 1.000000
vt 0.444574 0.000000
vt 1.000000 0.000000
vt 1.000000 0.435313
vt 0.444574 0.435313
vt 0.000000 0.435313
vt 0.444574 0.435313
vt 0.444574 1.000000
vt 0.000000 1.000000
vt 0.000000 0.000000
vt 0.444574 0.000000
vt 0.444574 0.435313
vt 0.000000 0.435313
vt 0.444574 0.000000
vt 1.000000 0.000000
vt 1.000000 0.435313
vt 0.444574 0.435313
vt 0.000000 0.435313
vt 0.444574 0.435313
vt 0.444574 1.000000
vt 0.000000 1.000000
vt 0.000000 0.435313
vt 0.444574 0.435313
vt 0.444574 1.000000
vt 0.000000 1.000000
vt 0.444574 0.435313
vt 1.000000 0.435313
vt 1.000000 1.000000
vt 0.444574 1.000000
vt 0.444574 0.435313
vt 1.000000 0.435313
vt 1.000000 1.000000
vt 0.444574 1.000000
vt 0.000000 0.435313
vt 0.000000 1.000000
vt 0.444574 1.000000
vt 0.444574 0.435313
vt 0.000000 0.435313
vt 0.444574 0.435313
vt 0.444574 1.000000
vt 0.000000 1.000000
vt 0.444574 0.435313
vt 1.000000 0.435313
vt 1.000000 1.000000
vt 0.444574 1.000000
vt 0.000000 0.000000
vt 0.444574 0.000000
vt 0.444574 0.435313
vt 0.000000 0.435313
vt 0.000000 0.435313
vt 0.444574 0.435313
vt 0.444574 1.000000
vt 0.000000 1.000000
vt 0.000000 0.000000
vt 0.444574 0.000000
vt 0.444574 0.435313
vt 0.000000 0.435313
vt 0.444574 0.435313
vt 1.000000 0.435313
vt 1.000000 1.000000
vt 0.444574 1.000000
vt 0.444574 0.435313
vt 1.000000 0.435313
vt 1.000000 1.000000
vt 0.444574 1.000000
vt 0.000000 0.000000
vt 0.444574 0.000000
vt 0.444574 0.435313
vt 0.000000 0.435313
vt 0.000000 0.435313
vt 0.444574 0.435313
vt 0.444574 1.000000
vt 0.000000 1.000000
vt 0.000000 0.435313
vt 0.444574 0.435313
vt 0.444574 1.000000
vt 0.000000 1.000000
vt 0.000000 0.435313
vt 0.444574 0.435313
vt 0.444574 1.000000
vt 0.000000 1.000000
vt 0.000000 0.000000
vt 0.444574 0.000000
vt 0.444574 0.435313
vt 0.000000 0.435313
vt 0.444574 0.435313
vt 1.000000 0.435313
vt 1.000000 1.000000
vt 0.444574 1.000000
vt 0.444574 0.435313
vt 1.000000 0.435313
vt 1.000000 1.000000
vt 0.444574 1.000000
vt 0.000000 0.000000
vt 0.444574 0.000000
vt 0.444574 0.435313
vt 0.000000 0.435313
vt 0.000000 0.435313
vt 0.444574 0.435313
vt 0.444574 1.000000
vt 0.000000 1.000000
vt 0.000000 0.435313
vt 0.444574 0.435313
vt 0.444574 1.000000
vt 0.000000 1.000000
vt 0.000000 0.435313
vt 0.444574 0.435313
vt 0.444574 1.000000
vt 0.000000 1.000000
vt 0.000000 0.000000
vt 0.444574 0.000000
vt 0.444574 0.435313
vt 0.000000 0.435313
vt 0.444574 0.435313
vt 1.000000 0.435313
vt 1.000000 1.000000
vt 0.444574 1.000000
vt 0.444574 0.435313
vt 1.000000 0.435313
vt 1.000000 1.000000
vt 0.444574 1.000000
vt 0.000000 0.000000
vt 0.444574 0.000000
vt 0.444574 0.435313
vt 0.000000 0.435313
vt 0.000000 0.435313
vt 0.444574 0.435313
vt 0.444574 1.000000
vt 0.000000 1.000000
vt 0.000000 0.435313
vt 0.444574 0.435313
vt 0.444574 1.000000
vt 0.000000 1.000000
vt 0.000000 0.435313
vt 0.444574 0.435313
vt 0.444574 1.000000
vt 0.000000 1.000000
vt 0.000000 0.000000
vt 0.444574 0.000000
vt 0.444574 0.435313
vt 0.000000 0.435313
vt 0.444574 0.435313
vt 1.000000 0.435313
vt 1.000000 1.000000
vt 0.444574 1.000000
vt 0.444574 0.435313
vt 1.000000 0.435313
vt 1.000000 1.000000
vt 0.444574 1.000000
vt 0.000000 0.000000
vt 0.444574 0.000000
vt 0.444574 0.435313
vt 0.000000 0.435313
vt 0.000000 0.435313
vt 0.444574 0.435313
vt 0.444574 1.000000
vt 0.000000 1.000000
vt 0.000000 0.435313
vt 0.444574 0.435313
vt 0.444574 1.000000
vt 0.000000 1.000000
vt 0.000000 0.435313
vt 0.444574 0.435313
vt 0.444574 1.000000
vt 0.000000 1.000000
vt 0.000000 0.000000
vt 0.444574 0.000000
vt 0.444574 0.435313
vt 0.000000 0.435313
vt 0.444574 0.435313
vt 1.000000 0.435313
vt 1.000000 1.000000
vt 0.444574 1.000000
vt 0.000000 0.435313
vt 0.444574 0.435313
vt 0.444574 1.000000
vt 0.000000 1.000000
vt 0.000000 0.000000
vt 0.444574 0.000000
vt 0.444574 0.435313
vt 0.000000 0.435313
vt 0.444574 0.435313
vt 1.000000 0.435313
vt 1.000000 1.000000
vt 0.444574 1.000000
vt 0.444574 0.435313
vt 1.000000 0.435313
vt 1.000000 1.000000
vt 0.444574 1.000000
vt 0.000000 0.435313
vt 0.444574 0.435313
vt 0.444574 1.000000
vt 0.000000 1.000000
vt 0.000000 0.000000
vt 0.444574 0.000000
vt 0.444574 0.435313
vt 0.000000 0.435313
vt 0.444574 0.000000
vt 1.000000 0.000000
vt 1.000000 0.435313
vt 0.444574 0.435313
vt 0.444574 0.435313
vt 1.000000 0.435313
vt 1.000000 1.000000
vt 0.444574 1.000000
vt 0.444574 0.435313
vt 1.000000 0.435313
vt 1.000000 1.000000
vt 0.444574 1.000000
vt 0.000000 0.000000
vt 0.444574 0.000000
vt 0.444574 0.435313
vt 0.000000 0.435313
vt 0.000000 0.435313
vt 0.444574 0.435313
vt 0.444574 1.000000
vt 0.000000 1.000000
vt 0.444574 0.000000
vt 1.000000 0.000000
vt 1.000000 0.435313
vt 0.444574 0.435313
vt 0.000000 0.435313
vt 0.444574 0.435313
vt 0.444574 1.000000
vt 0.000000 1.000000
vt 0.000000 0.000000
vt 0.444574 0.000000
vt 0.444574 0.435313
vt 0.000000 0.435313
vt 0.444574 0.000000
vt 1.000000 0.000000
vt 1.000000 0.435313
vt 0.444574 0.435313
vt 0.000000 0.435313
vt 0.444574 0.435313
vt 0.444574 1.000000
vt 0.000000 1.000000
vt 0.000000 0.435313
vt 0.444574 0.435313
vt 0.444574 1.000000
vt 0.000000 1.000000
vt 0.444574 0.435313
vt 1.000000 0.435313
vt 1.000000 1.000000
vt 0.444574 1.000000
vt 0.444574 0.435313
vt 1.000000 0.435313
vt 1.000000 1.000000
vt 0.444574 1.000000
vt 0.000000 0.435313
vt 0.444574 0.435313
vt 0.444574 1.000000
vt 0.000000 1.000000
vt 0.000000 0.000000
vt 0.444574 0.000000
vt 0.444574 0.435313
vt 0.000000 0.435313
vt 0.444574 0.000000
vt 1.000000 0.000000
vt 1.000000 0.435313
vt 0.444574 0.435313
vt 0.444574 0.435313
vt 1.000000 0.435313
vt 1.000000 1.000000
vt 0.444574 1.000000
vt 0.444574 0.435313
vt 1.000000 0.435313
vt 1.000000 1.000000
vt 0.444574 1.000000
vt 0.000000 0.000000
vt 0.444574 0.000000
vt 0.444574 0.435313
vt 0.000000 0.435313
vt 0.000000 0.435313
vt 0.444574 0.435313
vt 0.444574 1.000000
vt 0.000000 1.000000
vt 0.444574 0.000000
vt 1.000000 0.000000
vt 1.000000 0.435313
vt 0.444574 0.435313
vt 0.000000 0.435313
vt 0.444574 0.435313
vt 0.444574 1.000000
vt 0.000000 1.000000
vt 0.000000 0.000000
vt 0.444574 0.000000
vt 0.444574 0.435313
vt 0.000000 0.435313
vt 0.444574 0.000000
vt 1.000000 0.000000
vt 1.000000 0.435313
vt 0.444574 0.435313
vt 0.000000 0.435313
vt 0.444574 0.435313
vt 0.444574 1.000000
vt 0.000000 1.000000
vt 0.000000 0.435313
vt 0.444574 0.435313
vt 0.444574 1.000000
vt 0.000000 1.000000
vt 0.444574 0.435313
vt 1.000000 0.435313
vt 1.000000 1.000000
vt 0.444574 1.000000
vt 0.444574 0.435313
vt 1.000000 0.435313
vt 1.000000 1.000000
vt 0.444574 1.000000
vt 0.000000 0.435313
vt 0.444574 0.435313
vt 0.444574 1.000000
vt 0.000000 1.000000
vt 0.000000 0.000000
vt 0.444574 0.000000
vt 0.444574 0.435313
vt 0.000000 0.435313
vt 0.444574 0.000000
vt 1.000000 0.000000
vt 1.000000 0.435313
vt 0.444574 0.435313
vt 0.444574 0.435313
vt 1.000000 0.435313
vt 1.000000 1.000000
vt 0.444574 1.000000
vt 0.444574 0.435313
vt 1.000000 0.435313
vt 1.000000 1.000000
vt 0.444574 1.000000
vt 0.000000 0.000000
vt 0.444574 0.000000
vt 0.444574 0.435313
vt 0.000000 0.435313
vt 0.000000 0.435313
vt 0.444574 0.435313
vt 0.444574 1.000000
vt 0.000000 1.000000
vt 0.444574 0.000000
vt 1.000000 0.000000
vt 1.000000 0.435313
vt 0.444574 0.435313
vt 0.000000 0.435313
vt 0.444574 0.435313
vt 0.444574 1.000000
vt 0.000000 1.000000
vt 0.000000 0.000000
vt 0.444574 0.000000
vt 0.444574 0.435313
vt 0.000000 0.435313
vt 0.444574 0.000000
vt 1.000000 0.000000
vt 1.000000 0.435313
vt 0.444574 0.435313
vt 0.000000 0.435313
vt 0.444574 0.435313
vt 0.444574 1.000000
vt 0.000000 1.000000
vt 0.000000 0.435313
vt 0.444574 0.435313
vt 0.444574 1.000000
vt 0.000000 1.000000
vt 0.444574 0.435313
vt 1.000000 0.435313
vt 1.000000 1.000000
vt 0.444574 1.000000
vt 0.000000 0.435313
vt 0.444574 0.435313
vt 0.444574 1.000000
vt 0.000000 1.000000
vt 0.000000 0.435313
vt 0.444574 0.435313
vt 0.444574 1.000000
vt 0.000000 1.000000
vt 0.444574 0.435313
vt 1.000000 0.435313
vt 1.000000 1.000000
vt 0.444574 1.000000
vt 0.000000 0.435313
vt 0.444574 0.435313
vt 0.444574 1.000000
vt 0.000000 1.000000
vt 0.000000 0.435313
vt 0.444574 0.435313
vt 0.444574 1.000000
vt 0.000000 1.000000
vt 0.444574 0.435313
vt 1.000000 0.435313
vt 1.000000 1.000000
vt 0.444574 1.000000
vt 0.000000 0.435313
vt 0.444574 0.435313
vt 0.444574 1.000000
vt 0.000000 1.000000
vt 0.000000 0.435313
vt 0.444574 0.435313
vt 0.444574 1.000000
vt 0.000000 1.000000
vt 0.444574 0.435313
vt 1.000000 0.435313
vt 1.000000 1.000000
vt 0.444574 1.000000
vt 0.444574 0.435313
vt 1.000000 0.435313
vt 1.000000 1.000000
vt 0.444574 1.000000
vt 0.000000 0.435313
vt 0.444574 0.435313
vt 0.444574 1.000000
vt 0.000000 1.000000
vt 0.000000 0.000000
vt 0.444574 0.000000
vt 0.444574 0.435313
vt 0.000000 0.435313
vt 0.444574 0.000000
vt 1.000000 0.000000
vt 1.000000 0.435313
vt 0.444574 0.435313
vt 0.444574 0.435313
vt 1.000000 0.435313
vt 1.000000 1.000000
vt 0.444574 1.000000
vt 0.444574 0.435313
vt 1.000000 0.435313
vt 1.000000 1.000000
vt 0.444574 1.000000
vt 0.000000 0.000000
vt 0.444574 0.000000
vt 0.444574 0.435313
vt 0.000000 0.435313
vt 0.000000 0.435313
vt 0.444574 0.435313
vt 0.444574 1.000000
vt 0.000000 1.000000
vt 0.444574 0.000000
vt 1.000000 0.000000
vt 1.000000 0.435313
vt 0.444574 0.435313
vt 0.000000 0.435313
vt 0.444574 0.435313
vt 0.444574 1.000000
vt 0.000000 1.000000
vt 0.000000 0.000000
vt 0.444574 0.000000
vt 0.444574 0.435313
vt 0.000000 0.435313
vt 0.444574 0.000000
vt 1.000000 0.000000
vt 1.000000 0.435313
vt 0.444574 0.435313
vt 0.000000 0.435313
vt 0.444574 0.435313
vt 0.444574 1.000000
vt 0.000000 1.000000
vt 0.000000 0.435313
vt 0.444574 0.435313
vt 0.444574 1.000000
vt 0.000000 1.000000
vt 0.444574 0.435313
vt 1.000000 0.435313
vt 1.000000 1.000000
vt 0.444574 1.000000
vt 0.444574 0.435313
vt 1.000000 0.435313
vt 1.000000 1.000000
vt 0.444574 1.000000
vt 0.000000 0.435313
vt 0.444574 0.435313
vt 0.444574 1.000000
vt 0.000000 1.000000
vt 0.000000 0.000000
vt 0.444574 0.000000
vt 0.444574 0.435313
vt 0.000000 0.435313
vt 0.444574 0.000000
vt 1.000000 0.000000
vt 1.000000 0.435313
vt 0.444574 0.435313
vt 0.444574 0.435313
vt 1.000000 0.435313
vt 1.000000 1.000000
vt 0.444574 1.000000
vt 0.444574 0.435313
vt 1.000000 0.435313
vt 1.000000 1.000000
vt 0.444574 1.000000
vt 0.000000 0.000000
vt 0.444574 0.000000
vt 0.444574 0.435313
vt 0.000000 0.435313
vt 0.000000 0.435313
vt 0.444574 0.435313
vt 0.444574 1.000000
vt 0.000000 1.000000
vt 0.444574 0.000000
vt 1.000000 0.000000
vt 1.000000 0.435313
vt 0.444574 0.435313
vt 0.000000 0.435313
vt 0.444574 0.435313
vt 0.444574 1.000000
vt 0.000000 1.000000
vt 0.000000 0.000000
vt 0.444574 0.000000
vt 0.444574 0.435313
vt 0.000000 0.435313
vt 0.444574 0.000000
vt 1.000000 0.000000
vt 1.000000 0.435313
vt 0.444574 0.435313
vt 0.000000 0.435313
vt 0.444574 0.435313
vt 0.444574 1.000000
vt 0.000000 1.000000
vt 0.000000 0.435313
vt 0.444574 0.435313
vt 0.444574 1.000000
vt 0.000000 1.000000
vt 0.444574 0.435313
vt 1.000000 0.435313
vt 1.000000 1.000000
vt 0.444574 1.000000
vt 0.444574 0.435313
vt 1.000000 0.435313
vt 1.000000 1.000000
vt 0.444574 1.000000
vt 0.000000 0.435313
vt 0.444574 0.435313
vt 0.444574 1.000000
vt 0.000000 1.000000
vt 0.000000 0.000000
vt 0.444574 0.000000
vt 0.444574 0.435313
vt 0.000000 0.435313
vt 0.444574 0.000000
vt 1.000000 0.000000
vt 1.000000 0.435313
vt 0.444574 0.435313
vt 0.444574 0.435313
vt 1.000000 0.435313
vt 1.000000 1.000000
vt 0.444574 1.000000
vt 0.444574 0.435313
vt 1.000000 0.435313
vt 1.000000 1.000000
vt 0.444574 1.000000
vt 0.000000 0.000000
vt 0.444574 0.000000
vt 0.444574 0.435313
vt 0.000000 0.435313
vt 0.000000 0.435313
vt 0.444574 0.435313
vt 0.444574 1.000000
vt 0.000000 1.000000
vt 0.444574 0.000000
vt 1.000000 0.000000
vt 1.000000 0.435313
vt 0.444574 0.435313
vt 0.000000 0.435313
vt 0.444574 0.435313
vt 0.444574 1.000000
vt 0.000000 1.000000
vt 0.000000 0.000000
vt 0.444574 0.000000
vt 0.444574 0.435313
vt 0.000000 0.435313
vt 0.444574 0.000000
vt 1.000000 0.000000
vt 1.000000 0.435313
vt 0.444574 0.435313
vt 0.000000 0.435313
vt 0.444574 0.435313
vt 0.444574 1.000000
vt 0.000000 1.000000
vt 0.000000 0.435313
vt 0.444574 0.435313
vt 0.444574 1.000000
vt 0.000000 1.000000
vt 0.444574 0.435313
vt 1.000000 0.435313
vt 1.000000 1.000000
vt 0.444574 1.000000
vt 0.444574 0.435313
vt 1.000000 0.435313
vt 1.000000 1.000000
vt 0.444574 1.000000
vt 0.000000 0.435313
vt 0.444574 0.435313
vt 0.444574 1.000000
vt 0.000000 1.000000
vt 0.000000 0.000000
vt 0.444574 0.000000
vt 0.444574 0.435313
vt 0.000000 0.435313
vt 0.444574 0.000000
vt 1.000000 0.000000
vt 1.000000 0.435313
vt 0.444574 0.435313
vt 0.444574 0.435313
vt 1.000000 0.435313
vt 1.000000 1.000000
vt 0.444574 1.000000
vt 0.444574 0.435313
vt 1.000000 0.435313
vt 1.000000 1.000000
vt 0.444574 1.000000
vt 0.000000 0.000000
vt 0.444574 0.000000
vt 0.444574 0.435313
vt 0.000000 0.435313
vt 0.000000 0.435313
vt 0.444574 0.435313
vt 0.444574 1.000000
vt 0.000000 1.000000
vt 0.444574 0.000000
vt 1.000000 0.000000
vt 1.000000 0.435313
vt 0.444574 0.435313
vt 0.000000 0.435313
vt 0.444574 0.435313
vt 0.444574 1.000000
vt 0.000000 1.000000
vt 0.000000 0.000000
vt 0.444574 0.000000
vt 0.444574 0.435313
vt 0.000000 0.435313
vt 0.444574 0.000000
vt 1.000000 0.000000
vt 1.000000 0.435313
vt 0.444574 0.435313
vt 0.000000 0.435313
vt 0.444574 0.435313
vt 0.444574 1.000000
vt 0.000000 1.000000
vt 0.000000 0.435313
vt 0.444574 0.435313
vt 0.444574 1.000000
vt 0.000000 1.000000
vt 0.444574 0.435313
vt 1.000000 0.435313
vt 1.000000 1.000000
vt 0.444574 1.000000
vt 0.444574 0.435313
vt 1.000000 0.435313
vt 1.000000 1.000000
vt 0.444574 1.000000
vt 0.000000 0.435313
vt 0.444574 0.435313
vt 0.444574 1.000000
vt 0.000000 1.000000
vt 0.000000 0.000000
vt 0.444574 0.000000
vt 0.444574 0.435313
vt 0.000000 0.435313
vt 0.444574 0.000000
vt 1.000000 0.000000
vt 1.000000 0.435313
vt 0.444574 0.435313
vt 0.444574 0.435313
vt 1.000000 0.435313
vt 1.000000 1.000000
vt 0.444574 1.000000
vt 0.444574 0.435313
vt 1.000000 0.435313
vt 1.000000 1.000000
vt 0.444574 1.000000
vt 0.000000 0.000000
vt 0.444574 0.000000
vt 0.444574 0.435313
vt 0.000000 0.435313
vt 0.000000 0.435313
vt 0.444574 0.435313
vt 0.444574 1.000000
vt 0.000000 1.000000
vt 0.444574 0.000000
vt 1.000000 0.000000
vt 1.000000 0.435313
vt 0.444574 0.435313
vt 0.000000 0.435313
vt 0.444574 0.435313
vt 0.444574 1.000000
vt 0.000000 1.000000
vt 0.000000 0.000000
vt 0.444574 0.000000
vt 0.444574 0.435313
vt 0.000000 0.435313
vt 0.444574 0.000000
vt 1.000000 0.000000
vt 1.000000 0.435313
vt 0.444574 0.435313
vt 0.000000 0.435313
vt 0.444574 0.435313
vt 0.444574 1.000000
vt 0.000000 1.000000
vt 0.000000 0.435313
vt 0.444574 0.435313
vt 0.444574 1.000000
vt 0.000000 1.000000
vt 0.444574 0.435313
vt 1.000000 0.435313
vt 1.000000 1.000000
vt 0.444574 1.000000
vt 0.444574 0.435313
vt 1.000000 0.435313
vt 1.000000 1.000000
vt 0.444574 1.000000
vt 0.000000 0.435313
vt 0.444574 0.435313
vt 0.444574 1.000000
vt 0.000000 1.000000
vt 0.000000 0.000000
vt 0.444574 0.000000
vt 0.444574 0.435313
vt 0.000000 0.435313
vt 0.444574 0.000000
vt 1.000000 0.000000
vt 1.000000 0.435313
vt 0.444574 0.435313
vt 0.444574 0.435313
vt 1.000000 0.435313
vt 1.000000 1.000000
vt 0.444574 1.000000
vt 0.444574 0.435313
vt 1.000000 0.435313
vt 1.000000 1.000000
vt 0.444574 1.000000
vt 0.000000 0.000000
vt 0.444574 0.000000
vt 0.444574 0.435313
vt 0.000000 0.435313
vt 0.000000 0.435313
vt 0.444574 0.435313
vt 0.444574 1.000000
vt 0.000000 1.000000
vt 0.444574 0.000000
vt 1.000000 0.000000
vt 1.000000 0.435313
vt 0.444574 0.435313
vt 0.000000 0.435313
vt 0.444574 0.435313
vt 0.444574 1.000000
vt 0.000000 1.000000
vt 0.000000 0.000000
vt 0.444574 0.000000
vt 0.444574 0.435313
vt 0.000000 0.435313
vt 0.444574 0.000000
vt 1.000000 0.000000
vt 1.000000 0.435313
vt 0.444574 0.435313
vt 0.000000 0.435313
vt 0.444574 0.435313
vt 0.444574 1.000000
vt 0.000000 1.000000
vt 0.000000 0.435313
vt 0.444574 0.435313
vt 0.444574 1.000000
vt 0.000000 1.000000
vt 0.444574 0.435313
vt 1.000000 0.435313
vt 1.000000 1.000000
vt 0.444574 1.000000
vt 0.724133 0.010188
vt 0.724133 0.730750
vt 0.607766 0.730750
vt 0.607766 0.010188
vt 0.491399 0.010188
vt 0.491399 0.730750
vt 0.375032 0.730750
vt 0.375032 0.010188
vt 0.607766 0.940408
vt 0.491399 0.940408
vt 0.375032 0.940408
vt 0.491399 0.979926
vt 0.375032 0.979926
vt 0.724133 0.940408
vt 0.258665 0.730750
vt 0.258665 0.940408
vt 0.258665 0.979926
vt 0.375032 1.129599
vt 0.258665 1.129599
vt 0.724133 0.979926
vt 0.607766 0.979926
vt 0.607766 1.129599
vt 0.491399 1.129599
vt 0.724133 1.129599
vt 0.625000 0.500000
vt 0.875000 0.500000
vt 0.875000 0.750000
vt 0.625000 0.750000
vt 0.491399 1.149332
vt 0.375032 1.149332
vt 0.724133 1.149332
vt 0.607766 1.149332
vt 0.491399 0.730750
vt 0.491399 0.940408
vt 0.607766 0.940408
vt 0.607766 0.730750
vt 0.375032 0.730750
vt 0.375032 0.940408
vt 0.724133 0.940408
vt 0.724133 0.730750
vt 0.258665 0.730750
vt 0.258665 0.940408
vt 0.258665 0.979926
vt 0.258665 1.129599
vt 0.375032 1.129599
vt 0.375032 0.979926
vt 0.491399 0.979926
vt 0.491399 1.129599
vt 0.607766 1.129599
vt 0.607766 0.979926
vt 0.724133 1.129599
vt 0.724133 0.979926
vt 0.625000 0.500000
vt 0.625000 0.750000
vt 0.875000 0.750000
vt 0.875000 0.500000
vt 0.258665 0.010188
vt 0.258665 1.149332
vt 0.724133 0.010188
vt 0.607766 0.010188
vt 0.491399 0.010188
vt 0.375032 0.010188
vt 0.258665 0.010188
vt 0.491399 1.149332
vt 0.607766 1.149332
vt 0.375032 1.149332
vt 0.724133 1.149332
vt 0.258665 1.149332
vt -0.796099 0.310917
vt 1.695108 0.311075
vt 1.695352 0.261080
vt -0.796414 0.260812
vt 1.687787 0.260849
vt -0.811468 0.260580
vt 1.687542 0.311382
vt -0.811147 0.311225
vt -0.719640 0.309365
vt 1.720132 0.309522
vt 1.720368 0.262251
vt -0.719922 0.261991
vt 1.702510 0.262042
vt -0.733371 0.261782
vt 1.702275 0.309794
vt -0.733084 0.309638
vt -0.651087 0.307973
vt 1.763656 0.308132
vt 1.763889 0.263302
vt -0.651340 0.263047
vt 1.743034 0.263116
vt -0.663427 0.262862
vt 1.742803 0.308374
vt -0.663169 0.308217
vt -0.589271 0.306717
vt 1.804167 0.306877
vt 1.804396 0.264251
vt -0.589500 0.264000
vt 1.786561 0.264082
vt -0.600423 0.263832
vt 1.786334 0.307099
vt -0.600190 0.306940
vt -0.533248 0.305579
vt 1.824186 0.305739
vt 1.824406 0.265109
vt -0.533456 0.264864
vt 1.814603 0.264957
vt -0.543376 0.264711
vt 1.814380 0.305940
vt -0.543164 0.305780
vt -0.482240 0.304543
vt 1.809359 0.304701
vt 1.809568 0.265886
vt -0.482429 0.265650
vt 1.812005 0.265750
vt -0.491477 0.265511
vt 1.811793 0.304885
vt -0.491284 0.304727
vt -0.422909 0.315217
vt 1.746143 0.315345
vt 1.746451 0.254928
vt -0.423188 0.254682
vt 1.784117 0.254019
vt -0.457281 0.253764
vt 1.783787 0.316434
vt -0.456983 0.316303
vt 0.625000 0.500000
vt 0.875000 0.500000
vt 0.875000 0.750000
vt 0.625000 0.750000
vt -0.392794 0.302726
vt 1.703865 0.302874
vt 1.704041 0.267244
vt -0.392954 0.267030
vt 1.719304 0.267130
vt -0.400571 0.266913
vt 1.719125 0.303031
vt -0.400408 0.302882
vt -0.353365 0.301926
vt 1.615330 0.302066
vt 1.615485 0.267837
vt -0.353512 0.267637
vt 1.640003 0.267732
vt -0.360537 0.267529
vt 1.639844 0.302212
vt -0.360388 0.302070
vt 0.625000 0.500000
vt 0.875000 0.500000
vt 0.875000 0.750000
vt 0.625000 0.750000
vt -0.316929 0.301186
vt 1.509842 0.301318
vt 1.509975 0.268384
vt -0.317065 0.268199
vt 1.538496 0.268287
vt -0.323565 0.268099
vt 1.538357 0.301452
vt -0.323427 0.301318
vt 0.625000 0.500000
vt 0.875000 0.500000
vt 0.875000 0.750000
vt 0.625000 0.750000
vt -0.283158 0.300500
vt 1.403238 0.300622
vt 1.403352 0.268889
vt -0.283284 0.268719
vt 1.431305 0.268799
vt -0.289316 0.268626
vt 1.431187 0.300747
vt -0.289188 0.300623
vt -0.251770 0.299863
vt 1.309130 0.299977
vt 1.309227 0.269361
vt -0.251888 0.269204
vt 1.332619 0.269276
vt -0.257500 0.269117
vt 1.332518 0.300093
vt -0.257381 0.299978
vt 0.625000 0.500000
vt 0.875000 0.500000
vt 0.875000 0.750000
vt 0.625000 0.750000
vt -0.222521 0.299270
vt 1.239286 0.299377
vt 1.239370 0.269800
vt -0.222631 0.269654
vt 1.254686 0.269722
vt -0.227866 0.269573
vt 1.254600 0.299484
vt -0.227755 0.299375
vt 1.056055 0.283082
vt 1.153375 0.282459
vt 1.159020 0.301239
vt 1.063666 0.301628
vt 1.063257 0.239842
vt 1.159116 0.240700
vt 1.153445 0.259183
vt 1.055664 0.258444
vt 1.075707 0.550144
vt 0.989868 0.550144
vt 0.989868 0.354305
vt 1.075707 0.354305
vt 0.013451 0.550145
vt -0.072388 0.550145
vt -0.072388 0.354305
vt 0.013451 0.354305
vt -0.126815 0.240468
vt -0.029676 0.239842
vt -0.022093 0.258689
vt -0.121185 0.259211
vt 0.071980 0.241621
vt 0.082257 0.259552
vt 0.175283 0.242946
vt 0.186305 0.260409
vt 0.277348 0.243643
vt 0.287040 0.261138
vt 0.375479 0.243706
vt 0.381815 0.261634
vt 0.470298 0.242198
vt 0.472485 0.260836
vt 0.565645 0.241827
vt 0.563781 0.260787
vt 0.660713 0.242980
vt 0.654443 0.260899
vt 0.758639 0.243094
vt 0.748927 0.260515
vt 0.860160 0.242528
vt 0.849156 0.259874
vt 0.962708 0.241354
vt 0.952461 0.259102
vt -0.121263 0.282803
vt -0.022594 0.283623
vt -0.030369 0.302393
vt -0.127103 0.301842
vt 0.081740 0.283923
vt 0.070947 0.301766
vt 0.185992 0.284255
vt 0.174512 0.301562
vt 0.286982 0.284506
vt 0.276996 0.301809
vt 0.381898 0.284443
vt 0.375746 0.302332
vt 0.472501 0.283992
vt 0.470809 0.302837
vt 0.563606 0.283985
vt 0.565537 0.302489
vt 0.654095 0.283629
vt 0.660326 0.301417
vt 0.748946 0.283816
vt 0.758910 0.301091
vt 0.849423 0.283576
vt 0.860811 0.300765
vt 0.952929 0.283236
vt 0.963624 0.300897
vt 1.166362 0.324658
vt -0.152632 0.324658
vt -0.152632 0.306723
vt 1.166362 0.306723
vt 1.166362 0.265269
vt -0.152632 0.265269
vt -0.152632 0.241749
vt 1.166362 0.241749
vt 1.166362 0.283203
vt -0.152632 0.283203
vt 0.900499 0.550144
vt 0.900499 0.354305
vt 0.808807 0.354305
vt 0.808807 0.550144
vt 0.717486 0.550145
vt 0.717486 0.354305
vt 0.629016 0.550145
vt 0.629016 0.354305
vt 0.543899 0.354305
vt 0.543899 0.550145
vt 0.459420 0.354305
vt 0.459420 0.550145
vt 0.374303 0.354305
vt 0.374303 0.550145
vt 0.285833 0.354305
vt 0.285833 0.550145
vt 0.194512 0.354305
vt 0.194512 0.550145
vt 0.102821 0.550145
vt 0.102821 0.354305
vt 0.625000 0.500000
vt 0.875000 0.500000
vt 0.875000 0.750000
vt 0.625000 0.750000
vt 0.625000 0.500000
vt 0.875000 0.500000
vt 0.875000 0.750000
vt 0.625000 0.750000
vt 0.625000 0.500000
vt 0.875000 0.500000
vt 0.875000 0.750000
vt 0.625000 0.750000
vt 0.625000 0.500000
vt 0.875000 0.500000
vt 0.875000 0.750000
vt 0.625000 0.750000
vt 0.625000 0.500000
vt 0.875000 0.500000
vt 0.875000 0.750000
vt 0.625000 0.750000
vt 0.625000 0.500000
vt 0.875000 0.500000
vt 0.875000 0.750000
vt 0.625000 0.750000
vt 0.625000 0.500000
vt 0.875000 0.500000
vt 0.875000 0.750000
vt 0.625000 0.750000
vt 0.625000 0.500000
vt 0.875000 0.500000
vt 0.875000 0.750000
vt 0.625000 0.750000
vt 0.625000 0.500000
vt 0.875000 0.500000
vt 0.875000 0.750000
vt 0.625000 0.750000
vt 1.159274 0.324905
vt 1.063730 0.325319
vt -0.030082 0.326494
vt -0.127341 0.326325
vt 0.071196 0.325833
vt 0.174522 0.325568
vt 0.276920 0.325585
vt 0.375453 0.325852
vt 0.470809 0.326564
vt 0.565877 0.325923
vt 0.660735 0.325121
vt 0.759171 0.324556
vt 0.860773 0.324614
vt 0.963509 0.324928
vt -0.500359 0.331120
vt -0.434023 0.331120
vt -0.434023 0.377390
vt -0.500359 0.377390
vt 0.724026 0.331120
vt 0.813297 0.331120
vt 0.813297 0.377390
vt 0.724026 0.377390
vt 0.323543 0.331120
vt 0.412814 0.331120
vt 0.412814 0.377390
vt 0.323543 0.377390
vt -0.166211 0.331120
vt -0.076940 0.331120
vt -0.076940 0.377390
vt -0.166211 0.377390
vt 0.234272 0.331120
vt 0.234272 0.377390
vt 1.303050 0.331121
vt 1.392321 0.331121
vt 1.392321 0.377390
vt 1.303050 0.377390
vt 0.902568 0.392671
vt 0.968903 0.392671
vt 0.968903 0.427053
vt 0.902568 0.427053
vt 0.634755 0.331120
vt 0.634755 0.377390
vt 0.145001 0.331120
vt 0.145001 0.377390
vt 1.124509 0.331121
vt 1.213779 0.331121
vt 1.213779 0.377390
vt 1.124509 0.377390
vt -0.010605 0.331120
vt 0.055731 0.331120
vt 0.055731 0.377390
vt -0.010605 0.377390
vt 1.035238 0.392671
vt 1.035238 0.427053
vt 0.479149 0.331120
vt 0.545484 0.331120
vt 0.545484 0.377390
vt 0.479149 0.377390
vt -0.255482 0.331120
vt -0.255482 0.377390
vt 1.035238 0.331120
vt 1.035238 0.377390
vt 0.902568 0.331120
vt 0.902568 0.377390
vt 1.392321 0.392671
vt 1.458656 0.392671
vt 1.458656 0.427053
vt 1.392321 0.427053
vt -0.344752 0.331120
vt -0.344752 0.377390
vt -0.255482 0.570692
vt -0.344752 0.570692
vt -0.344752 0.532564
vt -0.255482 0.532564
vt 1.303050 0.570692
vt 1.213779 0.570692
vt 1.213779 0.532564
vt 1.303050 0.532564
vt 0.479149 0.570692
vt 0.412814 0.570692
vt 0.412814 0.532564
vt 0.479149 0.532564
vt 0.145001 0.570692
vt 0.055731 0.570692
vt 0.055731 0.532564
vt 0.145001 0.532564
vt -0.010605 0.570692
vt -0.010605 0.532564
vt -0.076940 0.570692
vt -0.076940 0.532564
vt 0.323543 0.570692
vt 0.234272 0.570692
vt 0.234272 0.532564
vt 0.323543 0.532564
vt 0.968903 0.570692
vt 0.902568 0.570692
vt 0.902568 0.542360
vt 0.968903 0.542360
vt -0.166211 0.570692
vt -0.166211 0.532564
vt 0.545484 0.570692
vt 0.545484 0.532564
vt 0.634755 0.570692
vt 0.634755 0.532564
vt 0.724026 0.570692
vt 0.724026 0.532564
vt 0.813297 0.570692
vt 0.813297 0.532564
vt 0.902568 0.532564
vt 1.035238 0.570692
vt 1.035238 0.542360
vt 1.124509 0.570692
vt 1.035238 0.532564
vt 1.124509 0.532564
vt 1.392321 0.570692
vt 1.392321 0.532564
vt 1.458656 0.570692
vt 1.392321 0.542360
vt 1.458656 0.542360
vt -0.434023 0.570692
vt -0.500359 0.570692
vt -0.500359 0.532564
vt -0.434023 0.532564
vt -0.255482 0.432532
vt -0.344752 0.432532
vt -0.344752 0.397758
vt -0.255482 0.397758
vt 0.724026 0.432532
vt 0.634755 0.432532
vt 0.634755 0.397758
vt 0.724026 0.397758
vt 1.303050 0.432532
vt 1.213779 0.432532
vt 1.213779 0.397758
vt 1.303050 0.397758
vt 0.813297 0.432532
vt 0.813297 0.397758
vt 0.479149 0.432532
vt 0.412814 0.432532
vt 0.412814 0.397758
vt 0.479149 0.397758
vt 0.902568 0.432532
vt 0.902568 0.397758
vt 0.145001 0.432532
vt 0.055731 0.432532
vt 0.055731 0.397758
vt 0.145001 0.397758
vt 1.035238 0.468028
vt 0.968903 0.468028
vt 0.968903 0.442188
vt 1.035238 0.442188
vt -0.010605 0.432532
vt -0.010605 0.397758
vt 1.124509 0.432532
vt 1.035238 0.432532
vt 1.035238 0.397758
vt 1.124509 0.397758
vt -0.076940 0.432532
vt -0.076940 0.397758
vt 0.323543 0.432532
vt 0.234272 0.432532
vt 0.234272 0.397758
vt 0.323543 0.397758
vt 0.545484 0.432532
vt 0.545484 0.397758
vt -0.434023 0.432532
vt -0.434023 0.397758
vt -0.166211 0.432532
vt -0.166211 0.397758
vt -0.500359 0.432532
vt -0.500359 0.397758
vt 1.458656 0.468028
vt 1.392321 0.468028
vt 1.392321 0.442188
vt 1.458656 0.442188
vt 0.902568 0.468028
vt 0.902568 0.442188
vt 1.392321 0.432532
vt 1.392321 0.397758
vt -0.344752 0.702111
vt -0.255482 0.682967
vt -0.255482 0.702111
vt -0.344752 0.682967
vt -0.434023 0.702111
vt -0.434023 0.682967
vt -0.500359 0.702111
vt -0.500359 0.682967
vt 1.392321 0.702111
vt 1.458656 0.682967
vt 1.458656 0.702111
vt 1.392321 0.682967
vt 1.303050 0.702111
vt 1.303050 0.682967
vt 1.213779 0.702111
vt 1.213779 0.682967
vt 1.124509 0.702111
vt 1.124509 0.682967
vt 1.035238 0.702111
vt 1.035238 0.682967
vt 0.968903 0.702111
vt 0.968903 0.682967
vt 0.902568 0.702111
vt 0.902568 0.682967
vt 0.813297 0.702111
vt 0.813297 0.682967
vt 0.724026 0.702111
vt 0.724026 0.682967
vt 0.634755 0.702111
vt 0.634755 0.682967
vt 0.545484 0.702111
vt 0.545484 0.682967
vt 0.479149 0.702111
vt 0.479149 0.682967
vt 0.412814 0.702111
vt 0.412814 0.682967
vt 0.323543 0.702111
vt 0.323543 0.682967
vt 0.234272 0.702111
vt 0.234272 0.682967
vt 0.145001 0.702111
vt 0.145001 0.682967
vt 0.055731 0.702111
vt 0.055731 0.682967
vt -0.010605 0.702111
vt -0.010605 0.682967
vt -0.076940 0.702111
vt -0.076940 0.682967
vt -0.166211 0.702111
vt -0.166211 0.682967
vt -0.076940 0.215591
vt -0.166211 0.215591
vt -0.166211 0.207297
vt -0.076940 0.207297
vt 0.634755 0.215591
vt 0.545484 0.215591
vt 0.545484 0.207297
vt 0.634755 0.207297
vt 1.054173 0.215591
vt 0.902568 0.215591
vt 0.902568 0.207297
vt 1.054173 0.207297
vt -0.344752 0.215591
vt -0.434023 0.215591
vt -0.434023 0.207297
vt -0.344752 0.207297
vt 1.205778 0.215591
vt 1.205778 0.207297
vt 1.392321 0.215592
vt 1.303050 0.215592
vt 1.303050 0.207298
vt 1.392321 0.207298
vt 1.213779 0.215592
vt 1.124509 0.215592
vt 1.124509 0.207298
vt 1.213779 0.207298
vt 0.323543 0.215591
vt 0.234272 0.215591
vt 0.234272 0.207297
vt 0.323543 0.207297
vt 1.543926 0.215592
vt 1.543926 0.207298
vt -0.095875 0.215591
vt -0.247480 0.215591
vt -0.247480 0.207297
vt -0.095875 0.207297
vt -0.255482 0.215591
vt -0.255482 0.207297
vt 0.724026 0.215591
vt 0.724026 0.207297
vt 0.055731 0.215591
vt 0.055731 0.207297
vt 0.813297 0.215591
vt 0.813297 0.207297
vt 1.035238 0.215591
vt 1.035238 0.207297
vt 0.393879 0.215591
vt 0.242274 0.215591
vt 0.242274 0.207297
vt 0.393879 0.207297
vt 0.412814 0.215591
vt 0.412814 0.207297
vt -0.585629 0.215591
vt -0.585629 0.207297
vt 0.145001 0.215591
vt 0.145001 0.207297
vt 1.213779 0.313047
vt 1.303050 0.313047
vt 0.145001 0.313046
vt 0.234272 0.313046
vt -0.166211 0.313046
vt -0.076940 0.313046
vt 0.545484 0.313046
vt 0.634755 0.313046
vt -0.434023 0.313046
vt -0.344752 0.313046
vt 1.392321 0.313047
vt -0.255482 0.313046
vt 0.323543 0.313046
vt 1.124509 0.313047
vt 0.724026 0.313046
vt 0.813297 0.313046
vt 1.035238 0.313046
vt 0.412814 0.313046
vt 0.902568 0.313046
vt 0.055731 0.313046
vt 1.198707 -7.155235
vt 1.198707 -10.601718
vt -1.424765 -10.601718
vt -1.424765 -7.155235
vt 1.198707 -12.674005
vt -1.424765 -12.674005
vt 0.000000 1.000000
vt 1.000000 0.000000
vt 1.000000 1.000000
vt 0.000000 0.000000
vn -0.1282 0.9803 0.1505
vn 0.0652 0.9897 0.1277
vn -0.2097 0.9671 0.1439
vn -0.3494 0.9364 -0.0324
vn -0.3361 0.9417 -0.0132
vn -0.5043 0.8635 -0.0059
vn 0.0213 0.9971 0.0726
vn -0.3885 0.8728 0.2953
vn -0.1195 0.9401 0.3192
vn -0.1759 0.9763 0.1257
vn 0.0078 0.9468 0.3217
vn -0.0000 1.0000 0.0000
vn -0.1358 0.9907 -0.0077
vn -0.1206 0.9926 -0.0099
vn -0.4453 0.8949 0.0304
vn -0.1738 0.9847 -0.0096
vn 0.0098 0.9914 0.1306
vn -0.1519 0.9636 0.2201
vn -0.2083 0.9753 0.0737
vn 0.0011 0.9996 0.0294
vn -0.3292 0.9434 -0.0400
vn -0.2827 0.9369 0.2056
vn -0.4095 0.9101 -0.0639
vn -0.0000 1.0000 0.0033
vn -0.2317 0.9469 0.2228
vn -0.2536 0.9595 0.1226
vn -0.4947 0.8669 -0.0604
vn -0.0956 0.9949 -0.0320
vn -0.0845 0.9963 -0.0186
vn -0.2338 0.9691 0.0788
vn -0.3467 0.8843 0.3128
vn -0.3222 0.9218 0.2153
vn -0.3574 0.9249 0.1301
vn -0.3468 0.9200 0.1826
vn 0.0902 0.9578 0.2729
vn -0.1507 0.9588 0.2409
vn -0.0982 0.9444 0.3139
vn -0.1990 0.9523 0.2314
vn 0.1898 0.9511 0.2437
vn 0.0457 0.9892 0.1393
vn 0.2175 0.9633 0.1571
vn 0.0434 0.9734 0.2250
vn -0.1770 0.9469 0.2685
vn -0.0939 0.9941 0.0542
vn -0.0054 0.9993 0.0361
vn -0.1745 0.9832 0.0544
vn -0.1094 0.9935 0.0309
vn -0.2381 0.9680 0.0794
vn -0.1896 0.9778 0.0892
vn -0.1829 0.9831 -0.0112
vn -0.0948 0.9951 -0.0266
vn -0.1403 0.9853 -0.0980
vn -0.1769 0.9636 0.2007
vn -0.2896 0.9566 0.0325
vn -0.2714 0.9625 -0.0033
vn -0.0169 0.9994 -0.0289
vn -0.2045 0.9350 0.2896
vn -0.3609 0.9315 0.0453
vn -0.3027 0.9299 0.2089
vn 0.3085 0.9332 0.1843
vn 0.3108 0.9273 0.2086
vn 0.2610 0.9642 0.0463
vn -0.0054 0.9996 0.0272
vn 0.1520 0.9855 0.0758
vn 0.1849 0.9827 0.0022
vn 0.1610 0.9853 0.0577
vn 0.3241 0.9266 0.1908
vn -0.4653 0.0000 0.8851
vn -0.5467 -0.2301 0.8051
vn -0.4041 0.0004 0.9147
vn -0.4043 0.0000 0.9146
vn 0.3083 0.2327 -0.9224
vn 0.3397 -0.0003 -0.9405
vn 0.4043 -0.0184 -0.9144
vn -0.4625 -0.0257 0.8863
vn -0.4522 -0.1572 0.8779
vn -0.4064 0.0106 0.9136
vn 0.1803 0.1632 -0.9700
vn 0.3281 -0.0096 -0.9446
vn 0.5181 -0.0224 -0.8550
vn 0.5281 -0.4170 -0.7397
vn -0.4062 0.0170 0.9136
vn 0.4079 -0.0133 -0.9130
vn 0.1722 0.1633 -0.9714
vn 0.3734 -0.0665 -0.9253
vn 0.5023 -0.0816 -0.8608
vn 0.4526 -0.4093 -0.7922
vn -0.4017 0.0217 0.9155
vn 0.4021 -0.0216 -0.9153
vn -0.4445 -0.0660 0.8933
vn -0.4366 -0.1581 0.8857
vn -0.3205 -0.1752 -0.9309
vn -0.3253 0.0373 -0.9449
vn 0.4381 0.0373 -0.8982
vn 0.4316 -0.1752 -0.8849
vn 0.8849 -0.1752 0.4316
vn 0.8982 0.0373 0.4381
vn 0.3253 0.0373 0.9449
vn 0.3205 -0.1752 0.9309
vn -0.4357 0.0372 0.8993
vn -0.4430 -0.1724 0.8798
vn -0.9449 0.0373 0.3253
vn -0.9309 -0.1752 0.3205
vn -0.8982 0.0373 -0.4381
vn -0.8849 -0.1752 -0.4316
vn 0.8742 0.2110 0.4373
vn 0.9240 0.2120 -0.3182
vn 0.0068 0.9945 -0.1046
vn 0.9449 0.0373 -0.3253
vn 0.9387 0.1203 -0.3232
vn 0.8937 0.1152 0.4336
vn 0.9309 -0.1752 -0.3205
vn 0.7083 -0.6624 -0.2439
vn 0.3284 -0.6624 -0.6733
vn 0.6733 -0.6624 0.3284
vn 0.2439 -0.6624 0.7083
vn -0.3527 -0.6636 0.6597
vn -0.7083 -0.6624 0.2439
vn -0.6733 -0.6624 -0.3284
vn -0.2439 -0.6624 -0.7083
vn -0.9274 0.2110 0.3089
vn -0.4374 0.2110 0.8742
vn -0.3090 0.2110 -0.9274
vn -0.8784 0.2120 -0.4284
vn 0.3090 0.2110 0.9274
vn -0.3250 0.1153 -0.9387
vn 0.4342 0.1150 -0.8935
vn 0.3250 0.1153 0.9387
vn 0.4373 0.2110 -0.8742
vn -0.9387 0.1203 0.3232
vn -0.8923 0.1203 -0.4352
vn -0.4336 0.1152 0.8937
vn 0.3241 -0.0886 0.9419
vn 0.8953 -0.0885 0.4366
vn 0.9418 -0.0885 -0.3242
vn 0.4368 -0.0885 -0.8952
vn -0.3926 -0.0893 0.9154
vn -0.9417 -0.0886 0.3246
vn -0.3247 -0.0885 -0.9417
vn -0.8952 -0.0885 -0.4367
vn 0.8742 0.2110 0.4374
vn 0.0069 0.9945 -0.1046
vn -0.9274 0.2110 0.3090
vn -0.3089 0.2110 -0.9274
vn 0.4341 0.1150 -0.8935
vn 0.3242 -0.0885 0.9418
vn 0.8952 -0.0885 0.4367
vn 0.9418 -0.0886 -0.3242
vn 0.4366 -0.0886 -0.8953
vn -0.3927 -0.0893 0.9153
vn -0.9418 -0.0885 0.3242
vn -0.3242 -0.0885 -0.9418
vn -0.8952 -0.0886 -0.4367
vn 0.9240 0.2120 -0.3181
vn -0.3528 -0.6636 0.6597
vn 0.4341 0.1151 -0.8935
vn 0.4374 0.2110 -0.8742
vn 0.4367 -0.0885 -0.8953
vn -0.8953 -0.0885 -0.4367
vn -0.4373 0.2110 0.8742
vn 0.3089 0.2110 0.9274
vn 0.3247 -0.0886 0.9417
vn 0.4366 -0.0885 -0.8953
vn -0.3926 -0.0893 0.9153
vn -0.9417 -0.0885 0.3246
vn -0.3237 -0.0885 -0.9420
vn -0.8953 -0.0885 -0.4366
vn -0.3249 0.1154 -0.9387
vn 0.8952 -0.0865 0.4373
vn 0.9389 -0.0488 -0.3407
vn 0.4376 -0.0893 -0.8947
vn -0.3928 -0.0893 0.9153
vn -0.3243 -0.0885 -0.9418
vn -0.3604 -0.1550 -0.9198
vn -0.4431 -0.1724 0.8798
vn -0.9053 -0.1550 -0.3956
vn 0.7177 -0.6488 -0.2531
vn 0.4859 -0.5651 -0.6668
vn -0.7725 -0.5536 0.3112
vn -0.9404 -0.3352 -0.0575
vn -0.6243 -0.3352 -0.7056
vn 0.4342 0.1149 -0.8935
vn 0.1151 -0.9354 0.3343
vn 0.2946 -0.9342 0.2013
vn 0.2836 -0.9256 -0.2509
vn -0.1188 -0.9352 0.3337
vn -0.2836 -0.9256 0.2509
vn -0.7483 -0.6144 0.2501
vn -0.9996 0.0146 -0.0239
vn -0.9998 0.0107 0.0165
vn 0.2216 -0.9342 0.2796
vn -0.0211 -0.0126 -0.9997
vn 0.1095 -0.0629 -0.9920
vn 0.0168 -0.0175 -0.9997
vn -0.0294 0.0023 -0.9996
vn -0.9998 0.0174 0.0069
vn -0.9999 0.0109 -0.0097
vn -0.9999 0.0119 0.0113
vn -0.9997 0.0246 -0.0077
vn -0.0259 0.0294 -0.9992
vn 0.0050 -0.0013 -1.0000
vn -0.0102 -0.0073 -0.9999
vn -0.0657 0.0498 -0.9966
vn -1.0000 -0.0067 -0.0066
vn -1.0000 -0.0018 -0.0054
vn -0.9993 0.0037 0.0376
vn -0.9989 -0.0467 0.0026
vn -0.9966 0.0138 0.0806
vn 0.0201 0.0102 -0.9997
vn 0.0308 0.0459 -0.9985
vn -0.0290 -0.0212 -0.9994
vn -0.0509 -0.0222 -0.9985
vn -1.0000 0.0049 0.0069
vn -1.0000 -0.0032 -0.0076
vn -0.9999 -0.0005 -0.0108
vn -0.9998 0.0178 -0.0045
vn -0.0291 -0.0251 -0.9993
vn 0.0435 -0.0442 -0.9981
vn -0.0703 0.0151 -0.9974
vn 0.0835 -0.0669 -0.9943
vn -0.1038 0.9940 -0.0335
vn 0.0080 0.9977 -0.0678
vn -0.1402 0.9886 -0.0548
vn -0.1706 0.9816 -0.0851
vn -0.1360 0.9824 -0.1283
vn -0.1476 0.9811 -0.1254
vn -0.9997 -0.0248 -0.0053
vn -1.0000 -0.0019 -0.0052
vn -1.0000 -0.0087 -0.0041
vn -1.0000 -0.0009 -0.0005
vn 0.0092 -0.0157 -0.9998
vn 0.0069 -0.0168 -0.9998
vn 0.0212 0.0032 -0.9998
vn 0.0034 0.0459 -0.9989
vn -0.9997 0.0228 0.0129
vn -0.9998 0.0182 -0.0081
vn -0.9999 -0.0049 0.0102
vn -0.9997 -0.0197 0.0174
vn 0.0564 0.0132 -0.9983
vn 0.0768 0.0020 -0.9970
vn 0.0558 0.0030 -0.9984
vn 0.0404 0.0184 -0.9990
vn 1.0000 0.0084 -0.0054
vn 0.9999 -0.0009 0.0158
vn 1.0000 -0.0026 0.0020
vn 0.9996 0.0205 -0.0190
vn -0.0774 0.0090 0.9970
vn -0.0914 0.0004 0.9958
vn -0.0797 -0.0014 0.9968
vn -0.0902 -0.9937 0.0662
vn -0.0871 -0.9945 0.0573
vn -0.0682 -0.9969 0.0387
vn -0.0794 0.9950 -0.0613
vn -0.1089 0.9939 -0.0163
vn -0.0583 0.9971 -0.0497
vn -1.0000 -0.0048 0.0015
vn -0.9999 0.0085 -0.0083
vn -0.9992 0.0385 0.0049
vn -0.0102 0.0003 -0.9999
vn 0.0367 -0.0304 -0.9989
vn 0.0198 -0.0075 -0.9998
vn -0.0285 0.0051 -0.9996
vn 0.9997 0.0186 -0.0163
vn 0.9996 0.0190 0.0226
vn 0.9979 0.0434 0.0487
vn -0.0759 -0.0240 0.9968
vn -0.8295 -0.4396 0.3446
vn -0.0097 0.0256 0.9996
vn -0.9979 -0.0582 0.0292
vn 0.0782 0.9945 -0.0698
vn 0.0773 0.9938 -0.0802
vn 0.0218 0.9962 -0.0846
vn -1.0000 0.0012 -0.0018
vn -1.0000 0.0073 0.0010
vn -0.9994 0.0173 0.0306
vn -0.9996 0.0068 0.0272
vn 0.0247 0.0145 -0.9996
vn 0.1281 0.0079 -0.9917
vn 0.0769 -0.0269 -0.9967
vn -0.1374 0.0969 -0.9858
vn 1.0000 -0.0054 -0.0073
vn 0.9999 -0.0172 0.0002
vn 0.9997 -0.0241 -0.0004
vn 0.9986 -0.0405 0.0346
vn 0.0192 0.0329 0.9993
vn -0.1289 -0.0357 0.9910
vn -0.0281 0.0137 0.9995
vn 0.0673 -0.0153 0.9976
vn 0.0579 -0.3653 0.9291
vn -0.0126 -0.9991 -0.0399
vn -0.0731 -0.9955 0.0602
vn 0.0046 -0.9993 -0.0366
vn 0.0704 -0.7033 -0.7074
vn -0.9999 0.0064 0.0148
vn -1.0000 0.0046 -0.0018
vn -0.9996 -0.0056 0.0270
vn 0.0019 0.0054 -1.0000
vn -0.0266 0.0126 -0.9996
vn -0.0567 0.0487 -0.9972
vn -0.0983 0.0597 -0.9934
vn 1.0000 0.0071 -0.0007
vn 1.0000 0.0078 0.0022
vn 0.9998 0.0181 0.0089
vn -0.1272 0.0492 0.9907
vn -0.0650 -0.0116 0.9978
vn -0.0605 0.0220 0.9979
vn -0.0304 -0.0324 0.9990
vn 0.0717 -0.9887 0.1317
vn 0.0474 -0.9985 -0.0290
vn 0.1157 -0.9932 -0.0089
vn -0.0417 0.9942 -0.0988
vn 0.0540 0.9985 0.0026
vn 0.0034 1.0000 -0.0001
vn -0.0156 0.9999 -0.0023
vn -0.9999 -0.0136 0.0026
vn -0.9994 -0.0311 -0.0174
vn -0.9999 -0.0100 -0.0033
vn -0.9999 0.0091 0.0106
vn -0.0341 0.0330 -0.9989
vn -0.0284 -0.0116 -0.9995
vn -0.0837 0.0076 -0.9965
vn -0.0128 -0.0177 -0.9998
vn -0.9998 0.0013 0.0213
vn -0.9999 -0.0115 -0.0040
vn -0.9999 -0.0136 -0.0090
vn -0.9997 -0.0187 -0.0125
vn -0.0246 -0.0016 -0.9997
vn -0.0175 -0.0043 -0.9998
vn -0.0315 0.0074 -0.9995
vn -0.0201 -0.0072 -0.9998
vn -0.9999 0.0154 -0.0074
vn -0.9989 0.0466 -0.0065
vn -1.0000 0.0008 -0.0068
vn -0.9998 -0.0040 -0.0186
vn -0.0067 -0.0333 -0.9994
vn -0.0099 -0.0394 -0.9992
vn -0.0056 -0.0338 -0.9994
vn -0.0066 -0.0386 -0.9992
vn 0.0136 0.9997 -0.0210
vn 0.1669 0.9852 0.0388
vn -0.0105 0.9987 -0.0507
vn 0.1503 0.9883 -0.0256
vn 0.0070 0.9988 -0.0488
vn 0.0133 0.9951 -0.0979
vn 0.1116 -0.9890 0.0971
vn 0.0396 -0.9935 0.1070
vn -0.0766 -0.9971 0.0028
vn 0.0418 -0.9982 -0.0421
vn 0.2536 -0.9673 -0.0097
vn 0.0262 -0.9954 0.0925
vn -0.1612 -0.9722 0.1697
vn 0.9999 -0.0110 -0.0012
vn 0.9973 -0.0345 -0.0654
vn 0.9993 -0.0329 0.0192
vn 0.9995 -0.0288 -0.0131
vn 0.9996 -0.0168 0.0241
vn 0.9999 0.0115 -0.0009
vn 0.9995 0.0200 0.0244
vn 0.9994 0.0329 -0.0068
vn 0.9995 0.0311 -0.0071
vn 0.9994 -0.0094 0.0336
vn 0.9996 0.0266 -0.0011
vn 0.9989 -0.0261 0.0402
vn 0.9997 -0.0065 0.0256
vn -0.9999 -0.0167 0.0027
vn -0.9997 0.0035 -0.0259
vn -0.9999 -0.0073 0.0135
vn -0.9999 -0.0066 -0.0129
vn -0.9980 0.0123 0.0622
vn -1.0000 0.0014 -0.0065
vn -1.0000 0.0056 -0.0024
vn 0.0169 0.9998 -0.0037
vn 0.0092 1.0000 0.0004
vn 0.0178 0.9998 -0.0111
vn 0.0080 0.9967 -0.0808
vn -0.1106 -0.9914 0.0706
vn -0.2225 -0.9736 0.0514
vn 0.1506 -0.9885 0.0134
vn 0.3052 -0.9519 0.0271
vn 0.1591 -0.9812 0.1091
vn 0.1426 -0.9856 0.0908
vn 0.9947 -0.0310 0.0979
vn 0.9986 -0.0311 0.0420
vn 0.9994 -0.0057 0.0352
vn 0.9993 -0.0158 -0.0331
vn 0.9999 -0.0118 -0.0012
vn 0.9992 -0.0361 0.0167
vn 0.9999 0.0121 -0.0117
vn 0.9999 0.0100 0.0085
vn 0.9997 0.0072 -0.0239
vn 0.9998 -0.0192 -0.0028
vn 0.9983 -0.0581 -0.0015
vn -1.0000 0.0060 0.0043
vn -0.9996 -0.0207 -0.0178
vn -0.9998 -0.0065 0.0209
vn -1.0000 0.0021 0.0001
vn -0.9998 0.0120 0.0140
vn -0.9997 -0.0185 -0.0142
vn -0.9996 -0.0154 -0.0242
vn 0.0748 0.9811 -0.1782
vn 0.1702 0.9755 -0.1397
vn 0.2142 0.9766 0.0192
vn 0.1423 0.9852 -0.0959
vn -0.0376 0.9993 0.0030
vn -0.0082 0.9988 -0.0490
vn 0.0950 0.9953 -0.0170
vn 0.0889 -0.9856 0.1439
vn -0.1334 -0.9910 0.0137
vn -0.0202 -0.9988 0.0446
vn -0.0017 -0.9985 0.0547
vn 0.9992 -0.0311 0.0251
vn 0.9986 -0.0532 0.0042
vn 0.9995 -0.0324 0.0029
vn 0.9943 -0.0735 0.0773
vn 0.9513 -0.2768 0.1354
vn 1.0000 0.0063 -0.0005
vn 0.9992 0.0288 -0.0294
vn 0.9986 0.0467 -0.0261
vn 0.9983 0.0355 -0.0460
vn 0.9978 0.0482 -0.0451
vn -1.0000 0.0084 -0.0035
vn -0.9999 -0.0156 0.0020
vn -0.9995 -0.0222 -0.0225
vn -0.9998 0.0140 0.0160
vn -0.9996 0.0067 0.0263
vn -0.9999 0.0025 -0.0099
vn -0.1067 0.9933 -0.0454
vn -0.0916 0.9955 -0.0228
vn -0.1050 0.9931 -0.0523
vn -0.0898 0.9941 -0.0604
vn 0.0439 -0.9988 0.0226
vn 0.0527 -0.9980 0.0347
vn 0.0398 -0.9991 0.0123
vn -0.1127 -0.9902 0.0821
vn -0.1248 -0.9895 0.0724
vn -0.1195 -0.9895 0.0811
vn 0.9999 -0.0114 0.0062
vn 0.9998 0.0017 0.0174
vn 0.9999 0.0016 0.0113
vn 0.9999 -0.0063 0.0088
vn 0.9998 0.0061 0.0210
vn 0.9997 0.0183 -0.0183
vn 0.9998 0.0191 -0.0025
vn 0.9985 0.0388 -0.0388
vn 0.9989 0.0120 -0.0456
vn -0.9996 0.0275 -0.0048
vn -0.9998 0.0155 0.0085
vn -0.9996 0.0248 0.0148
vn -0.9998 0.0005 -0.0176
vn -0.0069 0.9944 -0.1058
vn 0.0239 0.9931 -0.1145
vn -0.0955 0.9951 -0.0254
vn -0.1616 0.9842 -0.0722
vn 0.1276 0.9897 -0.0644
vn 0.0334 0.9976 -0.0604
vn 0.0770 0.9941 -0.0768
vn -0.0668 0.9859 -0.1534
vn 0.1206 0.9925 0.0214
vn -0.0143 -0.9954 0.0951
vn -0.0475 -0.9919 0.1179
vn 0.1343 -0.9902 0.0370
vn 0.0933 -0.9952 -0.0280
vn -0.2947 -0.9476 0.1235
vn -0.0153 -0.9981 0.0601
vn 0.0364 -0.9986 0.0382
vn 0.9998 -0.0165 0.0063
vn 0.9991 -0.0350 0.0253
vn 0.9998 -0.0134 -0.0119
vn 0.9997 0.0250 -0.0048
vn 0.9999 0.0100 -0.0038
vn 0.9999 0.0093 -0.0074
vn 0.9972 0.0608 -0.0442
vn 0.9950 -0.0962 0.0273
vn 0.9996 -0.0212 0.0197
vn 0.9989 -0.0404 0.0218
vn 0.9981 -0.0121 0.0600
vn -0.9999 0.0039 -0.0162
vn -0.9985 -0.0177 -0.0524
vn -0.9996 0.0264 0.0104
vn -0.9999 0.0106 0.0083
vn -1.0000 0.0004 0.0081
vn -0.9999 0.0104 -0.0000
vn -0.9998 0.0162 0.0139
vn 0.2875 0.9577 -0.0110
vn 0.2554 0.9663 -0.0323
vn 0.1147 0.9928 -0.0360
vn 0.3005 0.9534 0.0288
vn 0.0887 0.9958 -0.0240
vn 0.0749 0.9965 -0.0384
vn 0.0254 -0.9927 0.1182
vn -0.0791 -0.9833 0.1638
vn 0.1784 -0.9836 0.0276
vn 0.0333 -0.9985 -0.0445
vn -0.1233 -0.9912 0.0478
vn -0.0638 -0.9944 0.0848
vn -0.0583 -0.9942 0.0898
vn 0.9999 -0.0045 -0.0143
vn 0.9983 -0.0322 -0.0487
vn 0.9994 -0.0195 0.0279
vn 0.9998 -0.0080 -0.0175
vn 0.9995 -0.0214 0.0232
vn 0.9996 -0.0265 0.0076
vn 0.9997 0.0070 -0.0216
vn 0.9999 0.0054 -0.0140
vn 0.9994 -0.0354 -0.0020
vn 0.9998 -0.0131 -0.0127
vn -1.0000 0.0008 0.0008
vn -0.9999 -0.0155 -0.0048
vn -0.9998 0.0184 -0.0065
vn -0.9981 -0.0407 -0.0460
vn -0.9988 0.0363 -0.0343
vn -0.9998 -0.0123 -0.0158
vn -0.9985 -0.0527 -0.0168
vn -0.1101 0.9896 -0.0924
vn -0.1567 0.9750 -0.1577
vn 0.1270 0.9917 -0.0185
vn 0.1252 0.9913 -0.0407
vn 0.0248 0.9993 -0.0271
vn -0.0124 0.9990 -0.0428
vn -0.0186 0.9996 -0.0231
vn -0.1252 -0.9921 -0.0007
vn -0.0667 -0.9975 0.0248
vn -0.1513 -0.9881 0.0272
vn -0.0730 -0.9968 0.0337
vn -0.0116 -0.9989 0.0455
vn -0.0017 -0.9998 0.0192
vn 0.9999 -0.0119 0.0007
vn 1.0000 -0.0023 0.0018
vn 0.9999 0.0125 0.0068
vn 0.9999 0.0083 0.0092
vn 0.9999 0.0105 0.0051
vn 0.9998 0.0121 -0.0126
vn 1.0000 -0.0014 -0.0085
vn 0.9998 -0.0208 0.0008
vn 0.9997 -0.0152 0.0213
vn 0.9998 -0.0199 0.0003
vn 0.9998 -0.0174 0.0121
vn -1.0000 -0.0001 -0.0008
vn -1.0000 -0.0020 0.0049
vn -0.9999 -0.0133 -0.0022
vn -0.9999 -0.0093 0.0057
vn -0.9997 -0.0055 -0.0237
vn -1.0000 -0.0061 0.0001
vn -1.0000 -0.0055 0.0076
vn 0.0063 0.9988 -0.0482
vn -0.0391 0.9965 -0.0743
vn -0.0583 0.9952 -0.0791
vn 0.0594 0.9982 0.0073
vn 0.1020 0.9939 -0.0420
vn 0.0856 0.9948 -0.0545
vn -0.1195 -0.9916 0.0499
vn -0.1144 -0.9915 0.0621
vn -0.1810 -0.9796 0.0871
vn -0.0901 -0.9911 0.0977
vn 0.0343 -0.9969 0.0712
vn 0.0983 -0.9947 0.0289
vn 0.9999 0.0063 0.0140
vn 0.9993 -0.0277 0.0246
vn 0.9998 -0.0134 0.0118
vn 0.9999 0.0028 -0.0170
vn 0.9999 -0.0094 0.0037
vn 1.0000 -0.0018 0.0094
vn 0.9998 -0.0145 -0.0117
vn 0.9996 -0.0223 0.0158
vn 0.9999 -0.0168 -0.0011
vn 0.9999 -0.0040 -0.0140
vn -0.9992 -0.0260 0.0296
vn -0.9998 -0.0193 0.0012
vn -0.9998 -0.0160 0.0097
vn -0.9998 -0.0075 -0.0170
vn -0.9999 0.0021 0.0128
vn -0.9997 0.0060 0.0223
vn -1.0000 0.0026 -0.0059
vn 0.1824 0.9485 -0.2591
vn 0.0685 0.9902 -0.1217
vn -0.0044 0.9963 -0.0862
vn -0.1228 -0.9899 0.0703
vn -0.1322 -0.9856 0.1052
vn 0.9990 -0.0365 -0.0265
vn 0.9965 -0.0712 0.0447
vn 0.9999 -0.0127 -0.0107
vn 0.9999 -0.0042 -0.0158
vn 0.9992 -0.0301 0.0252
vn 0.9988 -0.0471 0.0097
vn 1.0000 -0.0034 0.0020
vn 0.9998 0.0090 -0.0169
vn -0.9996 -0.0268 -0.0134
vn -0.9999 -0.0057 -0.0122
vn -0.9999 -0.0058 -0.0122
vn -1.0000 0.0019 -0.0095
vn -0.9999 0.0110 0.0043
vn -0.9999 -0.0014 -0.0140
vn -0.9999 0.0113 -0.0116
vn -0.1862 0.9815 -0.0442
vn -0.2186 0.9750 -0.0397
vn 0.0386 0.9993 0.0017
vn 0.2350 0.9591 -0.1578
vn 0.1969 0.9711 -0.1347
vn -0.2423 0.9689 0.0509
vn -0.0508 -0.9982 -0.0308
vn -0.1589 -0.9861 0.0492
vn -0.0819 -0.9964 -0.0212
vn 0.0964 -0.9941 0.0492
vn 0.1685 -0.9851 0.0349
vn -0.0285 -0.9989 0.0369
vn -0.0616 -0.9979 0.0198
vn 0.9998 -0.0121 -0.0146
vn 0.9998 0.0135 -0.0120
vn 0.9994 -0.0284 0.0175
vn 0.9999 -0.0122 -0.0032
vn 0.9978 -0.0126 0.0645
vn 0.9999 -0.0152 0.0001
vn 0.9990 0.0237 -0.0386
vn 0.9998 -0.0034 -0.0201
vn 0.9999 -0.0159 0.0027
vn 1.0000 0.0016 0.0070
vn -0.9998 -0.0193 -0.0024
vn -0.9999 -0.0106 -0.0125
vn -0.9999 0.0090 -0.0105
vn -0.9999 0.0097 0.0033
vn -1.0000 -0.0028 0.0047
vn -0.9998 -0.0084 -0.0180
vn 0.0502 0.9983 -0.0309
vn -0.0089 0.9941 -0.1081
vn 0.1070 0.9926 -0.0579
vn 0.1816 0.9749 -0.1291
vn -0.3087 0.9509 0.0220
vn 0.1465 0.9882 -0.0455
vn 0.1147 0.9914 -0.0629
vn 0.0820 0.9947 -0.0622
vn 0.0434 -0.9922 0.1169
vn -0.0030 -0.9973 0.0738
vn 0.0491 -0.9948 0.0893
vn -0.1218 -0.9925 0.0121
vn -0.2099 -0.9727 0.0991
vn 1.0000 -0.0024 -0.0053
vn 0.9998 0.0171 -0.0089
vn 1.0000 -0.0051 -0.0061
vn 0.9996 -0.0259 0.0145
vn 0.9995 0.0302 0.0095
vn 0.9996 0.0296 0.0002
vn 0.9988 0.0466 0.0173
vn 0.9940 0.1084 0.0126
vn 0.9983 0.0110 0.0578
vn -0.9995 -0.0264 0.0172
vn -1.0000 -0.0033 -0.0049
vn -0.9998 -0.0156 0.0074
vn -0.9993 -0.0321 0.0212
vn -1.0000 -0.0076 0.0006
vn -1.0000 -0.0017 -0.0051
vn -1.0000 -0.0079 0.0060
vn -0.9998 -0.0186 0.0025
vn -0.9975 -0.0526 -0.0466
vn -0.9999 -0.0114 -0.0039
vn 0.1480 0.9885 -0.0315
vn 0.1326 0.9911 -0.0118
vn 0.1412 0.9894 -0.0345
vn 0.1001 0.9931 -0.0612
vn -0.0092 -0.9958 0.0913
vn -0.0664 -0.9945 0.0812
vn -0.1757 -0.9843 0.0184
vn -0.1998 -0.9775 0.0675
vn 0.9997 -0.0172 0.0147
vn 0.9972 -0.0562 0.0499
vn 0.9996 -0.0278 0.0077
vn 0.9912 0.1323 -0.0092
vn 0.9999 0.0012 -0.0119
vn 0.9999 -0.0109 0.0055
vn 0.9997 0.0138 -0.0188
vn 1.0000 -0.0054 -0.0050
vn 0.9979 0.0098 -0.0639
vn 0.9998 -0.0097 0.0186
vn -0.9999 -0.0123 -0.0047
vn -0.9997 -0.0197 -0.0140
vn -0.9998 -0.0189 -0.0004
vn -0.9740 0.1400 0.1780
vn -0.9999 0.0123 0.0057
vn -0.9998 0.0137 0.0127
vn -0.9999 0.0154 0.0004
vn -1.0000 -0.0041 -0.0071
vn -0.9988 -0.0480 0.0007
vn -0.9999 0.0095 0.0062
vn 0.1403 -0.4311 0.8913
vn 0.8266 -0.5104 -0.2370
vn 0.9994 0.0052 -0.0350
vn 0.7489 0.4119 -0.5192
vn 0.9716 0.0537 -0.2304
vn 0.8262 -0.0884 -0.5565
vn -0.0297 -0.9656 -0.2583
vn 0.1098 -0.9865 -0.1211
vn 0.6515 -0.7285 0.2115
vn 0.5612 0.4209 -0.7126
vn 0.3695 0.8807 -0.2963
vn 0.9995 0.0156 0.0276
vn 0.0096 0.9825 0.1860
vn 0.4366 0.8916 -0.1202
vn 0.5529 0.2020 0.8084
vn 0.1180 -0.9926 0.0301
vn 0.7572 -0.5125 0.4050
vn -0.2369 -0.9696 -0.0617
vn -0.8341 0.4214 0.3560
vn 0.3185 -0.9431 -0.0954
vn -0.0738 -0.1517 0.9857
vn -0.0606 0.9958 0.0687
vn -0.0215 0.9981 0.0571
vn -0.0085 0.9912 0.1323
vn 0.5611 -0.8227 -0.0910
vn 0.7371 -0.5973 0.3160
vn -0.3915 -0.8745 0.2863
vn -0.4475 -0.6746 -0.5871
vn -0.9995 -0.0143 0.0290
vn -0.9997 0.0153 0.0189
vn -0.5002 0.8624 0.0777
vn 0.4851 0.8739 -0.0312
vn 0.4833 0.8018 -0.3515
vn -0.9996 -0.0101 -0.0265
vn -0.9996 -0.0092 0.0253
vn -0.9966 -0.0813 0.0091
vn -0.0265 -0.9691 -0.2453
vn 0.3807 -0.9240 0.0354
vn -0.0417 -0.9684 -0.2460
vn 0.9972 -0.0748 0.0046
vn 0.1561 -0.9632 -0.2188
vn 0.9993 -0.0328 0.0168
vn -0.1935 -0.8678 0.4577
vn -0.6782 -0.5093 -0.5298
vn 0.9603 -0.2789 -0.0104
vn -0.6500 -0.7587 -0.0429
vn 0.0002 0.9367 0.3501
vn 0.5003 0.7317 0.4629
vn -0.1095 0.9929 0.0463
vn -0.5672 0.8109 0.1438
vn -0.7647 0.6133 0.1976
vn 0.1989 0.9667 0.1611
vn 0.1707 0.9149 0.3657
vn -0.1798 0.9602 -0.2139
vn -0.0937 -0.9858 -0.1392
vn 0.4719 -0.8097 0.3488
vn -0.0818 -0.9862 -0.1438
vn -0.0148 -0.9997 -0.0173
vn 0.0229 -0.9995 -0.0238
vn 0.6766 -0.6875 0.2637
vn -0.0306 -0.9992 -0.0254
vn -0.9958 0.0913 -0.0017
vn -0.9991 0.0398 0.0118
vn -0.9994 0.0329 0.0137
vn -0.9994 0.0216 0.0264
vn -0.1364 -0.4145 -0.8998
vn -0.9999 0.0120 0.0083
vn 0.0358 -0.9993 0.0068
vn -0.0264 -0.9995 -0.0189
vn 0.0408 -0.9986 -0.0329
vn 0.3236 -0.9124 0.2504
vn 0.0611 -0.9757 -0.2102
vn -0.6126 -0.7676 0.1884
vn 0.1706 -0.3883 -0.9056
vn 0.9519 -0.0360 0.3042
vn 0.3931 0.7280 0.5617
vn 0.3731 -0.7600 0.5322
vn 0.5680 -0.7559 -0.3255
vn -0.9869 -0.0208 0.1598
vn -0.6735 -0.5991 -0.4330
vn -0.7562 -0.0903 0.6480
vn 0.4513 0.8808 0.1435
vn 0.0623 0.9814 0.1818
vn 0.2190 0.9754 -0.0256
vn -0.0066 -1.0000 0.0008
vn 0.9826 -0.0669 -0.1732
vn -0.0187 -0.9980 -0.0597
vn 0.9983 -0.0460 0.0365
vn 0.7109 0.7027 -0.0290
vn 0.2501 -0.9566 -0.1498
vn 0.1162 -0.9830 -0.1419
vn 0.0110 -0.9778 -0.2091
vn -0.8722 0.3876 0.2984
vn -0.8290 -0.4684 0.3055
vn -0.9882 0.1352 -0.0718
vn -0.0524 -0.9816 -0.1836
vn -0.9112 -0.1327 0.3901
vn -0.1636 0.9670 0.1955
vn -0.1959 0.9327 0.3028
vn -0.2231 0.9743 0.0322
vn -0.6162 -0.5650 -0.5487
vn 0.9253 0.3338 0.1802
vn 0.7814 0.1947 0.5928
vn -0.0187 -0.9981 0.0591
vn -0.6182 -0.5660 -0.5454
vn -0.8164 -0.5537 -0.1642
vn -0.9359 -0.1491 0.3192
vn -0.7023 -0.6856 -0.1917
vn 0.1494 0.9886 0.0201
vn -0.1330 0.9880 -0.0782
vn 0.3208 -0.9445 -0.0706
vn 0.9850 -0.0613 0.1613
vn 0.3359 -0.9396 0.0665
vn -0.5616 -0.8270 0.0238
vn 0.6252 -0.7802 -0.0212
vn -0.1694 -0.9818 -0.0859
vn -0.0618 -0.9591 -0.2763
vn -0.0203 -0.9681 -0.2499
vn -0.0333 -0.9680 -0.2487
vn -0.1712 -0.9816 -0.0849
vn 0.6924 -0.6983 0.1818
vn 0.4832 -0.7672 -0.4218
vn 0.1209 -0.9901 -0.0719
vn -0.8827 -0.0369 0.4684
vn -0.1861 -0.6389 0.7465
vn -0.9698 0.0798 -0.2305
vn -0.0431 -0.7866 0.6159
vn 0.7206 -0.6427 -0.2601
vn 0.7875 -0.6040 0.1225
vn 0.5677 -0.4247 0.7052
vn 0.9998 -0.0093 0.0158
vn 0.9984 0.0358 -0.0448
vn 0.8735 -0.3970 0.2819
vn -0.7743 0.1921 0.6029
vn 0.8986 0.1459 -0.4139
vn -0.2327 0.9460 0.2256
vn -0.3130 0.9339 0.1731
vn 0.0384 0.9671 0.2514
vn -0.0002 0.9917 0.1289
vn 0.3108 -0.9309 0.1918
vn -0.8289 -0.5571 0.0503
vn -0.9999 0.0142 0.0016
vn -0.3498 0.9319 0.0956
vn -0.1083 -0.9895 -0.0955
vn 0.1620 -0.9814 -0.1028
vn -0.0272 -0.9786 -0.2040
vn -0.9981 -0.0601 0.0096
vn -0.4858 0.8633 -0.1365
vn -0.9999 0.0127 0.0023
vn 0.1806 0.9830 0.0328
vn 0.4114 0.8926 -0.1845
vn 0.9970 -0.0767 -0.0131
vn 0.7545 -0.6536 -0.0594
vn 0.9989 -0.0450 0.0146
vn -0.9994 -0.0147 0.0311
vn -0.9997 0.0153 0.0188
vn -0.9875 -0.1556 -0.0253
vn -0.9970 0.0768 0.0002
vn -1.0000 -0.0042 0.0026
vn -0.7097 0.6844 0.1671
vn -0.0655 0.9691 0.2377
vn -0.5844 0.7835 -0.2112
vn 0.9995 0.0213 -0.0240
vn -0.0807 -0.9553 -0.2844
vn -0.0372 -0.9724 -0.2305
vn -0.2412 0.8080 -0.5376
vn -0.9625 -0.2372 -0.1314
vn -0.3069 -0.9499 -0.0585
vn -0.9164 -0.3931 -0.0749
vn -0.0363 0.9985 0.0401
vn -0.1281 0.9916 0.0200
vn 0.6220 0.6942 0.3622
vn -0.9984 -0.0513 -0.0224
vn -0.9503 0.1086 0.2919
vn -0.9999 -0.0080 -0.0064
vn -0.9497 0.2992 -0.0930
vn -0.9374 -0.3281 0.1170
vn -0.9988 0.0427 0.0244
vn -0.9994 -0.0335 -0.0089
vn 0.1476 -0.9816 -0.1213
vn 0.8098 -0.5866 -0.0040
vn -0.0258 -0.5889 0.8078
vn -0.2277 0.9718 0.0616
vn -0.7702 0.6362 0.0447
vn -0.0777 0.9892 0.1245
vn -0.8826 -0.4693 0.0268
vn 0.9945 0.1018 0.0225
vn -0.9331 0.3584 -0.0288
vn 0.9979 -0.0565 0.0310
vn 0.8220 -0.1294 0.5546
vn 0.8668 -0.4975 0.0329
vn 0.9999 -0.0135 0.0104
vn -0.2284 0.9724 0.0467
vn 0.1815 0.9831 0.0227
vn 0.3225 0.8763 0.3579
vn 0.1603 -0.9297 -0.3317
vn -0.9327 -0.3590 0.0336
vn 0.9441 0.3217 -0.0714
vn 0.9978 -0.0630 -0.0195
vn 0.9962 -0.0871 -0.0015
vn 0.0304 -0.9990 0.0340
vn -0.8814 0.4687 -0.0583
vn 0.9966 0.0817 0.0066
vn 0.3189 0.9446 0.0773
vn 0.7734 0.5832 -0.2484
vn -0.0428 0.9982 0.0425
vn -0.2079 0.9773 0.0414
vn 0.1388 0.3774 0.9156
vn -0.6772 0.6429 0.3578
vn -0.1292 0.9846 0.1182
vn 0.1345 0.9700 0.2027
vn 0.0071 0.9703 0.2417
vn 1.0000 0.0006 -0.0090
vn 0.9986 0.0478 0.0214
vn 0.8069 -0.3307 0.4894
vn 0.9499 0.2825 0.1339
vn 0.9992 -0.0226 0.0329
vn -0.9979 -0.0647 0.0044
vn -0.9999 0.0115 0.0056
vn -0.4887 -0.7038 0.5156
vn -0.9974 -0.0015 -0.0727
vn -0.9955 0.0925 -0.0191
vn -0.2492 0.8062 -0.5367
vn -0.1040 0.9945 0.0089
vn -0.2075 0.9731 0.0997
vn 0.0963 -0.9940 -0.0527
vn -0.2648 -0.9629 -0.0514
vn 0.2450 -0.9222 -0.2992
vn -0.0601 -0.9607 -0.2709
vn 0.2396 -0.9543 -0.1789
vn 0.2055 -0.9698 -0.1315
vn 0.0405 -0.9991 0.0139
vn -0.7783 0.3111 0.5454
vn 0.3472 0.9377 -0.0148
vn 0.9567 0.2855 -0.0571
vn 0.9857 0.1567 -0.0622
vn 0.0337 -0.9544 -0.2965
vn -0.6865 -0.6793 0.2595
vn -0.7079 0.7061 0.0192
vn -0.0794 -0.9689 -0.2344
vn 0.0220 -0.9753 -0.2200
vn 0.9992 0.0288 -0.0262
vn 0.4529 0.8451 -0.2840
vn 0.9994 -0.0126 -0.0325
vn 0.9470 -0.3181 0.0451
vn 0.9930 -0.1173 0.0154
vn 0.1320 0.9912 0.0101
vn 0.1350 -0.9906 0.0207
vn -0.9949 0.0138 0.0997
vn -0.0201 -0.9890 -0.1465
vn -0.0994 -0.9929 -0.0657
vn -0.0549 -0.9983 -0.0208
vn 0.0233 -0.9981 -0.0568
vn 0.1129 -0.9929 0.0370
vn -0.0150 -0.9993 -0.0347
vn -0.0411 -0.9724 -0.2296
vn -0.0225 -0.9685 -0.2481
vn -0.2002 0.9783 -0.0541
vn -0.1326 0.9896 -0.0559
vn -0.7121 -0.2240 -0.6654
vn -0.0298 0.0184 -0.9994
vn -0.1164 -0.9927 0.0313
vn 0.3788 -0.8888 -0.2579
vn -0.2638 0.8448 0.4655
vn -0.9797 -0.1974 -0.0340
vn -0.6137 0.7750 -0.1511
vn -0.5846 0.6947 -0.4192
vn 0.2638 -0.9488 -0.1737
vn 0.8030 0.5688 0.1781
vn 0.9919 0.0648 -0.1092
vn 0.9978 -0.0655 -0.0063
vn -0.1064 0.9901 -0.0914
vn -0.0674 0.9949 0.0756
vn -0.9719 -0.2005 0.1236
vn -0.9900 -0.1408 -0.0083
vn -0.3897 0.9169 0.0858
vn 0.1239 0.9920 0.0247
vn -0.0333 0.9979 0.0551
vn -0.9998 0.0166 0.0132
vn -0.0130 0.9982 0.0585
vn -0.0109 0.9995 0.0281
vn 0.0061 0.9967 -0.0811
vn -0.0809 0.9964 0.0250
vn -0.3653 0.9253 0.1020
vn -0.2415 0.9702 0.0190
vn 0.9990 0.0050 -0.0439
vn 0.9785 -0.2007 0.0480
vn 0.9976 0.0647 -0.0234
vn -0.9849 -0.1572 0.0729
vn -0.9999 -0.0094 -0.0098
vn -0.9991 -0.0417 0.0018
vn -0.1720 -0.9850 0.0100
vn 0.0915 0.9853 0.1442
vn 0.7493 0.4127 -0.5179
vn 0.6794 -0.6675 -0.3047
vn 0.8271 -0.0850 -0.5556
vn 0.0493 0.9944 -0.0933
vn -0.9984 -0.0539 -0.0150
vn -0.6301 0.5505 0.5477
vn 0.7025 -0.1526 -0.6951
vn -0.7267 0.0580 -0.6845
vn 0.9888 0.1410 -0.0489
vn 0.1229 -0.9845 -0.1248
vn 0.0011 -0.8096 0.5869
vn -0.8010 -0.5127 -0.3089
vn 0.9978 -0.0583 -0.0310
vn 0.9977 -0.0660 -0.0172
vn -0.9979 -0.0644 0.0092
vn -0.9989 -0.0465 0.0049
vn -0.9984 0.0488 -0.0301
vn -0.7544 -0.5784 -0.3104
vn -0.9952 -0.0951 -0.0207
vn -0.9990 -0.0397 -0.0211
vn 0.9982 0.0490 0.0346
vn 0.9968 0.0393 0.0695
vn 0.0967 0.9782 0.1839
vn 0.0733 0.9759 0.2055
vn -0.1522 0.9881 -0.0229
vn -0.0512 -0.9987 0.0080
vn 0.0156 0.9992 -0.0359
vn 0.0733 0.9973 -0.0069
vn -0.0144 0.9947 0.1023
vn -0.0930 0.9904 0.1023
vn 0.0105 0.9915 0.1294
vn 0.1031 0.9928 0.0606
vn -0.9987 -0.0456 -0.0207
vn -0.7585 -0.6475 0.0735
vn 0.0248 0.9978 0.0620
vn 0.4888 0.6904 0.5332
vn -0.2196 0.9685 0.1172
vn -0.0023 0.9749 0.2228
vn -0.1650 0.9669 0.1945
vn -0.9984 0.0564 0.0008
vn -0.9999 0.0053 -0.0144
vn -0.9951 0.0939 -0.0301
vn 0.9999 -0.0081 -0.0086
vn 0.0791 0.9628 -0.2584
vn -0.1326 0.9909 -0.0251
vn 0.2424 0.9489 0.2020
vn 0.7709 0.2934 -0.5654
vn -0.7864 0.1944 0.5863
vn -0.9973 0.0551 0.0488
vn -0.9999 0.0090 -0.0069
vn -0.0844 0.9609 0.2637
vn 0.6022 0.4747 0.6419
vn 0.1442 -0.9651 0.2184
vn -0.9930 -0.0670 -0.0978
vn -0.7719 0.5490 0.3206
vn 0.4444 -0.0279 0.8954
vn 0.9986 0.0429 -0.0306
vn 0.9913 -0.1309 -0.0165
vn -0.0433 -0.9943 -0.0973
vn -0.6503 -0.7537 -0.0957
vn 0.9996 -0.0090 -0.0257
vn -0.9986 -0.0520 -0.0066
vn -0.9992 -0.0191 0.0339
vn -1.0000 -0.0032 0.0056
vn -0.0181 -0.9997 -0.0162
vn 0.0045 -0.9973 -0.0729
vn -0.0274 -0.9992 -0.0295
vn -0.8063 -0.3035 0.5077
vn -0.9049 0.3780 0.1954
vn 0.3328 0.9424 0.0340
vn 0.6378 -0.7666 0.0741
vn 0.9998 0.0187 -0.0054
vn -0.1855 0.9699 0.1579
vn 0.1152 -0.9844 -0.1328
vn -0.1073 0.9935 -0.0391
vn -0.7578 -0.5841 -0.2906
vn 0.8478 -0.0716 0.5255
vn -0.4642 0.6425 -0.6097
vn -0.9997 0.0211 -0.0133
vn -0.7819 0.6203 -0.0618
vn -0.8837 0.4651 -0.0530
vn -0.9999 -0.0126 0.0001
vn -0.9990 0.0100 0.0439
vn -0.9727 0.2283 0.0427
vn -0.1011 0.9945 0.0272
vn -0.4326 0.7510 0.4988
vn -0.9989 0.0318 0.0350
vn -0.6443 0.2933 0.7063
vn -0.9974 0.0706 0.0151
vn 0.2496 0.9352 0.2514
vn 0.9997 -0.0010 -0.0240
vn 0.6834 -0.7284 -0.0495
vn -0.0437 0.9882 0.1471
vn 0.1254 0.9503 -0.2849
vn -0.0791 0.9961 -0.0380
vn 0.2679 0.9217 0.2804
vn -0.5735 0.7756 0.2639
vn -0.1470 0.9818 0.1202
vn 0.9998 -0.0034 -0.0206
vn 0.7485 0.4067 -0.5238
vn 0.9733 -0.0356 -0.2267
vn 0.8252 -0.0853 -0.5584
vn -0.0559 0.9969 0.0549
vn 0.0365 0.8902 0.4541
vn -0.9990 0.0366 -0.0257
vn -0.0164 0.9827 0.1843
vn 0.0401 0.9984 -0.0392
vn 0.0745 -0.9938 0.0824
vn 0.0756 -0.9971 0.0004
vn 0.8906 -0.3560 -0.2829
vn 0.0353 -0.9913 -0.1271
vn -0.0042 0.9956 -0.0932
vn -0.0349 -0.9682 -0.2478
vn 0.0329 -0.8342 0.5505
vn -0.0471 -0.9811 -0.1875
vn 0.0508 -0.9822 -0.1810
vn 0.0279 -0.9869 -0.1587
vn -0.9972 -0.0412 -0.0627
vn -0.1508 0.9881 0.0297
vn -0.9975 0.0707 -0.0085
vn 0.1254 0.9683 0.2160
vn 0.1870 0.9820 -0.0278
vn -0.0647 0.9166 -0.3946
vn -0.9981 -0.0408 -0.0472
vn -0.9990 -0.0330 -0.0306
vn 0.9996 -0.0165 0.0244
vn 0.4470 -0.6301 -0.6350
vn -0.9986 0.0048 -0.0531
vn -0.9999 0.0136 -0.0048
vn -0.9997 -0.0242 0.0001
vn -0.7676 -0.4585 0.4478
vn -0.8573 0.4307 0.2820
vn 0.0032 0.9915 0.1302
vn -0.3421 0.9378 0.0588
vn 0.1098 0.9182 0.3807
vn -0.2714 0.9582 0.0904
vn 0.3803 -0.9239 -0.0433
vn -0.9985 0.0548 0.0007
vn -0.2732 -0.9377 -0.2145
vn -0.3060 -0.9258 -0.2221
vn 0.9932 -0.0379 0.1102
vn 0.9904 0.1361 0.0229
vn 0.9999 -0.0135 -0.0040
vn 0.0810 -0.9744 -0.2100
vn 0.0120 -0.9986 0.0516
vn -0.8763 -0.4790 -0.0516
vn 0.0431 -0.9987 -0.0260
vn -0.9962 0.0641 0.0586
vn -0.9999 -0.0072 -0.0141
vn 0.9981 0.0606 -0.0103
vn 0.9995 -0.0289 0.0154
vn -0.9787 -0.2014 -0.0395
vn 0.9997 -0.0141 -0.0187
vn 0.7791 -0.6171 0.1103
vn 0.0125 -0.9987 0.0487
vn 0.8300 0.4932 0.2604
vn 0.9992 -0.0228 0.0327
vn 0.9989 0.0458 -0.0124
vn -0.9962 0.0526 0.0696
vn 0.9955 -0.0949 0.0005
vn 0.8799 -0.4480 0.1584
vn 0.9181 -0.3955 0.0263
vn 0.7818 -0.3599 -0.5092
vn 0.6641 -0.6039 0.4408
vn 0.0478 -0.0224 0.9986
vn 0.1605 -0.8747 0.4574
vn 0.9985 0.0104 0.0532
vn -0.1921 0.9813 0.0135
vn -0.0643 0.9979 0.0097
vn 0.0610 0.9965 -0.0577
vn -0.0601 0.9954 0.0744
vn -0.0514 -0.6357 0.7703
vn 0.5974 -0.7704 0.2230
vn -0.1973 -0.9796 -0.0371
vn -0.2668 0.9636 0.0154
vn -0.0415 0.9709 0.2360
vn -0.6858 -0.5904 0.4256
vn 0.9907 -0.1357 0.0107
vn -0.9956 -0.0912 -0.0230
vn -0.8085 0.5500 0.2092
vn -0.8520 -0.2699 0.4485
vn -0.9938 0.1015 0.0465
vn -0.9969 0.0709 0.0335
vn -0.9960 -0.0880 0.0163
vn 0.0732 -0.1090 0.9913
vn 0.9514 -0.3076 -0.0158
vn 0.9828 -0.1457 0.1133
vn -0.9999 -0.0014 -0.0115
vn 0.0266 0.9815 0.1898
vn 0.9997 -0.0259 -0.0047
vn 0.7369 0.4683 0.4875
vn -0.3667 -0.9294 0.0414
vn -0.9975 -0.0321 -0.0632
vn 0.9857 0.1568 -0.0622
vn 0.8890 -0.4573 -0.0254
vn 0.9989 -0.0359 -0.0287
vn -0.9995 -0.0308 -0.0106
vn 0.8430 -0.5306 0.0888
vn 0.4419 -0.8963 0.0359
vn 0.9999 0.0066 -0.0114
vn 0.2262 -0.9590 -0.1710
vn 0.0213 0.9471 0.3201
vn 0.0419 0.9780 0.2045
vn 0.9999 -0.0164 0.0052
vn 0.9995 -0.0307 0.0017
vn 0.9994 0.0305 -0.0179
vn -0.1670 0.9858 -0.0186
vn 0.2637 0.9123 0.3132
vn 0.7478 -0.6587 -0.0827
vn 0.0551 0.9814 0.1840
vn -0.9981 -0.0614 0.0082
vn 0.8250 0.2469 0.5084
vn 0.8311 0.3364 -0.4428
vn 0.1124 0.9781 0.1754
vn 0.1606 0.9443 0.2872
vn 0.8822 0.4649 -0.0751
vn 0.1441 -0.9883 0.0492
vn 0.1541 -0.9880 0.0146
vn -0.9997 -0.0173 0.0156
vn -0.8465 0.5012 -0.1794
vn -0.0875 -0.9649 -0.2475
vn 0.8798 0.4753 -0.0066
vn 0.9945 -0.0874 0.0576
vn 0.9983 -0.0577 -0.0043
vn 0.9999 0.0099 -0.0043
vn 0.9990 -0.0426 -0.0125
vn 0.0623 0.9537 0.2942
vn 0.0790 -0.9675 -0.2404
vn -0.9987 0.0424 0.0282
vn 0.0435 0.9929 0.1111
vn -0.1009 -0.9931 -0.0605
vn 0.7152 0.3433 -0.6088
vn 0.8410 0.5066 -0.1902
vn 0.9956 0.0148 -0.0927
vn 0.0298 -0.9987 -0.0415
vn 0.9999 0.0022 0.0130
vn -0.8567 0.0042 0.5157
vn -0.9235 -0.3304 -0.1948
vn -0.1029 0.9743 0.2004
vn -0.9010 -0.4283 0.0689
vn -0.4723 0.8746 0.1094
vn 0.2431 -0.9605 -0.1355
vn -0.7782 0.3112 0.5454
vn -0.9865 -0.1632 0.0105
vn 0.9917 0.1271 -0.0165
vn -0.9971 -0.0702 0.0281
vn 0.1231 -0.9922 0.0222
vn 0.0271 -0.0714 0.9971
vn -0.9980 -0.0584 -0.0245
vn 0.9956 0.0147 -0.0922
vn 0.0450 0.9823 0.1819
vn -0.4234 0.6848 0.5932
vn 0.0217 0.9488 0.3151
vn -0.0592 0.9659 0.2522
vn -0.9999 0.0090 -0.0129
vn 0.2657 0.9573 0.1139
vn 0.0220 0.9508 0.3090
vn -0.9986 -0.0023 0.0527
vn 0.1306 -0.9659 -0.2234
vn 0.1053 0.9649 0.2404
vn 0.0929 0.9638 0.2498
vn 0.9983 0.0579 0.0075
vn 0.0550 0.9985 0.0076
vn 0.1362 0.9881 0.0720
vn 0.0976 0.9952 0.0071
vn -0.6298 -0.3912 0.6710
vn -0.5326 -0.8077 -0.2528
vn 0.8111 -0.1644 -0.5613
vn 0.7515 -0.3764 0.5418
vn -0.2636 -0.0567 0.9630
vn 0.3196 -0.2592 -0.9114
vn 0.3161 -0.9104 0.2669
vn 0.2792 -0.3890 -0.8779
vn 0.8280 -0.4343 -0.3547
vn 0.5313 0.0895 -0.8424
vn -0.0006 -0.9907 0.1359
vn -0.1642 -0.9820 -0.0932
vn -0.2605 -0.9579 -0.1209
vn -0.0709 0.0655 0.9953
vn 0.0747 0.9964 0.0401
vn 0.4935 0.6101 0.6198
vn -0.7087 0.6538 -0.2651
vn -0.7427 0.3673 -0.5599
vn -0.1626 0.9781 0.1301
vn -0.0987 0.1876 -0.9773
vn 0.5904 0.7285 0.3474
vn 0.0782 0.9831 0.1653
vn 0.1646 0.9818 0.0943
vn 0.2589 0.9583 0.1208
vn 0.3250 0.4100 0.8522
vn -0.1855 0.0949 -0.9780
vn 0.4571 0.6854 -0.5668
vn -0.5683 -0.4415 0.6943
vn -0.6328 -0.4729 -0.6132
vn 0.4425 -0.8960 -0.0369
vn -0.5810 -0.5648 0.5861
vn -0.4137 -0.8916 -0.1843
vn 0.2651 -0.1760 0.9480
vn 0.2789 -0.1450 0.9493
vn 0.3279 -0.1519 -0.9324
vn 0.1167 -0.7226 0.6813
vn 0.2053 -0.9609 -0.1858
vn 0.7985 -0.4354 -0.4158
vn -0.4401 -0.5532 -0.7073
vn -0.0816 -0.9966 -0.0115
vn -0.2047 -0.9725 0.1109
vn 0.2890 -0.9562 -0.0462
vn 0.4846 -0.8626 -0.1453
vn 0.2166 0.4398 0.8716
vn -0.6870 0.1784 0.7044
vn -0.5278 0.8476 -0.0548
vn -0.6038 0.7675 -0.2153
vn 0.2646 0.9595 0.0971
vn 0.2596 0.9025 0.3437
vn 0.6417 -0.0780 -0.7630
vn 0.3801 0.7282 0.5704
vn 0.7225 0.6788 0.1314
vn -0.8426 0.2417 0.4812
vn -0.6060 0.0852 0.7909
vn -0.5279 0.8279 -0.1896
vn 0.3632 0.1263 -0.9231
vn -0.1550 0.9180 0.3651
vn 0.0887 0.9954 -0.0372
vn -0.1017 0.9944 -0.0299
vn -0.0500 0.9987 -0.0071
vn -0.3536 0.9179 -0.1802
vn -0.6506 -0.2352 0.7221
vn -0.6693 -0.5939 -0.4464
vn 0.1150 0.0651 -0.9912
vn -0.5388 -0.5519 0.6364
vn -0.4348 -0.8878 -0.1510
vn 0.3467 -0.2332 0.9085
vn -0.7832 -0.1901 0.5920
vn 0.4013 -0.2511 -0.8808
vn -0.4398 0.0079 0.8981
vn -0.2571 -0.9398 -0.2252
vn 0.6193 -0.7655 -0.1748
vn -0.3311 -0.1645 0.9291
vn 0.3244 -0.9459 0.0070
vn 0.6136 -0.7896 -0.0019
vn -0.2035 -0.9562 -0.2106
vn 0.2761 0.4449 0.8520
vn -0.0728 0.2004 0.9770
vn -0.1613 0.9743 -0.1573
vn -0.1708 -0.0108 -0.9852
vn -0.7370 0.2076 0.6432
vn -0.5118 0.0030 -0.8591
vn 0.1381 0.9838 0.1141
vn -0.7984 0.5395 0.2675
vn 0.5341 0.0479 -0.8441
vn 0.5533 0.3577 0.7522
vn 0.5367 0.6870 0.4899
vn 0.9155 0.1170 -0.3849
vn 0.6056 0.2587 -0.7525
vn 0.0625 -0.2883 0.9555
vn -0.4770 0.8742 0.0912
vn 0.0869 0.9915 0.0972
vn -0.2155 0.9719 -0.0952
vn -0.2080 0.9723 -0.1068
vn -0.3743 0.9098 -0.1793
vn -0.9455 0.0000 0.3256
vn -0.4383 0.0000 0.8988
vn 0.3257 -0.0000 0.9455
vn 0.8988 -0.0000 0.4384
vn 0.9455 0.0000 -0.3256
vn 0.4383 -0.0000 -0.8988
vn -0.3256 -0.0000 -0.9455
vn -0.8988 0.0000 -0.4383
vn -0.9455 0.0000 0.3255
vn -0.4384 0.0000 0.8988
vn 0.3256 0.0000 0.9455
vn 0.8988 0.0000 0.4383
vn 0.9455 -0.0000 -0.3255
vn 0.4385 0.0000 -0.8988
vn 0.3255 -0.0000 0.9455
vn 0.4384 -0.0000 -0.8988
vn -0.3255 -0.0000 -0.9456
vn -0.8988 -0.0000 -0.4385
vn -0.3255 0.0000 -0.9455
vn -0.8988 0.0000 -0.4384
vn 0.4197 -0.0047 0.9077
vn 0.9999 -0.0051 0.0131
vn 0.4904 0.0000 -0.8715
vn 0.9981 0.0000 0.0611
vn -0.9473 -0.3183 0.0353
vn -0.9833 0.1799 -0.0272
vn -0.7884 0.2568 0.5589
vn -0.0372 0.0879 0.9954
vn 0.0234 0.0838 0.9962
vn -0.0478 -0.9242 0.3790
vn 0.9881 0.1516 0.0273
vn 0.9957 0.0605 0.0706
vn 0.9978 -0.0314 0.0592
vn 0.9875 -0.1446 0.0621
vn 0.9845 -0.1736 0.0232
vn 0.9943 -0.1054 -0.0145
vn 0.0438 0.2776 -0.9597
vn 0.1641 0.4789 -0.8624
vn 0.1624 0.2768 -0.9471
vn -0.0727 0.1446 -0.9868
vn 0.0276 0.2104 -0.9772
vn 0.0269 0.1420 -0.9895
vn 0.0843 -0.0767 0.9935
vn -0.0384 0.0937 0.9949
vn -0.0828 0.2079 0.9747
vn 0.1172 -0.4432 0.8887
vn -0.9993 -0.0045 -0.0375
vn -0.9998 0.0004 -0.0206
vn -0.9996 0.0007 0.0267
vn -0.0355 -0.0077 0.9993
vn -0.0193 0.0073 0.9998
vn 0.0267 0.0039 0.9996
vn 0.9996 -0.0062 0.0289
vn 0.9999 0.0057 0.0139
vn 0.9999 -0.0006 -0.0164
vn 0.9997 0.0036 -0.0249
vn 0.9993 -0.0053 -0.0359
vn 0.9999 -0.0078 0.0091
vn 0.9664 -0.2542 0.0395
vn 0.9854 -0.1680 -0.0279
vn 0.9873 -0.1554 0.0322
vn 0.9971 0.0740 0.0167
vn 0.9980 -0.0050 -0.0624
vn 0.9944 0.0986 -0.0379
vn 0.9991 -0.0321 0.0274
vn 0.9996 -0.0061 -0.0289
vn 0.9998 0.0003 0.0222
vn 0.9999 -0.0042 0.0118
vn 0.9915 -0.1296 -0.0095
vn 0.9859 -0.1530 0.0676
vn 0.9755 -0.2174 0.0332
vn 0.9861 -0.1513 -0.0688
vn 0.9988 -0.0365 0.0317
vn 0.9915 -0.1296 0.0091
vn 0.9917 0.1185 0.0498
vn 0.9976 0.0457 -0.0520
vn 0.9994 0.0059 0.0336
vn 0.9995 -0.0092 0.0302
vn 0.9999 -0.0051 -0.0107
vn 0.0129 0.0101 -0.9999
vn -0.0650 0.0105 -0.9978
vn -0.0593 0.0053 -0.9982
vn 0.1067 0.2607 -0.9595
vn 0.0775 0.2285 -0.9705
vn 0.0773 0.3393 -0.9375
vn -0.9993 -0.0073 -0.0370
vn -0.9998 -0.0012 -0.0206
vn -0.9996 0.0028 0.0266
vn 0.9960 -0.0597 -0.0659
vn 0.9879 0.1460 0.0518
vn 0.9972 -0.0526 0.0531
vn 0.9820 0.1843 0.0407
vn 0.9712 0.2321 -0.0530
vn 0.9426 0.3317 0.0393
vn 0.3621 -0.9076 0.2125
vn 0.9956 0.0820 -0.0450
vn 0.9960 -0.0599 -0.0659
vn -0.0684 0.2280 0.9713
vn -0.1920 0.2218 0.9560
vn -0.1241 0.0638 0.9902
vn 0.9949 0.0575 -0.0824
vn 0.9824 0.1596 -0.0967
vn 0.9881 0.1517 -0.0269
vn 0.9973 0.0717 -0.0176
vn 0.9894 0.1422 -0.0301
vn 0.9936 0.1119 0.0162
vn 0.9996 -0.0283 -0.0097
vn 0.9960 -0.0471 0.0757
vn 0.9884 -0.1520 -0.0000
vn 0.9669 -0.2549 0.0052
vn 0.9824 -0.1836 -0.0342
vn 0.9803 -0.1947 0.0333
vn -0.1105 0.3486 0.9307
vn -0.0675 0.2221 0.9727
vn 0.0000 0.3365 0.9417
vn -0.1275 0.4142 0.9012
vn 0.9738 0.2240 -0.0384
vn 0.9807 0.1898 0.0476
vn 0.9900 0.1150 -0.0816
vn 0.9990 0.0342 0.0285
vn 0.9908 0.1214 0.0605
vn 0.9963 -0.0223 0.0826
vn 0.9910 0.0446 0.1266
vn 0.9623 0.2147 0.1671
vn 0.9890 0.1361 0.0573
vn 0.9979 0.0544 -0.0365
vn 0.9891 0.1402 -0.0451
vn 0.9993 -0.0353 -0.0159
vn 0.9949 -0.0486 0.0880
vn 0.9881 -0.1541 -0.0026
vn -0.9975 0.0440 0.0545
vn -0.9808 0.1850 -0.0613
vn -0.9979 0.0331 -0.0548
vn 0.9994 0.0085 -0.0322
vn 0.9997 0.0044 -0.0247
vn 0.9997 -0.0049 0.0250
vn 0.0880 0.3027 -0.9490
vn 0.0834 0.3772 -0.9224
vn 0.1448 0.3694 -0.9179
vn 0.9998 0.0029 -0.0218
vn 0.9993 -0.0019 -0.0362
vn 0.9998 -0.0003 0.0202
vn 0.0816 -0.0787 -0.9935
vn 0.0434 0.0784 -0.9960
vn 0.2094 -0.7308 -0.6497
vn 0.0639 0.0619 -0.9960
vn -0.0700 0.1804 -0.9811
vn 0.0482 0.2006 -0.9785
vn -0.9812 0.1893 0.0371
vn -0.9591 0.2757 -0.0641
vn 0.0722 -0.0967 0.9927
vn -0.0548 0.0332 0.9979
vn -0.0464 -0.0952 0.9944
vn -0.9833 0.1801 -0.0269
vn -0.9963 0.0749 0.0409
vn -0.5628 -0.8174 -0.1229
vn -0.0338 -0.3185 -0.9473
vn 0.0263 0.1801 -0.9833
vn -0.5628 0.2382 -0.7916
vn -0.9911 -0.1259 0.0436
vn -0.9980 -0.0619 -0.0115
vn -0.9943 -0.0714 -0.0789
vn 0.0115 -0.0619 -0.9980
vn -0.0436 -0.1259 -0.9911
vn -0.0851 -0.0350 -0.9958
vn -0.0175 0.0605 -0.9980
vn 0.0308 0.1187 -0.9925
vn 0.0717 0.0570 -0.9958
vn 0.0143 0.0410 -0.9991
vn 0.0333 0.1892 -0.9814
vn 0.0674 0.1126 -0.9914
vn 0.1681 -0.6140 -0.7712
vn -0.0465 -0.1377 -0.9894
vn 0.0547 0.0435 0.9976
vn -0.0610 0.1850 0.9808
vn -0.0546 0.0334 0.9979
vn 0.9139 0.4036 0.0444
vn 0.9544 0.2619 0.1434
vn 0.9693 0.2447 0.0240
vn -0.0722 -0.0967 -0.9927
vn 0.0548 0.0331 -0.9979
vn 0.0464 -0.0952 -0.9944
vn -0.9833 0.1802 -0.0261
vn -0.9962 0.0763 0.0422
vn -0.5715 -0.8088 -0.1385
vn -0.0353 -0.3183 -0.9473
vn 0.0270 0.1801 -0.9833
vn -0.5589 0.2568 -0.7885
vn -0.9838 0.1667 0.0665
vn -0.9813 0.1892 -0.0349
vn -0.9964 0.0786 -0.0332
vn -0.9967 0.0682 -0.0451
vn -0.9922 -0.1114 -0.0567
vn -0.9980 0.0353 0.0515
vn -0.9716 -0.2348 -0.0283
vn -0.9430 -0.3319 0.0254
vn -0.9677 -0.2462 0.0536
vn -0.0180 -0.1382 0.9902
vn 0.0228 -0.2840 0.9585
vn 0.0662 -0.2268 0.9717
vn 0.0561 0.1874 -0.9807
vn -0.0290 0.2510 -0.9675
vn 0.0626 0.2655 -0.9621
vn -0.9991 0.0102 -0.0400
vn -0.9969 0.0481 0.0616
vn -0.9807 0.1874 -0.0561
vn -0.0732 -0.1269 -0.9892
vn 0.0180 -0.1382 -0.9902
vn -0.0662 -0.2268 -0.9717
vn 0.9993 -0.0003 0.0362
vn 0.9998 0.0013 0.0199
vn 0.9997 0.0007 -0.0254
vn -0.9998 0.0010 -0.0205
vn -0.9998 0.0125 -0.0167
vn -0.9995 0.0118 0.0285
vn 0.0205 0.0010 -0.9998
vn 0.0167 0.0125 -0.9998
vn -0.0284 0.0118 -0.9995
vn 0.1534 0.2931 -0.9437
vn 0.0348 0.2962 -0.9545
vn 0.0672 0.4586 -0.8861
vn -0.8807 0.4691 -0.0651
vn -0.9545 0.2962 -0.0349
vn -0.9065 0.4195 0.0478
vn -0.8285 0.5564 -0.0641
vn -0.9797 0.0968 -0.1758
vn -0.9833 0.1761 -0.0467
vn -0.9437 0.2931 -0.1535
vn -0.0496 0.0088 0.9987
vn -0.1758 0.0968 0.9797
vn -0.1512 -0.0031 0.9885
vn -0.0372 -0.1385 -0.9897
vn -0.0579 -0.1378 -0.9888
vn -0.0790 -0.0714 -0.9943
vn -0.9958 -0.0350 -0.0850
vn -0.9980 -0.0620 0.0116
vn -0.9994 0.0328 0.0099
vn 0.0307 0.1187 -0.9925
vn -0.0031 0.0352 -0.9994
vn -0.0332 0.1892 -0.9814
vn 0.1184 0.1337 -0.9839
vn 0.1084 0.2850 -0.9524
vn 0.1039 0.1751 -0.9791
vn -0.0299 0.1941 -0.9805
vn 0.0127 0.1271 -0.9918
vn -0.0209 0.0904 -0.9957
vn -0.0389 -0.0691 0.9969
vn -0.0535 -0.2462 0.9677
vn 0.0572 -0.1034 0.9930
vn 0.0392 -0.2240 -0.9738
vn -0.0254 -0.3318 -0.9430
vn -0.0137 -0.2052 -0.9786
vn -0.1534 0.2931 0.9437
vn -0.0349 0.2962 0.9545
vn -0.0672 0.4585 0.8861
vn -0.9545 0.2962 -0.0348
vn -0.8285 0.5563 -0.0642
vn -0.9644 0.2551 0.0693
vn -0.9437 0.2931 -0.1534
vn -0.0391 -0.0316 -0.9987
vn 0.1758 0.0968 -0.9797
vn 0.2009 -0.0536 -0.9781
vn 0.9890 0.1242 -0.0799
vn 0.9891 0.1459 0.0202
vn 0.9979 0.0598 0.0266
vn 0.0389 -0.0691 -0.9969
vn 0.0536 -0.2463 -0.9677
vn -0.0572 -0.1034 -0.9930
vn -0.9796 -0.1991 -0.0271
vn -0.9948 -0.0983 0.0249
vn 0.0276 0.0125 -0.9995
vn 0.0211 0.0342 -0.9992
vn -0.0171 0.0120 -0.9998
vn -0.9995 0.0124 -0.0275
vn -0.9992 0.0342 -0.0210
vn -0.9998 0.0120 0.0170
vn -0.9952 0.0951 -0.0237
vn -0.9944 0.1048 -0.0168
vn -0.9942 0.1042 0.0279
vn 0.0206 0.0004 -0.9998
vn 0.0171 0.0120 -0.9998
vn -0.0276 0.0124 -0.9995
vn -0.6768 -0.7246 -0.1298
vn -0.9763 0.2137 0.0338
vn -0.9969 0.0423 0.0663
vn -0.9927 -0.0967 0.0722
vn -0.9979 0.0332 -0.0548
vn -0.9944 -0.0952 -0.0464
vn -0.9833 0.1799 -0.0269
vn -0.9964 0.0749 0.0409
vn -0.9833 0.1800 -0.0268
vn -0.9980 -0.0620 -0.0115
vn -0.9943 -0.0714 -0.0790
vn -0.9992 0.0398 -0.0020
vn -0.9925 0.1187 0.0307
vn -0.9814 0.1892 -0.0332
vn 0.0276 0.0091 0.9996
vn 0.0212 0.0045 0.9998
vn -0.0160 0.0012 0.9999
vn -0.1384 -0.8088 0.5715
vn 0.0421 0.0761 0.9962
vn 0.0720 -0.0966 0.9927
vn -0.9815 0.1879 0.0370
vn -0.9591 0.2762 -0.0622
vn -0.9808 0.1850 -0.0610
vn -0.9927 -0.0966 0.0720
vn -0.9979 0.0334 -0.0546
vn -0.9944 -0.0943 -0.0469
vn -0.9833 0.1802 -0.0262
vn -0.9962 0.0759 0.0419
vn 0.0260 0.1802 -0.9833
vn 0.0115 -0.0620 -0.9980
vn 0.0790 -0.0714 -0.9943
vn 0.0279 0.0119 -0.9995
vn 0.0217 0.0337 -0.9992
vn -0.0168 0.0124 -0.9998
vn -0.9838 0.1667 0.0664
vn -0.9902 -0.1382 -0.0180
vn -0.9586 -0.2840 0.0228
vn -0.9717 -0.2268 0.0662
vn -0.9675 0.2510 0.0290
vn -0.9621 0.2655 -0.0626
vn 0.9846 0.1731 -0.0255
vn 0.9762 0.2026 0.0775
vn 0.9837 0.1643 0.0736
vn -0.9969 -0.0691 0.0389
vn -0.9930 -0.1034 -0.0572
vn -0.9677 -0.2462 0.0535
vn -0.9976 0.0118 0.0679
vn -0.9997 -0.0008 -0.0231
vn -0.9940 -0.0897 0.0626
vn -0.9939 0.1069 -0.0267
vn -0.9916 0.1279 -0.0183
vn -0.9945 0.1031 0.0179
vn -0.9901 0.1377 -0.0279
vn -0.9885 0.1493 -0.0245
vn -0.9884 0.1505 0.0200
vn -0.0205 0.0010 0.9998
vn -0.0167 0.0125 0.9998
vn 0.0284 0.0118 0.9995
vn -0.9545 0.2962 -0.0350
vn -0.8861 0.4586 -0.0672
vn -0.8285 0.5564 -0.0642
vn -0.0350 0.2944 -0.9550
vn 0.0693 0.2551 -0.9644
vn -0.0719 0.1538 -0.9855
vn -0.9968 0.0797 -0.0110
vn -0.9885 -0.0031 -0.1511
vn -0.9993 -0.0073 -0.0371
vn -0.9998 -0.0012 -0.0205
vn 0.0372 -0.1385 0.9897
vn 0.0579 -0.1378 0.9888
vn 0.0790 -0.0714 0.9943
vn 0.0851 -0.0350 -0.9958
vn -0.0003 -0.0652 -0.9979
vn -0.0099 0.0328 -0.9994
vn -0.0674 0.1125 -0.9914
vn -0.0067 0.0328 -0.9994
vn -0.0396 0.1399 0.9894
vn -0.0364 0.0474 0.9982
vn 0.0344 0.1525 0.9877
vn -0.9990 0.0233 0.0389
vn -0.9983 -0.0112 -0.0572
vn -0.9864 -0.1557 0.0535
vn -0.9430 -0.3318 -0.0254
vn -0.9716 -0.2348 0.0283
vn -0.9677 -0.2462 -0.0535
vn 0.0972 0.0725 -0.9926
vn 0.1315 0.4664 -0.8748
vn -0.5607 0.3847 -0.7332
vn -0.9065 0.4196 0.0478
vn -0.9204 0.3866 0.0582
vn -0.9044 0.4242 -0.0465
vn -0.9489 0.3102 -0.0575
vn 0.9820 0.1845 -0.0401
vn 0.9713 0.2319 0.0537
vn 0.9953 0.0914 -0.0315
vn -0.9833 0.1762 -0.0467
vn 0.0498 0.0087 -0.9987
vn 0.1759 0.0968 -0.9796
vn 0.1512 -0.0031 -0.9885
vn -0.0195 -0.0507 -0.9985
vn 0.0853 -0.0733 -0.9937
vn 0.0254 -0.3318 -0.9430
vn -0.0283 -0.2348 -0.9716
vn 0.0535 -0.2462 -0.9677
vn -0.5715 -0.8088 -0.1384
vn -0.9962 0.0758 0.0419
vn 0.0376 -0.0036 -0.9993
vn 0.0174 -0.0010 -0.9998
vn -0.0073 -0.0095 -0.9999
vn -0.0237 0.0027 0.9997
vn 0.0280 0.0119 0.9995
vn 0.9999 0.0036 -0.0134
vn 0.9993 -0.0081 -0.0357
vn 1.0000 -0.0071 0.0060
vn 0.0276 0.0124 -0.9995
vn 0.0210 0.0342 -0.9992
vn -0.0170 0.0120 -0.9998
vn -0.0170 -0.2373 -0.9713
vn -0.0122 0.1612 -0.9869
vn -0.0720 -0.0966 -0.9927
vn 0.0545 0.0440 0.9975
vn -0.0613 0.1850 0.9808
vn -0.9459 0.3233 0.0269
vn -0.9116 0.4041 -0.0755
vn -0.9456 0.3173 -0.0714
vn -0.9963 0.0751 0.0410
vn -0.9833 0.1800 -0.0269
vn 0.0372 -0.1384 0.9897
vn 0.0581 -0.1376 0.9888
vn -0.0115 -0.0619 0.9980
vn 0.0436 -0.1259 0.9911
vn 0.0850 -0.0350 0.9958
vn -0.9665 0.2537 -0.0399
vn -0.9850 0.1726 -0.0047
vn -0.9461 0.3231 0.0231
vn 0.0674 0.1125 0.9914
vn 0.0067 0.0329 0.9994
vn -0.6359 -0.7619 -0.1229
vn -0.9851 0.1668 0.0409
vn -0.9974 -0.0045 0.0722
vn 0.0483 0.2006 -0.9785
vn -0.0573 0.2786 -0.9587
vn -0.0061 0.2441 -0.9697
vn -0.0546 0.0334 -0.9979
vn -0.9833 0.1801 -0.0262
vn 0.0269 0.1799 -0.9833
vn -0.5589 0.2568 -0.7884
vn 0.0665 0.1667 -0.9838
vn -0.0332 0.0786 -0.9964
vn -0.0349 0.1892 -0.9813
vn -0.9969 -0.0691 -0.0389
vn -0.9930 -0.1034 0.0572
vn -0.9430 -0.3318 0.0254
vn 0.1435 0.0991 -0.9847
vn 0.0939 0.1663 -0.9816
vn 0.1736 0.1639 -0.9711
vn 0.0400 0.0102 -0.9991
vn -0.0616 0.0481 -0.9969
vn 0.0731 -0.1269 0.9892
vn -0.0370 -0.0073 0.9993
vn -0.0205 -0.0012 0.9998
vn 0.0266 0.0028 0.9996
vn -0.9995 0.0118 -0.0284
vn -0.9992 0.0335 -0.0219
vn -0.9998 0.0125 0.0167
vn -0.0375 -0.0045 0.9993
vn -0.0206 0.0004 0.9998
vn 0.0267 0.0007 0.9996
vn 0.1535 0.2931 -0.9437
vn -0.8808 0.4691 -0.0651
vn -0.8285 0.5563 -0.0641
vn -0.9830 0.1773 -0.0475
vn -0.9796 0.0968 -0.1759
vn 0.9307 0.3142 -0.1871
vn 0.9307 0.3559 -0.0845
vn 0.9627 0.2038 -0.1779
vn -0.1512 -0.0031 -0.9885
vn -0.0865 0.1434 -0.9859
vn -0.0768 0.1204 -0.9898
vn 0.9998 -0.0024 -0.0199
vn 0.9993 -0.0071 -0.0356
vn 0.9997 0.0055 0.0248
vn -0.9906 0.1011 -0.0918
vn -0.9971 0.0763 0.0053
vn -0.0141 0.0410 0.9991
vn -0.0332 0.1892 0.9814
vn -0.0674 0.1125 0.9914
vn 0.0665 0.1667 0.9838
vn -0.0348 0.1893 0.9813
vn -0.0332 0.0786 0.9964
vn -0.9430 -0.3319 -0.0254
vn -0.1535 0.2931 0.9437
vn -0.0348 0.2962 0.9545
vn -0.0672 0.4586 0.8861
vn 0.0693 0.2551 0.9644
vn -0.0475 0.1773 0.9830
vn -0.0766 0.1205 -0.9898
vn 0.9891 0.1460 0.0200
vn -0.0254 -0.3318 0.9430
vn 0.0283 -0.2348 0.9716
vn -0.9995 0.0145 -0.0267
vn -0.9992 0.0357 -0.0184
vn -0.9998 0.0107 0.0179
vn -0.0275 0.0124 0.9995
vn -0.0210 0.0342 0.9992
vn 0.0170 0.0120 0.9998
vn -0.9995 0.0119 -0.0279
vn -0.9992 0.0336 -0.0217
vn -0.9998 0.0124 0.0168
vn -0.0545 0.0440 -0.9975
vn 0.0613 0.1850 -0.9808
vn 0.0548 0.0332 -0.9979
vn 0.0463 0.1997 -0.9788
vn -0.0584 0.2785 -0.9586
vn -0.0069 0.2442 -0.9697
vn -0.9963 0.0749 0.0410
vn 0.0338 -0.3185 0.9473
vn -0.0262 0.1801 0.9833
vn 0.5628 0.2382 0.7916
vn -0.0080 -0.1583 -0.9874
vn -0.0575 -0.1381 -0.9888
vn -0.0930 -0.0596 -0.9939
vn -0.0850 -0.0350 0.9958
vn 0.0003 -0.0652 0.9979
vn 0.0099 0.0328 0.9994
vn 0.0031 0.0353 -0.9994
vn 0.0332 0.1892 -0.9814
vn 0.0674 0.1125 -0.9914
vn -0.0547 0.0435 -0.9976
vn 0.0610 0.1850 -0.9808
vn 0.0546 0.0334 -0.9979
vn -0.0370 0.1879 -0.9815
vn 0.0622 0.2763 -0.9591
vn 0.0470 -0.0943 -0.9944
vn -0.0338 -0.3184 -0.9473
vn 0.0261 0.1801 -0.9833
vn -0.9881 0.1495 -0.0350
vn -0.9848 0.1711 -0.0289
vn -0.9887 0.1499 0.0095
vn -0.9641 0.2569 0.0665
vn -0.9596 0.2791 -0.0349
vn -0.9848 0.1703 -0.0332
vn 0.0389 -0.0691 0.9969
vn -0.0572 -0.1034 0.9930
vn 0.0535 -0.2462 0.9677
vn 0.0283 -0.2348 -0.9716
vn -0.0535 -0.2462 -0.9677
vn -0.0228 -0.2840 -0.9586
vn -0.9892 -0.1269 0.0731
vn 0.0375 -0.0045 -0.9993
vn -0.0075 -0.0094 -0.9999
vn 0.0360 0.0170 -0.9992
vn -0.0011 0.0219 -0.9998
vn 0.0238 0.0027 -0.9997
vn 0.0167 0.0124 -0.9998
vn -0.0279 0.0119 -0.9995
vn -0.0595 0.4682 -0.8816
vn -0.1535 0.2931 -0.9437
vn -0.1609 0.4449 -0.8810
vn -0.9885 -0.0031 -0.1512
vn -0.9995 0.0118 0.0284
vn -0.9992 0.0125 0.0383
vn -0.9970 0.0759 -0.0178
vn -0.9943 0.0649 -0.0851
vn -0.9925 0.1187 -0.0307
vn -0.9994 0.0352 0.0031
vn -0.9814 0.1892 0.0333
vn 0.0098 0.0706 -0.9975
vn -0.0333 0.1892 -0.9814
vn 0.0132 0.0484 -0.9987
vn 0.9890 0.1267 -0.0759
vn 0.9891 0.1453 0.0248
vn 0.9979 0.0589 0.0285
vn -0.0352 0.2946 -0.9550
vn -0.0353 0.1618 -0.9862
vn -0.0665 0.1667 -0.9838
vn 0.0349 0.1892 -0.9813
vn 0.0332 0.0786 -0.9964
vn 0.0283 -0.2349 0.9716
vn -0.9878 0.1516 -0.0342
vn -0.9846 0.1727 -0.0263
vn -0.9888 0.1486 0.0104
vn -0.0267 0.0007 -0.9996
vn 0.0293 0.0009 -0.9996
vn -0.1229 -0.8174 0.5628
vn 0.0419 0.0767 0.9962
vn 0.0612 0.1849 -0.9808
vn -0.9464 0.3219 0.0268
vn -0.9115 0.4046 -0.0737
vn -0.9457 0.3173 -0.0711
vn -0.0410 0.0750 -0.9963
vn 0.0353 -0.3183 0.9473
vn -0.0270 0.1802 0.9833
vn -0.9897 -0.1385 0.0372
vn -0.9888 -0.1376 0.0581
vn -0.9943 -0.0714 0.0790
vn -0.0116 -0.0619 0.9980
vn -0.9925 0.1187 0.0308
vn 0.0774 0.2769 -0.9578
vn 0.1152 0.1872 -0.9755
vn 0.0244 0.1669 -0.9857
vn -0.9823 0.1814 0.0467
vn -0.9835 0.1696 -0.0625
vn 0.1694 0.4698 -0.8664
vn 0.0754 0.4020 -0.9125
vn 0.0678 0.4797 -0.8748
vn -0.0419 0.0759 -0.9962
vn -0.9473 -0.3185 0.0338
vn -0.9838 0.1667 -0.0665
vn -0.9964 0.0786 0.0332
vn -0.9813 0.1891 0.0349
vn 0.0002 -0.0057 -1.0000
vn -0.0157 -0.0018 -0.9999
vn -0.0604 0.0049 -0.9982
vn -0.0561 0.1874 0.9807
vn 0.0290 0.2510 0.9675
vn -0.0625 0.2655 0.9621
vn 0.0616 0.0481 -0.9969
vn -0.0400 0.0102 -0.9991
vn -0.0561 0.1874 -0.9807
vn 0.0284 0.0118 -0.9995
vn 0.0220 0.0335 -0.9992
vn -0.0167 0.0125 -0.9998
vn 0.0239 0.0028 -0.9997
vn 0.0168 0.0124 -0.9998
vn -0.0280 0.0119 -0.9995
vn -0.9880 0.1470 -0.0475
vn -0.9811 0.1860 0.0535
vn -0.9452 0.3197 -0.0662
vn 0.0651 0.4691 -0.8808
vn -0.0478 0.4195 -0.9065
vn 0.0641 0.5564 -0.8285
vn -0.0388 0.2950 -0.9547
vn 0.0467 0.1762 -0.9833
vn -0.9987 0.0087 -0.0497
vn 0.0850 -0.0350 -0.9958
vn -0.0115 -0.0620 -0.9980
vn -0.9914 0.1125 0.0674
vn -0.9994 0.0328 0.0066
vn -0.9517 0.3017 0.0566
vn -0.9457 0.3220 -0.0449
vn -0.9758 0.2145 -0.0418
vn -0.9970 0.0695 0.0326
vn -0.9975 0.0334 -0.0628
vn -0.9927 -0.1097 0.0504
vn -0.9946 -0.0992 -0.0317
vn -0.9799 -0.1983 0.0237
vn 0.0651 0.4691 -0.8807
vn -0.9367 0.3432 0.0693
vn -0.9230 0.3832 -0.0348
vn -0.9624 0.2674 -0.0475
vn 0.1758 0.0968 -0.9796
vn -0.9968 -0.0691 -0.0389
vn 0.9998 -0.0028 -0.0198
vn 0.9993 -0.0077 -0.0354
vn 0.9997 0.0058 0.0247
vn 0.0823 -0.0778 -0.9936
vn 0.0439 0.0801 -0.9958
vn 0.2450 -0.7600 -0.6019
vn 0.0623 0.2762 -0.9591
vn 0.0269 0.1800 -0.9833
vn 0.1229 -0.8174 -0.5628
vn 0.0025 -0.3237 -0.9461
vn -0.0316 -0.2409 -0.9700
vn -0.9888 -0.1377 0.0580
vn -0.9995 0.0306 -0.0116
vn -0.9985 -0.0338 0.0436
vn -0.9947 0.0572 0.0850
vn 0.0115 0.0443 -0.9990
vn -0.0307 0.1187 -0.9925
vn -0.9667 0.2491 0.0583
vn -0.9951 0.0675 0.0728
vn 0.0371 0.1893 0.9812
vn -0.0641 0.2757 0.9591
vn -0.9974 -0.0044 0.0720
vn -0.9906 0.1255 -0.0546
vn -0.9989 -0.0019 -0.0469
vn -0.0418 0.0756 -0.9963
vn -0.9473 -0.3183 0.0354
vn -0.9954 0.0879 -0.0375
vn -0.9955 0.0928 -0.0206
vn -0.9953 0.0931 0.0267
vn -0.0349 0.1892 0.9813
vn -0.9238 0.3823 0.0179
vn -0.9160 0.3944 -0.0738
vn -0.0400 0.0102 0.9991
vn 0.0616 0.0481 0.9969
vn -0.9892 -0.1269 0.0732
vn 0.0280 0.0119 -0.9995
vn -0.9954 0.0934 -0.0205
vn -0.9943 0.1049 -0.0167
vn -0.9942 0.1042 0.0284
vn 0.9993 -0.0015 0.0362
vn 0.9998 0.0007 0.0199
vn 0.9997 0.0015 -0.0253
vn 0.0641 0.5563 -0.8285
vn 0.9995 -0.0080 0.0304
vn 0.9999 0.0002 0.0167
vn 0.9997 0.0051 -0.0228
vn -0.9644 0.2550 0.0693
vn -0.9967 0.0799 -0.0111
vn -0.9941 0.1048 -0.0275
vn -0.9918 0.1264 -0.0210
vn -0.9944 0.1044 0.0170
vn -0.0790 -0.0714 0.9943
vn -0.0008 -0.1299 0.9915
vn 0.0477 -0.2147 0.9755
vn 0.0789 -0.1451 0.9863
vn -0.9958 -0.0350 0.0850
vn -0.0114 0.0443 0.9990
vn 0.0307 0.1187 0.9925
vn -0.9914 0.1125 -0.0674
vn -0.0664 0.1667 -0.9838
vn -0.0693 0.2551 -0.9644
vn 0.0349 0.2962 -0.9545
vn 0.0762 0.2366 -0.9686
vn 0.0654 0.1645 -0.9842
vn -0.0497 0.0087 0.9987
vn -0.1759 0.0968 0.9796
vn -0.0389 -0.0691 -0.9969
vn 0.0572 -0.1034 -0.9930
vn 0.0007 -0.0034 -1.0000
vn -0.0155 -0.0003 -0.9999
vn -0.0606 0.0029 -0.9982
vn -0.9998 0.0120 -0.0170
vn -0.9995 0.0124 0.0275
vn -0.0409 0.0750 -0.9963
vn -0.9892 0.1360 0.0545
vn -0.9595 0.2749 -0.0613
vn -0.9906 0.1253 -0.0548
vn -0.9591 0.2758 -0.0640
vn -0.9944 -0.0943 -0.0470
vn -0.0581 -0.1376 -0.9888
vn -0.9814 0.1892 -0.0333
vn -0.9849 0.1725 -0.0110
vn -0.9457 0.3220 -0.0434
vn -0.9660 0.2469 -0.0764
vn 0.0422 0.0771 0.9961
vn -0.9595 0.2792 0.0371
vn -0.9295 0.3632 -0.0641
vn 0.0217 0.0336 -0.9992
vn -0.0167 0.0124 -0.9998
vn 0.0347 0.1893 -0.9813
vn -0.9988 -0.0461 -0.0180
vn -0.9807 -0.1942 0.0228
vn -0.9885 -0.1360 0.0662
vn 0.0625 0.2655 -0.9621
vn 0.0732 -0.1269 -0.9892
vn -0.0180 -0.1382 -0.9902
vn 0.9993 0.0002 0.0363
vn 0.9997 0.0040 0.0229
vn 0.9997 0.0002 -0.0253
vn -0.9997 0.0028 -0.0239
vn -0.9998 0.0124 -0.0168
vn -0.9995 0.0119 0.0279
vn -0.9882 0.1489 -0.0359
vn -0.9849 0.1704 -0.0298
vn -0.9886 0.1504 0.0092
vn -0.0594 0.4683 -0.8816
vn -0.1534 0.2931 -0.9437
vn 0.0468 0.1762 -0.9833
vn -0.9906 0.1298 -0.0443
vn -0.9903 0.1362 -0.0278
vn -0.9898 0.1409 0.0192
vn -0.9977 -0.0680 -0.0049
vn -0.9958 -0.0350 -0.0851
vn -0.9979 -0.0652 0.0003
vn -0.0308 0.1187 -0.9925
vn 0.0468 0.1761 -0.9833
vn 0.0110 0.0797 -0.9968
vn -0.0572 -0.1035 -0.9930
vn 0.0371 -0.0073 -0.9993
vn 0.0205 -0.0012 -0.9998
vn -0.0266 0.0028 -0.9996
vn -0.9992 0.0336 -0.0218
vn 0.0344 0.0196 -0.9992
vn -0.0028 0.0217 -0.9998
vn -0.0179 0.0107 -0.9998
vn 0.0785 -0.0312 -0.9964
vn -0.9994 0.0353 -0.0031
vn -0.9126 0.3791 -0.1535
vn -0.8400 0.5385 -0.0672
vn -0.0478 0.4196 -0.9065
vn -0.9367 0.3431 0.0693
vn -0.0498 0.0087 0.9987
vn -0.0281 0.0513 0.9983
vn -0.0177 0.0057 0.9998
vn -0.0096 0.0200 0.9998
vn -0.9510 0.2995 -0.0763
vn -0.9762 0.2156 0.0247
vn -0.9460 0.3233 0.0245
vn -0.9473 -0.3183 0.0352
vn 0.9954 0.0901 0.0315
vn 0.9962 0.0822 -0.0287
vn 0.3790 -0.9192 0.1066
vn 0.9350 -0.3494 0.0606
vn 0.9348 -0.3517 0.0485
vn 0.8912 -0.1236 0.4365
vn -0.0290 0.0059 0.9996
vn -0.0370 -0.0198 0.9991
vn 0.0250 0.0196 0.9995
vn 0.9863 0.1598 0.0397
vn 0.9753 0.2092 -0.0704
vn 0.9831 0.1820 -0.0174
vn 0.1352 -0.9203 -0.3671
vn -0.0742 0.0848 -0.9936
vn -0.1052 -0.0551 -0.9929
vn 0.9949 0.0960 0.0323
vn 0.9747 0.2127 0.0693
vn 0.8887 -0.4498 -0.0887
vn 0.1597 -0.9086 -0.3859
vn -0.0753 0.0862 -0.9934
vn -0.1052 -0.0549 -0.9929
vn -0.0077 -0.1790 0.9838
vn 0.0564 -0.2510 0.9664
vn 0.0898 -0.1830 0.9790
vn -0.0625 0.2655 -0.9621
vn -0.0219 0.2548 -0.9668
vn -0.0213 0.2172 -0.9759
vn 0.0767 0.3489 -0.9340
vn 0.1267 0.3484 -0.9287
vn 0.1364 0.3593 -0.9232
vn 0.9976 0.0455 0.0521
vn 0.9988 -0.0364 -0.0318
vn 0.9917 0.1187 -0.0495
vn 0.9998 -0.0032 -0.0195
vn 0.9993 -0.0082 -0.0351
vn 0.9997 0.0066 0.0246
vn 0.9013 0.4302 -0.0505
vn 0.9560 0.2342 -0.1767
vn 0.0267 0.0145 -0.9995
vn 0.0184 0.0357 -0.9992
vn 0.0282 0.1867 0.9820
vn 0.0256 0.0933 0.9953
vn 0.0983 0.3203 -0.9422
vn 0.0742 0.3548 -0.9320
vn 0.1346 0.3621 -0.9224
vn 0.0483 0.1512 0.9873
vn -0.0531 0.1280 0.9903
vn -0.0372 0.0495 0.9981
vn 0.9894 0.1421 0.0305
vn 0.9982 0.0496 0.0333
vn 0.9877 0.1499 -0.0441
vn 0.1466 0.3484 -0.9258
vn 0.1360 0.3054 -0.9425
vn 0.0849 0.3547 -0.9311
vn -0.0108 0.0366 -0.9993
vn 0.0229 0.1286 -0.9914
vn 0.0437 -0.0141 -0.9989
vn 0.9947 -0.1023 -0.0103
vn 0.9936 0.1098 -0.0276
vn -0.0283 -0.0601 0.9978
vn -0.0208 -0.1964 0.9803
vn 0.0613 -0.0738 0.9954
vn 0.9851 -0.1666 0.0431
vn 0.9670 -0.2549 -0.0060
vn 0.9242 0.3482 0.1571
vn 0.9320 0.3513 0.0890
vn 0.9748 0.2191 0.0419
vn 0.9417 0.3359 -0.0215
vn 0.9012 0.4215 0.1008
vn -0.1790 0.3376 0.9241
vn -0.1805 0.2036 0.9623
vn 0.2249 0.3877 -0.8939
vn 0.1620 0.4671 -0.8692
vn 0.2539 0.5701 -0.7813
vn 0.9990 0.0343 -0.0284
vn 0.9963 -0.0221 -0.0826
vn 0.9954 0.0833 -0.0469
vn 0.9889 0.1444 -0.0335
vn 0.9946 0.1015 0.0218
vn 0.9974 0.0683 -0.0218
vn 0.1422 0.2848 -0.9480
vn 0.1564 0.1518 -0.9760
vn 0.0871 0.2702 -0.9589
vn 0.9832 -0.1777 0.0427
vn 0.9661 -0.2580 -0.0065
vn 0.9996 0.0074 -0.0281
vn 0.9998 0.0031 -0.0214
vn 0.9999 0.0022 0.0158
vn -0.9976 0.0435 0.0547
vn 0.0032 0.0353 -0.9994
vn 0.9993 -0.0054 0.0359
vn 0.9998 0.0084 0.0190
vn 0.9996 0.0022 -0.0269
vn 0.9993 -0.0020 0.0360
vn 0.9998 0.0002 0.0198
vn 0.9997 0.0023 -0.0254
vn -0.0285 -0.0080 0.9996
vn -0.0143 0.0047 0.9999
vn 0.0163 0.0004 0.9999
vn 0.0649 0.4824 -0.8735
vn 0.1615 0.5383 -0.8272
vn 0.1642 0.4789 -0.8624
vn 0.9948 0.1001 0.0199
vn 0.0764 -0.0455 0.9960
vn 0.0635 0.0773 -0.9950
vn 0.0426 -0.0341 -0.9985
vn -0.1021 0.0973 -0.9900
vn 0.9960 -0.0618 -0.0639
vn 0.9879 0.1476 0.0470
vn 0.9972 -0.0509 0.0548
vn 0.9888 0.1416 -0.0478
vn 0.9756 0.2143 0.0472
vn 0.9949 0.0995 0.0192
vn 0.9954 0.0836 -0.0462
vn 0.3795 -0.8967 0.2277
vn 0.0006 -0.0041 -1.0000
vn -0.0155 -0.0007 -0.9999
vn -0.0606 0.0033 -0.9982
vn 0.9666 -0.2529 0.0424
vn 0.9817 -0.1901 -0.0107
vn 0.9799 -0.1869 0.0698
vn 0.9947 -0.0780 0.0666
vn 0.9817 -0.1854 0.0433
vn 0.9799 -0.1961 -0.0365
vn 0.9960 -0.0701 -0.0560
vn 0.9992 0.0091 0.0397
vn 0.9935 -0.1105 0.0260
vn 0.9977 0.0417 -0.0531
vn -0.0393 -0.0055 0.9992
vn -0.0403 0.0041 0.9992
vn 0.0249 -0.0003 0.9997
vn -0.0827 0.2129 -0.9736
vn -0.0410 0.2202 -0.9746
vn 0.0047 0.1945 -0.9809
vn 0.9873 0.1479 -0.0578
vn 0.9903 0.1312 0.0448
vn 0.9981 0.0518 0.0340
vn -0.9900 0.1383 -0.0279
vn -0.9884 0.1498 -0.0242
vn -0.9885 0.1498 0.0209
vn 0.9960 -0.0620 -0.0639
vn 0.9879 0.1476 0.0472
vn 0.9972 -0.0518 0.0546
vn 0.0173 -0.0010 -0.9999
vn -0.0363 0.0160 -0.9992
vn 0.9998 -0.0038 -0.0195
vn 0.9993 -0.0093 -0.0348
vn 0.9997 0.0074 0.0244
vn 0.1542 0.6943 -0.7030
vn 0.1366 0.5664 -0.8127
vn 0.1541 0.6943 -0.7030
vn 0.1413 0.5663 -0.8120
vn 0.0463 0.6400 -0.7670
vn -0.1026 0.1880 -0.9768
vn 0.0068 0.2424 -0.9702
vn 0.0245 0.1281 -0.9915
vn -0.0109 0.0366 -0.9993
vn 0.0228 0.1286 -0.9914
vn 0.2249 0.3876 -0.8940
vn 0.9998 -0.0013 -0.0180
vn 0.9996 -0.0070 -0.0286
vn 0.9999 -0.0054 0.0091
vn 0.9921 0.0668 -0.1061
vn 0.9818 0.1683 -0.0876
vn 0.9930 0.1037 0.0566
vn 0.0369 0.4690 -0.8825
vn 0.1373 0.4803 -0.8663
vn 0.1401 0.4024 -0.9047
vn -0.0098 -0.2552 -0.9668
vn -0.0588 -0.1889 -0.9802
vn 0.0217 -0.1913 -0.9813
vn 0.9817 -0.1902 -0.0107
vn 0.9799 -0.1869 0.0697
vn 0.9947 -0.0900 -0.0493
vn 0.9962 0.0191 -0.0851
vn 0.9978 -0.0486 0.0450
vn 0.0464 0.6399 -0.7670
vn 0.9798 0.1828 -0.0810
vn 0.9899 0.1321 0.0505
vn 0.9990 0.0389 0.0207
vn 0.9900 0.1338 0.0445
vn 0.9968 -0.0059 0.0801
vn 0.9921 0.0508 0.1147
vn 0.0369 0.4690 -0.8824
vn 0.1375 0.4802 -0.8663
vn 0.9666 -0.2564 0.0019
vn 0.9947 -0.0883 -0.0521
vn 0.9962 0.0218 -0.0844
vn 0.9978 -0.0500 0.0434
vn -0.9995 0.0131 -0.0278
vn -0.9990 0.0374 -0.0224
vn -0.9998 0.0141 0.0156
vn 0.9993 -0.0010 0.0363
vn 0.9997 0.0033 0.0230
vn 0.9997 0.0010 -0.0253
vn 0.9993 -0.0032 0.0359
vn 0.9998 -0.0004 0.0198
vn 0.9997 0.0031 -0.0253
vn 0.0139 -0.0562 -0.9983
vn 0.9948 0.1007 0.0166
vn 0.9956 0.0803 -0.0475
vn 0.3617 -0.9028 0.2328
vn 0.9359 -0.3475 0.0583
vn 0.9353 -0.3530 0.0265
vn 0.8714 -0.4391 -0.2188
vn 0.9921 0.0841 0.0930
vn 0.9964 -0.0286 0.0802
vn 0.9930 0.0924 -0.0737
vn 0.0668 0.4034 -0.9126
vn -0.0795 0.1329 0.9879
vn -0.0417 -0.0621 0.9972
vn 0.9139 0.4048 0.0313
vn 0.9544 0.2664 0.1348
vn 0.9693 0.2454 0.0161
vn -0.0573 0.1151 0.9917
vn -0.0293 -0.0384 0.9988
vn 0.0490 0.0489 0.9976
vn 0.9949 0.1000 0.0159
vn 0.9955 0.0818 -0.0488
vn 0.3795 -0.8889 0.2567
vn 0.9960 -0.0503 -0.0733
vn 0.0092 -0.0005 1.0000
vn 0.0161 -0.0112 0.9998
vn 0.0213 0.0091 0.9997
vn -0.9942 0.1041 -0.0284
vn -0.9918 0.1257 -0.0219
vn -0.9943 0.1049 0.0167
vn -0.0934 -0.0845 -0.9920
vn -0.1179 0.0277 -0.9926
vn 0.0044 -0.0529 -0.9986
vn 0.0500 0.5405 -0.8399
vn 0.0910 0.5474 -0.8319
vn 0.1384 0.5252 -0.8396
vn -0.0586 0.0016 -0.9983
vn -0.0715 -0.0035 -0.9974
vn -0.0102 0.0028 -0.9999
vn -0.0280 0.0119 0.9995
vn -0.0217 0.0337 0.9992
vn 0.0167 0.0125 0.9998
vn 0.0459 0.2002 0.9787
vn -0.0681 0.1179 0.9907
vn 0.0403 0.3995 -0.9159
vn 0.1276 0.2512 -0.9595
vn 0.0068 0.2424 -0.9701
vn 0.9425 0.3277 -0.0656
vn 0.9899 0.1322 0.0506
vn 0.9900 0.1337 0.0445
vn 0.9921 0.0545 0.1130
vn -0.0981 -0.0639 -0.9931
vn 0.0050 0.0050 -1.0000
vn -0.0207 -0.1126 -0.9934
vn 0.2041 0.4200 -0.8843
vn 0.1893 0.3170 -0.9293
vn 0.0387 0.4381 -0.8981
vn 0.1416 0.1665 -0.9758
vn 0.0949 0.0988 -0.9906
vn 0.0616 0.1631 -0.9847
vn 0.9817 -0.1868 0.0373
vn 0.9666 -0.2563 -0.0065
vn 0.9799 -0.1948 -0.0428
vn 0.9947 -0.0802 0.0640
vn 0.0321 0.5184 -0.8545
vn 0.9990 0.0383 0.0219
vn 0.9968 -0.0085 0.0799
vn 0.9147 0.3947 0.0865
vn 0.9560 0.2336 0.1774
vn -0.1018 0.1318 -0.9860
vn 0.0000 0.1430 -0.9897
vn -0.0028 0.0568 -0.9984
vn 0.0939 0.1662 -0.9816
vn 0.0564 0.2684 -0.9616
vn 0.0269 0.3739 -0.9271
vn 0.1525 0.2997 -0.9418
vn -0.9944 0.1044 -0.0171
vn -0.9941 0.1048 0.0275
vn 0.0287 0.0120 -0.9995
vn 0.0219 0.0335 -0.9992
vn 0.9879 0.1460 0.0520
vn 0.9972 -0.0536 0.0528
vn -0.9902 0.1326 -0.0447
vn -0.9901 0.1388 0.0194
vn 0.9968 0.0525 0.0606
vn 0.9943 -0.0635 0.0862
vn 0.9987 0.0146 -0.0497
vn 0.0435 0.2963 -0.9541
vn 0.1617 0.2955 -0.9415
vn -0.0729 0.1462 -0.9866
vn 0.0294 0.2099 -0.9773
vn 0.0271 0.1420 -0.9895
vn -0.0084 0.0985 -0.9951
vn 0.9960 -0.0682 -0.0582
vn 0.9992 0.0078 0.0400
vn 0.9935 -0.1112 0.0224
vn 0.9921 0.0702 -0.1039
vn 0.9818 0.1710 -0.0821
vn 0.9930 0.1018 0.0600
vn 0.9885 0.1431 -0.0480
vn 0.9756 0.2139 0.0491
vn -0.0091 0.0979 -0.9952
vn 0.2312 -0.7345 -0.6380
vn 0.0674 0.4274 -0.9015
vn -0.9813 0.1891 -0.0349
vn 0.0563 0.2684 -0.9616
vn 0.1505 0.3544 -0.9229
vn 0.0509 0.2881 -0.9563
vn 0.0600 0.3926 -0.9177
vn 0.9661 -0.2580 0.0057
vn 0.9819 -0.1857 -0.0377
vn 0.9803 -0.1937 0.0398
vn 0.9759 0.2068 -0.0698
vn 0.9754 0.2184 -0.0290
vn 0.9801 0.1975 0.0193
vn 0.0267 0.0146 -0.9995
vn -0.0551 -0.0018 -0.9985
vn -0.0710 -0.0057 -0.9975
vn -0.0104 0.0049 -0.9999
vn -0.0553 -0.0007 -0.9985
vn -0.0714 -0.0041 -0.9974
vn -0.0102 0.0033 -0.9999
vn 0.9982 0.0308 -0.0510
vn 0.9695 0.2443 0.0192
vn 0.9902 0.0716 0.1197
vn 0.9798 0.1801 -0.0869
vn 0.1332 0.3839 -0.9137
vn 0.1895 0.3359 -0.9226
vn 0.0828 0.0426 -0.9957
vn 0.1372 0.3523 -0.9258
vn 0.0769 0.3438 -0.9359
vn 0.0764 0.3497 -0.9337
vn -0.0839 0.0469 -0.9954
vn 0.0082 0.4188 -0.9080
vn 0.0309 0.5082 -0.8607
vn 0.1718 0.4389 -0.8820
vn 0.0230 -0.0845 -0.9962
vn -0.0108 -0.1889 -0.9819
vn -0.0911 -0.1913 -0.9773
vn -0.0758 0.3315 -0.9404
vn -0.0587 -0.2552 -0.9651
vn 0.9666 -0.2514 0.0506
vn 0.9817 -0.1904 -0.0045
vn 0.9799 -0.1845 0.0758
vn 0.9962 0.0190 -0.0851
vn 0.0363 0.0160 -0.9992
vn -0.0005 0.0219 -0.9998
vn -0.0284 0.0118 0.9995
vn -0.0219 0.0335 0.9992
vn -0.9998 0.0121 -0.0170
vn -0.9995 0.0125 0.0276
vn -0.9591 0.2762 -0.0624
vn 0.9425 0.3254 -0.0763
vn 0.9832 0.1796 0.0317
vn 0.9752 0.2120 -0.0637
vn 0.9826 0.1849 -0.0150
vn 0.9921 0.0870 0.0902
vn 0.9964 -0.0259 0.0809
vn 0.9930 0.0899 -0.0766
vn -0.1292 0.0364 0.9910
vn 0.0651 0.4811 -0.8743
vn 0.1595 0.5388 -0.8272
vn 0.1320 0.4403 -0.8881
vn -0.1337 0.0773 -0.9880
vn -0.1046 0.1764 -0.9787
vn 0.0317 0.0973 -0.9947
vn -0.9814 0.1892 0.0332
vn 0.9881 0.1323 -0.0790
vn 0.9962 -0.0316 0.0806
vn 0.9982 -0.0390 -0.0457
vn 0.9888 0.1467 -0.0284
vn 0.9756 0.2060 0.0755
vn 0.9879 0.1377 0.0709
vn 0.9935 -0.0819 -0.0793
vn 0.1799 0.1290 -0.9752
vn 0.1919 0.0189 -0.9812
vn 0.1992 0.0233 -0.9797
vn 0.0173 0.2690 -0.9630
vn 0.1010 0.1813 -0.9782
vn -0.0442 0.1624 -0.9857
vn 0.1297 0.2422 -0.9615
vn -0.9813 0.1892 -0.0348
vn 0.9838 -0.1782 0.0191
vn 0.9664 -0.2540 -0.0403
vn 0.9790 -0.1884 -0.0780
vn 0.9977 0.0434 -0.0517
vn 0.0215 0.0154 0.9997
vn 0.0236 0.0047 0.9997
vn -0.0256 -0.0045 0.9997
vn 0.9996 0.0116 0.0257
vn 0.9999 0.0150 -0.0033
vn 0.9998 0.0102 -0.0156
vn 0.9888 0.1400 -0.0524
vn 0.9756 0.2157 0.0402
vn -0.0297 -0.0577 0.9979
vn -0.0274 -0.1958 0.9803
vn 0.0688 -0.0760 0.9947
vn 0.0497 0.0993 0.9938
vn -0.0074 -0.1061 0.9943
vn 0.0840 -0.1283 0.9882
vn 0.1510 0.3629 -0.9195
vn 0.1216 0.2833 -0.9513
vn 0.0900 0.3724 -0.9237
vn 0.1555 0.3528 -0.9227
vn 0.1144 0.3102 -0.9438
vn 0.0891 0.3568 -0.9299
vn -0.9641 0.2570 -0.0665
vn -0.9848 0.1703 0.0332
vn -0.9596 0.2792 0.0347
vn -0.9967 0.0208 -0.0790
vn 0.9890 0.1379 0.0529
vn 0.9979 0.0531 -0.0383
vn 0.9891 0.1391 -0.0492
vn -0.0098 -0.2553 -0.9668
vn 0.0217 -0.1914 -0.9813
vn -0.0701 0.1803 -0.9811
vn -0.9968 0.0798 -0.0110
vn 0.0111 -0.2547 0.9670
vn 0.0458 -0.1810 0.9824
vn 0.0007 -0.0035 -1.0000
vn -0.0123 0.0016 -0.9999
vn -0.0606 0.0028 -0.9982
vn 0.0139 0.0011 0.9999
vn 0.0270 0.0004 0.9996
vn -0.0301 0.0096 0.9995
vn -0.0331 0.0187 -0.9993
vn -0.0085 0.0466 -0.9989
vn -0.0042 0.0210 -0.9998
vn 0.0489 0.0340 0.9982
vn 0.0145 0.1744 0.9846
vn -0.0839 0.1593 0.9837
vn 0.0370 0.1879 0.9815
vn -0.0623 0.2762 0.9591
vn 0.0469 -0.0943 -0.9944
vn -0.9624 0.2702 -0.0270
vn -0.7916 0.2382 0.5628
vn -0.9911 -0.1259 0.0435
vn -0.0065 -0.0602 -0.9982
vn -0.0786 -0.0313 -0.9964
vn 0.0292 0.0495 -0.9983
vn 0.0421 0.0762 0.9962
vn -0.9624 0.2703 -0.0261
vn -0.9847 0.1687 0.0426
vn -0.6438 -0.7525 -0.1385
vn -0.9727 -0.2294 0.0353
vn -0.9997 0.0027 -0.0238
vn -0.9998 0.0124 -0.0167
vn -0.9995 0.0119 0.0280
vn -0.9813 0.1894 0.0347
vn -0.9990 0.0233 -0.0389
vn -0.9864 -0.1557 -0.0535
vn -0.9983 -0.0112 0.0572
vn 0.0662 -0.2268 -0.9717
vn 0.0228 -0.2840 -0.9586
vn -0.9621 0.2655 -0.0625
vn -0.9942 0.1042 -0.0279
vn -0.9918 0.1259 -0.0217
vn -0.9944 0.1048 0.0167
vn -0.8638 0.5015 0.0478
vn -0.7735 0.6306 -0.0641
vn -0.9665 0.1869 -0.1759
vn -0.9877 0.1454 -0.0571
vn -0.9560 0.2278 -0.1845
vn -0.9787 0.1306 -0.1584
vn 0.0930 -0.0596 -0.9939
vn -0.9958 -0.0349 -0.0849
vn -0.9984 -0.0560 0.0047
vn -0.0098 0.0706 -0.9975
vn -0.8336 0.5485 -0.0651
vn -0.7735 0.6305 -0.0641
vn -0.0298 -0.0099 0.9995
vn -0.0167 -0.0009 0.9999
vn 0.0225 0.0065 0.9997
vn -0.0608 0.1807 0.9816
vn -0.9665 0.1869 -0.1758
vn -0.9126 0.3791 -0.1534
vn 0.0050 0.2328 -0.9725
vn -0.0392 -0.2240 -0.9738
vn 0.0137 -0.2051 -0.9786
vn -0.0238 0.0027 0.9997
vn -0.0167 0.0124 0.9998
vn 0.0279 0.0119 0.9995
vn 0.9997 0.0140 -0.0225
vn 0.9997 0.0032 -0.0238
vn 0.9997 -0.0028 0.0258
vn -0.0267 0.0146 0.9995
vn -0.0184 0.0357 0.9992
vn 0.0179 0.0107 0.9998
vn -0.0902 0.1972 0.9762
vn 0.1720 0.2692 -0.9476
vn -0.9823 -0.1844 0.0318
vn -0.9489 0.3134 -0.0363
vn 0.9954 0.0902 -0.0312
vn 0.9940 0.1024 0.0385
vn 0.0228 -0.3210 -0.9468
vn -0.0304 -0.2409 -0.9701
vn 0.9996 0.0035 -0.0263
vn 0.9994 -0.0051 -0.0345
vn 0.9999 -0.0065 0.0076
vn 0.9999 0.0002 -0.0140
vn 0.9996 -0.0013 -0.0270
vn 0.9995 0.0115 0.0294
vn 0.9938 0.0959 -0.0559
vn 0.9943 -0.1054 0.0141
vn 0.9882 -0.1334 -0.0757
vn 0.0136 -0.0571 -0.9983
vn 0.9885 0.1414 -0.0527
vn 0.9756 0.2154 0.0422
vn 0.9949 0.0961 -0.0320
vn 0.8143 -0.5113 0.2747
vn 0.9976 -0.0487 -0.0491
vn 0.9977 0.0580 -0.0337
vn 0.9968 0.0126 0.0791
vn 0.9755 -0.2173 -0.0339
vn 0.0331 0.0082 0.9994
vn 0.0403 0.0029 0.9992
vn -0.0252 -0.0003 0.9997
vn -0.0307 0.0323 0.9990
vn -0.0810 -0.0275 0.9963
vn 0.9994 0.0060 -0.0336
vn 0.9992 0.0003 -0.0404
vn 0.9997 0.0013 0.0252
vn -0.0554 -0.0003 -0.9985
vn -0.0715 -0.0034 -0.9974
vn -0.0102 0.0029 -0.9999
vn 0.9972 -0.0593 0.0455
vn -0.1115 0.3884 0.9147
vn -0.0372 0.1893 -0.9812
vn 0.0641 0.2757 -0.9591
vn 0.9998 0.0196 0.0032
vn 0.9975 -0.0273 -0.0652
vn 0.9918 0.1160 -0.0544
vn 0.9993 0.0012 0.0362
vn 0.9999 -0.0025 0.0126
vn 0.9999 -0.0033 -0.0150
vn 0.0786 0.0627 0.9949
vn 0.0863 0.1654 0.9824
vn 0.0171 0.1531 0.9881
vn 0.9759 0.2089 -0.0630
vn 0.9754 0.2193 -0.0219
vn 0.9801 0.1968 0.0257
vn 0.0168 -0.1014 0.9947
vn 0.0205 0.1113 0.9936
vn 0.9993 -0.0020 0.0362
vn 0.9997 -0.0027 0.0250
vn 0.9999 -0.0054 -0.0118
vn 0.0521 -0.0454 0.9976
vn 0.0300 0.0600 0.9977
vn -0.0797 0.0075 0.9968
vn 0.0190 0.1483 0.9888
vn -0.0886 0.2007 0.9756
vn 0.9978 -0.0582 0.0321
vn 0.9954 -0.0776 -0.0564
vn 0.9417 0.3358 0.0226
vn 0.8789 0.4745 -0.0485
vn 0.9787 0.1969 -0.0585
vn 0.9893 0.1427 -0.0300
vn 0.9885 0.1505 0.0150
vn 0.9907 0.1204 0.0636
vn 0.0208 0.1444 0.9893
vn -0.0246 0.1492 0.9885
vn -0.0711 0.1161 0.9907
vn 0.0107 -0.2578 0.9661
vn 0.0495 -0.1829 0.9819
vn 0.9979 -0.0557 0.0333
vn 0.9947 -0.0802 -0.0639
vn 0.9994 0.0086 0.0333
vn 0.9998 0.0042 0.0199
vn 0.9999 -0.0033 -0.0112
vn 0.0264 0.0046 0.9996
vn 0.0360 0.0036 0.9993
vn -0.0147 -0.0043 0.9999
vn 0.0308 0.0100 0.9995
vn 0.0244 0.0060 0.9997
vn -0.0247 -0.0066 0.9997
vn 0.0215 0.0045 0.9998
vn 0.0363 0.0004 0.9993
vn -0.0205 -0.0014 0.9998
vn -0.6695 -0.7340 -0.1141
vn -0.9766 0.2126 0.0327
vn -0.9969 0.0421 0.0664
vn -0.9599 0.2778 0.0370
vn -0.9294 0.3637 -0.0623
vn -0.9595 0.2749 -0.0610
vn -0.9989 -0.0029 -0.0464
vn -0.9995 -0.0002 0.0321
vn -0.9986 0.0007 0.0528
vn 0.0786 -0.0313 -0.9964
vn -0.9668 0.2548 0.0216
vn -0.9910 0.1332 -0.0143
vn -0.9597 0.2791 -0.0333
vn -0.9767 0.2037 -0.0674
vn 0.0635 0.0621 -0.9960
vn -0.0717 0.1797 -0.9811
vn -0.9591 0.2762 -0.0623
vn -0.9962 0.0762 0.0421
vn -0.9823 -0.1842 0.0333
vn -0.9489 0.3133 -0.0370
vn 0.0171 0.0120 0.9998
vn -0.0665 0.1667 0.9838
vn 0.0332 0.0786 0.9964
vn 0.0349 0.1891 0.9813
vn 0.0195 -0.0507 -0.9985
vn -0.0853 -0.0733 -0.9937
vn -0.9882 0.1490 -0.0356
vn -0.9849 0.1706 -0.0296
vn -0.9886 0.1503 0.0092
vn -0.0608 0.1807 0.9817
vn -0.9851 0.1716 -0.0110
vn -0.9846 0.0883 -0.1512
vn 0.0360 0.0157 -0.9992
vn -0.0004 0.0220 -0.9998
vn 0.0049 -0.0681 -0.9977
vn -0.9958 -0.0350 0.0851
vn -0.9842 0.1645 -0.0655
vn -0.9967 -0.0349 0.0732
vn -0.0769 0.1203 -0.9897
vn 0.0317 0.1318 -0.9908
vn -0.0679 0.0568 -0.9961
vn -0.0701 0.1430 -0.9872
vn -0.0283 -0.2348 0.9716
vn 0.0254 -0.3318 0.9430
vn -0.0279 0.0119 0.9995
vn 0.0167 0.0124 0.9998
vn 0.9997 -0.0007 -0.0233
vn 0.9993 -0.0072 -0.0356
vn 0.9997 0.0053 0.0248
vn -0.9998 0.0120 -0.0171
vn -0.9808 0.1850 -0.0611
vn -0.0572 0.2787 -0.9587
vn -0.0469 -0.0943 0.9944
vn -0.0271 0.1800 0.9833
vn -0.9727 -0.2295 0.0338
vn -0.9888 -0.1378 0.0579
vn -0.0850 -0.0350 -0.9958
vn -0.0622 0.2763 0.9591
vn 0.0213 -0.3211 -0.9468
vn -0.0314 -0.2409 -0.9700
vn 0.9993 -0.0008 0.0363
vn 0.9998 0.0011 0.0200
vn 0.9997 0.0011 -0.0254
vn -0.0349 0.1891 -0.9813
vn -0.9887 -0.1488 0.0202
vn -0.0276 0.0125 -0.9995
vn -0.9995 0.0146 -0.0267
vn 0.0478 0.4195 0.9065
vn -0.0641 0.5564 0.8285
vn 0.0110 0.0798 -0.9968
vn 0.9998 -0.0017 -0.0199
vn 0.9993 -0.0059 -0.0358
vn 0.9997 0.0047 0.0250
vn 0.0348 0.1892 -0.9813
vn -0.9968 -0.0691 0.0389
vn -0.9696 -0.2432 -0.0254
vn -0.9892 -0.1440 0.0283
vn -0.0641 0.5563 0.8285
vn 0.0347 0.1894 -0.9813
vn -0.0171 0.0120 0.9998
vn 0.0276 0.0124 0.9995
vn 0.0376 -0.0034 -0.9993
vn -0.0071 -0.0099 -0.9999
vn 0.9996 0.0029 -0.0266
vn 0.9993 0.0013 -0.0362
vn 0.9999 -0.0033 0.0150
vn -0.0371 0.1893 -0.9812
vn -0.9915 0.1040 0.0783
vn -0.9989 0.0444 -0.0115
vn -0.9767 0.2037 0.0674
vn -0.9921 0.1251 0.0067
vn -0.9967 0.0208 0.0790
vn -0.0261 0.1802 0.9833
vn -0.9964 0.0785 0.0332
vn -0.9813 0.1892 0.0349
vn -0.0283 -0.2349 -0.9716
vn -0.9592 0.2773 -0.0561
vn -0.9402 0.3394 0.0290
vn -0.9334 0.3533 -0.0625
vn -0.9939 0.1025 -0.0400
vn -0.9882 0.1401 0.0616
vn -0.9998 0.0010 -0.0206
vn -0.8935 0.4177 -0.1649
vn -0.8141 0.5750 -0.0809
vn -0.0651 0.4691 0.8808
vn -0.9814 0.1891 0.0332
vn -0.0348 0.1892 0.9813
vn -0.9457 0.3220 -0.0450
vn -0.9892 -0.1440 -0.0283
vn -0.9696 -0.2432 0.0254
vn -0.9897 0.1400 -0.0311
vn -0.9885 0.1499 0.0204
vn 0.0174 0.0025 -0.9998
vn 0.0158 -0.0096 -0.9998
vn 0.0298 -0.0233 -0.9993
vn -0.9947 0.0572 -0.0850
vn -0.9993 0.0365 0.0047
vn -0.0308 0.1187 0.9925
vn 0.0333 0.1892 0.9814
vn -0.9977 0.0428 -0.0527
vn 0.0275 0.0124 -0.9995
vn -0.0301 0.1939 -0.9806
vn 0.0332 0.1298 -0.9910
vn -0.9696 -0.2433 -0.0254
vn -0.9892 -0.1441 0.0283
vn -0.0731 -0.1269 -0.9892
vn -0.9995 0.0145 -0.0266
vn 0.9997 -0.0000 -0.0232
vn 0.9993 -0.0060 -0.0358
vn 0.9997 0.0045 0.0249
vn -0.8073 0.5848 -0.0790
vn -0.8402 0.5411 0.0346
vn -0.7435 0.6640 -0.0790
vn -0.8935 0.4177 -0.1650
vn -0.9897 -0.1385 0.0371
vn -0.9561 0.2278 -0.1845
vn -0.9796 -0.1992 -0.0271
vn -0.9949 -0.0983 0.0249
vn -0.9995 0.0118 0.0279
vn -0.9992 0.0337 -0.0217
vn 0.9998 -0.0021 -0.0198
vn 0.9993 -0.0066 -0.0356
vn 0.9997 0.0050 0.0249
vn -0.9822 0.1818 0.0465
vn -0.9836 0.1694 -0.0626
vn -0.9978 0.0419 -0.0522
vn -0.0270 0.1800 -0.9833
vn -0.0307 0.1187 0.9925
vn -0.9893 0.1355 0.0547
vn -0.9591 0.2757 -0.0640
vn -0.0260 0.1801 -0.9833
vn -0.0332 0.1298 -0.9910
vn -0.0037 0.2038 -0.9790
vn 0.0300 0.1940 -0.9805
vn 0.0228 -0.2840 0.9586
vn 0.9917 0.0771 0.1031
vn 0.9947 -0.1023 0.0100
vn -0.9995 0.0119 -0.0285
vn -0.0154 -0.0003 -0.9999
vn -0.0553 -0.0003 -0.9985
vn 0.0478 0.4195 -0.9065
vn -0.0142 0.5899 -0.8073
vn -0.9762 0.2162 -0.0196
vn -0.9957 0.0851 -0.0370
vn -0.9956 0.0912 -0.0205
vn -0.9951 0.0952 0.0266
vn -0.9982 -0.0464 0.0372
vn -0.9973 -0.0456 0.0581
vn -0.9772 0.2099 -0.0307
vn -0.9597 0.2791 0.0332
vn -0.0141 0.5900 -0.8073
vn -0.0110 0.0797 0.9968
vn 0.9993 0.0003 0.0363
vn 0.9998 0.0017 0.0199
vn 0.9997 0.0003 -0.0254
vn 0.0179 0.0107 -0.9998
vn -0.0344 0.0196 -0.9992
vn -0.0548 0.0332 -0.9979
vn 0.0354 -0.3183 0.9473
vn -0.0569 -0.1385 -0.9887
vn -0.0929 -0.0596 -0.9939
vn -0.0047 -0.0560 -0.9984
vn -0.9772 0.2099 0.0308
vn -0.0141 0.5899 -0.8073
vn -0.9716 -0.2322 -0.0444
vn -0.9468 -0.3209 0.0232
vn 0.9824 0.1593 0.0972
vn 0.9953 0.0534 -0.0812
vn 0.9985 0.0544 -0.0113
vn 0.9839 0.1663 -0.0661
vn 0.9761 0.2172 -0.0030
vn -0.0660 0.2097 -0.9755
vn -0.0314 -0.1013 0.9944
vn -0.0069 -0.1917 0.9814
vn 0.0719 -0.3477 0.9349
vn 0.0838 -0.3445 0.9350
vn -0.9992 0.0342 0.0210
vn -0.9993 -0.0123 0.0352
vn -0.9999 -0.0081 0.0124
vn -0.9995 -0.0284 -0.0134
vn -0.0243 0.0030 0.9997
vn 0.0232 0.0131 0.9996
vn 0.0397 -0.0073 0.9992
vn 0.0141 -0.0064 0.9999
vn -0.0103 -0.0231 0.9997
vn 0.9995 0.0279 -0.0163
vn 0.9998 0.0042 -0.0189
vn 0.9997 0.0027 0.0234
vn 0.9995 -0.0077 -0.0321
vn 1.0000 -0.0071 -0.0066
vn 0.9997 -0.0229 0.0097
vn 0.9997 -0.0224 -0.0118
vn 0.9997 -0.0041 0.0225
vn 0.9992 -0.0099 0.0392
vn 1.0000 0.0035 -0.0000
vn 0.9997 0.0046 -0.0240
vn 0.9885 0.1505 -0.0145
vn 0.9878 0.1552 0.0148
vn 0.9995 -0.0078 0.0321
vn 0.9998 -0.0020 -0.0206
vn 0.9994 0.0123 0.0314
vn 0.9999 0.0142 -0.0056
vn 0.9998 0.0193 -0.0087
vn 0.9997 -0.0228 -0.0097
vn 0.9744 0.2238 -0.0198
vn 0.9753 0.2192 0.0272
vn 0.9729 0.2232 0.0610
vn 0.9999 0.0047 0.0120
vn 1.0000 -0.0001 -0.0045
vn 0.9997 -0.0076 -0.0214
vn 0.9992 0.0002 0.0404
vn 0.9997 -0.0195 0.0117
vn -0.0562 -0.0168 -0.9983
vn 0.0166 -0.0061 -0.9998
vn -0.0045 -0.0075 -1.0000
vn -0.0653 0.0092 -0.9978
vn -0.0893 0.0063 -0.9960
vn -0.0459 -0.0073 -0.9989
vn 0.0037 -0.0030 -1.0000
vn -0.0196 -0.0211 -0.9996
vn 0.1072 0.3410 -0.9339
vn 0.1323 0.3489 -0.9278
vn -0.9998 0.0107 -0.0179
vn -0.9995 0.0146 0.0267
vn -0.9992 0.0357 0.0184
vn -0.9993 -0.0096 0.0361
vn -0.9999 -0.0071 0.0132
vn -0.9995 -0.0294 -0.0112
vn 0.9963 0.0834 0.0199
vn 0.9826 -0.1786 0.0513
vn 0.9356 -0.3530 -0.0022
vn 0.9358 -0.3522 -0.0145
vn -0.0632 -0.0316 0.9975
vn 0.0019 0.0198 0.9998
vn 0.9978 -0.0312 -0.0593
vn 0.9876 0.1567 -0.0053
vn 0.9979 0.0508 0.0395
vn 0.9982 0.0064 0.0600
vn 0.9953 0.0899 0.0364
vn 0.9952 0.0893 -0.0406
vn 0.9880 0.1540 -0.0085
vn 0.9962 0.0334 0.0805
vn 0.9975 0.0198 0.0675
vn 0.9999 -0.0043 -0.0161
vn 0.9993 -0.0083 0.0356
vn 0.9996 -0.0252 0.0127
vn 0.9998 0.0056 0.0216
vn 0.9994 0.0282 -0.0212
vn 0.1105 0.3648 -0.9245
vn 0.1314 0.1639 -0.9777
vn 0.0907 0.1227 -0.9883
vn 0.9998 -0.0196 -0.0088
vn 0.9998 -0.0073 0.0168
vn 0.9992 -0.0062 0.0385
vn 0.9996 0.0183 0.0230
vn 0.9996 -0.0062 -0.0260
vn -0.0479 -0.0742 -0.9961
vn -0.9620 0.2716 0.0291
vn 0.0456 -0.2319 -0.9717
vn -0.0212 -0.3211 -0.9468
vn -0.9888 -0.1377 -0.0580
vn -0.9897 -0.1385 -0.0372
vn -0.0872 0.0555 -0.9946
vn 0.9144 0.3993 0.0665
vn 0.0444 -0.2322 -0.9716
vn -0.0228 -0.3210 -0.9468
vn -0.9961 0.0329 0.0821
vn -0.9790 0.2038 0.0037
vn -0.9824 0.1712 0.0743
vn 0.0219 0.2548 -0.9668
vn 0.9998 0.0115 0.0158
vn 0.9996 0.0026 -0.0296
vn 0.9994 0.0247 -0.0233
vn 0.9999 -0.0086 -0.0130
vn 0.9997 -0.0199 0.0137
vn -0.9992 0.0335 0.0220
vn -0.9993 -0.0135 0.0352
vn -0.9996 0.0002 0.0268
vn -0.9999 -0.0083 0.0124
vn -0.9993 -0.0034 -0.0376
vn -0.9995 -0.0280 -0.0142
vn -0.0219 0.0335 -0.9992
vn -0.0352 -0.0135 -0.9993
vn -0.0268 0.0002 -0.9996
vn -0.0124 -0.0083 -0.9999
vn 0.0142 -0.0280 -0.9995
vn 0.1339 0.4646 -0.8753
vn 0.0735 0.5551 -0.8286
vn 0.0093 0.0557 0.9984
vn 0.0484 0.1304 0.9903
vn -0.9993 -0.0123 0.0351
vn -0.9999 -0.0081 0.0123
vn -0.9995 -0.0284 -0.0133
vn 0.0436 -0.1259 -0.9911
vn -0.9946 0.0555 -0.0872
vn -0.9911 -0.1259 -0.0436
vn 0.0872 0.0555 -0.9946
vn 0.1326 0.2950 -0.9463
vn 0.0155 0.1566 -0.9875
vn 0.0737 0.0227 -0.9970
vn 0.0821 0.0329 0.9961
vn -0.1339 0.4646 0.8753
vn -0.0736 0.5550 0.8286
vn -0.9903 0.1304 0.0484
vn -0.0093 0.0557 -0.9984
vn -0.1205 0.1414 -0.9826
vn 0.9880 0.1531 -0.0181
vn -0.0821 0.0329 -0.9961
vn -0.0375 -0.0045 -0.9993
vn -0.0133 -0.0284 -0.9995
vn 0.0123 -0.0081 -0.9999
vn 0.0267 0.0007 -0.9996
vn 0.0353 -0.0122 -0.9993
vn -0.0206 0.0004 -0.9998
vn -0.9993 -0.0045 0.0375
vn -0.9995 -0.0284 0.0133
vn -0.9999 -0.0081 -0.0124
vn -0.9996 0.0007 -0.0267
vn -0.9993 -0.0123 -0.0352
vn -0.9998 0.0004 0.0206
vn -0.9918 0.1259 0.0217
vn -0.9963 0.0791 0.0350
vn -0.9954 0.0925 0.0266
vn -0.9964 0.0841 0.0126
vn -0.9953 0.0888 -0.0376
vn -0.9978 0.0645 -0.0140
vn -0.0210 0.0342 -0.9992
vn -0.0351 -0.0123 -0.9993
vn -0.0123 -0.0081 -0.9999
vn 0.0133 -0.0284 -0.9995
vn -0.9941 -0.0965 -0.0490
vn -0.9716 -0.2323 -0.0445
vn -0.9468 -0.3209 0.0231
vn -0.9888 -0.1376 -0.0581
vn -0.9946 0.0555 0.0872
vn 0.0170 -0.0022 0.9999
vn -0.0281 -0.0089 0.9996
vn -0.0073 -0.0233 0.9997
vn -0.0145 0.0107 0.9998
vn 0.0143 0.0272 0.9995
vn -0.0456 -0.2319 0.9717
vn -0.9619 0.2717 0.0308
vn -0.0215 -0.3210 -0.9468
vn 0.0574 -0.1381 -0.9887
vn 0.0371 -0.1385 -0.9897
vn -0.0376 -0.0036 -0.9993
vn -0.0140 -0.0281 -0.9995
vn 0.0126 -0.0084 -0.9999
vn 0.0267 0.0001 -0.9996
vn 0.0350 -0.0133 -0.9993
vn -0.0239 0.0028 -0.9997
vn -0.9790 0.2039 0.0037
vn -0.9668 0.2548 -0.0219
vn 0.9778 0.2091 -0.0142
vn -0.9961 0.0329 -0.0821
vn -0.9957 0.0851 0.0371
vn -0.9979 0.0632 0.0111
vn -0.9963 0.0853 -0.0131
vn -0.9951 0.0952 -0.0265
vn -0.9959 0.0828 -0.0360
vn -0.9956 0.0912 0.0205
vn -0.9850 0.1718 0.0131
vn -0.9916 0.1260 0.0280
vn -0.9915 0.1299 0.0051
vn -0.9938 0.1093 -0.0202
vn 0.0219 0.0335 0.9992
vn 0.0353 -0.0134 0.9993
vn 0.0268 0.0002 0.9996
vn 0.0124 -0.0083 0.9999
vn -0.0376 -0.0034 0.9993
vn -0.0142 -0.0280 0.9995
vn -0.8753 0.4646 -0.1339
vn -0.8286 0.5550 -0.0735
vn 0.0336 0.1288 -0.9911
vn -0.9984 0.0557 0.0093
vn -0.9995 0.0145 0.0267
vn -0.9993 -0.0096 0.0360
vn -0.9999 -0.0071 0.0130
vn -0.9995 -0.0293 -0.0111
vn -0.0436 -0.1259 0.9911
vn 0.0679 0.0259 0.9974
vn 0.0543 0.0847 0.9949
vn -0.0158 0.1560 0.9876
vn -0.9888 0.1249 -0.0821
vn 0.1485 0.1555 -0.9766
vn 0.1006 0.0727 -0.9923
vn -0.9631 0.2664 0.0391
vn 0.9426 0.3318 -0.0383
vn -0.0484 0.1304 -0.9903
vn -0.9668 0.2547 -0.0219
vn -0.9717 -0.2318 -0.0456
vn 0.0005 0.0219 -0.9998
vn -0.0432 -0.0080 -0.9990
vn -0.0212 -0.0050 -0.9998
vn 0.0140 -0.0281 -0.9995
vn 0.0217 0.0337 0.9992
vn 0.0350 -0.0133 0.9993
vn 0.0267 0.0001 0.9996
vn 0.0126 -0.0084 0.9999
vn -0.0376 -0.0036 0.9993
vn -0.0141 -0.0281 0.9995
vn 0.9996 -0.0252 -0.0127
vn 0.9998 -0.0022 0.0216
vn 0.9994 0.0096 0.0343
vn 0.9999 0.0138 -0.0030
vn 0.9998 0.0144 -0.0131
vn 0.0124 -0.0081 -0.9999
vn 0.0351 -0.0123 -0.9993
vn -0.9155 0.4019 0.0178
vn -0.9468 -0.3210 0.0229
vn 0.0872 0.0555 0.9946
vn -0.9770 0.1905 -0.0953
vn -0.9890 -0.1414 -0.0444
vn -0.9992 0.0342 0.0211
vn 0.0037 0.2038 -0.9790
vn 0.0821 0.0329 -0.9961
vn -0.0179 0.0107 0.9998
vn 0.0270 0.0148 0.9995
vn 0.0184 0.0357 0.9992
vn 0.0361 -0.0096 0.9993
vn 0.0131 -0.0071 0.9999
vn -0.0111 -0.0293 0.9995
vn -0.9993 -0.0034 0.0376
vn -0.9995 -0.0280 0.0142
vn -0.9999 -0.0083 -0.0124
vn -0.9996 0.0002 -0.0268
vn -0.9993 -0.0135 -0.0351
vn -0.9998 0.0010 0.0205
vn -0.0170 0.0120 0.9998
vn 0.0275 0.0124 0.9995
vn 0.0210 0.0342 0.9992
vn 0.0351 -0.0123 0.9993
vn 0.0124 -0.0081 0.9999
vn -0.0133 -0.0284 0.9995
vn 0.0735 0.5550 -0.8286
vn 0.9006 0.4230 -0.1002
vn 0.0093 0.0557 -0.9984
vn 0.9997 -0.0222 -0.0104
vn 0.9999 -0.0057 0.0148
vn 0.9995 0.0086 0.0297
vn 0.9994 0.0285 0.0187
vn 0.9998 0.0084 -0.0175
vn 0.0578 -0.1379 -0.9888
vn 0.0372 -0.1385 -0.9897
vn -0.9987 0.0111 -0.0488
vn 0.0308 0.2456 0.9689
vn -0.0735 0.5550 0.8286
vn -0.9993 -0.0073 0.0371
vn -0.9995 -0.0293 0.0111
vn -0.9999 -0.0071 -0.0131
vn -0.9996 0.0028 -0.0265
vn -0.9993 -0.0096 -0.0361
vn -0.9998 -0.0012 0.0205
vn -0.9995 0.0146 0.0268
vn -0.9992 0.0358 0.0184
vn -0.9993 -0.0091 0.0367
vn -0.9999 -0.0071 0.0131
vn 0.0375 -0.0045 0.9993
vn 0.0133 -0.0284 0.9995
vn -0.0123 -0.0081 0.9999
vn -0.0267 0.0007 0.9996
vn -0.0351 -0.0123 0.9993
vn 0.0206 0.0004 0.9998
vn -0.9993 -0.0036 0.0376
vn -0.9995 -0.0281 0.0141
vn -0.9999 -0.0084 -0.0126
vn -0.9996 0.0001 -0.0267
vn -0.9993 -0.0134 -0.0350
vn -0.9997 0.0028 0.0239
vn 0.0214 -0.3211 0.9468
vn 0.0012 -0.0721 -0.9974
vn -0.0872 0.0555 0.9946
vn -0.0308 0.2717 -0.9619
vn 0.0456 -0.2318 -0.9717
vn -0.0213 -0.3211 -0.9468
vn -0.9905 0.1338 0.0302
vn -0.9939 0.1098 0.0064
vn -0.9914 0.1295 -0.0195
vn -0.9899 0.1380 -0.0341
vn -0.9913 0.1249 -0.0422
vn -0.9903 0.1384 0.0132
vn -0.9888 0.1249 0.0821
vn -0.9560 0.2935 0.0037
vn -0.0821 0.0329 0.9961
vn -0.0360 0.0170 -0.9992
vn 0.0011 0.0219 -0.9998
vn -0.0436 -0.0071 -0.9990
vn -0.0218 -0.0045 -0.9998
vn 0.0134 -0.0284 -0.9995
vn -0.0134 -0.0284 -0.9995
vn 0.0218 -0.0045 -0.9998
vn 0.0075 -0.0094 -0.9999
vn 0.0436 -0.0071 -0.9990
vn -0.0217 0.0336 -0.9992
vn -0.0350 -0.0133 -0.9993
vn -0.0266 0.0001 -0.9996
vn -0.0126 -0.0084 -0.9999
vn -0.0735 0.5550 -0.8286
vn -0.9992 0.0335 0.0219
vn -0.9980 -0.0011 -0.0631
vn -0.9991 -0.0015 -0.0422
vn 0.9880 0.1536 -0.0132
vn -0.0037 0.2039 -0.9790
vn -0.9909 0.1310 0.0298
vn -0.9940 0.1089 0.0042
vn -0.9912 0.1304 -0.0203
vn -0.9896 0.1400 -0.0340
vn -0.9909 0.1275 -0.0433
vn -0.9905 0.1369 0.0132
vn -0.0280 0.0127 -0.9995
vn -0.0352 -0.0123 -0.9993
vn -0.0124 -0.0081 -0.9999
vn 0.0170 0.0120 -0.9998
vn -0.0444 -0.2322 0.9716
vn -0.9154 0.4021 0.0194
vn 0.0228 -0.3210 0.9468
vn 0.1043 0.4900 -0.8655
vn 0.1910 0.3749 -0.9072
vn -0.9717 -0.2319 -0.0456
vn -0.9468 -0.3211 0.0214
vn -0.0351 -0.0135 -0.9993
vn -0.0125 -0.0083 -0.9999
vn -0.9790 0.2038 -0.0037
vn -0.0177 0.0087 -0.9998
vn -0.0641 0.0070 -0.9979
vn -0.0534 0.0282 -0.9982
vn -0.0500 -0.0068 -0.9987
vn -0.0267 -0.0217 -0.9994
vn -0.0219 0.2548 0.9668
vn 0.9997 -0.0199 0.0135
vn -0.0376 -0.0034 -0.9993
vn -0.0142 -0.0280 -0.9995
vn 0.0124 -0.0083 -0.9999
vn 0.0268 0.0002 -0.9996
vn 0.0351 -0.0135 -0.9993
vn -0.0205 0.0010 -0.9998
vn -0.0128 -0.0083 -0.9999
vn 0.0141 -0.0281 -0.9995
vn -0.9888 -0.1381 -0.0574
vn -0.9416 0.3368 -0.0067
vn -0.9816 0.1684 -0.0899
vn -0.9740 0.2214 0.0484
vn 0.9997 -0.0223 -0.0093
vn 0.9999 -0.0058 0.0145
vn 0.9995 0.0088 0.0288
vn 0.9994 0.0289 0.0177
vn 0.9998 0.0080 -0.0178
vn 0.0074 -0.0094 -0.9999
vn 0.0434 -0.0072 -0.9990
vn -0.9999 -0.0083 -0.0125
vn -0.9993 -0.0135 -0.0352
vn -0.0476 -0.0738 -0.9961
vn 0.0338 -0.3185 -0.9473
vn -0.9853 0.1472 0.0872
vn 0.0291 0.2716 0.9620
vn -0.9941 0.1048 0.0276
vn -0.9918 0.1264 0.0210
vn -0.9962 0.0801 0.0351
vn -0.9964 0.0844 0.0124
vn -0.9979 0.0641 -0.0133
vn 0.0037 0.2039 0.9790
vn -0.9961 0.0329 -0.0820
vn -0.9223 0.3851 -0.0330
vn 0.0266 0.0001 -0.9996
vn -0.0291 0.0054 -0.9996
vn -0.9918 0.1257 0.0219
vn -0.9963 0.0789 0.0351
vn -0.9953 0.0926 0.0268
vn -0.9964 0.0842 0.0124
vn -0.9953 0.0890 -0.0376
vn -0.9978 0.0645 -0.0142
vn 0.9998 0.0109 0.0161
vn 0.9996 0.0035 -0.0295
vn 0.9994 0.0254 -0.0225
vn 0.9999 -0.0082 -0.0132
vn 0.9997 -0.0204 0.0130
vn 0.9998 0.0102 0.0156
vn 0.9996 0.0116 -0.0256
vn 0.9995 0.0274 -0.0124
vn 0.9995 -0.0103 -0.0286
vn 0.9999 -0.0029 -0.0163
vn 0.9997 -0.0227 0.0079
vn -0.9954 0.0879 0.0375
vn -0.9979 0.0641 0.0133
vn -0.9964 0.0844 -0.0124
vn -0.9953 0.0931 -0.0267
vn -0.9962 0.0801 -0.0351
vn -0.9955 0.0928 0.0206
vn -0.0574 -0.1381 0.9887
vn -0.0372 -0.1385 0.9897
vn 0.0736 0.5551 -0.8286
vn -0.9790 0.2039 0.0038
vn -0.0189 0.0102 -0.9998
vn -0.0569 0.0264 -0.9980
vn -0.0653 0.0053 -0.9979
vn -0.0492 -0.0072 -0.9988
vn -0.0228 -0.0210 -0.9995
vn -0.0238 0.0028 -0.9997
vn -0.9328 0.3593 0.0291
vn -0.9468 -0.3210 0.0215
vn -0.0140 -0.0280 -0.9995
vn 0.9998 0.0118 0.0154
vn 0.9994 0.0242 -0.0240
vn 0.9996 0.0022 -0.0299
vn 0.9999 -0.0088 -0.0131
vn 0.9997 -0.0196 0.0145
vn -0.9992 0.0336 0.0217
vn -0.9993 -0.0133 0.0350
vn -0.9996 0.0001 0.0267
vn -0.9999 -0.0084 0.0126
vn -0.9993 -0.0036 -0.0376
vn -0.9995 -0.0281 -0.0141
vn -0.9904 0.1349 0.0303
vn -0.9939 0.1102 0.0073
vn -0.9914 0.1293 -0.0196
vn -0.9899 0.1374 -0.0341
vn -0.9914 0.1236 -0.0422
vn -0.9902 0.1390 0.0132
vn -0.0736 0.5550 -0.8286
vn -0.9887 0.1480 -0.0254
vn -0.9881 0.1525 0.0191
vn -0.9848 0.1733 0.0105
vn -0.9913 0.1288 0.0289
vn -0.9914 0.1309 0.0058
vn -0.9939 0.1084 -0.0180
vn -0.9887 -0.1381 -0.0575
vn -0.8286 0.5550 -0.0736
vn -0.0484 0.1305 -0.9903
vn -0.0267 0.0146 -0.9995
vn -0.0184 0.0357 -0.9992
vn -0.0361 -0.0096 -0.9993
vn -0.0131 -0.0071 -0.9999
vn 0.0112 -0.0294 -0.9995
vn -0.9995 -0.0281 0.0140
vn -0.9996 0.0001 -0.0266
vn -0.9993 -0.0133 -0.0350
vn -0.9993 -0.0073 0.0370
vn -0.9996 0.0028 -0.0266
vn -0.9998 -0.0012 0.0206
vn -0.0371 -0.0073 -0.9993
vn -0.0111 -0.0293 -0.9995
vn 0.0220 -0.0028 -0.9998
vn 0.0081 -0.0089 -0.9999
vn 0.0439 -0.0038 -0.9990
vn -0.0205 -0.0012 -0.9998
vn -0.0362 -0.0096 -0.9993
vn 0.0111 -0.0293 -0.9995
vn -0.0579 -0.1377 0.9888
vn -0.0149 -0.0698 -0.9975
vn -0.8286 0.5436 -0.1339
vn -0.7737 0.6293 -0.0735
vn -0.0372 0.0076 0.9993
vn -0.9415 0.3367 -0.0141
vn -0.9468 -0.3209 0.0230
vn 0.9814 -0.1908 -0.0198
vn 0.9968 -0.0706 -0.0364
vn 0.0343 -0.0020 0.9994
vn 0.0088 -0.0249 0.9997
vn -0.0155 -0.0026 0.9999
vn 0.0037 -0.1818 -0.9833
vn -0.0601 -0.3521 -0.9340
vn -0.0723 -0.3503 -0.9338
vn 0.0050 -0.1814 -0.9834
vn -0.0579 -0.3521 -0.9342
vn -0.0701 -0.3504 -0.9340
vn 0.1334 0.3355 -0.9325
vn 0.0922 0.3462 -0.9336
vn 0.0743 0.3073 -0.9487
vn 0.0926 0.3254 -0.9410
vn 0.1041 0.3342 -0.9367
vn 0.9729 0.2234 -0.0603
vn 0.9818 0.1875 -0.0291
vn 0.9753 0.2193 -0.0265
vn 0.9997 -0.0222 -0.0071
vn 0.9999 -0.0057 0.0150
vn 0.9996 0.0089 0.0281
vn 0.9994 0.0294 0.0160
vn 0.9998 0.0075 -0.0183
vn 0.9173 0.3787 -0.1230
vn 0.0131 -0.0071 -0.9999
vn 0.0266 0.0028 -0.9996
vn 0.0360 -0.0096 -0.9993
vn 0.0170 0.3336 0.9426
vn 0.0994 0.3390 -0.9355
vn 0.1239 0.3524 -0.9276
vn 0.1453 0.3105 -0.9394
vn 0.1430 0.2593 -0.9552
vn 0.0970 0.2435 -0.9650
vn 0.0797 0.0446 0.9958
vn -0.0233 0.1531 0.9879
vn 0.9974 0.0215 -0.0694
vn 0.9949 0.0810 -0.0596
vn 0.9876 0.1567 0.0058
vn 0.0973 0.3453 -0.9334
vn 0.1232 0.3322 -0.9351
vn -0.0847 0.0908 -0.9923
vn 0.9856 -0.1441 0.0886
vn 0.9859 -0.1577 0.0566
vn 0.9006 0.4227 0.1015
vn -0.1283 0.4154 0.9006
vn 0.9879 0.1543 -0.0130
vn 0.1080 0.1807 -0.9776
vn 0.0834 0.3690 -0.9257
vn 0.0951 0.3598 -0.9282
vn 0.1446 0.3635 -0.9203
vn 0.1220 0.3471 -0.9299
vn 0.9999 -0.0033 -0.0168
vn 0.9996 -0.0071 0.0286
vn 0.9997 -0.0229 0.0089
vn 0.9998 0.0116 0.0138
vn 0.9995 0.0263 -0.0160
vn 0.9997 0.0045 0.0240
vn 0.9996 0.0116 -0.0239
vn 0.9992 -0.0098 -0.0392
vn 0.9999 -0.0073 -0.0137
vn 0.9997 -0.0224 0.0117
vn 0.9998 0.0105 0.0167
vn 0.9996 0.0039 -0.0292
vn 0.9994 0.0262 -0.0208
vn 0.9999 -0.0082 -0.0141
vn 0.9997 -0.0208 0.0110
vn 0.0145 0.0289 0.9995
vn 0.0186 0.0054 0.9998
vn -0.0235 0.0012 0.9997
vn 0.0326 -0.0056 0.9995
vn 0.0071 -0.0067 1.0000
vn -0.0082 -0.0235 0.9997
vn 0.0687 0.5380 -0.8401
vn -0.0163 -0.1849 0.9826
vn 0.0735 -0.3452 0.9357
vn 0.0814 -0.3428 0.9359
vn -0.0192 -0.1067 -0.9941
vn -0.0923 -0.1453 -0.9851
vn -0.0686 -0.1604 -0.9847
vn -0.0386 0.2161 -0.9756
vn 0.0351 0.1764 -0.9837
vn 0.9773 0.2070 -0.0461
vn 0.9826 -0.1781 0.0524
vn 0.9356 -0.3530 0.0000
vn 0.9359 -0.3521 -0.0122
vn -0.0186 0.0098 -0.9998
vn -0.0560 0.0270 -0.9981
vn -0.0646 0.0056 -0.9979
vn -0.0239 -0.0212 -0.9995
vn 0.9978 -0.0567 -0.0342
vn 0.9962 0.0360 0.0794
vn 0.9613 -0.2755 0.0017
vn 0.9813 -0.1863 -0.0475
vn 0.0264 0.0387 0.9989
vn 0.0468 -0.0059 0.9989
vn 0.0532 0.0095 0.9985
vn 0.0393 0.0293 0.9988
vn 0.0362 -0.0089 0.9993
vn 0.0106 -0.0091 0.9999
vn -0.0151 -0.0294 0.9995
vn 0.9958 0.0394 -0.0824
vn 0.9879 0.1543 0.0134
vn -0.9851 0.1712 0.0141
vn -0.9918 0.1248 0.0281
vn -0.9902 0.1383 0.0194
vn -0.9915 0.1297 0.0052
vn -0.9900 0.1337 -0.0449
vn -0.9937 0.1097 -0.0211
vn -0.0431 -0.0081 -0.9990
vn -0.0213 -0.0050 -0.9998
vn 0.9997 -0.0225 -0.0065
vn 0.9999 -0.0052 0.0152
vn 0.9996 0.0098 0.0278
vn 0.9994 0.0299 0.0150
vn 0.9998 0.0069 -0.0185
vn 0.1761 0.6892 -0.7029
vn 0.9997 -0.0229 -0.0089
vn 0.9999 -0.0033 0.0168
vn 0.9996 0.0073 0.0281
vn 0.9999 0.0151 -0.0011
vn 0.9998 0.0116 -0.0138
vn -0.9995 0.0125 0.0277
vn 0.9764 0.2153 -0.0182
vn 0.9877 -0.1386 0.0719
vn 0.9964 -0.0420 -0.0740
vn 0.9942 -0.1078 -0.0050
vn 0.9865 -0.1560 0.0500
vn 0.0997 0.4900 -0.8660
vn 0.9946 0.0871 -0.0558
vn 0.9946 0.0852 -0.0586
vn -0.9997 0.0024 0.0238
vn 0.9998 0.0113 0.0158
vn 0.9994 0.0250 -0.0232
vn 0.9995 0.0033 -0.0300
vn 0.9999 -0.0083 -0.0134
vn 0.9997 -0.0201 0.0139
vn 0.9998 0.0100 0.0171
vn 0.9996 0.0049 -0.0291
vn 0.9994 0.0268 -0.0199
vn 0.9999 -0.0078 -0.0141
vn 0.9997 -0.0211 0.0103
vn 0.9810 -0.1933 -0.0156
vn 0.9942 -0.1053 0.0236
vn 0.9877 -0.1493 -0.0462
vn 0.9865 -0.1622 -0.0224
vn 0.9764 0.2152 -0.0192
vn 0.9818 0.1808 0.0573
vn 0.9144 0.4013 0.0535
vn 0.0055 0.2246 0.9744
vn -0.0412 0.2170 0.9753
vn -0.0751 0.2188 0.9729
vn 0.9826 -0.1835 0.0281
vn 0.9357 -0.3492 -0.0514
vn 0.9359 -0.3473 -0.0594
vn 0.0104 0.0067 0.9999
vn -0.9953 0.0890 0.0376
vn -0.9978 0.0645 0.0142
vn -0.9964 0.0842 -0.0124
vn -0.9953 0.0926 -0.0268
vn -0.9963 0.0789 -0.0351
vn -0.9954 0.0934 0.0205
vn -0.0479 -0.0211 -0.9986
vn -0.0215 -0.0074 -0.9997
vn -0.0059 0.0053 -1.0000
vn -0.0141 0.0265 -0.9995
vn -0.0520 0.0101 -0.9986
vn 0.0376 -0.0036 0.9993
vn 0.0141 -0.0281 0.9995
vn -0.0126 -0.0084 0.9999
vn -0.0266 0.0001 0.9996
vn -0.0350 -0.0134 0.9993
vn 0.0239 0.0028 0.9997
vn 0.0347 0.0917 0.9952
vn 0.0620 0.3937 -0.9172
vn -0.8753 0.4647 -0.1339
vn 0.9946 0.0853 -0.0586
vn -0.0607 -0.2742 -0.9597
vn -0.1011 -0.1804 -0.9784
vn 0.1312 0.2478 -0.9599
vn 0.0601 0.2086 -0.9761
vn 0.0834 0.1947 -0.9773
vn 0.0937 0.5439 -0.8339
vn 0.1696 0.5091 -0.8438
vn -0.0038 0.2039 -0.9790
vn 0.9978 -0.0556 -0.0360
vn 0.0566 0.4327 -0.8998
vn 0.9182 0.3751 0.1272
vn -0.0373 0.1542 -0.9873
vn -0.9964 0.0844 0.0123
vn -0.9979 0.0641 -0.0134
vn 0.0352 -0.0135 -0.9993
vn 0.0130 -0.0071 -0.9999
vn 0.0361 -0.0096 -0.9993
vn -0.9915 0.1299 0.0052
vn 0.9840 0.1575 -0.0832
vn -0.0643 0.2097 -0.9757
vn 0.9613 -0.2754 -0.0073
vn 0.9813 -0.1847 -0.0536
vn 0.9764 0.2158 -0.0112
vn 0.9877 -0.1412 0.0670
vn 0.9964 -0.0394 -0.0751
vn 0.9942 -0.1076 -0.0085
vn 0.9865 -0.1575 0.0449
vn 0.9773 0.2070 -0.0444
vn 0.1558 0.1736 -0.9724
vn 0.0937 -0.0028 -0.9956
vn 0.0815 -0.0011 -0.9967
vn -0.0442 -0.0217 -0.9988
vn -0.0208 -0.0068 -0.9998
vn -0.0068 0.0069 -1.0000
vn -0.0175 0.0282 -0.9995
vn -0.0531 0.0088 -0.9985
vn -0.0469 -0.0212 -0.9987
vn -0.0217 -0.0072 -0.9997
vn -0.0062 0.0056 -1.0000
vn -0.0148 0.0270 -0.9995
vn -0.0523 0.0098 -0.9986
vn 0.9984 0.0055 0.0559
vn 0.9944 -0.0991 0.0378
vn 0.9975 -0.0275 0.0651
vn 0.9998 0.0196 -0.0031
vn 0.1006 0.3328 -0.9376
vn 0.1260 0.3461 -0.9297
vn 0.1495 0.2977 -0.9429
vn 0.0577 -0.1379 -0.9888
vn 0.0372 -0.1384 -0.9897
vn 0.1018 0.5439 -0.8329
vn 0.1725 0.2093 -0.9625
vn 0.0347 0.3161 -0.9481
vn 0.0992 0.2476 -0.9638
vn 0.1504 0.1951 -0.9692
vn -0.0751 -0.0529 -0.9958
vn 0.0473 0.0277 -0.9985
vn -0.0141 -0.0281 -0.9995
vn 0.0212 -0.0050 -0.9998
vn 0.0073 -0.0095 -0.9999
vn 0.0432 -0.0080 -0.9990
vn -0.0173 -0.0010 -0.9998
vn 0.0376 -0.0034 0.9993
vn 0.0142 -0.0280 0.9995
vn -0.0125 -0.0083 0.9999
vn -0.0268 0.0002 0.9996
vn -0.0351 -0.0135 0.9993
vn 0.0205 0.0010 0.9998
vn -0.9999 -0.0081 -0.0123
vn -0.9993 -0.0123 -0.0351
vn 0.9942 -0.1045 0.0270
vn 0.9877 -0.1508 -0.0414
vn 0.9865 -0.1629 -0.0171
vn 0.9764 0.2145 -0.0262
vn 0.9818 0.1826 0.0514
vn 0.0670 0.5381 -0.8402
vn 0.9826 -0.1763 0.0582
vn 0.9356 -0.3528 0.0115
vn 0.9359 -0.3523 -0.0008
vn -0.0306 0.2161 -0.9759
vn 0.0220 -0.1455 -0.9891
vn -0.1132 -0.0341 -0.9930
vn -0.0513 -0.1067 -0.9930
vn -0.0013 -0.1603 -0.9871
vn 0.9773 0.2113 -0.0179
vn 0.9814 -0.1909 0.0191
vn 0.9349 -0.3516 -0.0496
vn 0.9350 -0.3492 -0.0617
vn 0.1368 0.1811 -0.9739
vn 0.0931 0.0792 -0.9925
vn 0.0513 0.1738 -0.9834
vn 0.9826 -0.1768 0.0570
vn 0.9356 -0.3529 0.0093
vn 0.9358 -0.3524 -0.0030
vn 0.0119 -0.0089 0.9999
vn -0.0189 0.0045 0.9998
vn -0.0017 -0.0202 0.9998
vn -0.0265 0.0017 0.9996
vn -0.0209 -0.0039 0.9998
vn 0.9995 -0.0079 -0.0304
vn 0.9997 -0.0227 -0.0080
vn 0.9999 -0.0030 0.0163
vn 0.9999 -0.0074 0.0076
vn 0.9991 0.0031 0.0422
vn 0.9999 0.0002 -0.0167
vn 0.9773 0.2054 -0.0527
vn -0.0175 0.2165 0.9761
vn -0.0771 0.1615 0.9839
vn -0.0724 0.0597 0.9956
vn 0.0584 -0.1500 0.9870
vn 0.0847 0.1153 -0.9897
vn 0.0042 0.1102 -0.9939
vn 0.0576 0.2633 -0.9630
vn 0.1012 0.3618 -0.9267
vn 0.1252 0.3479 -0.9291
vn 0.1063 0.3498 -0.9308
vn 0.1320 0.3367 -0.9323
vn -0.9560 0.2935 -0.0037
vn -0.9973 -0.0456 -0.0581
vn -0.9982 -0.0464 -0.0371
vn 0.9880 0.1536 -0.0135
vn -0.0189 0.0101 -0.9998
vn -0.0567 0.0265 -0.9980
vn -0.0649 0.0053 -0.9979
vn -0.0494 -0.0074 -0.9988
vn -0.0230 -0.0211 -0.9995
vn -0.8286 0.5551 -0.0736
vn 0.0355 0.0006 0.9994
vn 0.0149 -0.0188 0.9997
vn -0.0085 -0.0084 0.9999
vn -0.0140 -0.0022 0.9999
vn -0.0232 0.0263 0.9994
vn 0.0250 0.0021 0.9997
vn 0.0326 0.0108 0.9994
vn 0.0642 0.0054 -0.9979
vn 0.0422 -0.0050 -0.9991
vn -0.0367 -0.0096 -0.9993
vn -0.0443 0.0153 -0.9989
vn -0.0562 0.0020 0.9984
vn 0.0308 0.2717 0.9619
vn -0.9888 -0.1381 -0.0575
vn -0.9897 -0.1384 -0.0372
vn -0.0716 0.0570 -0.9958
vn -0.9724 -0.2320 0.0231
vn -0.9992 0.0337 0.0217
vn -0.9993 -0.0134 0.0350
vn -0.9996 0.0001 0.0266
vn -0.9995 -0.0280 -0.0139
vn -0.9888 0.1248 0.0821
vn -0.9953 0.0888 0.0376
vn -0.9978 0.0645 0.0140
vn -0.9964 0.0841 -0.0126
vn -0.9954 0.0925 -0.0266
vn -0.9962 0.0792 -0.0352
vn -0.9952 0.0952 0.0239
vn -0.9993 -0.0119 -0.0359
vn -0.9812 0.1928 0.0011
vn -0.9995 0.0145 0.0266
vn -0.9993 -0.0095 0.0361
vn 0.0574 -0.1381 -0.9888
vn 0.0080 -0.1583 -0.9874
vn -0.9911 -0.1259 -0.0435
vn -0.0162 0.0091 0.9998
vn 0.0248 0.0133 0.9996
vn 0.0106 0.0281 0.9995
vn 0.0292 -0.0085 0.9995
vn 0.0165 -0.0019 0.9999
vn -0.0064 -0.0232 0.9997
vn 0.0528 0.2876 -0.9563
vn 0.0673 0.3452 -0.9361
vn 0.0417 0.2204 -0.9745
vn 0.0217 0.0336 0.9992
vn 0.0350 -0.0134 0.9993
vn 0.0266 0.0001 0.9996
vn 0.9998 0.0110 0.0161
vn 0.9996 0.0036 -0.0296
vn 0.9999 -0.0096 -0.0113
vn 0.9998 0.0058 0.0186
vn 0.9998 -0.0200 0.0029
vn 0.9996 0.0034 0.0263
vn 0.9998 -0.0025 0.0211
vn 0.0371 -0.0073 0.9993
vn 0.0111 -0.0293 0.9995
vn -0.0131 -0.0071 0.9999
vn -0.0266 0.0028 0.9996
vn -0.0360 -0.0096 0.9993
vn 0.0205 -0.0012 0.9998
vn 0.0008 0.2096 0.9778
vn 0.0735 0.2992 -0.9514
vn -0.9821 -0.1871 0.0197
vn 0.0353 -0.3183 -0.9473
vn 0.9998 -0.0200 -0.0030
vn 0.9996 -0.0043 0.0275
vn 1.0000 -0.0006 0.0016
vn 0.9997 -0.0028 -0.0258
vn 0.9998 -0.0024 -0.0212
vn 0.9994 -0.0017 -0.0355
vn 0.9997 -0.0197 -0.0136
vn 0.9999 -0.0078 0.0090
vn 0.9999 -0.0014 0.0140
vn 0.9994 0.0277 0.0214
vn 0.9997 0.0005 -0.0251
vn 0.9994 0.0087 -0.0332
vn 0.9761 0.2172 0.0037
vn 0.9839 0.1661 0.0666
vn 0.9956 0.0642 0.0685
vn 0.9870 -0.1534 -0.0488
vn 0.9773 0.2055 -0.0511
vn 0.0131 -0.0186 0.9997
vn -0.0209 -0.0090 0.9997
vn -0.0281 0.0135 0.9995
vn 0.0329 0.0040 0.9994
vn 0.0320 -0.0109 0.9994
vn 0.9997 -0.0194 -0.0120
vn 0.9997 -0.0076 0.0214
vn 0.9995 0.0153 0.0272
vn 0.9994 0.0019 -0.0331
vn 0.9994 -0.0129 -0.0313
vn -0.0480 -0.0210 -0.9986
vn -0.0216 -0.0073 -0.9997
vn -0.0054 0.0053 -1.0000
vn -0.0139 0.0264 -0.9996
vn -0.0519 0.0102 -0.9986
vn -0.1507 0.3665 0.9181
vn -0.0291 0.2716 -0.9620
vn 0.9998 0.0157 0.0091
vn 0.9992 0.0094 -0.0392
vn 0.9999 0.0126 0.0006
vn 0.9997 -0.0071 -0.0241
vn 0.9998 -0.0171 0.0105
vn 0.0611 -0.0274 0.9978
vn -0.0792 -0.1495 0.9856
vn -0.0465 -0.1610 0.9859
vn 0.9999 0.0064 0.0144
vn 1.0000 0.0030 -0.0023
vn 0.9992 -0.0060 -0.0386
vn 0.9998 -0.0072 -0.0169
vn 0.9998 -0.0190 0.0086
vn 0.0044 0.2120 0.9773
vn 0.9998 -0.0044 0.0201
vn 0.9998 0.0158 0.0092
vn 0.9995 0.0116 -0.0294
vn 0.9999 0.0143 -0.0002
vn 0.9998 -0.0036 -0.0205
vn 0.9994 -0.0018 0.0355
vn 0.9997 -0.0197 0.0136
vn 0.0119 -0.0163 0.9998
vn -0.0107 -0.0115 0.9999
vn -0.0280 0.0011 0.9996
vn -0.0245 0.0242 0.9994
vn 0.0204 0.0067 0.9998
vn 0.0163 -0.0033 0.9999
vn -0.0351 -0.0105 0.9993
vn -0.0110 -0.0260 0.9996
vn -0.0220 0.0042 0.9998
vn 0.0193 0.0295 0.9994
vn 0.0100 -0.0187 0.9998
vn -0.0163 -0.0083 0.9998
vn -0.0381 -0.0086 0.9992
vn -0.0241 0.0168 0.9996
vn 0.0263 -0.0046 0.9996
vn -0.9941 -0.0969 -0.0479
vn -0.9327 0.3594 0.0308
vn -0.9779 0.1934 0.0790
vn -0.9821 -0.1869 0.0213
vn -0.0037 0.2038 0.9790
vn -0.0737 0.0227 -0.9970
vn 0.0209 0.0904 -0.9957
vn -0.9904 0.1347 0.0303
vn -0.9939 0.1101 0.0072
vn -0.9914 0.1293 -0.0198
vn -0.9899 0.1373 -0.0340
vn -0.9914 0.1239 -0.0421
vn -0.9899 0.1408 0.0163
vn -0.9995 -0.0281 -0.0140
vn -0.0217 0.0337 -0.9992
vn -0.0350 -0.0134 -0.9993
vn -0.8285 0.5551 -0.0736
vn -0.9890 0.1478 0.0093
vn 0.0213 -0.0053 -0.9998
vn 0.0071 -0.0099 -0.9999
vn 0.0429 -0.0083 -0.9990
vn -0.9946 0.0555 0.0871
vn 0.0038 0.2039 0.9790
vn 0.0736 0.5550 -0.8286
vn -0.0327 0.1542 -0.9875
vn 0.0140 -0.0281 0.9995
vn -0.0127 -0.0083 0.9999
vn -0.0350 -0.0133 0.9993
vn 0.0238 0.0027 0.9997
vn 0.9997 -0.0222 -0.0102
vn 0.9999 -0.0059 0.0146
vn 0.9996 0.0083 0.0288
vn 0.9994 0.0286 0.0185
vn -0.9890 -0.1410 -0.0456
vn -0.9724 -0.2321 0.0215
vn 0.9998 0.0113 0.0157
vn 0.9994 0.0248 -0.0233
vn 0.9995 0.0032 -0.0302
vn 0.9997 -0.0199 0.0139
vn 0.0038 0.2039 -0.9790
vn -0.9999 -0.0071 -0.0130
vn -0.9995 -0.0294 0.0112
vn -0.9993 -0.0089 -0.0370
vn 0.9997 -0.0217 -0.0110
vn 0.9999 -0.0062 0.0143
vn 0.9995 0.0075 0.0297
vn 0.9994 0.0279 0.0196
vn 0.9998 0.0090 -0.0172
vn -0.0736 0.5551 -0.8286
vn 0.0353 -0.0123 0.9993
vn -0.0357 0.0156 -0.9992
vn 0.0003 0.0220 -0.9998
vn -0.0429 -0.0083 -0.9990
vn -0.0214 -0.0052 -0.9998
vn -0.0267 0.0145 -0.9995
vn -0.0132 -0.0070 -0.9999
vn 0.9998 -0.0171 -0.0105
vn 0.9999 -0.0108 0.0114
vn 0.9996 0.0029 0.0279
vn 0.9994 0.0257 0.0229
vn 0.9998 0.0054 -0.0208
vn -0.0255 -0.3204 -0.9469
vn -0.9468 -0.3211 0.0212
vn -0.9790 0.2039 -0.0037
vn -0.9391 0.3431 -0.0219
vn 0.0126 -0.0082 -0.9999
vn -0.9999 -0.0082 0.0126
vn 0.0267 0.0146 0.9995
vn 0.0360 -0.0096 0.9993
vn -0.8022 0.5785 -0.1477
vn -0.7438 0.6626 -0.0884
vn -0.9415 0.3368 -0.0067
vn -0.0352 -0.0135 0.9993
vn -0.9851 0.1713 0.0139
vn -0.9918 0.1250 0.0278
vn -0.9902 0.1382 0.0194
vn -0.9915 0.1296 0.0054
vn -0.9900 0.1335 -0.0449
vn -0.9937 0.1097 -0.0209
vn 0.0179 0.0114 -0.9998
vn -0.9853 0.1472 -0.0871
vn -0.9985 -0.0338 -0.0436
vn -0.9993 -0.0096 -0.0360
vn 0.0352 -0.0135 0.9993
vn 0.9997 -0.0219 -0.0109
vn 0.9999 -0.0064 0.0144
vn 0.9995 0.0074 0.0292
vn 0.9994 0.0280 0.0194
vn 0.9998 0.0089 -0.0172
vn -0.8286 0.5551 -0.0735
vn -0.9992 0.0337 0.0218
vn -0.9993 -0.0133 0.0351
vn -0.9992 0.0336 0.0218
vn -0.9997 0.0028 0.0238
vn 0.9997 -0.0220 -0.0101
vn 0.9999 -0.0062 0.0142
vn 0.9996 0.0076 0.0287
vn 0.9994 0.0283 0.0187
vn 0.9998 0.0086 -0.0175
vn -0.0125 -0.0080 -0.9999
vn 0.0213 -0.3211 0.9468
vn 0.0435 -0.1259 -0.9911
vn 0.0444 -0.2322 -0.9717
vn -0.0559 0.0270 -0.9981
vn -0.0240 -0.0212 -0.9995
vn 0.9843 -0.1754 -0.0199
vn 0.9856 -0.1544 -0.0687
vn -0.0653 0.0053 -0.9978
vn -0.0479 -0.0209 -0.9986
vn -0.0217 -0.0073 -0.9997
vn -0.0055 0.0053 -1.0000
vn -0.0140 0.0264 -0.9996
vn -0.9812 0.1929 0.0011
vn -0.9945 0.1031 -0.0179
vn -0.9939 0.1069 0.0267
vn -0.9916 0.1280 0.0184
vn -0.9959 0.0828 0.0361
vn -0.9963 0.0853 0.0131
vn -0.9979 0.0632 -0.0111
vn -0.8022 0.5785 -0.1476
vn -0.7437 0.6626 -0.0884
vn -0.0037 0.2039 0.9790
vn 0.0123 -0.0081 0.9999
vn 0.9994 0.0241 -0.0241
vn 0.9995 0.0023 -0.0306
vn 0.9999 -0.0086 -0.0129
vn 0.9997 -0.0195 0.0146
vn 0.0028 0.0217 -0.9998
vn -0.0437 -0.0039 -0.9990
vn -0.0081 -0.0088 -0.9999
vn -0.0220 -0.0028 -0.9998
vn -0.9619 0.2716 0.0308
vn -0.0735 0.5551 0.8285
vn -0.9843 -0.0806 0.1572
vn -0.5669 0.8013 0.1912
vn -0.8712 0.4845 -0.0787
vn -0.3958 -0.0806 0.9148
vn 0.9046 0.1427 0.4016
vn 0.3151 0.4409 -0.8404
vn -0.4706 -0.4411 -0.7642
vn -0.8931 -0.0806 -0.4426
vn -0.5727 0.8013 -0.1730
vn -0.6642 0.4845 -0.5693
vn -0.8529 -0.0806 0.5158
vn 0.5042 0.1427 0.8517
vn 0.7440 0.4409 -0.5020
vn 0.0597 -0.4411 -0.8955
vn -0.8265 -0.0806 -0.5572
vn -0.4710 0.8501 -0.2354
vn -0.5410 0.5666 -0.6215
vn -0.9096 -0.1089 0.4008
vn 0.3863 0.1459 0.9108
vn 0.7600 0.5186 -0.3917
vn 0.1743 -0.4986 -0.8492
vn -0.5377 -0.0806 -0.8393
vn -0.4019 0.8013 -0.4431
vn -0.2763 0.4845 -0.8300
vn -0.9967 -0.0806 0.0031
vn -0.0063 0.1427 0.9897
vn 0.8963 0.4409 -0.0473
vn 0.5122 -0.4411 -0.7369
vn -0.9162 -0.0806 0.3926
vn -0.5031 0.8013 0.3237
vn -0.8641 0.4845 0.1363
vn -0.1606 -0.0806 0.9837
vn 0.9753 0.1427 0.1687
vn 0.1006 0.4409 -0.8919
vn -0.6428 -0.4411 -0.6263
vn -0.4856 -0.0806 -0.8705
vn -0.3742 0.8013 -0.4668
vn -0.2253 0.4845 -0.8453
vn -0.9951 -0.0806 -0.0576
vn -0.0666 0.1427 0.9875
vn 0.8975 0.4409 0.0074
vn 0.5562 -0.4411 -0.7044
vn -0.3382 -0.0806 -0.9376
vn -0.2937 0.8013 -0.5213
vn -0.0854 0.4845 -0.8706
vn -0.9726 -0.0806 -0.2180
vn -0.2256 0.1427 0.9637
vn 0.8845 0.4409 0.1527
vn 0.6629 -0.4411 -0.6050
vn -0.9442 -0.0806 -0.3192
vn -0.5907 0.8013 -0.0948
vn -0.7344 0.4845 -0.4753
vn -0.7763 -0.0806 0.6252
vn 0.6135 0.1427 0.7767
vn 0.6702 0.4409 -0.5970
vn -0.0606 -0.4411 -0.8954
vn -0.8137 -0.0806 -0.5757
vn -0.5390 0.8013 -0.2597
vn -0.5679 0.4845 -0.6654
vn -0.9225 -0.0806 0.3774
vn -0.9226 -0.0806 0.3774
vn 0.3660 0.1427 0.9196
vn 0.8129 0.4409 -0.3806
vn 0.1978 -0.4411 -0.8754
vn -0.3071 0.7906 0.5297
vn 0.4456 0.7938 0.4139
vn 0.4179 0.8013 -0.4281
vn -0.1003 0.7930 -0.6009
vn 0.7596 -0.2103 0.6155
vn 0.7460 -0.2133 -0.6309
vn -0.5574 0.7906 0.2535
vn 0.1230 0.7938 0.5956
vn 0.5887 0.8013 -0.1065
vn 0.2666 0.7930 -0.5477
vn 0.2620 -0.2103 0.9419
vn 0.9736 -0.2133 -0.0815
vn -0.5173 0.8449 0.1361
vn 0.0376 0.8504 0.5247
vn 0.5210 0.8524 -0.0454
vn 0.2883 0.8411 -0.4576
vn 0.1308 -0.2776 0.9517
vn 0.9643 -0.2591 0.0541
vn -0.1003 0.7930 -0.6008
vn -0.6083 0.7906 -0.0697
vn -0.2012 0.7938 0.5740
vn 0.5595 0.8013 0.2118
vn 0.5106 0.7930 -0.3323
vn -0.2603 -0.2103 0.9423
vn 0.8766 -0.2133 0.4314
vn -0.1686 0.7906 0.5886
vn 0.5331 0.7938 0.2927
vn 0.3008 0.8013 -0.5171
vn -0.2439 0.7930 -0.5582
vn 0.8868 -0.2103 0.4116
vn 0.5695 -0.2133 -0.7938
vn -0.6029 0.7906 -0.1066
vn -0.2358 0.7938 0.5606
vn 0.5456 0.8013 0.2455
vn 0.5299 0.7930 -0.3005
vn -0.3173 -0.2103 0.9247
vn 0.8487 -0.2133 0.4840
vn -0.5777 0.7906 -0.2028
vn -0.3235 0.7938 0.5151
vn 0.4986 0.8013 0.3306
vn 0.5715 0.7930 -0.2108
vn -0.4628 -0.2103 0.8611
vn 0.7591 -0.2133 0.6150
vn -0.5185 0.7906 0.3257
vn 0.2016 0.7938 0.5738
vn 0.5692 0.8013 -0.1842
vn 0.1910 0.7930 -0.5784
vn 0.1910 0.7930 -0.5785
vn 0.3856 -0.2103 0.8984
vn 0.9539 -0.2133 -0.2109
vn -0.5899 0.7906 0.1640
vn 0.0292 0.7938 0.6075
vn 0.5981 0.8013 -0.0139
vn 0.3483 0.7930 -0.4998
vn 0.1128 -0.2103 0.9711
vn 0.9744 -0.2133 0.0704
vn 0.0000 -1.0000 -0.0000
vn 0.1262 0.9920 -0.0000
vn -0.9998 0.0001 0.0211
vn 0.9998 -0.0001 -0.0211
vn -0.0000 -1.0000 0.0025
vn 0.9998 -0.0000 -0.0211
vn 0.0000 1.0000 -0.0025
vn -0.0001 -1.0000 0.0025
vn -0.0001 -1.0000 0.0026
vn 0.0001 1.0000 -0.0025
vn -0.0212 -0.0025 -0.9998
vn -0.0211 -0.0025 -0.9998
vn 0.0211 0.0025 0.9998
vn 0.0212 0.0025 0.9998
vn 0.0211 0.0026 0.9998
vn -0.0211 -0.0027 -0.9998
vn 0.0211 0.0027 0.9998
vn 0.0211 0.0024 0.9998
vn 0.9998 -0.0001 0.0202
vn 0.0202 -0.0025 -0.9998
vn -0.0202 0.0025 0.9998
vn -0.9998 0.0001 -0.0202
vn -0.9998 0.0010 -0.0202
vn -0.0202 0.0018 0.9998
vn -0.9998 -0.0003 -0.0203
vn 0.0202 -0.0034 -0.9998
vn 0.9998 -0.0000 0.0202
vn 0.0202 -0.0040 -0.9998
vn 0.9998 0.0008 0.0202
vn -0.0202 0.0029 0.9998
vn 0.0203 -0.0025 -0.9998
vn -0.9998 -0.0004 -0.0202
vn 0.0202 -0.0022 -0.9998
vn 0.9998 0.0010 0.0202
vn -0.9998 0.0003 -0.0202
vn 0.9998 -0.0010 0.0202
vn -0.0202 0.0017 0.9998
vn -1.0000 -0.0000 0.0004
vn -1.0000 0.0000 0.0006
vn -0.0007 -0.0025 -1.0000
vn -0.0002 -0.0025 -1.0000
vn 1.0000 -0.0000 -0.0004
vn 0.0006 0.0025 1.0000
vn 0.0005 0.0025 1.0000
vn -1.0000 0.0000 0.0005
vn -0.0006 -0.0025 -1.0000
vn -0.0003 -0.0025 -1.0000
vn 1.0000 0.0000 -0.0006
vn 1.0000 -0.0000 -0.0005
vn 0.0003 0.0025 1.0000
vn -0.0004 -0.0025 -1.0000
vn -0.0005 -0.0025 -1.0000
vn 0.0008 0.0025 1.0000
vn 0.0004 0.0025 1.0000
vn -0.0000 1.0000 -0.0026
vn 0.0002 0.0025 1.0000
vn -0.0009 -0.0025 -1.0000
vn -0.0002 0.0025 1.0000
vn -0.4456 0.8952 -0.0021
vn -0.4457 0.8952 -0.0021
vn -1.0000 -0.0000 0.0003
vn -0.0001 -0.0025 -1.0000
vn -0.5562 0.8311 -0.0018
vn -0.5561 0.8311 -0.0018
vn 0.0000 -0.0025 -1.0000
vn 1.0000 -0.0000 -0.0003
vn 0.0009 0.0025 1.0000
vn -0.5213 0.8534 -0.0019
vn -0.5212 0.8534 -0.0019
vn 0.0007 0.0025 1.0000
vn -0.0005 -0.0026 -1.0000
vn -0.0004 -0.0026 -1.0000
vn 0.0005 0.0026 1.0000
vn 0.0004 0.0029 1.0000
vn 0.0004 0.0026 1.0000
vn 0.0003 0.0027 1.0000
vn 0.0004 0.0027 1.0000
vn 0.0005 0.0024 1.0000
vn -0.0006 -0.0026 -1.0000
vn 0.0003 0.0028 1.0000
vn 0.0007 0.0028 1.0000
vn 0.0002 0.0030 1.0000
vn 0.0008 0.0026 1.0000
vn 0.0004 0.0021 1.0000
vn 0.0010 0.0026 1.0000
vn 0.0005 0.0028 1.0000
vn 0.0003 0.0022 1.0000
vn 0.3559 0.9345 -0.0025
vn 0.5212 0.8535 -0.0024
vn 0.5212 0.8534 -0.0024
vn 0.5211 0.8535 -0.0025
vn 0.5771 0.8167 -0.0023
vn 0.5561 0.8311 -0.0023
vn 0.5562 0.8310 -0.0023
vn 0.4456 0.8952 -0.0025
vn 0.4457 0.8952 -0.0025
vn 0.1893 0.9819 -0.0026
vn 0.1894 0.9819 -0.0026
vn -0.1893 0.9819 -0.0024
vn -0.5772 0.8166 -0.0018
vn -0.3559 0.9345 -0.0022
vn -0.3560 0.9345 -0.0022
vn 0.2526 0.9676 -0.0026
vn 0.1774 0.9841 -0.0026
vn -0.2526 -0.9676 0.0026
vn -0.1774 -0.9841 0.0026
vn 0.1774 -0.9841 0.0024
vn 0.2526 -0.9676 0.0023
vn 0.3577 -0.9338 0.0022
vn 0.3843 -0.9232 0.0022
vn 0.3387 -0.9409 0.0022
vn 0.2105 -0.9776 0.0024
vn 0.0613 -0.9981 0.0025
vn -0.0613 -0.9981 0.0026
vn -0.2105 -0.9776 0.0026
vn -0.3387 -0.9409 0.0025
vn -0.3843 -0.9232 0.0025
vn -0.3577 -0.9338 0.0025
vn -0.1774 0.9841 -0.0024
vn -0.2526 0.9676 -0.0023
vn -0.3577 0.9338 -0.0022
vn -0.3843 0.9232 -0.0021
vn -0.3387 0.9409 -0.0022
vn -0.2105 0.9776 -0.0024
vn -0.0613 0.9981 -0.0025
vn 0.0613 0.9981 -0.0026
vn 0.2105 0.9776 -0.0026
vn 0.3387 0.9409 -0.0025
vn 0.3843 0.9232 -0.0025
vn 0.3577 0.9338 -0.0025
vn -0.8660 -0.0000 0.5000
vn -0.9659 0.0000 0.2588
vn 0.9659 -0.0000 0.2588
vn 0.8660 -0.0000 0.5000
vn -0.9659 0.0000 -0.2588
vn -0.8660 -0.0000 -0.5000
vn -1.0000 0.0000 0.0000
vn 0.7071 -0.0000 0.7071
vn -0.7071 -0.0000 0.7071
vn -0.5000 -0.0000 -0.8660
vn -0.2588 0.0000 -0.9659
vn 0.5000 0.0000 0.8660
vn 0.2588 -0.0000 0.9659
vn 0.9659 0.0000 -0.2588
vn 1.0000 -0.0000 -0.0000
vn 0.2588 -0.0000 -0.9659
vn 0.5000 -0.0000 -0.8660
vn 0.0000 -0.0000 -1.0000
vn 0.0000 -0.0000 1.0000
vn 0.7071 0.0000 -0.7071
vn -0.2588 -0.0000 0.9659
vn 0.8660 0.0000 -0.5000
vn -0.5000 -0.0000 0.8660
vn -0.7071 -0.0000 -0.7071
vn 0.6543 -0.1746 -0.7358
vn 0.7358 0.1746 -0.6543
vn 0.9239 0.0000 0.3827
vn -0.9239 -0.0000 0.3827
vn 0.3827 -0.0000 0.9239
vn -0.9239 0.0000 -0.3827
vn -0.3827 -0.0000 -0.9239
vn -0.3827 -0.0000 0.9239
vn 0.3827 0.0000 -0.9239
vn 0.9239 0.0000 -0.3827
vn -0.0131 0.9806 0.1954
vn 0.0057 0.9749 0.2228
vn 0.0003 0.9737 0.2278
vn 0.0000 0.9808 0.1949
vn -0.0000 0.9650 0.2623
usemtl Grass
s 1
f 2898/1/1 2897/2/2 2894/3/3
f 2879/4/4 2882/5/5 2899/6/6
f 2886/7/7 2897/2/2 2898/1/1
f 2891/8/8 2903/9/9 2902/10/10
f 2902/10/10 2903/9/9 2892/11/11
f 2885/12/12 2900/13/13 2905/14/14
f 2891/8/8 2902/10/10 2888/15/15
f 2888/15/15 2902/10/10 2901/16/16
f 2902/10/10 2892/11/11 2889/17/17
f 2896/18/18 2898/1/1 2894/3/3
f 2893/19/19 2894/3/3 2897/2/2
f 2902/10/10 2889/17/17 2883/20/20
f 2905/14/14 2882/5/5 2880/21/21
f 2896/18/18 2890/22/22 2898/1/1
f 2888/15/15 2879/4/4 2878/23/23
f 2884/24/24 2885/12/12 2905/14/14
f 2896/18/18 2894/3/3 2895/25/25
f 2890/22/22 2887/26/26 2898/1/1
f 2901/16/16 2880/21/21 2888/15/15
f 2879/4/4 2881/27/27 2906/28/28
f 2901/16/16 2902/10/10 2883/20/20
f 2905/14/14 2880/21/21 2901/16/16
f 2888/15/15 2887/26/26 2890/22/22
f 2880/21/21 2882/5/5 2879/4/4
f 2878/23/23 2904/29/29 2887/26/26
f 2898/1/1 2887/26/26 2904/29/29
f 2898/1/1 2904/29/29 2886/7/7
f 2879/4/4 2906/28/28 2878/23/23
f 2905/14/14 2901/16/16 2884/24/24
f 2888/15/15 2880/21/21 2879/4/4
f 2899/6/6 2881/27/27 2879/4/4
f 2882/5/5 2905/14/14 2900/13/13
f 2888/15/15 2878/23/23 2887/26/26
f 2883/20/20 2884/24/24 2901/16/16
f 2890/22/22 2891/8/8 2888/15/15
f 3458/30/30 3445/31/31 3446/32/32
f 3457/33/33 3458/30/30 3446/32/32
f 3457/33/33 3446/32/32 3444/34/34
f 3478/35/35 3452/36/36 3476/37/37
f 3476/37/37 3452/36/36 3454/38/38
f 3477/39/39 3460/40/40 3479/41/41
f 3451/42/42 3470/43/43 3460/40/40
f 3466/44/44 3452/36/36 3478/35/35
f 3481/45/45 3469/46/46 3463/47/47
f 3467/48/48 3465/49/49 3462/50/50
f 3467/48/48 3462/50/50 3473/51/51
f 3473/51/51 3462/50/50 3461/52/52
f 3456/53/53 3454/38/38 3465/49/49
f 3456/53/53 3465/49/49 3467/48/48
f 3465/49/49 3466/44/44 3463/47/47
f 3465/49/49 3463/47/47 3472/54/54
f 3452/36/36 3466/44/44 3465/49/49
f 3454/38/38 3452/36/36 3465/49/49
f 3465/49/49 3472/54/54 3462/50/50
f 3462/50/50 3472/54/54 3471/55/55
f 3472/54/54 3463/47/47 3469/46/46
f 3458/30/30 3473/51/51 3474/56/56
f 3467/48/48 3473/51/51 3458/30/30
f 3453/57/57 3454/38/38 3456/53/53
f 3464/58/58 3458/30/30 3457/33/33
f 3455/59/59 3456/53/53 3467/48/48
f 3455/59/59 3467/48/48 3464/58/58
f 3464/58/58 3467/48/48 3458/30/30
f 3453/57/57 3456/53/53 3455/59/59
f 3470/43/43 3476/37/37 3454/38/38
f 3470/43/43 3454/38/38 3453/57/57
f 3477/39/39 3478/35/35 3476/37/37
f 3477/39/39 3476/37/37 3451/42/42
f 3449/60/60 3475/61/61 3478/35/35
f 3449/60/60 3478/35/35 3477/39/39
f 3447/62/62 3480/63/63 3481/45/45
f 3447/62/62 3481/45/45 3468/64/64
f 3448/65/65 3463/47/47 3466/44/44
f 3468/64/64 3481/45/45 3463/47/47
f 3468/64/64 3463/47/47 3448/65/65
f 3448/65/65 3466/44/44 3478/35/35
f 3448/65/65 3478/35/35 3450/66/66
f 3459/67/67 3477/39/39 3479/41/41
f 3475/61/61 3450/66/66 3478/35/35
f 3477/39/39 3451/42/42 3460/40/40
f 3449/60/60 3477/39/39 3459/67/67
f 3451/42/42 3476/37/37 3470/43/43
usemtl Bush2
s off
f 3360/68/68 3375/69/68 3367/70/68
f 3360/68/69 3367/70/69 3350/71/69
f 3349/72/70 3363/73/70 3375/69/70
f 3349/72/71 3375/69/71 3360/68/71
f 3350/74/72 3367/75/72 3369/76/72
f 3350/74/73 3369/76/73 3361/77/73
f 3392/78/74 3400/79/74 3391/80/74
f 3390/81/75 3408/82/75 3398/83/75
f 3390/81/76 3398/83/76 3377/84/76
f 3376/85/77 3393/86/77 3390/81/77
f 3377/87/78 3398/88/78 3400/79/78
f 3377/87/79 3400/79/79 3392/78/79
f 3388/89/80 3405/90/80 3407/91/80
f 3388/89/81 3407/91/81 3389/92/81
f 3390/81/82 3393/86/82 3408/82/82
f 3391/80/83 3400/79/83 3409/93/83
f 3410/94/84 3432/95/84 3434/96/84
f 3410/94/85 3434/96/85 3423/97/85
f 3419/98/86 3440/99/86 3441/100/86
f 3419/98/87 3441/100/87 3421/101/87
f 3422/102/88 3426/103/88 3442/104/88
f 3423/97/89 3434/96/89 3443/105/89
f 3422/102/90 3442/104/90 3432/106/90
f 3422/102/91 3432/106/91 3410/107/91
s 1
f 2085/108/92 2077/109/93 2070/110/94
f 2085/108/92 2070/110/94 2078/111/95
f 2080/112/96 2072/113/97 2073/114/98
f 2080/112/96 2073/114/98 2081/115/99
f 2081/115/99 2073/114/98 2074/116/100
f 2081/115/99 2074/116/100 2082/117/101
f 2082/118/101 2074/119/100 2075/120/102
f 2082/118/101 2075/120/102 2083/121/103
f 2083/121/103 2075/120/102 2076/122/104
f 2083/121/103 2076/122/104 2084/123/105
f 2084/123/105 2076/122/104 2077/109/93
f 2084/123/105 2077/109/93 2085/108/92
f 2109/124/106 2113/125/107 2086/126/108
f 2072/113/97 2071/127/109 2112/128/110
f 2072/113/97 2112/128/110 2108/129/111
f 2079/130/112 2071/127/109 2072/113/97
f 2079/130/112 2072/113/97 2080/112/96
f 2078/111/95 2070/110/94 2071/127/109
f 2078/111/95 2071/127/109 2079/130/112
f 2078/111/95 2079/130/112 2087/131/113
f 2078/111/95 2087/131/113 2088/132/114
f 2079/130/112 2080/112/96 2089/133/115
f 2079/130/112 2089/133/115 2087/131/113
f 2080/112/96 2081/115/99 2090/134/116
f 2080/112/96 2090/134/116 2089/133/115
f 2081/115/99 2082/117/101 2091/135/117
f 2081/115/99 2091/135/117 2090/134/116
f 2082/118/101 2083/121/103 2092/136/118
f 2082/118/101 2092/136/118 2091/137/117
f 2083/121/103 2084/123/105 2093/138/119
f 2083/121/103 2093/138/119 2092/136/118
f 2084/123/105 2085/108/92 2094/139/120
f 2084/123/105 2094/139/120 2093/138/119
f 2085/108/92 2078/111/95 2088/132/114
f 2085/108/92 2088/132/114 2094/139/120
f 2103/140/121 2105/141/122 2086/126/108
f 2099/142/123 2101/143/124 2086/126/108
f 2107/144/125 2109/124/106 2086/126/108
f 2101/143/124 2103/140/121 2086/126/108
f 2105/145/122 2107/144/125 2086/126/108
f 2070/110/94 2077/109/93 2098/146/126
f 2070/110/94 2098/146/126 2111/147/127
f 2073/114/98 2072/113/97 2108/129/111
f 2073/114/98 2108/129/111 2106/148/128
f 2110/149/129 2099/142/123 2086/126/108
f 2071/127/109 2070/110/94 2111/147/127
f 2071/127/109 2111/147/127 2112/128/110
f 2076/122/104 2075/120/102 2102/150/130
f 2076/122/104 2102/150/130 2100/151/131
f 2113/125/107 2110/149/129 2086/126/108
f 2074/116/100 2073/114/98 2106/148/128
f 2074/116/100 2106/148/128 2104/152/132
f 2075/120/102 2074/119/100 2104/153/132
f 2075/120/102 2104/153/132 2102/150/130
f 2061/154/133 2060/155/134 2089/133/115
f 2061/154/133 2089/133/115 2090/134/116
f 2096/156/135 2059/157/136 2088/132/114
f 2096/156/135 2088/132/114 2087/131/113
f 2062/158/137 2061/154/133 2090/134/116
f 2062/158/137 2090/134/116 2091/135/117
f 2097/159/138 2062/160/137 2091/137/117
f 2097/159/138 2091/137/117 2092/136/118
f 2095/161/139 2058/162/140 2093/138/119
f 2095/161/139 2093/138/119 2094/139/120
f 2060/155/134 2096/156/135 2087/131/113
f 2060/155/134 2087/131/113 2089/133/115
f 2059/157/136 2095/161/139 2094/139/120
f 2059/157/136 2094/139/120 2088/132/114
f 2058/162/140 2097/159/138 2092/136/118
f 2058/162/140 2092/136/118 2093/138/119
f 2111/147/127 2098/146/126 2099/142/123
f 2111/147/127 2099/142/123 2110/149/129
f 2098/146/126 2100/151/131 2101/143/124
f 2098/146/126 2101/143/124 2099/142/123
f 2100/151/131 2102/150/130 2103/140/121
f 2100/151/131 2103/140/121 2101/143/124
f 2102/150/130 2104/153/132 2105/141/122
f 2102/150/130 2105/141/122 2103/140/121
f 2104/152/132 2106/148/128 2107/144/125
f 2104/152/132 2107/144/125 2105/145/122
f 2106/148/128 2108/129/111 2109/124/106
f 2106/148/128 2109/124/106 2107/144/125
f 2108/129/111 2112/128/110 2113/125/107
f 2108/129/111 2113/125/107 2109/124/106
f 2112/128/110 2111/147/127 2110/149/129
f 2112/128/110 2110/149/129 2113/125/107
f 2077/109/93 2076/122/104 2100/151/131
f 2077/109/93 2100/151/131 2098/146/126
f 2140/163/92 2132/164/93 2125/165/94
f 2140/163/92 2125/165/94 2133/166/95
f 2135/167/96 2127/168/97 2128/169/98
f 2135/167/96 2128/169/98 2136/170/99
f 2136/170/99 2128/169/98 2129/171/100
f 2136/170/99 2129/171/100 2137/172/101
f 2137/173/101 2129/174/100 2130/175/102
f 2137/173/101 2130/175/102 2138/176/103
f 2138/176/103 2130/175/102 2131/177/104
f 2138/176/103 2131/177/104 2139/178/105
f 2139/178/105 2131/177/104 2132/164/93
f 2139/178/105 2132/164/93 2140/163/92
f 2166/179/141 2170/180/107 2141/181/142
f 2127/168/97 2126/182/109 2169/183/110
f 2127/168/97 2169/183/110 2165/184/111
f 2134/185/112 2126/182/109 2127/168/97
f 2134/185/112 2127/168/97 2135/167/96
f 2133/166/95 2125/165/94 2126/182/109
f 2133/166/95 2126/182/109 2134/185/112
f 2133/166/95 2134/185/112 2142/186/113
f 2133/166/95 2142/186/113 2143/187/114
f 2134/185/112 2135/167/96 2144/188/115
f 2134/185/112 2144/188/115 2142/186/113
f 2135/167/96 2136/170/99 2145/189/116
f 2135/167/96 2145/189/116 2144/188/115
f 2136/170/99 2137/172/101 2146/190/117
f 2136/170/99 2146/190/117 2145/189/116
f 2137/173/101 2138/176/103 2147/191/118
f 2137/173/101 2147/191/118 2146/192/117
f 2138/176/103 2139/178/105 2148/193/119
f 2138/176/103 2148/193/119 2147/191/118
f 2139/178/105 2140/163/92 2149/194/120
f 2139/178/105 2149/194/120 2148/193/119
f 2140/163/92 2133/166/95 2143/187/114
f 2140/163/92 2143/187/114 2149/194/120
f 2160/195/143 2162/196/122 2141/181/142
f 2156/197/144 2158/198/124 2141/181/142
f 2164/199/125 2166/179/141 2141/181/142
f 2158/198/124 2160/195/143 2141/181/142
f 2162/200/122 2164/199/125 2141/181/142
f 2125/165/94 2132/164/93 2155/201/126
f 2125/165/94 2155/201/126 2168/202/145
f 2128/169/98 2127/168/97 2165/184/111
f 2128/169/98 2165/184/111 2163/203/128
f 2167/204/129 2156/197/144 2141/181/142
f 2126/182/109 2125/165/94 2168/202/145
f 2126/182/109 2168/202/145 2169/183/110
f 2131/177/104 2130/175/102 2159/205/130
f 2131/177/104 2159/205/130 2157/206/131
f 2170/180/107 2167/204/129 2141/181/142
f 2129/171/100 2128/169/98 2163/203/128
f 2129/171/100 2163/203/128 2161/207/132
f 2130/175/102 2129/174/100 2161/208/132
f 2130/175/102 2161/208/132 2159/205/130
f 2117/209/146 2116/210/147 2144/188/115
f 2117/209/146 2144/188/115 2145/189/116
f 2152/211/148 2151/212/149 2143/187/114
f 2152/211/148 2143/187/114 2142/186/113
f 2153/213/150 2117/209/146 2145/189/116
f 2153/213/150 2145/189/116 2146/190/117
f 2154/214/151 2153/215/150 2146/192/117
f 2154/214/151 2146/192/117 2147/191/118
f 2150/216/152 2115/217/153 2148/193/119
f 2150/216/152 2148/193/119 2149/194/120
f 2116/210/147 2152/211/148 2142/186/113
f 2116/210/147 2142/186/113 2144/188/115
f 2151/212/149 2150/216/152 2149/194/120
f 2151/212/149 2149/194/120 2143/187/114
f 2115/217/153 2154/214/151 2147/191/118
f 2115/217/153 2147/191/118 2148/193/119
f 2168/202/145 2155/201/126 2156/197/144
f 2168/202/145 2156/197/144 2167/204/129
f 2155/201/126 2157/206/131 2158/198/124
f 2155/201/126 2158/198/124 2156/197/144
f 2157/206/131 2159/205/130 2160/195/143
f 2157/206/131 2160/195/143 2158/198/124
f 2159/205/130 2161/208/132 2162/196/122
f 2159/205/130 2162/196/122 2160/195/143
f 2161/207/132 2163/203/128 2164/199/125
f 2161/207/132 2164/199/125 2162/200/122
f 2163/203/128 2165/184/111 2166/179/141
f 2163/203/128 2166/179/141 2164/199/125
f 2165/184/111 2169/183/110 2170/180/107
f 2165/184/111 2170/180/107 2166/179/141
f 2169/183/110 2168/202/145 2167/204/129
f 2169/183/110 2167/204/129 2170/180/107
f 2132/164/93 2131/177/104 2157/206/131
f 2132/164/93 2157/206/131 2155/201/126
f 2198/218/92 2190/219/93 2183/220/94
f 2198/218/92 2183/220/94 2191/221/95
f 2193/222/96 2185/223/97 2186/224/98
f 2193/222/96 2186/224/98 2194/225/99
f 2194/225/99 2186/224/98 2187/226/100
f 2194/225/99 2187/226/100 2195/227/101
f 2195/228/101 2187/229/100 2188/230/102
f 2195/228/101 2188/230/102 2196/231/103
f 2196/231/103 2188/230/102 2189/232/104
f 2196/231/103 2189/232/104 2197/233/105
f 2197/233/105 2189/232/104 2190/219/93
f 2197/233/105 2190/219/93 2198/218/92
f 2223/234/141 2227/235/154 2199/236/108
f 2185/223/97 2184/237/109 2226/238/110
f 2185/223/97 2226/238/110 2222/239/111
f 2192/240/112 2184/237/109 2185/223/97
f 2192/240/112 2185/223/97 2193/222/96
f 2191/221/95 2183/220/94 2184/237/109
f 2191/221/95 2184/237/109 2192/240/112
f 2191/221/95 2192/240/112 2200/241/113
f 2191/221/95 2200/241/113 2201/242/114
f 2192/240/112 2193/222/96 2202/243/115
f 2192/240/112 2202/243/115 2200/241/113
f 2193/222/96 2194/225/99 2203/244/116
f 2193/222/96 2203/244/116 2202/243/115
f 2194/225/99 2195/227/101 2204/245/155
f 2194/225/99 2204/245/155 2203/244/116
f 2195/228/101 2196/231/103 2205/246/118
f 2195/228/101 2205/246/118 2204/247/155
f 2196/231/103 2197/233/105 2206/248/119
f 2196/231/103 2206/248/119 2205/246/118
f 2197/233/105 2198/218/92 2207/249/120
f 2197/233/105 2207/249/120 2206/248/119
f 2198/218/92 2191/221/95 2201/242/114
f 2198/218/92 2201/242/114 2207/249/120
f 2217/250/121 2219/251/122 2199/236/108
f 2213/252/144 2215/253/124 2199/236/108
f 2221/254/125 2223/234/141 2199/236/108
f 2215/253/124 2217/250/121 2199/236/108
f 2219/255/122 2221/254/125 2199/236/108
f 2183/220/94 2190/219/93 2212/256/126
f 2183/220/94 2212/256/126 2225/257/156
f 2186/224/98 2185/223/97 2222/239/111
f 2186/224/98 2222/239/111 2220/258/128
f 2224/259/157 2213/252/144 2199/236/108
f 2184/237/109 2183/220/94 2225/257/156
f 2184/237/109 2225/257/156 2226/238/110
f 2189/232/104 2188/230/102 2216/260/130
f 2189/232/104 2216/260/130 2214/261/131
f 2227/235/154 2224/259/157 2199/236/108
f 2187/226/100 2186/224/98 2220/258/128
f 2187/226/100 2220/258/128 2218/262/132
f 2188/230/102 2187/229/100 2218/263/132
f 2188/230/102 2218/263/132 2216/260/130
f 2210/264/133 2209/265/147 2202/243/115
f 2210/264/133 2202/243/115 2203/244/116
f 2174/266/135 2173/267/158 2201/242/114
f 2174/266/135 2201/242/114 2200/241/113
f 2175/268/137 2210/264/133 2203/244/116
f 2175/268/137 2203/244/116 2204/245/155
f 2211/269/151 2175/270/137 2204/247/155
f 2211/269/151 2204/247/155 2205/246/118
f 2208/271/139 2172/272/159 2206/248/119
f 2208/271/139 2206/248/119 2207/249/120
f 2209/265/147 2174/266/135 2200/241/113
f 2209/265/147 2200/241/113 2202/243/115
f 2173/267/158 2208/271/139 2207/249/120
f 2173/267/158 2207/249/120 2201/242/114
f 2172/272/159 2211/269/151 2205/246/118
f 2172/272/159 2205/246/118 2206/248/119
f 2225/257/156 2212/256/126 2213/252/144
f 2225/257/156 2213/252/144 2224/259/157
f 2212/256/126 2214/261/131 2215/253/124
f 2212/256/126 2215/253/124 2213/252/144
f 2214/261/131 2216/260/130 2217/250/121
f 2214/261/131 2217/250/121 2215/253/124
f 2216/260/130 2218/263/132 2219/251/122
f 2216/260/130 2219/251/122 2217/250/121
f 2218/262/132 2220/258/128 2221/254/125
f 2218/262/132 2221/254/125 2219/255/122
f 2220/258/128 2222/239/111 2223/234/141
f 2220/258/128 2223/234/141 2221/254/125
f 2222/239/111 2226/238/110 2227/235/154
f 2222/239/111 2227/235/154 2223/234/141
f 2226/238/110 2225/257/156 2224/259/157
f 2226/238/110 2224/259/157 2227/235/154
f 2190/219/93 2189/232/104 2214/261/131
f 2190/219/93 2214/261/131 2212/256/126
f 2256/273/92 2248/274/93 2241/275/94
f 2256/273/92 2241/275/94 2249/276/95
f 2251/277/96 2243/278/97 2244/279/98
f 2251/277/96 2244/279/98 2252/280/99
f 2252/280/99 2244/279/98 2245/281/100
f 2252/280/99 2245/281/100 2253/282/101
f 2253/283/101 2245/284/100 2246/285/102
f 2253/283/101 2246/285/102 2254/286/103
f 2254/286/103 2246/285/102 2247/287/104
f 2254/286/103 2247/287/104 2255/288/105
f 2255/288/105 2247/287/104 2248/274/93
f 2255/288/105 2248/274/93 2256/273/92
f 2280/289/106 2284/290/107 2257/291/142
f 2243/278/97 2242/292/109 2283/293/110
f 2243/278/97 2283/293/110 2279/294/111
f 2250/295/112 2242/292/109 2243/278/97
f 2250/295/112 2243/278/97 2251/277/96
f 2249/276/95 2241/275/94 2242/292/109
f 2249/276/95 2242/292/109 2250/295/112
f 2249/276/95 2250/295/112 2258/296/113
f 2249/276/95 2258/296/113 2259/297/114
f 2250/295/112 2251/277/96 2260/298/115
f 2250/295/112 2260/298/115 2258/296/113
f 2251/277/96 2252/280/99 2261/299/116
f 2251/277/96 2261/299/116 2260/298/115
f 2252/280/99 2253/282/101 2262/300/117
f 2252/280/99 2262/300/117 2261/299/116
f 2253/283/101 2254/286/103 2263/301/118
f 2253/283/101 2263/301/118 2262/302/117
f 2254/286/103 2255/288/105 2264/303/119
f 2254/286/103 2264/303/119 2263/301/118
f 2255/288/105 2256/273/92 2265/304/120
f 2255/288/105 2265/304/120 2264/303/119
f 2256/273/92 2249/276/95 2259/297/114
f 2256/273/92 2259/297/114 2265/304/120
f 2274/305/143 2276/306/160 2257/291/142
f 2270/307/123 2272/308/124 2257/291/142
f 2278/309/161 2280/289/106 2257/291/142
f 2272/308/124 2274/305/143 2257/291/142
f 2276/310/160 2278/309/161 2257/291/142
f 2241/275/94 2248/274/93 2269/311/126
f 2241/275/94 2269/311/126 2282/312/127
f 2244/279/98 2243/278/97 2279/294/111
f 2244/279/98 2279/294/111 2277/313/128
f 2281/314/157 2270/307/123 2257/291/142
f 2242/292/109 2241/275/94 2282/312/127
f 2242/292/109 2282/312/127 2283/293/110
f 2247/287/104 2246/285/102 2273/315/130
f 2247/287/104 2273/315/130 2271/316/131
f 2284/290/107 2281/314/157 2257/291/142
f 2245/281/100 2244/279/98 2277/313/128
f 2245/281/100 2277/313/128 2275/317/132
f 2246/285/102 2245/284/100 2275/318/132
f 2246/285/102 2275/318/132 2273/315/130
f 2232/319/162 2231/320/134 2260/298/115
f 2232/319/162 2260/298/115 2261/299/116
f 2267/321/135 2266/322/163 2259/297/114
f 2267/321/135 2259/297/114 2258/296/113
f 2233/323/164 2232/319/162 2261/299/116
f 2233/323/164 2261/299/116 2262/300/117
f 2268/324/165 2233/325/164 2262/302/117
f 2268/324/165 2262/302/117 2263/301/118
f 2230/326/166 2229/327/167 2264/303/119
f 2230/326/166 2264/303/119 2265/304/120
f 2231/320/134 2267/321/135 2258/296/113
f 2231/320/134 2258/296/113 2260/298/115
f 2266/322/163 2230/326/166 2265/304/120
f 2266/322/163 2265/304/120 2259/297/114
f 2229/327/167 2268/324/165 2263/301/118
f 2229/327/167 2263/301/118 2264/303/119
f 2282/312/127 2269/311/126 2270/307/123
f 2282/312/127 2270/307/123 2281/314/157
f 2269/311/126 2271/316/131 2272/308/124
f 2269/311/126 2272/308/124 2270/307/123
f 2271/316/131 2273/315/130 2274/305/143
f 2271/316/131 2274/305/143 2272/308/124
f 2273/315/130 2275/318/132 2276/306/160
f 2273/315/130 2276/306/160 2274/305/143
f 2275/317/132 2277/313/128 2278/309/161
f 2275/317/132 2278/309/161 2276/310/160
f 2277/313/128 2279/294/111 2280/289/106
f 2277/313/128 2280/289/106 2278/309/161
f 2279/294/111 2283/293/110 2284/290/107
f 2279/294/111 2284/290/107 2280/289/106
f 2283/293/110 2282/312/127 2281/314/157
f 2283/293/110 2281/314/157 2284/290/107
f 2248/274/93 2247/287/104 2271/316/131
f 2248/274/93 2271/316/131 2269/311/126
f 2312/328/92 2304/329/93 2297/330/94
f 2312/328/92 2297/330/94 2305/331/95
f 2307/332/96 2299/333/97 2300/334/98
f 2307/332/96 2300/334/98 2308/335/99
f 2308/335/99 2300/334/98 2301/336/100
f 2308/335/99 2301/336/100 2309/337/101
f 2309/338/101 2301/339/100 2302/340/102
f 2309/338/101 2302/340/102 2310/341/103
f 2310/341/103 2302/340/102 2303/342/104
f 2310/341/103 2303/342/104 2311/343/105
f 2311/343/105 2303/342/104 2304/329/93
f 2311/343/105 2304/329/93 2312/328/92
f 2336/344/141 2340/345/107 2313/346/142
f 2299/333/97 2298/347/109 2339/348/110
f 2299/333/97 2339/348/110 2335/349/111
f 2306/350/112 2298/347/109 2299/333/97
f 2306/350/112 2299/333/97 2307/332/96
f 2305/331/95 2297/330/94 2298/347/109
f 2305/331/95 2298/347/109 2306/350/112
f 2305/331/95 2306/350/112 2314/351/113
f 2305/331/95 2314/351/113 2315/352/114
f 2306/350/112 2307/332/96 2316/353/115
f 2306/350/112 2316/353/115 2314/351/113
f 2307/332/96 2308/335/99 2317/354/116
f 2307/332/96 2317/354/116 2316/353/115
f 2308/335/99 2309/337/101 2318/355/155
f 2308/335/99 2318/355/155 2317/354/116
f 2309/338/101 2310/341/103 2319/356/118
f 2309/338/101 2319/356/118 2318/357/155
f 2310/341/103 2311/343/105 2320/358/119
f 2310/341/103 2320/358/119 2319/356/118
f 2311/343/105 2312/328/92 2321/359/120
f 2311/343/105 2321/359/120 2320/358/119
f 2312/328/92 2305/331/95 2315/352/114
f 2312/328/92 2315/352/114 2321/359/120
f 2330/360/121 2332/361/160 2313/346/142
f 2326/362/144 2328/363/124 2313/346/142
f 2334/364/161 2336/344/141 2313/346/142
f 2328/363/124 2330/360/121 2313/346/142
f 2332/365/160 2334/364/161 2313/346/142
f 2297/330/94 2304/329/93 2325/366/168
f 2297/330/94 2325/366/168 2338/367/127
f 2300/334/98 2299/333/97 2335/349/111
f 2300/334/98 2335/349/111 2333/368/128
f 2337/369/129 2326/362/144 2313/346/142
f 2298/347/109 2297/330/94 2338/367/127
f 2298/347/109 2338/367/127 2339/348/110
f 2303/342/104 2302/340/102 2329/370/130
f 2303/342/104 2329/370/130 2327/371/131
f 2340/345/107 2337/369/129 2313/346/142
f 2301/336/100 2300/334/98 2333/368/128
f 2301/336/100 2333/368/128 2331/372/132
f 2302/340/102 2301/339/100 2331/373/132
f 2302/340/102 2331/373/132 2329/370/130
f 2323/374/146 2322/375/169 2316/353/115
f 2323/374/146 2316/353/115 2317/354/116
f 2289/376/170 2288/377/171 2315/352/114
f 2289/376/170 2315/352/114 2314/351/113
f 2324/378/172 2323/374/146 2317/354/116
f 2324/378/172 2317/354/116 2318/355/155
f 2290/379/151 2324/380/172 2318/357/155
f 2290/379/151 2318/357/155 2319/356/118
f 2287/381/173 2286/382/140 2320/358/119
f 2287/381/173 2320/358/119 2321/359/120
f 2322/375/169 2289/376/170 2314/351/113
f 2322/375/169 2314/351/113 2316/353/115
f 2288/377/171 2287/381/173 2321/359/120
f 2288/377/171 2321/359/120 2315/352/114
f 2286/382/140 2290/379/151 2319/356/118
f 2286/382/140 2319/356/118 2320/358/119
f 2338/367/127 2325/366/168 2326/362/144
f 2338/367/127 2326/362/144 2337/369/129
f 2325/366/168 2327/371/131 2328/363/124
f 2325/366/168 2328/363/124 2326/362/144
f 2327/371/131 2329/370/130 2330/360/121
f 2327/371/131 2330/360/121 2328/363/124
f 2329/370/130 2331/373/132 2332/361/160
f 2329/370/130 2332/361/160 2330/360/121
f 2331/372/132 2333/368/128 2334/364/161
f 2331/372/132 2334/364/161 2332/365/160
f 2333/368/128 2335/349/111 2336/344/141
f 2333/368/128 2336/344/141 2334/364/161
f 2335/349/111 2339/348/110 2340/345/107
f 2335/349/111 2340/345/107 2336/344/141
f 2339/348/110 2338/367/127 2337/369/129
f 2339/348/110 2337/369/129 2340/345/107
f 2304/329/93 2303/342/104 2327/371/131
f 2304/329/93 2327/371/131 2325/366/168
f 2358/383/174 2350/384/93 2343/385/94
f 2358/383/174 2343/385/94 2351/386/95
f 2353/387/96 2345/388/97 2346/389/98
f 2353/387/96 2346/389/98 2354/390/99
f 2354/390/99 2346/389/98 2347/391/100
f 2354/390/99 2347/391/100 2355/392/175
f 2355/393/175 2347/394/100 2348/395/102
f 2355/393/175 2348/395/102 2356/396/103
f 2356/396/103 2348/395/102 2349/397/104
f 2356/396/103 2349/397/104 2357/398/176
f 2357/398/176 2349/397/104 2350/384/93
f 2357/398/176 2350/384/93 2358/383/174
f 2384/399/106 2388/400/107 2359/401/142
f 2345/388/97 2344/402/109 2387/403/110
f 2345/388/97 2387/403/110 2383/404/111
f 2352/405/112 2344/402/109 2345/388/97
f 2352/405/112 2345/388/97 2353/387/96
f 2351/386/95 2343/385/94 2344/402/109
f 2351/386/95 2344/402/109 2352/405/112
f 2351/386/95 2352/405/112 2360/406/177
f 2351/386/95 2360/406/177 2361/407/178
f 2352/405/112 2353/387/96 2362/408/115
f 2352/405/112 2362/408/115 2360/406/177
f 2353/387/96 2354/390/99 2363/409/116
f 2353/387/96 2363/409/116 2362/408/115
f 2354/390/99 2355/392/175 2364/410/155
f 2354/390/99 2364/410/155 2363/409/116
f 2355/393/175 2356/396/103 2365/411/179
f 2355/393/175 2365/411/179 2364/412/155
f 2356/396/103 2357/398/176 2366/413/180
f 2356/396/103 2366/413/180 2365/411/179
f 2357/398/176 2358/383/174 2367/414/181
f 2358/383/174 2351/386/95 2361/407/178
f 2378/415/121 2380/416/160 2359/401/142
f 2374/417/144 2376/418/124 2359/401/142
f 2382/419/161 2384/399/106 2359/401/142
f 2376/418/124 2378/415/121 2359/401/142
f 2380/420/160 2382/419/161 2359/401/142
f 2343/385/94 2350/384/93 2373/421/126
f 2343/385/94 2373/421/126 2386/422/182
f 2346/389/98 2345/388/97 2383/404/111
f 2346/389/98 2383/404/111 2381/423/128
f 2385/424/129 2374/417/144 2359/401/142
f 2344/402/109 2343/385/94 2386/422/182
f 2344/402/109 2386/422/182 2387/403/110
f 2349/397/104 2348/395/102 2377/425/130
f 2349/397/104 2377/425/130 2375/426/131
f 2388/400/107 2385/424/129 2359/401/142
f 2347/391/100 2346/389/98 2381/423/128
f 2347/391/100 2381/423/128 2379/427/132
f 2348/395/102 2347/394/100 2379/428/132
f 2348/395/102 2379/428/132 2377/425/130
f 2370/429/183 2369/430/184 2362/408/115
f 2370/429/183 2362/408/115 2363/409/116
f 2368/431/185 2361/407/178 2360/406/177
f 2371/432/186 2370/429/183 2363/409/116
f 2371/432/186 2363/409/116 2364/410/155
f 2372/433/187 2371/434/186 2364/412/155
f 2372/433/187 2364/412/155 2365/411/179
f 2369/430/184 2360/406/177 2362/408/115
f 2386/422/182 2373/421/126 2374/417/144
f 2386/422/182 2374/417/144 2385/424/129
f 2373/421/126 2375/426/131 2376/418/124
f 2373/421/126 2376/418/124 2374/417/144
f 2375/426/131 2377/425/130 2378/415/121
f 2375/426/131 2378/415/121 2376/418/124
f 2377/425/130 2379/428/132 2380/416/160
f 2377/425/130 2380/416/160 2378/415/121
f 2379/427/132 2381/423/128 2382/419/161
f 2379/427/132 2382/419/161 2380/420/160
f 2381/423/128 2383/404/111 2384/399/106
f 2381/423/128 2384/399/106 2382/419/161
f 2383/404/111 2387/403/110 2388/400/107
f 2383/404/111 2388/400/107 2384/399/106
f 2387/403/110 2386/422/182 2385/424/129
f 2387/403/110 2385/424/129 2388/400/107
f 2350/384/93 2349/397/104 2375/426/131
f 2350/384/93 2375/426/131 2373/421/126
f 2624/435/188 2635/436/189 2397/437/190
f 2624/435/188 2397/437/190 2395/438/191
f 2396/439/192 2398/440/193 2404/441/194
f 2396/439/192 2404/441/194 2401/442/195
f 2648/443/196 2655/444/197 2408/445/198
f 2405/446/199 2648/443/196 2408/445/198
f 2407/447/200 2409/448/201 2415/449/202
f 2407/447/200 2415/449/202 2412/450/203
f 2667/451/204 2678/452/205 2420/453/206
f 2667/451/204 2420/453/206 2666/454/207
f 2666/454/207 2420/453/206 2416/455/208
f 2421/456/209 2427/457/210 2422/458/211
f 2417/459/212 2421/456/209 2422/458/211
f 2596/460/213 2608/461/214 2432/462/215
f 2429/463/216 2596/460/213 2432/462/215
f 2431/464/217 2439/465/218 2437/466/219
f 2431/464/217 2433/467/220 2439/465/218
f 2623/468/221 2604/469/222 2428/470/223
f 2872/471/224 2428/470/225 2434/472/226
f 2441/473/227 2569/474/228 2444/475/229
f 2569/474/228 2580/476/230 2444/475/229
f 2446/477/231 2451/478/232 2443/479/233
f 2443/479/233 2451/478/232 2448/480/234
f 2776/481/235 2784/482/236 2457/483/237
f 2457/483/237 2784/482/236 2460/484/238
f 2458/485/239 2461/486/240 2471/487/241
f 2458/485/239 2471/487/241 2468/488/242
f 2785/489/243 2795/490/244 2464/491/245
f 2785/489/243 2464/491/245 2463/492/246
f 2463/493/247 2466/494/248 2455/495/249
f 2788/496/250 2462/497/251 2778/498/252
f 2465/499/253 2781/500/254 2453/501/255
f 2796/502/256 2478/503/257 2475/504/258
f 2476/505/259 2480/506/260 2491/507/261
f 2487/508/262 2476/505/259 2491/507/261
f 2481/509/263 2817/510/264 2484/511/265
f 2485/512/266 2473/513/267 2483/514/268
f 2483/514/268 2473/513/267 2472/515/269
f 2818/516/270 2474/517/271 2486/518/272
f 2819/519/273 2831/520/274 2500/521/275
f 2819/519/273 2500/521/275 2497/522/276
f 2499/523/277 2502/524/278 2512/525/279
f 2499/523/277 2512/525/279 2509/526/280
f 2832/527/281 2846/528/282 2506/529/283
f 2832/527/281 2506/529/283 2503/530/284
f 2504/531/285 2507/532/286 2496/533/287
f 2504/531/285 2496/533/287 2493/534/288
f 2874/535/289 2504/531/285 2493/534/288
f 2825/536/290 2833/537/291 2505/538/292
f 2825/536/290 2505/538/292 2874/539/293
f 2519/540/294 2858/541/295 2522/542/296
f 2523/543/297 2534/544/298 2520/545/299
f 2520/545/299 2534/544/298 2531/546/300
f 2859/547/301 2527/548/302 2524/549/303
f 2525/550/304 2529/551/305 2514/552/306
f 2514/552/306 2529/551/305 2517/553/307
f 2851/554/308 2526/555/309 2515/556/310
f 2871/557/311 2853/558/312 2517/559/313
f 2871/557/311 2517/559/313 2528/560/314
f 2695/561/315 2707/562/316 2539/563/317
f 2535/564/318 2695/561/315 2539/563/317
f 2537/565/319 2546/566/320 2543/567/321
f 2537/565/319 2540/568/322 2546/566/320
f 2721/569/323 2734/570/324 2547/571/325
f 2547/571/325 2734/570/324 2551/572/326
f 2552/573/327 2556/574/328 2554/575/329
f 2549/576/330 2552/573/327 2554/575/329
f 2750/577/331 2762/578/332 2560/579/333
f 2750/577/331 2560/579/333 2557/580/334
f 2559/581/335 2562/582/336 2567/583/337
f 2559/581/335 2567/583/337 2564/584/338
f 2445/585/339 2578/586/340 2449/587/341
f 2449/587/341 2578/586/340 2591/588/342
f 2591/588/342 2578/586/340 2575/589/343
f 2595/590/344 2591/588/342 2575/589/343
f 2442/591/345 2588/592/346 2568/593/347
f 2568/593/347 2588/592/346 2585/594/348
f 2568/593/347 2585/594/348 2571/595/349
f 2585/594/348 2581/596/350 2571/595/349
f 2571/595/349 2581/596/350 2573/597/351
f 2447/598/352 2450/599/353 2589/600/354
f 2587/601/355 2447/598/352 2589/600/354
f 2587/601/355 2589/600/354 2590/602/356
f 2587/601/355 2590/602/356 2586/603/357
f 2586/603/357 2590/602/356 2592/604/358
f 2586/603/357 2592/604/358 2584/605/359
f 2584/605/359 2592/604/358 2593/606/360
f 2584/605/359 2593/606/360 2594/607/361
f 2584/605/359 2594/607/361 2583/608/362
f 2582/609/363 2583/608/362 2594/607/361
f 2582/609/363 2594/607/361 2873/610/364
f 2574/611/365 2440/612/366 2576/613/367
f 2574/611/365 2576/613/367 2572/614/368
f 2570/615/369 2572/614/368 2577/616/370
f 2572/614/368 2576/613/367 2577/616/370
f 2570/615/369 2577/616/370 2569/474/228
f 2569/474/228 2577/616/370 2579/617/371
f 2569/474/228 2579/617/371 2580/476/230
f 2618/618/372 2609/619/373 2606/620/374
f 2618/618/372 2606/620/374 2621/621/375
f 2621/621/375 2606/620/374 2604/469/222
f 2621/621/375 2604/469/222 2623/468/221
f 2430/622/376 2435/623/377 2616/624/378
f 2430/622/376 2616/624/378 2600/625/379
f 2600/625/379 2616/624/378 2612/626/380
f 2600/625/379 2612/626/380 2602/627/381
f 2438/628/382 2617/629/383 2436/630/384
f 2615/631/385 2436/630/384 2617/629/383
f 2615/631/385 2617/629/383 2619/632/386
f 2615/631/385 2619/632/386 2614/633/387
f 2614/633/387 2619/632/386 2613/634/388
f 2619/632/386 2620/635/389 2613/634/388
f 2611/636/390 2613/634/388 2620/635/389
f 2611/636/390 2620/635/389 2622/637/391
f 2611/636/390 2622/637/391 2610/638/392
f 2601/639/393 2603/640/394 2605/641/395
f 2601/639/393 2605/641/395 2599/642/396
f 2599/642/396 2605/641/395 2598/643/397
f 2598/643/397 2605/641/395 2607/644/398
f 2598/643/397 2607/644/398 2597/645/399
f 2597/645/399 2607/644/398 2608/461/214
f 2597/645/399 2608/461/214 2596/460/213
f 2402/646/400 2398/647/401 2634/648/402
f 2402/646/400 2634/648/402 2643/649/403
f 2643/649/403 2634/648/402 2631/650/404
f 2643/649/403 2631/650/404 2646/651/405
f 2646/651/405 2631/650/404 2628/652/406
f 2395/653/191 2399/654/407 2624/655/188
f 2624/655/188 2399/654/407 2639/656/408
f 2624/655/188 2639/656/408 2625/657/409
f 2625/657/409 2639/656/408 2636/658/410
f 2400/659/411 2642/660/412 2641/661/413
f 2400/659/411 2403/662/414 2642/660/412
f 2641/661/413 2642/660/412 2644/663/415
f 2641/661/413 2644/663/415 2645/664/416
f 2641/661/413 2645/664/416 2640/665/417
f 2640/665/417 2645/664/416 2638/666/418
f 2638/666/418 2645/664/416 2647/667/419
f 2638/666/418 2647/667/419 2637/668/420
f 2627/669/421 2629/670/422 2630/671/423
f 2627/669/421 2630/671/423 2632/672/424
f 2627/669/421 2632/672/424 2626/673/425
f 2626/673/425 2632/672/424 2633/674/426
f 2626/673/425 2633/674/426 2624/435/188
f 2624/435/188 2633/674/426 2635/436/189
f 2414/675/427 2409/676/428 2664/677/429
f 2664/677/429 2409/676/428 2652/678/430
f 2406/679/431 2411/680/432 2649/681/433
f 2411/680/432 2658/682/434 2649/681/433
f 2649/681/433 2658/682/434 2650/683/435
f 2650/683/435 2658/682/434 2656/684/436
f 2413/685/437 2661/686/438 2410/687/439
f 2660/688/440 2410/687/439 2662/689/441
f 2660/688/440 2662/689/441 2659/690/442
f 2410/687/439 2661/686/438 2662/689/441
f 2659/690/442 2662/689/441 2663/691/443
f 2659/690/442 2663/691/443 2657/692/444
f 2657/692/444 2663/691/443 2665/693/445
f 2651/694/446 2653/695/447 2649/696/448
f 2649/696/448 2653/695/447 2654/697/449
f 2649/696/448 2654/697/449 2655/444/197
f 2649/696/448 2655/444/197 2648/443/196
f 2425/698/450 2419/699/451 2679/700/452
f 2687/701/453 2425/698/450 2679/700/452
f 2687/701/453 2679/700/452 2690/702/454
f 2679/700/452 2675/703/455 2690/702/454
f 2690/702/454 2673/704/456 2875/705/457
f 2690/702/454 2675/703/455 2673/704/456
f 2875/705/457 2673/704/456 2692/706/458
f 2418/707/459 2424/708/460 2685/709/461
f 2418/707/459 2685/709/461 2670/710/462
f 2670/710/462 2685/709/461 2682/711/463
f 2670/710/462 2682/711/463 2681/712/464
f 2670/710/462 2681/712/464 2672/713/465
f 2423/714/466 2426/715/467 2688/716/468
f 2423/714/466 2688/716/468 2689/717/469
f 2423/714/466 2689/717/469 2686/718/470
f 2686/718/470 2689/717/469 2684/719/471
f 2684/719/471 2689/717/469 2691/720/472
f 2683/721/473 2684/719/471 2693/722/474
f 2684/719/471 2691/720/472 2693/722/474
f 2683/721/473 2693/722/474 2680/723/475
f 2680/723/475 2693/722/474 2694/724/476
f 2671/725/477 2674/726/478 2675/727/479
f 2671/725/477 2675/727/479 2676/728/480
f 2671/725/477 2676/728/480 2669/729/481
f 2669/729/481 2676/728/480 2677/730/482
f 2669/729/481 2677/730/482 2668/731/483
f 2668/731/483 2678/452/205 2667/451/204
f 2668/731/483 2677/730/482 2678/452/205
f 2544/732/484 2705/733/485 2715/734/486
f 2544/732/484 2538/735/487 2705/733/485
f 2715/734/486 2705/733/485 2702/736/488
f 2715/734/486 2702/736/488 2719/737/489
f 2536/738/490 2541/739/491 2714/740/492
f 2536/738/490 2714/740/492 2696/741/493
f 2696/741/493 2714/740/492 2710/742/494
f 2696/741/493 2710/742/494 2700/743/495
f 2700/743/495 2710/742/494 2708/744/496
f 2542/745/497 2545/746/498 2716/747/499
f 2542/745/497 2716/747/499 2713/748/500
f 2712/749/501 2713/748/500 2716/747/499
f 2712/749/501 2716/747/499 2717/750/502
f 2711/751/503 2712/749/501 2717/750/502
f 2711/751/503 2717/750/502 2718/752/504
f 2709/753/505 2711/751/503 2720/754/506
f 2711/751/503 2718/752/504 2720/754/506
f 2699/755/507 2703/756/508 2698/757/509
f 2699/755/507 2701/758/510 2703/756/508
f 2698/757/509 2703/756/508 2704/759/511
f 2698/757/509 2704/759/511 2706/760/512
f 2697/761/513 2698/757/509 2706/760/512
f 2697/761/513 2706/760/512 2707/562/316
f 2697/761/513 2707/562/316 2695/561/315
f 2742/762/514 2550/763/515 2732/764/516
f 2742/762/514 2732/764/516 2745/765/517
f 2745/765/517 2732/764/516 2730/766/518
f 2745/765/517 2730/766/518 2748/767/519
f 2748/767/519 2730/766/518 2727/768/520
f 2548/769/521 2740/770/522 2737/771/523
f 2548/769/521 2737/771/523 2724/772/524
f 2724/772/524 2737/771/523 2735/773/525
f 2724/772/524 2735/773/525 2725/774/526
f 2553/775/527 2555/776/528 2741/777/529
f 2555/776/528 2743/778/530 2741/777/529
f 2741/777/529 2743/778/530 2744/779/531
f 2739/780/532 2741/777/529 2744/779/531
f 2739/780/532 2744/779/531 2746/781/533
f 2739/780/532 2746/781/533 2738/782/534
f 2738/782/534 2746/781/533 2747/783/535
f 2738/782/534 2747/783/535 2736/784/536
f 2736/784/536 2747/783/535 2749/785/537
f 2726/786/538 2728/787/539 2729/788/540
f 2723/789/541 2726/786/538 2729/788/540
f 2723/789/541 2729/788/540 2731/790/542
f 2723/789/541 2731/790/542 2722/791/543
f 2722/791/543 2733/792/544 2721/569/323
f 2722/791/543 2731/790/542 2733/792/544
f 2721/569/323 2733/792/544 2734/570/324
f 2566/793/545 2760/794/546 2772/795/547
f 2566/793/545 2561/796/548 2760/794/546
f 2760/794/546 2758/797/549 2772/795/547
f 2772/795/547 2758/797/549 2774/798/550
f 2751/799/551 2558/800/552 2767/801/553
f 2558/800/552 2769/802/554 2767/801/553
f 2751/799/551 2767/801/553 2764/803/555
f 2751/799/551 2764/803/555 2754/804/556
f 2563/805/557 2565/806/558 2770/807/559
f 2563/805/557 2770/807/559 2768/808/560
f 2768/808/560 2770/807/559 2771/809/561
f 2768/808/560 2771/809/561 2766/810/562
f 2766/810/562 2771/809/561 2765/811/563
f 2771/809/561 2773/812/564 2765/811/563
f 2765/811/563 2773/812/564 2775/813/565
f 2765/811/563 2775/813/565 2763/814/566
f 2755/815/567 2756/816/568 2753/817/569
f 2756/816/568 2757/818/570 2753/817/569
f 2753/817/569 2757/818/570 2759/819/571
f 2753/817/569 2759/819/571 2752/820/572
f 2752/820/572 2759/819/571 2761/821/573
f 2752/820/572 2761/821/573 2750/577/331
f 2750/577/331 2761/821/573 2762/578/332
f 2470/822/574 2459/823/575 2791/824/576
f 2791/824/576 2459/823/575 2465/499/253
f 2465/499/253 2459/823/575 2781/500/254
f 2456/825/577 2790/826/578 2788/496/250
f 2456/825/577 2788/496/250 2778/498/252
f 2467/827/579 2469/828/580 2792/829/581
f 2467/827/579 2792/829/581 2789/830/582
f 2792/829/581 2793/831/583 2789/830/582
f 2787/832/584 2789/830/582 2793/831/583
f 2787/832/584 2793/831/583 2794/833/585
f 2787/832/584 2794/833/585 2786/834/586
f 2786/834/586 2794/833/585 2785/489/243
f 2785/489/243 2794/833/585 2795/490/244
f 2454/835/587 2780/836/588 2452/837/589
f 2779/838/590 2452/837/589 2780/836/588
f 2779/838/590 2780/836/588 2777/839/591
f 2780/836/588 2782/840/592 2777/839/591
f 2777/839/591 2782/840/592 2783/841/593
f 2777/839/591 2783/841/593 2776/481/235
f 2776/481/235 2783/841/593 2784/482/236
f 2811/842/594 2479/843/595 2805/844/596
f 2811/842/594 2805/844/596 2814/845/597
f 2814/845/597 2805/844/596 2877/846/598
f 2815/847/599 2877/846/598 2805/844/596
f 2815/847/599 2805/844/596 2818/516/270
f 2818/516/270 2805/844/596 2474/517/271
f 2489/848/600 2810/849/601 2477/850/602
f 2477/850/602 2810/849/601 2797/851/603
f 2797/851/603 2810/849/601 2807/852/604
f 2797/851/603 2482/853/605 2800/854/606
f 2797/851/603 2807/852/604 2482/853/605
f 2488/855/607 2490/856/608 2812/857/609
f 2488/855/607 2812/857/609 2809/858/610
f 2809/858/610 2812/857/609 2813/859/611
f 2808/860/612 2809/858/610 2813/859/611
f 2808/860/612 2813/859/611 2876/861/613
f 2876/861/613 2815/862/614 2808/860/612
f 2808/860/612 2815/862/614 2816/863/615
f 2808/860/612 2816/863/615 2806/864/616
f 2806/864/616 2816/863/615 2817/510/264
f 2806/864/616 2817/510/264 2481/509/263
f 2472/865/269 2473/866/267 2801/867/617
f 2472/865/269 2801/867/617 2799/868/618
f 2799/868/618 2801/867/617 2802/869/619
f 2799/868/618 2802/869/619 2798/870/620
f 2798/870/620 2802/869/619 2803/871/621
f 2798/870/620 2803/871/621 2796/502/256
f 2796/502/256 2803/871/621 2804/872/622
f 2796/502/256 2804/872/622 2478/503/257
f 2510/873/623 2501/874/624 2829/875/625
f 2510/873/623 2829/875/625 2841/876/626
f 2841/876/626 2829/875/625 2842/877/627
f 2842/877/627 2829/875/625 2845/878/628
f 2845/878/628 2829/875/625 2495/879/629
f 2845/878/628 2495/879/629 2507/880/630
f 2498/881/631 2508/882/632 2839/883/633
f 2498/881/631 2839/883/633 2823/884/634
f 2839/883/633 2835/885/635 2823/884/634
f 2835/885/635 2833/537/291 2823/884/634
f 2825/536/290 2823/884/634 2833/537/291
f 2509/886/636 2511/887/637 2840/888/638
f 2509/886/636 2840/888/638 2838/889/639
f 2840/888/638 2843/890/640 2837/891/641
f 2838/889/639 2840/888/638 2837/891/641
f 2837/891/641 2843/890/640 2844/892/642
f 2837/891/641 2844/892/642 2836/893/643
f 2836/893/643 2844/892/642 2834/894/644
f 2834/894/644 2844/892/642 2846/528/282
f 2834/894/644 2846/528/282 2832/527/281
f 2494/895/645 2826/896/646 2824/897/647
f 2492/898/648 2494/895/645 2824/897/647
f 2824/897/647 2826/896/646 2827/899/649
f 2824/897/647 2827/899/649 2822/900/650
f 2822/900/650 2827/899/649 2828/901/651
f 2822/900/650 2828/901/651 2821/902/652
f 2821/902/652 2828/901/651 2830/903/653
f 2821/902/652 2830/903/653 2820/904/654
f 2820/904/654 2830/903/653 2831/520/274
f 2820/904/654 2831/520/274 2819/519/273
f 2532/905/655 2521/906/656 2857/907/657
f 2532/905/655 2857/907/657 2867/908/658
f 2867/908/658 2857/907/657 2853/558/312
f 2867/908/658 2853/558/312 2871/557/311
f 2518/909/659 2864/910/660 2850/911/661
f 2850/911/661 2864/910/660 2862/912/662
f 2851/554/308 2850/911/661 2862/912/662
f 2862/912/662 2526/555/309 2851/554/308
f 2530/913/663 2533/914/664 2866/915/665
f 2865/916/666 2530/913/663 2863/917/667
f 2530/913/663 2866/915/665 2868/918/668
f 2530/913/663 2868/918/668 2863/917/667
f 2863/917/667 2868/918/668 2861/919/669
f 2861/919/669 2868/918/668 2869/920/670
f 2860/921/671 2861/919/669 2869/920/670
f 2860/921/671 2869/920/670 2870/922/672
f 2860/921/671 2870/922/672 2859/547/301
f 2859/547/301 2870/922/672 2527/548/302
f 2516/923/673 2852/924/674 2513/925/675
f 2513/925/675 2852/924/674 2851/926/676
f 2851/926/676 2852/924/674 2854/927/677
f 2851/926/676 2854/927/677 2849/928/678
f 2854/927/677 2855/929/679 2849/928/678
f 2849/928/678 2855/929/679 2856/930/680
f 2848/931/681 2849/928/678 2856/930/680
f 2848/931/681 2856/930/680 2847/932/682
f 2847/932/682 2856/930/680 2858/541/295
f 2847/932/682 2858/541/295 2519/540/294
f 3107/933/683 2995/934/684 3109/935/685
f 3292/936/686 3294/937/687 3298/938/688
f 2988/939/689 2987/940/690 2989/941/691
f 3113/942/692 3112/943/693 3007/944/694
f 3202/945/695 3201/946/696 3081/947/697
f 2914/948/698 2920/949/699 2915/950/700
f 3091/951/701 2985/952/702 3229/953/703
f 3053/954/704 3187/955/705 3052/956/706
f 3128/957/707 2919/958/708 2916/959/709
f 2916/960/709 2919/961/708 2917/962/710
f 3307/963/711 3308/964/712 3302/965/713
f 3027/966/714 3026/967/715 2919/968/708
f 3333/969/716 3341/970/717 3337/971/718
f 3323/972/719 3315/973/720 3313/974/721
f 3141/975/722 2943/976/723 3051/977/724
f 3315/973/720 3314/978/725 3313/974/721
f 2930/979/726 2931/980/727 2924/981/728
f 3267/982/729 3272/983/730 3266/984/731
f 3126/985/732 3118/986/733 3117/987/734
f 3117/988/734 3238/989/735 3223/990/736
f 3134/991/737 2933/992/738 2926/993/739
f 3133/994/740 2927/995/741 3135/996/742
f 3133/994/740 3135/996/742 2928/997/743
f 3154/998/744 2976/999/745 3235/1000/746
f 3103/1001/747 2994/1002/748 2996/1003/749
f 3006/1004/750 3164/1005/751 3161/1006/752
f 2973/1007/753 2972/1008/754 2970/1009/755
f 2994/1010/748 3103/1011/747 2997/1012/756
f 3081/1013/697 2974/1014/757 3082/1015/758
f 2974/1016/757 3240/1017/759 2968/1018/760
f 3196/1019/761 3149/1020/762 2948/1021/763
f 3320/1022/764 3325/1023/765 3326/1024/766
f 2939/1025/767 2944/1026/768 2943/1027/723
f 2938/1028/769 2944/1026/768 2939/1025/767
f 3135/1029/742 3037/1030/770 3181/1031/771
f 2940/1032/772 2942/1033/773 3140/1034/774
f 3236/1035/775 2913/1036/776 2911/1037/777
f 2929/1038/778 2928/997/743 3135/996/742
f 3085/1039/779 3204/1040/780 3084/1041/781
f 3270/1042/782 3254/1043/777 3252/1044/783
f 3247/1045/784 3083/1046/785 2974/1047/757
f 2913/1048/776 2922/1049/786 2909/1050/787
f 3067/1051/788 2959/1052/789 2960/1053/790
f 3241/1054/791 3027/1055/714 3174/1056/792
f 3263/1057/793 3278/1058/794 3257/1059/795
f 2947/1060/796 2954/1061/797 3146/1062/798
f 3331/1063/799 3340/1064/800 3332/1065/801
f 2950/1066/802 2953/1067/803 2952/1068/804
f 2989/1069/691 2987/1070/690 3158/1071/805
f 2935/1072/806 3041/1073/807 3047/1074/808
f 3259/1075/809 3282/1076/810 3262/1077/811
f 2936/1078/812 2942/1079/813 3049/1080/814
f 3060/1081/815 3059/1082/816 2951/1083/817
f 3109/1084/818 3217/1085/819 3214/1086/820
f 3084/1041/781 3204/1040/780 3088/1087/821
f 3165/1088/822 3014/1089/823 3118/1090/824
f 3172/1091/825 3026/1092/715 3241/1054/791
f 2964/1093/826 2963/1094/827 2961/1095/828
f 3035/1096/829 3032/1097/830 2928/1098/831
f 3291/1099/832 3272/1100/730 3273/1101/833
f 3054/1102/834 3052/1103/835 2946/1104/836
f 3324/1105/837 3327/1106/838 3320/1107/839
f 3020/1108/840 2916/1109/709 3171/1110/841
f 3095/1111/842 3208/1112/843 3096/1113/844
f 3112/943/693 3219/1114/845 3007/944/694
f 3333/1115/846 3339/1116/847 3332/1065/801
f 3103/1011/747 3102/1117/848 2997/1012/756
f 3044/1118/849 3138/1119/850 2937/1120/851
f 3121/1121/852 3222/1122/853 3224/1123/854
f 3221/1124/855 3118/1090/824 3014/1089/823
f 2947/1125/856 2949/1126/857 3057/1127/858
f 2959/1128/789 3067/1129/788 3068/1130/859
f 3021/1131/860 2917/1132/710 2918/1133/861
f 3261/1134/862 3253/1135/863 3250/1136/864
f 3200/1137/865 3068/1138/866 3242/1139/867
f 2966/1140/868 2967/1141/869 3076/1142/870
f 3309/1143/871 3299/1144/872 3311/1145/873
f 3182/1146/874 3135/1029/742 2933/1147/738
f 3097/1148/875 3211/1149/876 3092/1150/877
f 2958/1151/878 2956/1152/879 2961/1095/828
f 3275/1153/880 3265/1154/881 3255/1155/882
f 3277/1156/883 3256/1157/776 3255/1158/884
f 3146/1062/798 2950/1066/802 2947/1060/796
f 3074/1159/885 3073/1160/886 3199/1161/887
f 2963/1094/827 2958/1151/878 2961/1095/828
f 3224/1123/854 3118/1162/888 3245/1163/889
f 3069/1164/890 3065/1165/891 2958/1166/878
f 3036/1167/892 3030/1168/893 3034/1169/894
f 2954/1170/895 2955/1171/896 3064/1172/897
f 3028/1173/898 2920/1174/699 3131/1175/899
f 2988/939/689 2989/941/691 2985/1176/702
f 2937/1120/851 3045/1177/900 3187/1178/705
f 3267/1179/729 3283/1180/901 3260/1181/902
f 2916/1182/709 3173/1183/903 2915/1184/904
f 3081/1185/697 3076/1142/870 2967/1141/869
f 3110/1186/905 3111/1187/906 3108/1188/907
f 3000/1189/908 3005/1190/909 3001/1191/910
f 2999/1192/911 3164/1193/751 3005/1190/909
f 3014/1194/823 3017/1195/912 3016/1196/913
f 3161/1006/752 2996/1197/914 3006/1004/750
f 3022/1198/915 3236/1199/775 3177/1200/916
f 3029/1201/917 3028/1173/898 2921/1202/918
f 3160/1203/919 2995/1204/684 2993/1205/920
f 3059/1082/816 2948/1206/763 2951/1083/817
f 3024/1207/921 3236/1035/775 2911/1037/777
f 3144/1208/922 3149/1209/762 2951/1210/923
f 3231/1211/924 3099/1212/925 2992/1213/926
f 3064/1172/897 3062/1214/927 2954/1170/895
f 3296/1215/928 3299/1144/872 3294/1216/687
f 2952/1068/804 2951/1210/923 3149/1209/762
f 3121/1121/852 3224/1123/854 3122/1217/929
f 3005/1190/909 3004/1218/930 3001/1191/910
f 3187/1178/705 3042/1219/931 2937/1120/851
f 2980/1220/932 3155/1221/933 2981/1222/934
f 3010/1223/935 3019/1224/936 3170/1225/937
f 3307/1226/938 3306/1227/939 3292/1228/799
f 3288/1229/940 3273/1101/833 3286/1230/941
f 3011/1231/942 3013/1232/943 3166/1233/944
f 3016/1234/913 3017/1235/912 3167/1236/945
f 3023/1237/946 3174/1238/947 3028/1239/898
f 3212/1240/948 3218/1241/949 3112/1242/693
f 3151/1243/950 2964/1093/826 2959/1244/789
f 3177/1200/916 3236/1199/775 3024/1245/921
f 3005/1246/951 3006/1247/952 3218/1248/953
f 3027/1055/714 3176/1249/954 3174/1056/792
f 3051/977/724 3049/1080/814 2942/1079/813
f 3198/1250/955 3199/1251/887 3068/1138/866
f 3077/1252/956 2970/1253/755 3078/1254/957
f 3172/1091/825 3020/1255/958 3026/1092/715
f 3244/1256/959 3098/1257/960 3099/1258/925
f 3341/970/717 3344/1259/961 3337/971/718
f 3135/996/742 2927/995/741 2933/1260/738
f 3185/1261/962 3184/1262/963 3040/1263/964
f 3191/1264/965 3054/1265/966 3190/1266/967
f 3230/1267/968 3096/1268/969 2990/1269/970
f 3117/1270/971 3015/1271/972 3016/1272/973
f 3053/954/704 3042/1273/931 3187/955/705
f 3165/1274/822 3170/1225/937 3018/1275/974
f 3202/945/695 3079/1276/975 3201/946/696
f 3331/1277/976 3339/1278/977 3335/1279/978
f 3024/1245/921 3029/1280/979 3177/1200/916
f 2949/1126/857 2950/1281/980 3055/1282/981
f 3119/1283/982 3011/1284/942 3120/1285/983
f 3038/1286/984 3182/1146/874 2933/1147/738
f 2917/962/710 3130/1287/985 2907/1288/986
f 2983/1289/987 3091/1290/701 3095/1291/842
f 2953/1067/803 2950/1066/802 3146/1062/798
f 3199/1161/887 3072/1292/988 2963/1293/989
f 3011/1294/942 3122/1295/990 3120/1296/983
f 3258/1297/991 3259/1298/809 3266/1299/992
f 3092/1300/993 3205/1301/994 3228/1302/995
f 2931/1303/727 3180/1304/996 3034/1305/997
f 3047/1306/998 3186/1307/999 3048/1308/1000
f 3006/1309/750 2996/1310/914 2998/1311/1001
f 3044/1312/1002 3188/1313/1003 3053/954/704
f 3044/1312/1002 3053/954/704 3191/1264/965
f 3191/1264/965 3053/954/704 3054/1265/966
f 3188/1313/1003 3042/1273/931 3053/954/704
f 3203/1314/1004 3235/1315/1005 3086/1316/1006
f 3187/955/705 3043/1317/1007 3052/956/706
f 3340/1064/800 3333/1115/846 3332/1065/801
f 3032/1097/830 2927/1318/1008 2928/1098/831
f 2930/1319/726 2924/1320/728 3031/1321/1009
f 3047/1322/998 3051/1323/1010 3045/1324/1011
f 3050/1325/1012 3051/1323/1010 3047/1322/998
f 3047/1322/998 3189/1326/1013 3049/1327/1014
f 3108/1328/1015 3001/1329/1016 3162/1330/1017
f 2965/1331/1018 3074/1159/885 3199/1161/887
f 3017/1195/912 3014/1194/823 3018/1332/974
f 3057/1333/858 3062/1334/1019 3063/1335/1020
f 3196/1336/1021 3060/1337/815 3061/1338/1022
f 2986/1339/1023 2987/1340/1024 3092/1300/993
f 3259/1341/809 3260/1181/902 3283/1180/901
f 2966/1342/868 3076/1343/870 3080/1344/1025
f 3066/1345/1026 3065/1346/891 3069/1347/890
f 3224/1123/854 3222/1122/853 3118/1162/888
f 3038/1348/984 2933/1349/738 3039/1350/1027
f 3305/1351/1028 3297/1352/1029 3301/1353/1030
f 3271/1354/1031 3262/1355/811 3272/1356/730
f 3109/935/685 3003/1357/1032 3110/1358/1033
f 3010/1359/935 3011/1231/942 3019/1360/936
f 3295/1361/1034 3294/1362/1035 3297/1363/1029
f 3201/946/696 3076/1364/870 3081/947/697
f 2958/1365/878 2962/1366/1036 3069/1367/890
f 3134/1368/1037 3032/1369/830 3226/1370/1038
f 3235/1371/746 2976/1372/745 2977/1373/1039
f 3301/1374/1030 3297/1375/1029 3302/965/713
f 2974/1016/757 2973/1007/753 2970/1009/755
f 2992/1376/1040 3230/1377/1041 3159/1378/1042
f 3009/1379/1043 3115/1380/1044 3117/1270/971
f 3129/1381/883 2922/1049/786 2913/1048/776
f 3204/1040/780 3085/1039/779 3087/1382/1045
f 2975/1383/1046 2980/1384/1047 3087/1385/1045
f 3225/1386/1048 3238/989/735 3117/988/734
f 3139/1387/1049 2942/1033/773 2940/1032/772
f 3139/1387/1049 2939/1388/767 2943/1389/723
f 3019/1360/936 3011/1231/942 3166/1233/944
f 3286/1230/941 3285/1390/1050 3288/1229/940
f 3257/1059/795 3251/1391/1051 3263/1057/793
f 3244/1256/959 3099/1258/925 3210/1392/1052
f 3033/1393/1053 3226/1370/1038 3032/1369/830
f 2996/1394/1054 2999/1395/1055 3104/1396/1056
f 2993/1397/1057 3100/1398/1058 3002/1399/1059
f 3058/1400/1060 3057/1333/858 3064/1401/1061
f 2970/1253/755 3077/1252/956 3153/1402/1062
f 3095/1111/842 3091/1403/701 3094/1404/1063
f 3182/1146/874 3037/1030/770 3135/1029/742
f 2996/1003/749 3105/1405/1064 3103/1001/747
f 3196/1406/761 3059/1407/816 3194/1408/1065
f 3195/1409/1066 2952/1410/804 3062/1411/927
f 3297/1363/1029 3296/1412/1067 3295/1361/1034
f 3199/1251/887 3073/1413/886 3068/1138/866
f 3182/1414/1068 3039/1415/1027 3032/1416/830
f 3105/1417/1069 3104/1418/1056 3220/1419/1070
f 3095/1111/842 3094/1404/1063 3208/1112/843
f 3337/1420/1071 3334/1421/1072 3336/1422/1073
f 3003/1357/1032 3109/935/685 3163/1423/1074
f 3312/1424/1075 3314/1425/1076 3317/1426/1077
f 3101/1427/1078 3111/1187/906 3218/1428/949
f 3251/1429/1051 3269/1430/1079 3270/1431/782
f 3097/1148/875 3092/1150/877 3096/1432/844
f 3104/1396/1056 3234/1433/1080 2996/1394/1054
f 3089/1434/1081 3090/1435/1082 3086/1316/1006
f 2984/1436/1083 3159/1378/1042 3157/1437/1084
f 3108/1438/907 3217/1085/819 3110/1439/905
f 3052/1103/835 3051/1440/724 2946/1104/836
f 3224/1123/854 3245/1163/889 3126/1441/1085
f 2945/1442/1086 2944/1026/768 2938/1028/769
f 3122/1217/929 3224/1123/854 3127/1443/1087
f 3306/1227/939 3297/1363/1029 3293/1444/1088
f 2975/1445/1046 2978/1446/1089 3156/1447/1090
f 2979/1448/1091 3156/1447/1090 2977/1449/1092
f 3266/1299/992 3291/1450/1093 3258/1297/991
f 3117/988/734 3223/990/736 3125/1451/1094
f 3225/1386/1048 3115/1452/1044 3238/989/735
f 2963/1453/989 3069/1367/890 2962/1366/1036
f 2953/1454/803 2954/1170/895 3062/1214/927
f 3089/1455/1081 3088/1087/821 3204/1040/780
f 2956/1456/879 3065/1457/891 3197/1458/1095
f 3031/1459/1096 3034/1169/894 3030/1168/893
f 3228/1302/995 2986/1339/1023 3092/1300/993
f 3111/1187/906 3101/1427/1078 3108/1188/907
f 3096/1268/969 2989/1460/691 2990/1269/970
f 2959/1244/789 2961/1095/828 2960/1461/790
f 3045/1324/1011 3192/1462/1097 3043/1317/1007
f 3032/1463/830 3039/1464/1027 3033/1465/1053
f 3334/1421/1072 3345/1466/1098 3336/1422/1073
f 3011/1467/942 3165/1468/1099 3237/1469/1100
f 3051/1323/1010 3192/1462/1097 3045/1324/1011
f 3232/1470/1101 3210/1471/1052 3231/1211/924
f 3272/983/730 3267/982/729 3271/1472/1031
f 2995/1204/684 3160/1203/919 3002/1473/1102
f 3018/1275/974 3014/1474/823 3165/1274/822
f 3260/1475/902 3262/1476/811 3261/1134/862
f 3105/1477/1069 3234/1433/1080 3104/1396/1056
f 3139/1387/1049 2943/1389/723 2942/1033/773
f 3157/1478/1103 3205/1479/1104 3093/1480/1105
f 2960/1053/790 2956/1456/879 3066/1481/1106
f 3290/1482/1107 3256/1483/776 3254/1043/777
f 3263/1484/793 3273/1485/833 3278/1486/794
f 3179/1487/1108 3182/1414/1068 3032/1416/830
f 3071/1488/1109 3067/1489/1110 3243/1490/1111
f 3212/1491/948 2999/1492/1055 3001/1493/1016
f 2979/1448/1091 2975/1445/1046 3156/1447/1090
f 2986/1494/1112 3230/1495/1041 2989/1069/691
f 3222/1496/1113 3122/1497/990 3011/1467/942
f 2938/1028/769 2937/1498/851 2945/1442/1086
f 3168/1499/1114 3009/1500/1115 3167/1236/945
f 2931/1303/727 3034/1305/997 2924/1501/728
f 3330/1502/1116 3319/1503/1117 3318/1504/1118
f 2994/1505/748 3006/1309/750 2998/1311/1001
f 2932/1506/1119 2931/1507/727 2929/1038/778
f 2922/1049/786 2921/1508/1120 2909/1050/787
f 2920/1509/699 2914/1510/698 2908/1511/1121
f 2963/1293/989 2965/1331/1018 3199/1161/887
f 3155/1221/933 2976/1512/1122 2981/1222/934
f 3083/1046/785 3082/1513/758 2974/1047/757
f 3144/1208/922 2948/1514/763 3149/1209/762
f 3095/1291/842 3207/1515/1123 2987/1516/1024
f 3143/1517/1124 3149/1020/762 3196/1019/761
f 3243/1490/1111 3066/1345/1026 3071/1488/1109
f 2967/1518/869 2973/1519/753 3081/1013/697
f 2912/1520/882 3029/1521/917 2922/1522/881
f 3089/1523/1125 2980/1524/1047 3249/1525/1126
f 3149/1209/762 2950/1066/802 2952/1068/804
f 3291/1450/1093 3285/1526/1127 3258/1297/991
f 3067/1489/1110 3071/1488/1109 3198/1250/955
f 3066/1481/1106 3067/1051/788 2960/1053/790
f 3196/1336/1021 3061/1338/1022 3062/1334/1019
f 2991/1527/1128 3097/1528/1129 3230/1267/968
f 2958/1166/878 3065/1165/891 2956/1529/879
f 2915/950/700 2919/958/708 3128/957/707
f 3263/1057/793 3252/1530/783 3264/1531/1130
f 3274/1532/1131 3263/1484/793 3279/1533/1132
f 3019/1534/1133 3224/1535/854 3126/1536/1085
f 2907/1537/986 3175/1538/1134 2918/1133/861
f 3055/1539/981 3062/1334/1019 3057/1333/858
f 3096/1268/969 3230/1267/968 3209/1540/1135
f 3091/951/701 3229/953/703 3094/1541/1063
f 3277/1156/883 3265/1542/786 3256/1157/776
f 3348/1543/1136 3334/1544/1137 3342/1545/1138
f 2970/1009/755 2969/1546/1139 2974/1016/757
f 3178/1547/1140 3031/1548/1009 2924/1549/728
f 2946/1550/1141 2945/1442/1086 3138/1551/850
f 2974/1014/757 3081/1013/697 2973/1519/753
f 3240/1017/759 2974/1016/757 2969/1546/1139
f 3001/1493/1016 3108/1552/1015 3212/1491/948
f 3203/1553/1142 3089/1523/1125 3249/1525/1126
f 3297/1363/1029 3305/1554/1028 3296/1412/1067
f 3114/1555/1143 3102/1556/848 3106/1557/1144
f 3092/1558/993 2987/1516/1024 3207/1515/1123
f 3328/1559/1145 3326/1024/766 3318/1560/1146
f 3239/1561/1147 3137/1562/1148 2925/1563/1149
f 2994/1505/748 2997/1564/756 3006/1309/750
f 2999/1395/1055 3212/1565/948 3104/1396/1056
f 3123/1566/1150 3127/1567/1087 3120/1568/983
f 3077/1569/1151 3079/1276/975 3202/945/695
f 2971/1570/1152 2970/1009/755 2972/1008/754
f 3104/1571/1056 3212/1240/948 3112/1242/693
f 3028/1239/898 3029/1572/917 3023/1237/946
f 3341/1573/938 3340/1064/800 3331/1063/799
f 2977/1449/1092 3155/1221/933 2980/1220/932
f 2997/1574/756 3102/1575/848 3213/1576/1153
f 3246/1577/1154 2939/1578/1155 2940/1579/1156
f 3086/1316/1006 3090/1435/1082 3203/1314/1004
f 3143/1517/1124 3055/1580/981 2950/1581/980
f 2936/1582/812 2940/1032/772 3140/1034/774
f 2940/1579/1156 2941/1583/1157 3046/1584/1158
f 2941/1583/1157 3047/1074/808 3046/1584/1158
f 3057/1127/858 3193/1585/1159 2947/1125/856
f 2995/1586/684 3233/1587/1160 2993/1588/920
f 3316/1589/1161 3322/1590/1162 3318/1504/1118
f 2971/1591/1152 3080/1344/1025 2970/1253/755
f 3211/1149/876 3097/1148/875 3098/1257/960
f 3097/1528/1129 3209/1540/1135 3230/1267/968
f 3165/1274/822 3010/1223/935 3170/1225/937
f 3011/1284/942 3119/1283/982 3013/1592/943
f 3270/1042/782 3290/1482/1107 3254/1043/777
f 3135/996/742 2932/1506/1119 2929/1038/778
f 3100/1398/1058 3215/1593/1163 3002/1399/1059
f 3346/1594/1164 3334/1421/1072 3337/1420/1071
f 2995/934/684 3163/1423/1074 3109/935/685
f 3040/1595/1165 3183/1596/1166 3137/1597/1148
f 2930/1598/726 2929/1038/778 2931/1507/727
f 2954/1061/797 2947/1060/796 3148/1599/1167
f 3017/1235/912 3168/1499/1114 3167/1236/945
f 2944/1600/768 3051/1440/724 2943/1601/723
f 3005/1602/951 3218/1603/953 3110/1604/1033
f 2916/1109/709 2917/1132/710 3171/1110/841
f 3020/1605/840 3241/1606/1168 2916/1182/709
f 3282/1607/810 3272/1356/730 3262/1355/811
f 3271/1608/1031 3250/1609/864 3253/1610/863
f 3274/1532/1131 3279/1533/1132 3264/1611/1169
f 3055/1282/981 3057/1127/858 2949/1126/857
f 3130/1287/985 2910/1612/1170 2907/1288/986
f 3002/1399/1059 3108/1328/1015 3162/1330/1017
f 3145/1613/1171 3060/1081/815 2951/1083/817
f 2977/1373/1039 2978/1614/1089 3088/1615/1172
f 3101/1616/1078 3218/1241/949 3212/1240/948
f 2935/1617/806 3048/1618/1173 3041/1619/807
f 3006/1247/952 3007/944/694 3219/1114/845
f 2946/1550/1141 3138/1551/850 3142/1620/1174
f 3094/1621/1175 2985/1622/702 2989/1623/691
f 3262/1355/811 3271/1354/1031 3253/1624/863
f 3195/1409/1066 3061/1625/1022 2952/1410/804
f 3159/1378/1042 3230/1377/1041 2986/1626/1112
f 3004/1627/930 3003/1628/1176 3002/1473/1102
f 3346/1594/1164 3338/1629/1177 3335/1630/1178
f 3008/1631/1179 3114/1632/1180 3113/1633/1181
f 3117/1270/971 3016/1272/973 3009/1379/1043
f 3134/1368/1037 2927/1634/1008 3032/1369/830
f 3073/1413/886 3242/1139/867 3068/1138/866
f 3266/1635/992 3259/1341/809 3283/1180/901
f 2907/1537/986 3025/1636/1182 3175/1538/1134
f 3301/1637/1030 3299/1638/872 3300/1639/1183
f 3071/1640/1184 3069/1367/890 2963/1453/989
f 2948/1021/763 3059/1641/816 3196/1019/761
f 3033/1465/1053 3183/1642/1166 3185/1261/962
f 3217/1085/819 3108/1438/907 3214/1086/820
f 3215/1593/1163 3108/1328/1015 3002/1399/1059
f 3310/1643/1185 3299/1644/872 3302/1645/713
f 2991/1646/1128 2992/1213/926 3099/1212/925
f 3072/1292/988 3071/1647/1184 2963/1293/989
f 3120/1568/983 3127/1567/1087 3119/1648/982
f 3164/1005/751 2999/1649/911 3161/1006/752
f 2937/1120/851 2939/1650/1186 3045/1177/900
f 3024/1207/921 2911/1037/777 2909/1651/787
f 2987/1516/1024 2983/1289/987 3095/1291/842
f 2908/1652/1121 3174/1653/947 3023/1654/946
f 2908/1652/1121 3024/1655/921 2909/1656/787
f 3224/1657/854 3019/1658/1133 3013/1659/943
f 3005/1190/909 3000/1189/908 2999/1192/911
f 3012/1660/1187 3017/1661/1188 3238/1662/735
f 3125/1663/1094 3126/985/732 3117/987/734
f 3049/1080/814 3048/1664/1173 2936/1078/812
f 2927/1665/741 2926/993/739 2933/992/738
f 3033/1465/1053 3039/1464/1027 3183/1642/1166
f 3181/1666/771 3179/1487/1108 3035/1667/1189
f 2985/1176/702 2983/1668/987 2988/939/689
f 3216/1669/1190 3109/1084/818 3214/1086/820
f 3012/1670/1187 3124/1671/1191 3009/1672/1115
f 3281/1673/1192 3282/1076/810 3258/1674/1193
f 3174/1675/947 2908/1676/1121 2915/1184/904
f 2995/1586/684 3107/1677/683 3233/1587/1160
f 3196/1019/761 3056/1678/1194 3143/1517/1124
f 3137/1597/1148 3039/1350/1027 2933/1349/738
f 2935/1617/806 2936/1679/812 3048/1618/1173
f 2913/1036/776 3236/1035/775 2912/1680/1195
f 3324/1681/938 3323/972/719 3312/1682/1196
f 2975/1683/1046 3085/1684/779 2978/1685/1089
f 2975/1683/1046 3087/1686/1045 3085/1684/779
f 3057/1333/858 3063/1335/1020 3064/1401/1061
f 3238/1662/735 3017/1661/1188 3169/1687/1197
f 2980/1524/1047 2982/1688/1198 3249/1525/1126
f 3169/1689/1199 3126/1690/1085 3223/1691/1200
f 2933/992/738 3134/991/737 2925/1563/1149
f 3169/1687/1197 3248/1692/1201 3238/1662/735
f 3248/1692/1201 3223/1693/736 3238/1662/735
f 3047/1322/998 3049/1327/1014 3050/1325/1012
f 3202/945/695 3082/1694/758 3077/1569/1151
f 2908/1511/1121 2909/1695/787 2920/1509/699
f 3273/1485/833 3263/1484/793 3274/1532/1131
f 3107/1696/1202 3216/1669/1190 3214/1086/820
f 3042/1219/931 3044/1118/849 2937/1120/851
f 3025/1697/1182 2919/1698/708 3026/1699/715
f 3124/1700/1191 3012/1660/1187 3238/1662/735
f 3122/1701/929 3127/1567/1087 3123/1566/1150
f 2972/1008/754 3152/1702/1203 2971/1570/1152
f 3033/1393/1053 3227/1703/1204 3226/1370/1038
f 3270/1704/782 3275/1705/979 3287/1706/916
f 2953/1707/803 3062/1411/927 2952/1410/804
f 3292/1228/799 3306/1227/939 3293/1444/1088
f 3026/1708/715 3021/1709/1205 3025/1710/1182
f 2964/1093/826 3151/1243/950 3150/1711/1206
f 3213/1576/1153 3114/1632/1180 2997/1574/756
f 2946/1104/836 3051/1440/724 2944/1600/768
f 2931/1712/1207 3135/1029/742 3181/1031/771
f 3275/1713/880 3274/1532/1131 3264/1611/1169
f 2917/962/710 2919/961/708 3130/1287/985
f 3237/1469/1100 3222/1496/1113 3011/1467/942
f 3169/1689/1199 3018/1714/1208 3126/1690/1085
f 2922/1522/881 3029/1521/917 3132/1715/1209
f 2989/1069/691 3158/1071/805 2986/1494/1112
f 3132/1715/1209 3029/1521/917 2921/1716/918
f 3312/1682/1196 3323/972/719 3313/974/721
f 3095/1111/842 3096/1113/844 3092/1717/877
f 3136/1718/1210 3137/1562/1148 3239/1561/1147
f 3275/1153/880 3255/1155/882 3268/1719/1211
f 3315/1720/1212 3324/1105/837 3320/1107/839
f 3105/1417/1069 3220/1419/1070 3106/1557/1144
f 3082/1721/758 3083/1722/785 3077/1723/1151
f 3019/1534/1133 3126/1536/1085 3018/1724/1208
f 3241/1606/1168 3173/1183/903 2916/1182/709
f 3009/1379/1043 3116/1725/1213 3115/1380/1044
f 3066/1345/1026 3070/1726/1214 3071/1488/1109
f 3246/1577/1154 2940/1579/1156 3045/1727/1215
f 3102/1556/848 3103/1728/747 3106/1557/1144
f 3284/1729/1216 3272/1100/730 3291/1099/832
f 2909/1695/787 2921/1730/1120 2920/1509/699
f 3339/1278/977 3342/1731/1138 3334/1732/1137
f 3197/1458/1095 3066/1481/1106 2956/1456/879
f 3129/1381/883 2913/1048/776 2912/1733/1195
f 3257/1734/795 3281/1673/1192 3258/1674/1193
f 3257/1734/795 3278/1735/794 3281/1673/1192
f 3021/1131/860 3171/1110/841 2917/1132/710
f 3276/1736/1217 3282/1076/810 3259/1075/809
f 2937/1498/851 3138/1551/850 2945/1442/1086
f 3259/1737/809 3262/1476/811 3260/1475/902
f 3159/1378/1042 2984/1436/1083 2992/1376/1040
f 3269/1738/1079 3285/1739/1127 3274/1740/1131
f 3113/1741/692 3104/1571/1056 3112/1242/693
f 3173/1183/903 3174/1675/947 2915/1184/904
f 3251/1391/1051 3252/1530/783 3263/1057/793
f 3268/1742/1218 3290/1743/1107 3287/1706/916
f 3288/1229/940 3291/1099/832 3273/1101/833
f 3221/1124/855 3014/1089/823 3015/1744/972
f 3046/1584/1158 3045/1727/1215 2940/1579/1156
f 3284/1729/1216 3266/1745/731 3272/1100/730
f 3267/1179/729 3260/1181/902 3289/1746/1219
f 3296/1215/928 3304/1747/1220 3299/1144/872
f 3099/1212/925 3097/1748/1129 2991/1646/1128
f 3250/1749/864 3267/1179/729 3289/1746/1219
f 3250/1749/864 3271/1750/1031 3267/1179/729
f 2923/1751/1221 3134/1368/1037 3226/1370/1038
f 2915/950/700 2920/949/699 2919/958/708
f 3002/1473/1102 3001/1752/910 3004/1627/930
f 3251/1429/1051 3285/1753/1127 3269/1430/1079
f 3251/1429/1051 3270/1431/782 3252/1754/783
f 3147/1755/1222 2954/1061/797 3148/1599/1167
f 3107/1677/683 3100/1756/1223 3233/1587/1160
f 3025/1757/1182 2907/1758/986 2910/1759/1170
f 3335/1279/978 3339/1278/977 3334/1732/1137
f 3256/1483/776 3290/1482/1107 3255/1760/884
f 3297/1375/1029 3307/963/711 3302/965/713
f 3043/1317/1007 3192/1462/1097 3052/956/706
f 3115/1452/1044 3124/1761/1191 3238/989/735
f 3080/1344/1025 3079/1762/1224 2970/1253/755
f 3028/1173/898 3131/1175/899 2921/1202/918
f 3027/1763/714 2920/1174/699 3028/1173/898
f 3265/1154/881 3275/1153/880 3280/1764/1225
f 3252/1765/783 3256/1157/776 3265/1542/786
f 3280/1764/1225 3275/1153/880 3264/1766/1169
f 3175/1538/1134 3021/1131/860 2918/1133/861
f 2978/1614/1089 3085/1767/779 3088/1615/1172
f 2971/1591/1152 2966/1342/868 3080/1344/1025
f 3036/1167/892 3181/1666/771 3035/1667/1189
f 3036/1167/892 3035/1667/1189 3030/1168/893
f 3013/1659/943 3119/1768/982 3224/1657/854
f 3137/1562/1148 2933/992/738 2925/1563/1149
f 3260/1475/902 3261/1134/862 3250/1136/864
f 3211/1149/876 3098/1257/960 3244/1256/959
f 3047/1074/808 2941/1583/1157 2935/1072/806
f 3329/1769/1226 3316/1770/1227 3320/1771/764
f 2980/1384/1047 3089/1772/1125 3087/1385/1045
f 3298/1773/1178 3303/1774/1228 3308/1775/1229
f 2969/1776/1230 3153/1777/1062 3077/1778/956
f 3322/1590/1162 3316/1589/1161 3314/1779/1076
f 3310/1643/1185 3302/1645/713 3303/1774/1228
f 3026/1708/715 3020/1780/958 3021/1709/1205
f 3003/1781/1032 3005/1602/951 3110/1604/1033
f 3299/1638/872 3301/1637/1030 3302/1782/713
f 3008/1631/1179 2997/1574/756 3114/1632/1180
f 3181/1666/771 3182/1414/1068 3179/1487/1108
f 3294/937/687 3299/1783/872 3298/938/688
f 3241/1054/791 3026/1092/715 3027/1055/714
f 3183/1596/1166 3039/1350/1027 3137/1597/1148
f 3311/1145/873 3299/1144/872 3304/1747/1220
f 3309/1143/871 3300/1784/1183 3299/1144/872
f 3031/1321/1009 3035/1096/829 2930/1319/726
f 3310/1643/1185 3303/1774/1228 3298/1773/1178
f 3061/1625/1022 3145/1613/1171 2952/1410/804
f 2930/1319/726 3035/1096/829 2928/1098/831
f 3056/1678/1194 3055/1580/981 3143/1517/1124
f 3106/1557/1144 3220/1419/1070 3114/1555/1143
f 2961/1095/828 2959/1244/789 2964/1093/826
f 3181/1031/771 3036/1785/892 2931/1712/1207
f 3168/1499/1114 3012/1786/1187 3009/1500/1115
f 3075/1787/1231 3242/1139/867 3073/1413/886
f 3317/1788/1178 3321/1789/1232 3327/1790/1229
f 3329/1769/1226 3320/1771/764 3321/1789/1232
f 3316/1791/1227 3325/1023/765 3320/1022/764
f 3325/1023/765 3318/1560/1146 3326/1024/766
f 3210/1471/1052 3099/1212/925 3231/1211/924
f 3282/1792/810 3278/1793/794 3273/1794/833
f 3062/1334/1019 3055/1539/981 3196/1336/1021
f 3314/1425/1076 3316/1795/1161 3317/1426/1077
f 2912/1520/882 3022/1796/1211 3029/1521/917
f 2957/1797/1233 2959/1128/789 3068/1130/859
f 3287/1706/916 3290/1743/1107 3270/1704/782
f 3115/1452/1044 3116/1798/1213 3124/1761/1191
f 3273/1794/833 3272/1799/730 3282/1792/810
f 3330/1502/1116 3318/1504/1118 3322/1590/1162
f 3061/1625/1022 3060/1081/815 3145/1613/1171
f 3066/1345/1026 3069/1347/890 3070/1726/1214
f 3096/1800/969 3094/1621/1175 2989/1623/691
f 3185/1261/962 3183/1642/1166 3184/1262/963
f 2972/1008/754 2967/1801/1234 3152/1702/1203
f 2919/1698/708 3025/1697/1182 2910/1802/1170
f 3285/1526/1127 3251/1803/1051 3258/1297/991
f 3003/1628/1176 2995/1204/684 3002/1473/1102
f 3265/1542/786 3264/1804/1130 3252/1765/783
f 3079/1762/1224 3078/1254/957 2970/1253/755
f 3199/1251/887 3198/1250/955 3071/1488/1109
f 3015/1744/972 3117/1805/971 3221/1124/855
f 3297/1363/1029 3294/1362/1035 3293/1444/1088
f 3258/1674/1193 3282/1076/810 3276/1736/1217
f 3189/1326/1013 3047/1322/998 3048/1806/1000
f 2942/1079/813 3141/975/722 3051/977/724
f 3335/1630/1178 3338/1629/1177 3344/1807/1229
f 3346/1594/1164 3337/1420/1071 3338/1629/1177
f 3334/1808/1072 3343/1809/1235 3347/1810/1236
f 3334/1808/1072 3347/1810/1236 3345/1811/1098
f 3088/1615/1172 3235/1371/746 2977/1373/1039
f 3089/1434/1081 3086/1316/1006 3088/1812/821
f 2934/1813/1237 3040/1595/1165 3137/1597/1148
f 2979/1448/1091 2977/1449/1092 2980/1220/932
f 2935/1814/806 2940/1032/772 2936/1582/812
f 3210/1815/1238 3206/1816/1239 3205/1817/1240
f 3091/951/701 2983/1818/987 2985/952/702
f 3329/1769/1226 3321/1789/1232 3317/1788/1178
f 3274/1740/1131 3275/1819/880 3269/1738/1079
f 3219/1114/845 3218/1248/953 3006/1247/952
f 2919/968/708 2920/1820/699 3027/966/714
f 2908/1652/1121 3023/1654/946 3024/1655/921
f 3354/1821/1241 3355/1822/1242 3357/1823/1243
f 3354/1821/1241 3357/1823/1243 3356/1824/1244
f 3353/1825/1245 3352/1826/1246 3355/1822/1242
f 3353/1825/1245 3355/1822/1242 3354/1821/1241
f 3349/1827/1247 3361/1828/1248 3351/1829/1249
f 3353/1825/1245 3351/1829/1249 3352/1826/1246
f 3356/1824/1244 3359/1830/1250 3358/1831/1251
f 3350/1832/1252 3361/1828/1248 3360/1833/1253
f 3360/1833/1253 3361/1828/1248 3349/1827/1247
f 3349/1827/1247 3351/1829/1249 3353/1825/1245
f 3356/1824/1244 3357/1823/1243 3359/1830/1250
f 3358/1831/1251 3359/1830/1250 3362/1834/1254
f 3364/1835/1255 3370/1836/1256 3371/1837/1257
f 3364/1835/1255 3371/1837/1257 3365/1838/1258
f 3368/1839/1259 3364/1835/1255 3365/1838/1258
f 3368/1839/1259 3365/1838/1258 3366/1840/1260
f 3363/1841/1261 3366/1840/1260 3369/1842/1262
f 3367/1843/1263 3375/1844/1264 3369/1842/1262
f 3375/1844/1264 3363/1841/1261 3369/1842/1262
f 3363/1841/1261 3368/1839/1259 3366/1840/1260
f 3370/1836/1256 3372/1845/1265 3373/1846/1266
f 3370/1836/1256 3373/1846/1266 3371/1837/1257
f 3372/1845/1265 3374/1847/1267 3373/1846/1266
f 3357/1848/1243 3371/1849/1257 3373/1850/1266
f 3357/1848/1243 3373/1850/1266 3359/1851/1250
f 3359/1851/1250 3373/1850/1266 3374/1852/1267
f 3359/1851/1250 3374/1852/1267 3362/1853/1254
f 3356/1854/1244 3370/1855/1256 3364/1856/1255
f 3356/1854/1244 3364/1856/1255 3354/1857/1241
f 3355/1858/1242 3365/1859/1258 3371/1860/1257
f 3355/1858/1242 3371/1860/1257 3357/1861/1243
f 3352/1862/1246 3366/1863/1260 3365/1864/1258
f 3352/1862/1246 3365/1864/1258 3355/1865/1242
f 3361/77/1248 3369/76/1262 3366/1863/1260
f 3361/77/1248 3366/1863/1260 3351/1866/1249
f 3354/1857/1241 3364/1856/1255 3368/1867/1259
f 3354/1857/1241 3368/1867/1259 3353/1868/1245
f 3356/1854/1244 3372/1869/1265 3370/1855/1256
f 3351/1866/1249 3366/1863/1260 3352/1862/1246
f 3358/1870/1251 3372/1869/1265 3356/1854/1244
f 3362/1871/1254 3374/1872/1267 3372/1869/1265
f 3362/1871/1254 3372/1869/1265 3358/1870/1251
f 3353/1868/1245 3368/1867/1259 3363/73/1261
f 3353/1868/1245 3363/73/1261 3349/72/1247
f 3385/1873/1268 3384/1874/1269 3386/1875/1270
f 3381/1876/1271 3382/1877/1272 3384/1874/1269
f 3381/1876/1271 3384/1874/1269 3383/1878/1273
f 3380/1879/1274 3379/1880/1275 3382/1877/1272
f 3380/1879/1274 3382/1877/1272 3381/1876/1271
f 3376/1881/1276 3391/1882/1277 3378/1883/1278
f 3380/1879/1274 3378/1883/1278 3379/1880/1275
f 3385/1873/1268 3386/1875/1270 3388/1884/1279
f 3385/1873/1268 3388/1884/1279 3387/1885/1280
f 3390/1886/1281 3392/1887/1282 3391/1882/1277
f 3377/1888/1283 3392/1887/1282 3390/1886/1281
f 3390/1886/1281 3391/1882/1277 3376/1881/1276
f 3376/1881/1276 3378/1883/1278 3380/1879/1274
f 3387/1885/1280 3388/1884/1279 3389/1889/1284
f 3395/1890/1285 3401/1891/1286 3396/1892/1287
f 3394/1893/1288 3395/1890/1285 3396/1892/1287
f 3399/1894/1289 3394/1893/1288 3396/1892/1287
f 3399/1894/1289 3396/1892/1287 3397/1895/1290
f 3393/1896/1291 3399/1894/1289 3397/1895/1290
f 3393/1896/1291 3397/1895/1290 3409/1897/1292
f 3402/1898/1293 3404/1899/1294 3405/1900/1295
f 3402/1898/1293 3405/1900/1295 3403/1901/1296
f 3406/1902/1297 3407/1903/1298 3405/1900/1295
f 3408/1904/1299 3393/1896/1291 3400/1905/1300
f 3398/1906/1301 3408/1904/1299 3400/1905/1300
f 3393/1896/1291 3409/1897/1292 3400/1905/1300
f 3404/1899/1294 3406/1902/1297 3405/1900/1295
f 3382/1907/1272 3396/1908/1287 3401/1909/1286
f 3382/1907/1272 3401/1909/1286 3384/1910/1269
f 3379/1911/1275 3397/1912/1290 3396/1913/1287
f 3379/1911/1275 3396/1913/1287 3382/1914/1272
f 3385/1915/1268 3402/1916/1293 3395/1917/1285
f 3385/1915/1268 3395/1917/1285 3383/1918/1273
f 3384/1919/1269 3403/1920/1296 3386/1921/1270
f 3381/1922/1271 3394/1923/1288 3399/1924/1289
f 3381/1922/1271 3399/1924/1289 3380/1925/1274
f 3391/80/1277 3409/93/1292 3397/1912/1290
f 3391/80/1277 3397/1912/1290 3378/1926/1278
f 3387/1927/1280 3404/1928/1294 3402/1916/1293
f 3387/1927/1280 3402/1916/1293 3385/1915/1268
f 3386/1921/1270 3403/1920/1296 3405/90/1295
f 3386/1921/1270 3405/90/1295 3388/89/1279
f 3378/1926/1278 3397/1912/1290 3379/1911/1275
f 3389/1929/1284 3407/1930/1298 3406/1931/1297
f 3380/1925/1274 3399/1924/1289 3376/85/1276
f 3389/1932/1284 3406/1933/1297 3404/1928/1294
f 3389/1932/1284 3404/1928/1294 3387/1927/1280
f 3381/1922/1271 3395/1917/1285 3394/1923/1288
f 3376/85/1276 3399/1924/1289 3393/86/1291
f 3383/1918/1273 3395/1917/1285 3381/1922/1271
f 3384/1919/1269 3401/1934/1286 3403/1920/1296
f 3395/1890/1285 3402/1898/1293 3403/1901/1296
f 3395/1890/1285 3403/1901/1296 3401/1891/1286
f 3383/1878/1273 3384/1874/1269 3385/1873/1268
f 3418/1935/1302 3417/1936/1303 3419/1937/1304
f 3414/1938/1305 3415/1939/1306 3417/1936/1303
f 3414/1938/1305 3417/1936/1303 3416/1940/1307
f 3413/1941/1308 3412/1942/1309 3415/1939/1306
f 3413/1941/1308 3415/1939/1306 3414/1938/1305
f 3424/1943/1310 3425/1944/1311 3411/1945/1312
f 3424/1943/1310 3411/1945/1312 3413/1941/1308
f 3413/1941/1308 3411/1945/1312 3412/1942/1309
f 3418/1935/1302 3419/1937/1304 3420/1946/1313
f 3410/1947/1314 3423/1948/1315 3422/1949/1316
f 3422/1949/1316 3423/1948/1315 3425/1944/1311
f 3422/1949/1316 3425/1944/1311 3424/1943/1310
f 3420/1946/1313 3419/1937/1304 3421/1950/1317
f 3437/1951/1318 3438/1952/1319 3436/1953/1320
f 3429/1954/1321 3436/1953/1320 3430/1955/1322
f 3428/1956/1323 3429/1954/1321 3430/1955/1322
f 3433/1957/1324 3428/1956/1323 3430/1955/1322
f 3433/1957/1324 3430/1955/1322 3431/1958/1325
f 3426/1959/1326 3427/1960/1327 3435/1961/1328
f 3426/1959/1326 3435/1961/1328 3443/1962/1329
f 3433/1957/1324 3431/1958/1325 3435/1961/1328
f 3437/1951/1318 3439/1963/1330 3440/1964/1331
f 3437/1951/1318 3440/1964/1331 3438/1952/1319
f 3439/1963/1330 3441/1965/1332 3440/1964/1331
f 3442/1966/1333 3426/1959/1326 3443/1962/1329
f 3442/1966/1333 3443/1962/1329 3434/1967/1334
f 3432/1968/1335 3442/1966/1333 3434/1967/1334
f 3427/1960/1327 3433/1957/1324 3435/1961/1328
f 3412/1969/1309 3431/1970/1325 3430/1971/1322
f 3412/1969/1309 3430/1971/1322 3415/1972/1306
f 3418/1973/1302 3437/1974/1318 3429/1975/1321
f 3418/1973/1302 3429/1975/1321 3416/1976/1307
f 3424/1977/1310 3426/103/1326 3422/102/1316
f 3417/1978/1303 3436/1979/1320 3438/1980/1319
f 3417/1978/1303 3438/1980/1319 3419/98/1304
f 3414/1981/1305 3428/1982/1323 3433/1983/1324
f 3414/1981/1305 3433/1983/1324 3413/1984/1308
f 3425/1985/1311 3443/105/1329 3435/1986/1328
f 3425/1985/1311 3435/1986/1328 3411/1987/1312
f 3420/1988/1313 3439/1989/1330 3437/1974/1318
f 3420/1988/1313 3437/1974/1318 3418/1973/1302
f 3419/98/1304 3438/1980/1319 3440/99/1331
f 3411/1987/1312 3435/1986/1328 3431/1970/1325
f 3411/1987/1312 3431/1970/1325 3412/1969/1309
f 3421/1990/1317 3441/1991/1332 3439/1992/1330
f 3413/1984/1308 3433/1983/1324 3427/1993/1327
f 3421/1994/1317 3439/1989/1330 3420/1988/1313
f 3423/97/1315 3443/105/1329 3425/1985/1311
f 3414/1981/1305 3429/1995/1321 3428/1982/1323
f 3413/1984/1308 3427/1993/1327 3426/103/1326
f 3413/1984/1308 3426/103/1326 3424/1977/1310
f 3416/1996/1307 3429/1997/1321 3414/1998/1305
f 3415/1999/1306 3430/2000/1322 3436/2001/1320
f 3415/1999/1306 3436/2001/1320 3417/2002/1303
f 3429/1954/1321 3437/1951/1318 3436/1953/1320
f 3416/1940/1307 3417/1936/1303 3418/1935/1302
usemtl Wood
f 2062/2003/137 2097/2004/138 2057/2005/1336
f 2062/2003/137 2057/2005/1336 2069/2006/1337
f 2060/2007/134 2061/2008/133 2068/2009/1338
f 2060/2007/134 2068/2009/1338 2067/2010/1339
f 2059/2011/136 2096/2012/135 2066/2013/1340
f 2059/2011/136 2066/2013/1340 2065/2014/1341
f 2058/2015/140 2095/2016/139 2064/2017/1342
f 2058/2015/140 2064/2017/1342 2063/2018/1343
f 2061/2008/133 2062/2019/137 2069/2020/1337
f 2061/2008/133 2069/2020/1337 2068/2009/1338
f 2096/2012/135 2060/2007/134 2067/2010/1339
f 2096/2012/135 2067/2010/1339 2066/2013/1340
f 2095/2016/139 2059/2011/136 2065/2014/1341
f 2095/2016/139 2065/2014/1341 2064/2017/1342
f 2097/2004/138 2058/2015/140 2063/2018/1343
f 2097/2004/138 2063/2018/1343 2057/2005/1336
f 2153/2021/150 2154/2022/151 2114/2023/1344
f 2153/2021/150 2114/2023/1344 2124/2024/1345
f 2116/2025/147 2117/2026/146 2123/2027/1346
f 2116/2025/147 2123/2027/1346 2122/2028/1347
f 2151/2029/149 2152/2030/148 2121/2031/1348
f 2151/2029/149 2121/2031/1348 2120/2032/1349
f 2115/2033/153 2150/2034/152 2119/2035/1342
f 2115/2033/153 2119/2035/1342 2118/2036/1343
f 2117/2026/146 2153/2037/150 2124/2038/1345
f 2117/2026/146 2124/2038/1345 2123/2027/1346
f 2152/2030/148 2116/2025/147 2122/2028/1347
f 2152/2030/148 2122/2028/1347 2121/2031/1348
f 2150/2034/152 2151/2029/149 2120/2032/1349
f 2150/2034/152 2120/2032/1349 2119/2035/1342
f 2154/2022/151 2115/2033/153 2118/2036/1343
f 2154/2022/151 2118/2036/1343 2114/2023/1344
f 2175/2039/137 2211/2040/151 2171/2041/1336
f 2175/2039/137 2171/2041/1336 2182/2042/1345
f 2209/2043/147 2210/2044/133 2181/2045/1350
f 2209/2043/147 2181/2045/1350 2180/2046/1339
f 2173/2047/158 2174/2048/135 2179/2049/1340
f 2173/2047/158 2179/2049/1340 2178/2050/1351
f 2172/2051/159 2208/2052/139 2177/2053/1352
f 2172/2051/159 2177/2053/1352 2176/2054/1353
f 2210/2044/133 2175/2055/137 2182/2056/1345
f 2210/2044/133 2182/2056/1345 2181/2045/1350
f 2174/2048/135 2209/2043/147 2180/2046/1339
f 2174/2048/135 2180/2046/1339 2179/2049/1340
f 2208/2052/139 2173/2047/158 2178/2050/1351
f 2208/2052/139 2178/2050/1351 2177/2053/1352
f 2211/2040/151 2172/2051/159 2176/2054/1353
f 2211/2040/151 2176/2054/1353 2171/2041/1336
f 2233/2057/164 2268/2058/165 2228/2059/1336
f 2233/2057/164 2228/2059/1336 2240/2060/1337
f 2231/2061/134 2232/2062/162 2239/2063/1350
f 2231/2061/134 2239/2063/1350 2238/2064/1339
f 2266/2065/163 2267/2066/135 2237/2067/1340
f 2266/2065/163 2237/2067/1340 2236/2068/1341
f 2229/2069/167 2230/2070/166 2235/2071/1354
f 2229/2069/167 2235/2071/1354 2234/2072/1355
f 2232/2062/162 2233/2073/164 2240/2074/1337
f 2232/2062/162 2240/2074/1337 2239/2063/1350
f 2267/2066/135 2231/2061/134 2238/2064/1339
f 2267/2066/135 2238/2064/1339 2237/2067/1340
f 2230/2070/166 2266/2065/163 2236/2068/1341
f 2230/2070/166 2236/2068/1341 2235/2071/1354
f 2268/2058/165 2229/2069/167 2234/2072/1355
f 2268/2058/165 2234/2072/1355 2228/2059/1336
f 2324/2075/172 2290/2076/151 2285/2077/1336
f 2324/2075/172 2285/2077/1336 2296/2078/1345
f 2322/2079/169 2323/2080/146 2295/2081/1356
f 2322/2079/169 2295/2081/1356 2294/2082/1357
f 2288/2083/171 2289/2084/170 2294/2082/1357
f 2288/2083/171 2294/2082/1357 2293/2085/1358
f 2286/2086/140 2287/2087/173 2292/2088/1342
f 2286/2086/140 2292/2088/1342 2291/2089/1343
f 2323/2080/146 2324/2090/172 2296/2091/1345
f 2323/2080/146 2296/2091/1345 2295/2081/1356
f 2289/2084/170 2322/2079/169 2294/2082/1357
f 2287/2087/173 2288/2083/171 2293/2085/1358
f 2287/2087/173 2293/2085/1358 2292/2088/1342
f 2290/2076/151 2286/2086/140 2291/2089/1343
f 2290/2076/151 2291/2089/1343 2285/2077/1336
f 2368/2092/1359 2342/2093/1359 2341/2094/1359
usemtl PlantsPlanter
f 4327/2095/1360 4336/2096/1361 4338/2097/1362
f 3552/2098/1363 3555/2099/1364 3554/2100/1365
f 6403/2101/1366 6400/2102/1367 6399/2103/1368
f 6305/2104/1369 6307/2105/1370 6306/2106/1371
f 5941/2107/1372 5937/2108/1373 5936/2109/1374
f 5728/2110/1375 5727/2111/1376 5726/2112/1377
f 3554/2100/1365 3555/2099/1364 3549/2113/1378
f 3572/2114/1379 3574/2115/1380 3571/2116/1381
f 4371/2117/1382 4366/2118/1383 4369/2119/1384
f 3710/2120/1385 3706/2121/1386 3708/2122/1387
f 5209/2123/1388 5204/2124/1389 5207/2125/1390
f 6455/2126/1391 6459/2127/1392 6457/2128/1393
f 6337/2129/1394 6338/2130/1395 6334/2131/1396
f 6339/2132/1397 6340/2133/1398 6336/2134/1399
f 6340/2133/1398 6341/2135/1400 6338/2130/1395
f 6330/2136/1401 6329/2137/1402 6328/2138/1403
f 6343/2139/1404 6348/2140/1405 6347/2141/1406
f 5227/2142/1407 5221/2143/1408 5222/2144/1409
f 5228/2145/1410 5221/2143/1408 5229/2146/1411
f 6353/2147/1412 6352/2148/1413 6354/2149/1414
f 5894/2150/1415 5897/2151/1416 5898/2152/1417
f 5987/2153/1418 5986/2154/1419 5989/2155/1420
f 4020/2156/1421 4015/2157/1422 4018/2158/1423
f 5384/2159/1424 5380/2160/1425 5379/2161/1426
f 6383/2162/1427 6381/2163/1428 6380/2164/1429
f 5367/2165/1430 5368/2166/1431 5364/2167/1432
f 3632/2168/1433 3629/2169/1434 3637/2170/1435
f 5279/2171/1436 5280/2172/1437 5282/2173/1438
f 6410/2174/1439 6404/2175/1440 6407/2176/1441
f 6413/2177/1442 6412/2178/1443 6405/2179/1444
f 5287/2180/1445 5288/2181/1446 5284/2182/1447
f 3669/2183/1448 3671/2184/1449 3670/2185/1450
f 3672/2186/1451 3669/2183/1448 3670/2185/1450
f 6420/2187/1452 6422/2188/1453 6423/2189/1454
f 5304/2190/1455 5302/2191/1456 5306/2192/1457
f 5305/2193/1458 5302/2191/1456 5295/2194/1459
f 5400/2195/1460 5403/2196/1461 5397/2197/1462
f 6437/2198/1463 6436/2199/1464 6429/2200/1465
f 3937/2201/1466 3931/2202/1467 3936/2203/1468
f 5327/2204/1469 5328/2205/1470 5326/2206/1471
f 6079/2207/1472 6080/2208/1473 6081/2209/1474
f 5342/2210/1475 5346/2211/1476 5344/2212/1477
f 7311/2213/1478 7317/2214/1479 7314/2215/1480
f 7313/2216/1481 7307/2217/1482 7309/2218/1483
f 4132/2219/1484 4131/2220/1485 4130/2221/1467
f 6684/2222/1486 6685/2223/1487 6679/2224/1488
f 3740/2225/1489 3742/2226/1490 3739/2227/1491
f 4750/2228/1492 4760/2229/1493 4759/2230/1494
f 3849/2231/1495 3850/2232/1496 3847/2233/1497
f 5148/2234/1498 5147/2235/1499 5150/2236/1500
f 7403/2237/1501 7405/2238/1502 7404/2239/1503
f 5151/2240/1504 5155/2241/1505 5154/2242/1506
f 7485/2243/1478 7491/2244/1507 7490/2245/1508
f 6913/2246/1509 6907/2247/1510 6912/2248/1511
f 5481/2249/1512 5477/2250/1513 5480/2251/1514
f 4731/2252/1515 4732/2253/1516 4726/2254/1517
f 3765/2255/1518 3767/2256/1519 3764/2257/1520
f 4924/2258/1521 4933/2259/1522 4935/2260/1523
f 3861/2261/1524 3858/2262/1525 3864/2263/1526
f 7218/2264/1527 7210/2265/1528 7217/2266/1529
f 3981/2267/1530 3980/2268/1531 3977/2269/1532
f 6939/2270/1533 6943/2271/1534 6944/2272/1535
f 4591/2273/1536 4588/2274/1537 4586/2275/1538
f 6536/2276/1539 6545/2277/1540 6544/2278/1541
f 4783/2279/1542 4784/2280/1543 4789/2281/1544
f 5567/2282/1545 5563/2283/1546 5565/2284/1547
f 3911/2285/1548 3910/2286/1549 3912/2287/1550
f 5105/2288/1551 5104/2289/1552 5106/2290/1553
f 4864/2291/1554 4868/2292/1555 4866/2293/1556
f 3827/2294/1557 3829/2295/1558 3828/2296/1559
f 3830/2297/1560 3827/2294/1557 3828/2296/1559
f 3836/2298/1561 3832/2299/1562 3825/2300/1563
f 6782/2301/1564 6784/2302/1565 6785/2303/1566
f 6523/2304/1382 6518/2305/1383 6521/2306/1384
f 4543/2307/1567 4540/2308/1568 4539/2309/1569
f 6497/2310/1570 6495/2311/1571 6498/2312/1572
f 4945/2313/1573 4943/2314/1574 4947/2315/1575
f 6075/2316/1576 6074/2317/1577 6077/2318/1578
f 7432/2319/1579 7435/2320/1580 7438/2321/1581
f 7017/2322/1582 7009/2323/1583 7016/2324/1584
f 7413/2325/1585 7412/2326/1586 7409/2327/1587
f 6817/2328/1588 6821/2329/1589 6819/2330/1590
f 3871/2331/1557 3873/2332/1591 3872/2333/1559
f 3874/2334/1592 3871/2331/1557 3872/2333/1559
f 3831/2335/1593 3829/2295/1558 3832/2299/1562
f 3880/2336/1561 3876/2337/1562 3869/2338/1594
f 5166/2339/1595 5168/2340/1596 5169/2341/1597
f 5643/2342/1598 5640/2343/1599 5646/2344/1600
f 5061/2345/1601 5053/2346/1602 5060/2347/1603
f 7237/2348/1604 7238/2349/1605 7234/2350/1528
f 5034/2351/1606 5040/2352/1607 5032/2353/1608
f 4039/2354/1609 4045/2355/1610 4037/2356/1611
f 6265/2357/1612 6264/2358/1613 6266/2359/1614
f 4888/2360/1615 4887/2361/1616 4889/2362/1617
f 7115/2363/1618 7118/2364/1619 7112/2365/1620
f 6711/2366/1509 6705/2367/1510 6710/2368/1511
f 6485/2369/1621 6486/2370/1622 6480/2371/1623
f 3939/2372/1624 3941/2373/1625 3938/2374/1491
f 4128/2375/1360 4137/2376/1626 4139/2377/1362
f 4446/2378/1495 4447/2379/1627 4444/2380/1628
f 4251/2381/1629 4253/2382/1630 4255/2383/1631
f 3691/2384/1632 3692/2385/1633 3690/2386/1634
f 6914/2387/1635 6917/2388/1636 6911/2389/1637
f 3958/2390/1638 3957/2391/1639 3956/2392/1640
f 6510/2393/1641 6511/2394/1642 6505/2395/1643
f 3964/2396/1644 3966/2397/1645 3963/2398/1520
f 4949/2399/1492 4958/2400/1646 4960/2401/1494
f 4844/2402/1499 4845/2403/1647 4842/2404/1648
f 4595/2405/1649 4601/2406/1650 4593/2407/1651
f 6610/2408/1652 6607/2409/1525 6613/2410/1526
f 3789/2411/1653 3793/2412/1654 3794/2413/1655
f 3795/2414/1541 3792/2415/1656 3790/2416/1657
f 5175/2417/1658 5174/2418/1659 5173/2419/1660
f 3786/2420/1661 3785/2421/1662 3778/2422/1663
f 7139/2423/1664 7140/2424/1665 7145/2425/1666
f 6284/2426/1667 6290/2427/1668 6282/2428/1669
f 7244/2429/1670 7243/2430/1671 7245/2431/1672
f 6859/2432/1673 6858/2433/1674 6860/2434/1675
f 6574/2435/1594 6578/2436/1676 6576/2437/1677
f 4026/2438/1557 4028/2439/1558 4027/2440/1559
f 4029/2441/1678 4026/2438/1557 4027/2440/1559
f 7379/2442/1679 7381/2443/1680 7382/2444/1681
f 4035/2445/1561 4031/2446/1562 4024/2447/1563
f 3878/2448/1682 3880/2336/1561 3881/2449/1683
f 3821/2450/1684 3816/2451/1685 3819/2452/1423
f 6897/2453/1686 6894/2454/1687 6893/2455/1688
f 4544/2456/1689 4542/2457/1690 4545/2458/1691
f 4747/2459/1692 4744/2460/1693 4738/2461/1569
f 3655/2462/1694 3661/2463/1695 3658/2464/1696
f 6149/2465/1697 6148/2466/1698 6141/2467/1699
f 3886/2468/1700 3887/2469/1701 3883/2470/1702
f 5935/2471/1703 5942/2472/1704 5944/2473/1705
f 4070/2474/1557 4072/2475/1676 4071/2476/1706
f 4073/2477/1560 4070/2474/1557 4071/2476/1706
f 7182/2478/1707 7180/2479/1708 7183/2480/1709
f 5262/2481/1710 5260/2482/1711 5263/2483/1712
f 4079/2484/1561 4075/2485/1713 4068/2486/1594
f 4873/2487/1714 4875/2488/1715 4876/2489/1716
f 3994/2490/1541 3991/2491/1656 3989/2492/1657
f 7441/2493/1717 7440/2494/1718 7433/2495/1587
f 4682/2496/1719 4683/2497/1720 4679/2498/1721
f 4363/2499/1722 4364/2500/1723 4358/2501/1641
f 7353/2502/1724 7348/2503/1725 7351/2504/1726
f 7054/2505/1727 7053/2506/1674 7055/2507/1728
f 6447/2508/1729 6451/2509/1730 6449/2510/1731
f 4835/2511/1732 4841/2512/1733 4833/2513/1734
f 5134/2514/1735 5135/2515/1736 5129/2516/1737
f 6888/2517/1738 6882/2518/1739 6887/2519/1487
f 7085/2520/1740 7084/2521/1741 7083/2522/1742
f 4134/2523/1621 4135/2524/1622 4129/2525/1623
f 4137/2376/1626 4140/2526/1743 4139/2377/1362
f 6479/2527/1360 6488/2528/1744 6490/2529/1362
f 6695/2530/1745 6692/2531/1746 6691/2532/1688
f 7000/2533/1747 6999/2534/1748 7002/2535/1749
f 7102/2536/1750 7100/2537/1751 7104/2538/1752
f 6902/2539/1753 6899/2540/1754 6893/2455/1688
f 6102/2541/1755 6105/2542/1756 6099/2543/1757
f 3738/2544/1466 3732/2545/1467 3737/2546/1622
f 7483/2547/1758 7482/2548/1759 7484/2549/1760
f 7485/2243/1478 7486/2550/1761 7487/2551/1481
f 4163/2552/1762 4165/2553/1645 4162/2554/1520
f 4526/2555/1521 4535/2556/1763 4537/2557/1764
f 3774/2558/1382 3769/2559/1383 3772/2560/1384
f 4974/2561/1765 4977/2562/1766 4971/2563/1767
f 4464/2564/1768 4456/2565/1702 4463/2566/1769
f 4379/2567/1530 4378/2568/1770 4375/2569/1663
f 6031/2570/1771 6032/2571/1772 6028/2572/1773
f 4981/2573/1774 4990/2574/1775 4989/2575/1536
f 6938/2576/1776 6939/2270/1533 6944/2272/1535
f 6769/2577/1777 6764/2578/1778 6767/2579/1779
f 4007/2580/1780 4013/2581/1781 4005/2582/1782
f 6924/2583/1783 6919/2584/1784 6922/2585/1785
f 4820/2586/1786 4824/2587/1555 4822/2588/1556
f 4225/2589/1787 4227/2590/1591 4226/2591/1559
f 4228/2592/1788 4225/2589/1787 4226/2591/1559
f 4472/2593/1593 4470/2594/1591 4473/2595/1789
f 4234/2596/1790 4230/2597/1713 4223/2598/1563
f 6415/2599/1791 6418/2600/1792 6416/2601/1793
f 7431/2602/1794 7430/2603/1795 7428/2604/1796
f 5598/2605/1797 5602/2606/1798 5600/2607/1799
f 5147/2235/1499 5148/2234/1498 5145/2608/1648
f 7099/2609/1800 7097/2610/1801 7100/2537/1751
f 7003/2611/1802 7007/2612/1803 7006/2613/1804
f 6809/2614/1805 6806/2615/1806 6812/2616/1807
f 4265/2617/1768 4257/2618/1702 4264/2619/1769
f 3862/2620/1808 3863/2621/1701 3859/2622/1702
f 7019/2623/1809 7023/2624/1810 7021/2625/1811
f 4269/2626/1557 4271/2627/1676 4270/2628/1559
f 4272/2629/1560 4269/2626/1557 4270/2628/1559
f 6823/2630/1812 6821/2329/1589 6824/2631/1813
f 4278/2632/1790 4274/2633/1713 4267/2634/1563
f 7525/2635/1794 7524/2636/1795 7522/2637/1814
f 5664/2638/1598 5661/2639/1815 5667/2640/1600
f 4862/2641/1601 4854/2642/1721 4861/2643/1603
f 6834/2644/1816 6835/2645/1817 6831/2646/1583
f 4518/2647/1818 4524/2648/1819 4516/2649/1820
f 6570/2650/1684 6565/2651/1685 6568/2652/1423
f 6788/2653/1821 6794/2654/1822 6786/2655/1823
f 6548/2656/1824 6554/2657/1825 6546/2658/1826
f 4534/2659/1827 4528/2660/1828 4533/2661/1829
f 7284/2662/1830 7283/2663/1831 7285/2664/1832
f 4930/2665/1515 4931/2666/1516 4925/2667/1517
f 4336/2096/1361 4339/2668/1833 4338/2097/1362
f 6703/2669/1834 6713/2670/1835 6712/2671/1836
f 7505/2672/1837 7502/2673/1838 7501/2674/1839
f 6696/2675/1840 6694/2676/1841 6697/2677/1842
f 4848/2678/1843 4852/2679/1844 4851/2680/1845
f 4338/2097/1362 4339/2668/1833 4333/2681/1621
f 5131/2682/1846 5125/2683/1847 5130/2684/1848
f 4555/2685/1849 4554/2686/1850 4553/2687/1847
f 5129/2516/1737 5130/2684/1848 5124/2688/1851
f 4361/2689/1644 4364/2500/1723 4363/2499/1722
f 4551/2690/1852 4560/2691/1853 4562/2692/1494
f 7191/2693/1854 7197/2694/1855 7189/2695/1856
f 6224/2696/1857 6221/2697/1858 6227/2698/1859
f 6734/2699/1860 6733/2700/1861 6726/2701/1862
f 4578/2702/1863 4577/2703/1586 4574/2704/1864
f 4585/2705/1543 4589/2706/1865 4590/2707/1544
f 4583/2708/1774 4592/2709/1775 4591/2273/1536
f 6537/2710/1866 6538/2711/1653 6543/2712/1655
f 7394/2713/1867 7389/2714/1615 7392/2715/1868
f 7444/2716/1869 7450/2717/1870 7442/2718/1608
f 5096/2719/1871 5095/2720/1872 5097/2721/1873
f 7515/2722/1874 7513/2723/1875 7512/2724/1876
f 4424/2725/1557 4426/2726/1591 4425/2727/1559
f 4427/2728/1788 4424/2725/1557 4425/2727/1559
f 6580/2729/1593 6578/2436/1676 6581/2730/1789
f 4433/2731/1561 4429/2732/1713 4422/2733/1594
f 4276/2734/1682 4278/2632/1790 4279/2735/1877
f 4309/2736/1548 4308/2737/1549 4310/2738/1878
f 7200/2739/1879 7201/2740/1880 7198/2741/1881
f 5044/2742/1498 5043/2743/1499 5046/2744/1500
f 3751/2745/1882 3749/2746/1883 3753/2747/1884
f 7510/2748/1885 7511/2749/1886 7507/2750/1887
f 5470/2751/1888 5467/2752/1889 5473/2753/1890
f 6635/2754/1700 6636/2755/1701 6632/2756/1702
f 4468/2757/1557 4470/2594/1591 4469/2758/1559
f 4471/2759/1788 4468/2757/1557 4469/2758/1559
f 7423/2760/1891 7425/2761/1680 7426/2762/1892
f 4477/2763/1790 4473/2595/1789 4466/2764/1594
f 4077/2765/1682 4079/2484/1561 4080/2766/1877
f 5055/2767/1893 5052/2768/1894 5058/2769/1895
f 4184/2770/1661 4183/2771/1662 4176/2772/1663
f 7036/2773/1816 7037/2774/1896 7033/2775/1583
f 7272/2776/1897 7278/2777/1898 7270/2778/1899
f 4968/2779/1867 4963/2780/1615 4966/2781/1900
f 4570/2782/1867 4565/2783/1901 4568/2784/1900
f 6891/2785/1902 6892/2786/1903 6886/2787/1486
f 4957/2788/1846 4951/2789/1904 4956/2790/1848
f 7110/2791/1905 7109/2792/1906 7108/2793/1907
f 4333/2681/1621 4334/2794/1622 4328/2795/1623
f 4535/2556/1763 4538/2796/1908 4537/2557/1764
f 6880/2797/1909 6889/2798/1910 6891/2785/1902
f 3946/2799/1911 3943/2800/1912 3942/2801/1913
f 6798/2802/1914 6797/2803/1748 6800/2804/1749
f 4052/2805/1629 4054/2806/1915 4056/2807/1631
f 6060/2808/1916 6058/2809/1917 6065/2810/1918
f 4537/2557/1764 4538/2796/1908 4532/2811/1515
f 7114/2812/1919 7108/2793/1907 7113/2813/1920
f 5957/2814/1921 5960/2815/1922 5954/2816/1923
f 4159/2817/1641 4160/2818/1642 4154/2819/1643
f 4560/2691/1853 4563/2820/1924 4562/2692/1494
f 3755/2821/1925 3765/2255/1518 3764/2257/1520
f 4707/2822/1551 4706/2823/1552 4708/2824/1553
f 3780/2825/1926 3783/2826/1927 3777/2827/1928
f 7041/2828/1582 7033/2775/1583 7040/2829/1584
f 5056/2830/1719 5057/2831/1720 5053/2346/1602
f 5783/2832/1929 5779/2833/1930 5781/2834/1931
f 3988/2835/1653 3992/2836/1654 3993/2837/1655
f 6743/2838/1932 6740/2839/1933 6738/2840/1934
f 7346/2841/1935 7337/2842/1936 7345/2843/1937
f 6736/2844/1776 6737/2845/1533 6742/2846/1535
f 5676/2847/1545 5672/2848/1546 5674/2849/1547
f 4604/2850/1938 4610/2851/1939 4602/2852/1940
f 4897/2853/1941 4896/2854/1942 4898/2855/1943
f 7138/2856/1944 7147/2857/1945 7146/2858/1946
f 4623/2859/1947 4625/2860/1555 4624/2861/1948
f 4626/2862/1949 4623/2859/1947 4624/2861/1948
f 7517/2863/1950 7519/2864/1680 7520/2865/1892
f 4632/2866/1596 4628/2867/1951 4621/2868/1786
f 6627/2869/1952 6629/2870/1561 6630/2871/1877
f 3808/2872/1780 3814/2873/1781 3806/2874/1782
f 4247/2875/1495 4248/2876/1627 4245/2877/1628
f 4942/2878/1953 4940/2879/1954 4943/2314/1574
f 4349/2880/1955 4346/2881/1956 4340/2882/1913
f 7212/2883/1957 7209/2884/1958 7215/2885/1959
f 7137/2886/1960 7136/2887/1961 7129/2888/1962
f 7133/2889/1963 7132/2890/1964 7129/2888/1962
f 4068/2486/1594 4072/2475/1676 4070/2474/1557
f 4667/2891/1965 4669/2892/1555 4668/2893/1948
f 4670/2894/1949 4667/2891/1965 4668/2893/1948
f 6194/2895/1966 6192/2896/1967 6195/2897/1968
f 4676/2898/1969 4672/2899/1951 4665/2900/1786
f 4475/2901/1682 4477/2763/1790 4478/2902/1877
f 4084/2903/1524 4081/2904/1525 4087/2905/1526
f 4066/2906/1970 4058/2907/1702 4065/2908/1769
f 4857/2909/1719 4858/2910/1720 4854/2642/1721
f 5625/2911/1971 5629/2912/1972 5627/2913/1973
f 6557/2914/1780 6563/2915/1781 6555/2916/1782
f 7320/2917/1869 7326/2918/1870 7318/2919/1608
f 4405/2920/1780 4411/2921/1781 4403/2922/1782
f 7286/2923/1974 7292/2924/1975 7289/2925/1976
f 6487/2926/1466 6481/2927/1467 6486/2370/1622
f 4953/2928/1849 4952/2929/1977 4951/2789/1904
f 3736/2930/1621 3737/2546/1622 3731/2931/1623
f 4735/2932/1978 4737/2933/1908 4734/2934/1979
f 7478/2935/1980 7489/2936/1981 7490/2245/1508
f 3747/2937/1911 3744/2938/1982 3743/2939/1913
f 6213/2940/1983 6212/2941/1984 6215/2942/1985
f 5047/2943/1986 5049/2944/1987 5051/2945/1505
f 7103/2946/1988 7100/2537/1751 7094/2947/1989
f 6490/2529/1362 6491/2948/1625 6485/2369/1621
f 4932/2949/1827 4926/2950/1828 4931/2666/1516
f 6682/2951/1990 6681/2952/1991 6680/2953/1739
f 6124/2954/1992 6125/2955/1993 6119/2956/1994
f 4760/2229/1493 4762/2957/1995 4759/2230/1494
f 3929/2958/1996 3939/2372/1624 3938/2374/1491
f 6137/2959/1997 6132/2960/1998 6135/2961/1999
f 6833/2962/1805 6830/2963/2000 6836/2964/1807
f 6936/2965/1860 6935/2966/1861 6928/2967/1862
f 5080/2968/1719 5081/2969/1720 5077/2970/1721
f 4187/2971/1653 4191/2972/1654 4192/2973/1655
f 3979/2974/1926 3982/2975/1927 3976/2976/1928
f 7146/2858/1946 7143/2977/2001 7141/2978/2002
f 6735/2979/2003 6744/2980/2004 6743/2838/1932
f 3987/2981/2005 3988/2835/1653 3993/2837/1655
f 5138/2982/2006 5144/2983/1650 5136/2984/1940
f 6274/2985/2007 6273/2986/2008 6275/2987/2009
f 5394/2988/2010 5390/2989/2011 5392/2990/2012
f 6773/2991/1809 6777/2992/1810 6775/2993/1811
f 4822/2588/1556 4824/2587/1555 4823/2994/1948
f 4825/2995/2013 4822/2588/1556 4823/2994/1948
f 5254/2996/2014 5249/2997/2015 5252/2998/2016
f 4229/2999/2017 4227/2590/1591 4230/2597/1713
f 4831/3000/1596 4827/3001/1951 4820/2586/1786
f 4431/3002/2018 4433/2731/1561 4434/3003/1877
f 6203/3004/2019 6209/3005/2020 6201/3006/2021
f 6999/2534/1748 7000/2533/1747 6997/3007/2022
f 3594/3008/2023 3598/3009/2024 3599/3010/2025
f 4447/2379/1627 4446/2378/1495 4449/3011/2026
f 6801/3012/2027 6803/3013/2028 6805/3014/1803
f 4052/2805/1629 4056/2807/1631 4055/3015/2029
f 5079/3016/2030 5076/3017/1894 5082/3018/1895
f 4687/3019/1601 4679/2498/1721 4686/3020/1603
f 4260/3021/1700 4261/3022/1701 4257/2618/1702
f 4665/2900/1786 4669/2892/1555 4667/2891/1965
f 4866/2293/1556 4868/2292/1555 4867/3023/1948
f 4869/3024/2013 4866/2293/1556 4867/3023/1948
f 5163/3025/2031 5161/3026/2032 5164/3027/2033
f 4875/2488/1715 4871/3028/2034 4864/2291/1554
f 6984/3029/2035 6986/3030/2036 6987/3031/1566
f 4060/3032/1524 4057/3033/1525 4063/3034/1526
f 4582/3035/2037 4581/3036/2038 4574/2704/1864
f 4976/3037/1863 4975/3038/1586 4972/3039/1864
f 5889/3040/2039 5885/3041/2040 5887/3042/2041
f 4794/3043/1649 4800/3044/1650 4792/3045/1651
f 4490/3046/1383 4489/3047/2042 4491/3048/2043
f 4291/3049/1383 4290/3050/2042 4292/3051/2043
f 4935/2260/1523 4936/3052/2044 4930/2665/1515
f 6101/3053/2045 6095/3054/2046 6100/3055/2047
f 3933/3056/1484 3932/3057/2048 3931/2202/1467
f 3960/3058/1641 3961/3059/1642 3955/3060/2049
f 4933/2259/1522 4936/3052/2044 4935/2260/1523
f 4941/3061/1567 4938/3062/2050 4937/3063/1569
f 6898/3064/1840 6896/3065/1841 6899/2540/1754
f 6602/3066/1629 6604/3067/1630 6606/3068/2051
f 7204/3069/2052 7208/3070/2053 7207/3071/2054
f 6689/3072/1902 6690/3073/2055 6684/2222/1486
f 6097/3074/2056 6096/3075/2057 6095/3054/2046
f 4958/2400/1646 4961/3076/1924 4960/2401/1494
f 4352/3077/1925 4361/2689/1644 4363/2499/1722
f 4993/3078/1649 4999/3079/2058 4991/3080/2059
f 4880/3081/1893 4877/3082/2060 4883/3083/1895
f 4886/3084/1601 4878/3085/1721 4885/3086/1603
f 4085/3087/1700 4086/3088/1701 4082/3089/1702
f 6152/3090/2061 6156/3091/2062 6157/3092/2063
f 4790/3093/1536 4787/3094/1537 4785/3095/2064
f 4782/3096/1774 4791/3097/1775 4790/3093/1536
f 7338/3098/2065 7339/3099/2066 7337/2842/1936
f 5684/3100/2067 5680/3101/2068 5682/3102/2069
f 4499/3103/2070 4498/3104/2071 4500/3105/2072
f 7159/3106/2073 7165/3107/2074 7157/3108/2075
f 7421/3109/2076 7419/3110/2077 7418/3111/1876
f 5021/3112/1965 5023/3113/1555 5022/3114/1948
f 5024/3115/1949 5021/3112/1965 5022/3114/1948
f 4826/3116/2031 4824/2587/1555 4827/3001/1951
f 5030/3117/1596 5026/3118/2078 5019/3119/1786
f 6583/3120/1952 6585/3121/1561 6586/3122/1877
f 7172/3123/2079 7167/3124/2080 7170/3125/2081
f 4048/3126/1495 4049/3127/2082 4046/3128/1628
f 3947/3129/2083 3945/3130/2084 3948/3131/1572
f 5151/2240/1504 5153/3132/2085 5155/2241/1505
f 3752/3133/1955 3749/2746/1883 3743/2939/1913
f 6529/3134/1926 6532/3135/1927 6526/3136/1928
f 4090/3137/1970 4082/3089/1702 4089/3138/1769
f 7012/3139/1816 7013/3140/1817 7009/2323/1583
f 4466/2764/1594 4470/2594/1591 4468/2757/1557
f 5065/3141/1965 5067/3142/1555 5066/3143/1948
f 5068/3144/1949 5065/3141/1965 5066/3143/1948
f 7226/3145/1707 7224/3146/1708 7227/3147/1709
f 5074/3148/1596 5070/3149/2086 5063/3150/1554
f 4674/3151/2087 4676/2898/1969 4677/3152/1716
f 4663/3153/1601 4655/3154/1721 4662/3155/2088
f 4881/3156/1719 4882/3157/1720 4878/3085/1721
f 5015/3158/2089 5010/3159/2090 5013/3160/2091
f 3998/3161/1824 4004/3162/2092 3996/3163/1782
f 6670/3164/1818 6676/3165/1819 6668/3166/1820
f 7367/3167/2093 7373/3168/2094 7365/3169/2095
f 4960/2401/1494 4961/3076/1924 4955/3170/1737
f 4559/3171/1846 4553/2687/1847 4558/3172/1848
f 4754/3173/1849 4753/3174/1977 4752/3175/1904
f 7311/2213/1478 7312/3176/1761 7313/2216/1481
f 5132/3177/1493 5135/2515/1736 5134/2514/1735
f 4816/3178/2089 4811/3179/2090 4814/3180/2091
f 6797/2803/1748 6798/2802/1914 6795/3181/2022
f 7403/2237/1501 7404/2239/1503 7402/3182/2096
f 4385/3183/1866 4386/3184/1653 4391/3185/1655
f 3853/3186/2097 3857/3187/1631 3856/3188/2029
f 6188/3189/2098 6192/2896/1967 6190/3190/2099
f 5159/3191/1965 5161/3026/2032 5160/3192/2100
f 5162/3193/1949 5159/3191/1965 5160/3192/2100
f 6238/3194/2101 6236/3195/1967 6239/3196/1968
f 5168/2340/1596 5164/3027/2033 5157/3197/1786
f 6826/3198/2102 6828/3199/1565 6829/3200/1566
f 6868/3201/2103 6872/3202/2104 6878/3203/2105
f 4548/3204/1692 4545/2458/1691 4539/2309/1569
f 7131/3205/2106 7134/3206/2107 7128/3207/2108
f 3730/3208/2109 3740/2225/1489 3739/2227/1491
f 5181/3209/2110 5183/3210/2111 5180/3211/2112
f 6292/3212/2113 6291/3213/2114 6301/3214/2115
f 6874/3215/2116 6873/3216/2117 6870/3217/2118
f 4848/2678/1843 4850/3218/1987 4852/2679/1844
f 6317/3219/2119 6316/3220/2120 6318/3221/2121
f 5711/3222/2122 5714/3223/2123 5710/3224/2124
f 5200/3225/2125 5202/3226/2126 5199/3227/2127
f 5731/3228/2128 5734/3229/2129 5730/3230/2130
f 3589/3231/2131 3588/3232/2132 3585/3233/2133
f 7340/3234/2134 7341/3235/2135 7342/3236/2136
f 6089/3237/2137 6088/3238/2138 6087/3239/2139
f 6350/3240/2140 6342/3241/2141 6349/3242/2142
f 4061/3243/1700 4062/3244/1701 4058/2907/1702
f 5523/3245/2143 5527/3246/2144 5525/3247/2145
f 6382/3248/2146 6381/2163/1428 6378/3249/2147
f 5115/3250/2148 5121/3251/2149 5113/3252/2095
f 3634/3253/2150 3632/2168/1433 3635/3254/2151
f 6012/3255/2152 6016/3256/2153 6014/3257/2154
f 3682/3258/2155 3679/3259/2156 3685/3260/2157
f 5283/3261/2158 5289/3262/2159 5286/3263/2160
f 6063/3264/2161 6059/3265/2162 6061/3266/2163
f 5831/3267/2164 5829/3268/2165 5833/3269/2166
f 5276/3270/2167 5282/2173/1438 5281/3271/2168
f 3664/3272/2169 3656/3273/2170 3663/3274/2171
f 6409/3275/2172 6408/3276/2173 6405/2179/1444
f 5294/3277/2174 5295/2194/1459 5297/3278/2175
f 5297/3278/2175 5299/3279/2176 5298/3280/2177
f 5300/3281/2178 5297/3278/2175 5298/3280/2177
f 3666/3282/2179 3667/3283/2180 3669/2183/1448
f 6046/3284/2181 6043/3285/2182 6037/3286/2183
f 6423/2189/1454 6425/3287/2184 6427/3288/2185
f 6423/2189/1454 6427/3288/2185 6426/3289/2186
f 6428/3290/2187 6431/3291/2188 6434/3292/2189
f 6067/3293/2190 6066/3294/2191 6068/3295/2192
f 6433/3296/2193 6432/3297/2194 6429/2200/1465
f 5319/3298/2195 5320/3299/2196 5318/3300/2197
f 3962/3301/2198 3956/2392/1640 3961/3059/1642
f 4649/3302/2199 4653/3303/1844 4652/3304/1845
f 5338/3305/2200 5334/3306/2201 5336/3307/2202
f 5610/3308/2203 5606/3309/2204 5608/3310/2205
f 3581/3311/2206 3576/3312/2207 3579/3313/2208
f 4547/3314/1573 4545/2458/1691 4549/3315/1575
f 5919/3316/2209 5918/3317/2210 5917/3318/2211
f 5365/3319/2212 5368/2166/1431 5367/2165/1430
f 3571/2116/1381 3574/2115/1380 3570/3320/2213
f 5719/3321/2214 5718/3322/2215 5721/3323/2216
f 7003/2611/1802 7005/3324/2028 7007/2612/1803
f 5557/3325/2217 5553/3326/2218 5552/3327/2219
f 5382/3328/2220 5381/3329/2221 5380/2160/1425
f 5385/3330/2222 5388/3331/2223 5387/3332/2224
f 5387/3332/2224 5388/3331/2223 5384/2159/1424
f 5849/3333/2225 5845/3334/2226 5847/3335/2227
f 3885/3336/1524 3882/3337/1525 3888/3338/1526
f 5471/3339/2228 5472/3340/2229 5468/3341/2230
f 5578/3342/2231 5575/3343/2232 5571/3344/2233
f 5581/3345/2234 5580/3346/2235 5582/3347/2236
f 5580/3346/2235 5581/3345/2234 5588/3348/2237
f 7050/3349/2238 7044/3350/2239 7048/3351/2240
f 5758/3352/2241 5757/3353/2242 5756/3354/2243
f 5310/3355/2244 5307/3356/2245 5313/3357/2246
f 7262/3358/2247 7261/3359/2248 7263/3360/2249
f 5537/3361/2250 5533/3362/2251 5532/3363/2252
f 7493/3364/2253 7492/3365/1872 7494/3366/2254
f 5696/3367/2255 5700/3368/2256 5698/3369/2257
f 6004/3370/2258 6000/3371/2183 6003/3372/2259
f 6041/3373/2260 6040/3374/2261 6039/3375/2262
f 5791/3376/2263 5789/3377/2264 5792/3378/2265
f 5911/3379/2266 5909/3380/2267 5913/3381/2166
f 6009/3382/2268 6006/3383/2182 6000/3371/2183
f 6439/3384/2269 6443/3385/2270 6441/3386/2271
f 4172/3387/1382 4167/3388/1383 4170/3389/1384
f 5636/3390/2272 5637/3391/2273 5638/3392/2274
f 6030/3393/2275 6027/3394/2276 6033/3395/2277
f 5817/3396/2278 5818/3397/2279 5814/3398/2280
f 5492/3399/2228 5493/3400/2281 5489/3401/2282
f 5648/3402/2283 5647/3403/2284 5649/3404/2285
f 3951/3405/1955 3948/3131/1572 3942/2801/1913
f 6004/3370/2258 6003/3372/2259 6002/3406/2286
f 5445/3407/2287 5443/3408/1514 5446/3409/2288
f 5621/3410/2289 5619/3411/2290 5623/3412/2291
f 5449/3413/2292 5446/3409/2288 5440/3414/1513
f 6051/3415/2293 6048/3416/2294 6054/3417/2277
f 5575/3343/2232 5574/3418/2295 5571/3344/2233
f 5475/3419/2296 5474/3420/2297 5476/3421/2298
f 3799/3422/2299 3805/3423/2300 3797/3424/2301
f 4508/3425/1548 4507/3426/1549 4509/3427/1878
f 5511/3428/2302 5507/3429/2303 5509/3430/2304
f 5437/3431/2305 5433/3432/2306 5435/3433/2307
f 5730/3230/2130 5726/2112/1377 5725/3434/2308
f 5908/3435/2263 5906/3436/2264 5909/3380/2267
f 4671/3437/2031 4669/2892/1555 4672/2899/1951
f 5538/3438/2309 5541/3439/2310 5540/3440/2311
f 6313/3441/2312 6312/3442/2313 6320/3443/2314
f 5373/3444/2315 5372/3445/2316 5375/3446/2317
f 5944/2473/1705 5945/3447/2318 5941/2107/1372
f 3570/3320/2213 3566/3448/2319 3565/3449/2320
f 5617/3450/2321 5613/3451/2322 5616/3452/2323
f 3600/3453/2324 3593/3454/2325 3601/3455/2326
f 5558/3456/2327 5561/3457/2328 5560/3458/2329
f 5199/3227/2127 5202/3226/2126 5198/3459/2330
f 5893/3460/2331 5897/2151/2332 5895/3461/2333
f 6171/3462/2334 6177/3463/2335 6169/3464/2336
f 6634/3465/1524 6631/3466/1525 6637/3467/1526
f 5821/3468/2337 5820/3469/2338 5822/3470/2339
f 5969/3471/2340 5968/3472/2341 5967/3473/2342
f 5763/3474/2343 5767/3475/2344 5765/3476/2345
f 6949/3477/2346 6955/3478/2347 6947/3479/2348
f 3673/3480/2349 3671/2184/1449 3674/3481/2350
f 5827/3482/2351 5823/3483/2352 5826/3484/2353
f 5444/3485/1512 5443/3408/1514 5442/3486/2354
f 5482/3487/2287 5480/2251/1514 5483/3488/2355
f 3869/2338/1594 3873/2332/1591 3871/2331/1557
f 5658/3489/2289 5656/3490/2356 5660/3491/2291
f 5659/3492/2357 5656/3490/2356 5650/3493/2322
f 5754/3494/2358 5753/3495/2359 5755/3496/2360
f 6538/2711/1653 6542/3497/1654 6543/2712/1655
f 5930/3498/2361 5929/3499/2362 5932/3500/2363
f 4657/3501/1893 4654/3502/1894 4660/3503/1895
f 5959/3504/2364 5958/3505/2365 5955/3506/2366
f 5402/3507/2367 5401/3508/2368 5398/3509/2369
f 5405/3510/2370 5402/3507/2367 5398/3509/2369
f 6041/3373/2260 6037/3286/2183 6040/3374/2261
f 5481/2249/1512 5480/2251/1514 5479/3511/2354
f 6005/3512/2371 6003/3372/2259 6006/3383/2182
f 5448/3513/2372 5446/3409/2288 5450/3514/2373
f 5486/3515/2292 5483/3488/2355 5477/2250/1513
f 5261/3516/2374 5257/3517/2375 5260/2482/1711
f 5816/3518/2376 5813/3519/2377 5819/3520/2378
f 6052/3521/1771 6053/3522/2379 6049/3523/1773
f 6035/3524/2380 6034/3525/2381 6036/3526/2382
f 6256/3527/1998 6255/3528/2383 6257/3529/2384
f 4803/3530/2385 4809/3531/2386 4801/3532/1940
f 5364/2167/1432 5360/3533/2387 5359/3534/2388
f 4717/3535/2148 4723/3536/2149 4715/3537/2095
f 7125/3538/2389 7120/3539/1670 7123/3540/2390
f 6300/3541/2391 6298/3542/2392 6299/3543/2393
f 5921/3544/2394 5917/3318/2211 5916/3545/2395
f 5708/3546/2396 5707/3547/2397 5706/3548/2398
f 5712/3549/2399 5714/3223/2123 5711/3222/2122
f 5408/3550/2400 5407/3551/2401 5409/3552/2402
f 5463/3553/2403 5464/3554/2404 5465/3555/2405
f 5362/3556/2406 5361/3557/2407 5360/3533/2387
f 5732/3558/2408 5734/3229/2129 5731/3228/2128
f 5924/3559/2409 5925/3560/2410 5921/3544/2394
f 4482/3561/1524 4479/3562/2411 4485/3563/1526
f 6056/3564/2412 6055/3565/2381 6057/3566/2382
f 6348/2140/1405 6342/3241/2141 6350/3240/2140
f 5964/3567/2413 5965/3568/2414 5972/3569/2415
f 5311/3570/2416 5312/3571/2417 5308/3572/2418
f 5585/3573/2419 5584/3574/2420 5583/3575/2421
f 4916/3576/2422 4922/3577/2149 4914/3578/2095
f 5869/3579/2423 5873/3580/2424 5871/3581/2425
f 5798/3582/2426 5802/3583/2427 5800/3584/2428
f 5179/3585/2429 5175/2417/1658 5173/2419/1660
f 5654/3586/2321 5650/3493/2322 5653/3587/2430
f 5260/2482/1711 5257/3517/2375 5265/3588/2431
f 5655/3589/2432 5653/3587/2430 5656/3490/2356
f 6008/3590/2433 6006/3383/2182 6010/3591/2434
f 5832/3592/2435 5829/3268/2165 5823/3483/2352
f 5978/3593/2436 5975/3594/2437 5980/3595/2438
f 5043/2743/1499 5044/2742/1498 5041/3596/1648
f 5753/3495/2359 5754/3494/2358 5761/3597/2439
f 6023/3598/2440 6024/3599/2441 6025/3600/2442
f 5491/3601/1888 5488/3602/1889 5494/3603/1890
f 5751/3604/2443 5748/3605/2444 5744/3606/2445
f 5790/3607/2351 5786/3608/2352 5789/3377/2264
f 5907/3609/2351 5906/3436/2264 5905/3610/2446
f 5618/3611/2432 5616/3452/2323 5619/3411/2290
f 5794/3612/2266 5792/3378/2265 5796/3613/2166
f 5622/3614/2357 5619/3411/2290 5613/3451/2322
f 5837/3615/2376 5834/3616/2377 5840/3617/2378
f 5748/3605/2444 5747/3618/2447 5744/3606/2445
f 5644/3619/2448 5645/3620/2449 5641/3621/2450
f 5669/3622/2283 5668/3623/2451 5670/3624/2285
f 7453/3625/2452 7459/3626/2453 7451/3627/1651
f 6958/3628/2454 6964/3629/2455 6956/3630/2348
f 4092/3631/1383 4091/3632/2456 4093/3633/2457
f 4437/3634/1609 4443/3635/1610 4435/3636/1611
f 6508/3637/1638 6507/3638/2458 6506/3639/1640
f 5654/3586/2321 5653/3587/2430 5652/3640/2459
f 5828/3641/2263 5826/3484/2353 5829/3268/2165
f 6296/3642/2460 6295/3643/2461 6297/3644/2462
f 5546/3645/2463 5545/3646/2464 5548/3647/2465
f 3677/3648/2466 3674/3481/2350 3667/3283/2180
f 5939/3649/2467 5938/3650/2468 5937/2108/1373
f 5922/3651/2469 5925/3560/2410 5924/3559/2409
f 5560/3458/2329 5561/3457/2328 5557/3325/2217
f 5809/3652/2470 5810/3653/2471 5811/3654/2472
f 4348/3655/1882 4346/2881/1956 4350/3656/2473
f 6315/3657/2474 6319/3658/2475 6314/3659/2476
f 5196/3660/2477 5195/3661/2478 5194/3662/2479
f 5180/3211/2112 5183/3210/2111 5177/3663/2480
f 5942/2472/1704 5945/3447/2318 5944/2473/1705
f 5976/3664/2481 5982/3665/2482 5973/3666/2483
f 5948/3667/2484 5946/3668/2485 5953/3669/2486
f 5965/3568/2414 5964/3567/2413 5966/3670/2487
f 4283/3671/1524 4280/3672/2488 4286/3673/1526
f 5496/3674/2296 5495/3675/2297 5497/3676/2298
f 5217/3677/2489 5216/3678/2490 5213/3679/2491
f 5407/3551/2401 5408/3550/2400 5415/3680/2492
f 6886/2787/1486 6887/2519/1487 6881/3681/1488
f 4562/2692/1494 4563/2820/1924 4557/3682/1737
f 5540/3440/2311 5541/3439/2310 5537/3361/2250
f 3728/3683/2493 3724/3684/2494 3722/3685/2495
f 6371/3686/2496 6377/3687/2497 6369/3688/2498
f 5555/3689/2499 5554/3690/2500 5553/3326/2218
f 3688/3691/2501 3680/3692/2502 3687/3693/2503
f 3561/3694/2504 3557/3695/2505 3556/3696/2506
f 5444/3485/1512 5440/3414/1513 5443/3408/1514
f 5617/3450/2321 5616/3452/2323 5615/3697/2459
f 6042/3698/2371 6040/3374/2261 6043/3285/2182
f 5997/3699/2507 5993/3700/2508 5995/3701/2509
f 6045/3702/2433 6043/3285/2182 6047/3703/2434
f 5912/3704/2435 5909/3380/2267 5903/3705/2352
f 5951/3706/2510 5947/3707/2511 5949/3708/2512
f 6143/3709/2513 6146/3710/2514 6140/3711/2515
f 5665/3712/2448 5666/3713/2449 5662/3714/2450
f 4331/3715/1484 4330/3716/1485 4329/3717/1467
f 5790/3607/2351 5789/3377/2264 5788/3718/2446
f 6212/2941/1984 6213/2940/1983 6210/3719/2516
f 5485/3720/2372 5483/3488/2355 5487/3721/2373
f 5795/3722/2435 5792/3378/2265 5786/3608/2352
f 5573/3723/2517 5576/3724/2518 5570/3725/2519
f 5838/3726/2520 5839/3727/2279 5835/3728/2521
f 5842/3729/2337 5841/3730/2338 5843/3731/2339
f 7487/2551/1481 7481/3732/2522 7483/2547/1758
f 4033/3733/2523 4035/2445/1561 4036/3734/1877
f 3659/3735/2524 3660/3736/2525 3656/3273/2170
f 5857/3737/2526 5853/3738/2527 5855/3739/2528
f 3985/3740/1661 3984/3741/1662 3977/2269/1532
f 4422/2733/1594 4426/2726/1591 4424/2725/1557
f 3611/3742/2529 3612/3743/2530 3613/3744/2531
f 6867/3745/2532 6868/3201/2533 6871/3746/2534
f 3551/3747/2535 3547/3748/2536 3545/3749/2537
f 3739/2227/1491 3742/2226/1490 3736/2930/1621
f 4136/3750/1466 4130/2221/1467 4135/2524/1622
f 6707/3751/2538 6706/3752/2539 6705/2367/1510
f 4557/3682/1737 4558/3172/1848 4552/3753/2540
f 6103/3754/2541 6105/2542/1756 6102/2541/1755
f 6504/3755/1925 6514/3756/1518 6513/3757/2542
f 6598/3758/2543 6599/3759/1627 6596/3760/1628
f 7296/3761/2544 7298/3762/2545 7299/3763/2546
f 6500/3764/1882 6498/2312/1572 6502/3765/1884
f 6602/3066/1629 6606/3068/2051 6605/3766/2029
f 6712/2671/1836 6715/3767/2547 6709/3768/1637
f 6884/3769/1990 6883/3770/1991 6882/2518/1739
f 4532/2811/1515 4533/2661/1829 4527/3771/1517
f 6127/3772/2548 6130/3773/2549 6129/3774/2550
f 6093/3775/2551 6103/3754/2541 6102/2541/1755
f 4300/3776/2552 4299/3777/2553 4301/3778/2554
f 4178/3779/1926 4181/3780/1927 4175/3781/2555
f 6254/3782/2556 6246/3783/2557 6253/3784/2558
f 4180/3785/1530 4179/3786/1770 4176/2772/1663
f 7339/3099/2066 7344/3787/2559 7343/3788/2560
f 6544/2278/1541 6541/3789/1656 6539/3790/2561
f 3787/3791/1539 3796/3792/1540 3795/2414/1541
f 4769/3793/1867 4764/3794/1615 4767/3795/1900
f 6162/3796/2562 6168/3797/2563 6160/3798/2564
f 3840/3799/1609 3846/3800/1610 3838/3801/1611
f 4267/2634/1563 4271/2627/1676 4269/2626/1557
f 6190/3190/2099 6192/2896/1967 6191/3802/2565
f 6193/3803/2566 6190/3190/2099 6191/3802/2565
f 5025/3804/2031 5023/3113/1555 5026/3118/2078
f 6199/3805/2567 6195/2897/1968 6188/3189/2098
f 7185/3806/2568 7187/3807/2569 7188/3808/2570
f 4418/3809/1684 4413/3810/1685 4416/3811/1423
f 7295/3812/1499 7296/3761/2544 7293/3813/2571
f 4345/3814/2572 4343/3815/2573 4346/2881/1956
f 4746/3816/1502 4744/2460/1693 4748/3817/1886
f 7299/3763/2546 7303/3818/1505 7302/3819/2574
f 6248/3820/1857 6245/3821/1858 6251/3822/1859
f 7242/3823/1527 7234/2350/1528 7241/3824/1529
f 3782/3825/1530 3781/3826/1531 3778/2422/1663
f 5157/3197/1786 5161/3026/2032 5159/3191/1965
f 6234/3827/2575 6236/3195/1967 6235/3828/2565
f 6237/3829/2576 6234/3827/2575 6235/3828/2565
f 3626/3830/2577 3621/3831/2578 3624/3832/2579
f 6981/3833/1812 6979/3834/1810 6982/3835/2580
f 6243/3836/2581 6239/3196/1968 6232/3837/2582
f 5986/2154/1419 5987/2153/1418 5985/3838/2583
f 4458/3839/1524 4455/3840/1525 4461/3841/1526
f 7417/3842/1717 7416/3843/1718 7409/2327/1587
f 7331/3844/1719 7332/3845/2584 7328/3846/2585
f 6850/3847/2586 6849/3848/2587 6851/3849/2588
f 6642/3850/1383 6641/3851/2042 6643/3852/2043
f 5503/3853/2010 5499/3854/2011 5501/3855/2012
f 5356/3856/2589 5352/3857/2590 5350/3858/2591
f 7073/3859/2592 7079/3860/2593 7071/3861/2594
f 3547/3748/2536 3546/3862/2595 3545/3749/2537
f 5962/3863/2596 5959/3504/2364 5955/3506/2366
f 7106/3864/2597 7116/3865/2598 7115/2363/1618
f 6302/3866/2599 6301/3214/2115 6304/3867/2600
f 7279/3868/2601 7291/3869/2602 7289/2925/1976
f 6472/3870/2603 6475/3871/2604 6473/3872/2605
f 5239/3873/2606 5240/3874/2607 5241/3875/2608
f 5189/3876/2609 5185/3877/2610 5184/3878/2611
f 5710/3224/2124 5706/3548/2398 5705/3879/2612
f 5535/3880/2613 5534/3881/2614 5533/3362/2251
f 6321/3882/2615 6320/3443/2314 6323/3883/2616
f 5827/3482/2351 5826/3484/2353 5825/3884/2446
f 5220/3885/2617 5218/3886/2618 5219/3887/2619
f 5222/2144/1409 5226/3888/2620 5227/2142/1407
f 3599/3010/2025 3593/3454/2325 3594/3008/2023
f 3604/3889/2621 3607/3890/2622 3605/3891/2623
f 3676/3892/2624 3674/3481/2350 3678/3893/2625
f 5232/3894/2626 5235/3895/2627 5233/3896/2628
f 5771/3897/2629 5775/3898/2630 5773/3899/2631
f 5198/3459/2330 5194/3662/2479 5193/3900/2632
f 3633/3901/2633 3629/2169/1434 3632/2168/1433
f 4530/3902/2634 4529/3903/2635 4528/2660/1828
f 6385/3904/2636 6387/3905/2637 6386/3906/2638
f 6393/3907/2639 6389/3908/2640 6391/3909/2641
f 3651/3910/2642 3652/3911/2643 3654/3912/2644
f 6618/3913/1594 6622/3914/1591 6620/3915/1677
f 5412/3916/2645 5411/3917/2646 5410/3918/2647
f 3648/3919/2648 3654/3912/2644 3653/3920/2649
f 6467/3921/2650 6463/3922/2651 6465/3923/2652
f 3592/3924/2653 3590/3925/2654 3591/3926/2655
f 3568/3927/2656 3567/3928/2657 3566/3448/2319
f 5292/3929/2658 5284/2182/1447 5291/3930/2659
f 6418/2600/1792 6419/3931/2660 6420/2187/1452
f 6421/3932/2661 6419/3931/2660 6418/2600/1792
f 5301/3933/2662 5299/3279/2176 5302/2191/1456
f 5212/3934/2663 5214/3935/2664 5215/3936/2665
f 5907/3609/2351 5903/3705/2352 5906/3436/2264
f 3584/3937/2666 3586/3938/2667 3587/3939/2668
f 3683/3940/2669 3684/3941/2670 3680/3692/2502
f 5316/3942/2671 5308/3572/2418 5315/3943/2672
f 6363/3944/2673 6361/3945/2674 6364/3946/2675
f 3640/3947/2676 3644/3948/2677 3642/3949/2678
f 3699/3950/2679 3700/3951/2680 3698/3952/2681
f 3714/3953/2682 3718/3954/2683 3716/3955/2684
f 7092/3956/2685 7093/3957/2686 7087/3958/2687
f 4758/3959/1846 4752/3175/1904 4757/3960/1848
f 6122/3961/2688 6121/3962/2689 6120/3963/2690
f 4649/3302/2199 4651/3964/2085 4653/3303/1844
f 6099/2543/1757 6100/3055/2047 6094/3965/2691
f 6488/2528/1744 6491/2948/1625 6490/2529/1362
f 7098/3966/2692 7095/3967/2693 7094/2947/1989
f 7507/2750/1887 7508/3968/1503 7506/3969/2694
f 7204/3069/2052 7206/3970/2695 7208/3070/2053
f 6216/3971/2696 6220/3972/2697 6219/3973/2698
f 3764/2257/1520 3767/2256/1519 3761/3974/1641
f 7288/3975/2699 7282/3976/2700 7284/2662/1830
f 4157/3977/1638 4156/3978/2701 4155/3979/1640
f 4358/2501/1641 4359/3980/1642 4353/3981/1643
f 6514/3756/1518 6516/3982/2702 6513/3757/2542
f 7081/3983/2703 7090/3984/2704 7092/3956/2685
f 6990/3985/1821 6996/3986/1822 6988/3987/2705
f 6930/3988/2706 6933/3989/2707 6927/3990/2708
f 7336/3991/2709 7328/3846/2585 7335/3992/2710
f 4459/3993/1700 4460/3994/1701 4456/2565/1702
f 4386/3184/1653 4390/3995/1654 4391/3185/1655
f 4392/3996/1541 4389/3997/1656 4387/3998/1657
f 4384/3999/1539 4393/4000/1540 4392/3996/1541
f 4186/4001/1866 4187/2971/1653 4192/2973/1655
f 7150/4002/2711 7156/4003/2712 7148/4004/2713
f 6651/4005/2070 6650/4006/2071 6652/4007/2072
f 4698/4008/1941 4697/4009/1552 4699/4010/1873
f 4024/2447/1563 4028/2439/1558 4026/2438/1557
f 6576/2437/1677 6578/2436/1676 6577/4011/1559
f 6579/4012/1788 6576/2437/1677 6577/4011/1559
f 6779/4013/1812 6777/2992/1810 6780/4014/2714
f 6585/3121/1561 6581/2730/1789 6574/2435/1594
f 6197/4015/2715 6199/3805/2567 6200/4016/2716
f 7462/4017/2717 7468/4018/2718 7460/4019/1940
f 4645/4020/1499 4646/4021/2719 4643/4022/1648
f 3850/2232/1496 3849/2231/1495 3852/4023/2720
f 7507/2750/1887 7509/4024/1573 7508/3968/1503
f 7406/4025/1885 7407/4026/1886 7403/2237/1501
f 7011/4027/1805 7008/4028/2000 7014/4029/1807
f 3891/4030/1768 3883/2470/1702 3890/4031/1769
f 6531/4032/1530 6530/4033/1770 6527/4034/1663
f 5019/3119/1786 5023/3113/1555 5021/3112/1965
f 6620/3915/1677 6622/3914/1591 6621/4035/1559
f 6623/4036/1788 6620/3915/1677 6621/4035/1559
f 5069/4037/2031 5067/3142/1555 5070/3149/2086
f 6629/2870/1561 6625/4038/2721 6618/3913/1594
f 6151/4039/2722 6152/3090/2061 6157/3092/2063
f 7387/4040/1794 7386/4041/1795 7384/4042/2723
f 5746/4043/2724 5749/4044/2725 5743/4045/2726
f 4289/4046/1768 4281/4047/1702 4288/4048/1769
f 6730/4049/2727 6729/4050/2728 6726/2701/1862
f 4219/4051/1684 4214/4052/1685 4217/4053/1423
f 6747/4054/2729 6753/4055/2347 6745/4056/2730
f 5590/4057/2731 5594/4058/2732 5592/4059/2733
f 3893/4060/1383 3892/4061/2734 3894/4062/2457
f 3938/2374/1491 3941/2373/1625 3935/4063/1621
f 3763/4064/2198 3757/4065/2735 3762/4066/1642
f 7309/2218/1483 7308/4067/2736 7310/4068/1760
f 6709/3768/1637 6710/2368/1511 6704/4069/2737
f 6687/4070/2738 6690/3073/2055 6689/3072/1902
f 6118/4071/2739 6127/3772/2548 6129/3774/2550
f 6496/4072/1911 6493/4073/2740 6492/4074/1913
f 4646/4021/2719 4645/4020/1499 4648/4075/2741
f 4149/4076/1882 4147/4077/1883 4151/4078/1884
f 4150/4079/1955 4147/4077/1883 4141/4080/1913
f 3963/2398/1520 3966/2397/1645 3960/3058/1641
f 6512/4081/2198 6506/3639/1640 6511/2394/1642
f 6909/4082/2538 6908/4083/2742 6907/2247/1510
f 4756/4084/1737 4757/3960/1848 4751/4085/2540
f 6713/2670/1835 6715/3767/2547 6712/2671/1836
f 7304/4086/2743 7316/4087/2744 7314/2215/1480
f 5519/4088/2745 5515/4089/2746 5517/4090/2747
f 4576/4091/1765 4579/4092/1766 4573/4093/2748
f 6230/4094/2556 6222/4095/2557 6229/4096/2558
f 4483/4097/1700 4484/4098/1701 4480/4099/1702
f 7140/2424/1665 7144/4100/2749 7145/2425/1666
f 4193/4101/1541 4190/4102/1656 4188/4103/2561
f 6937/4104/2003 6946/4105/2004 6945/4106/1932
f 3788/4107/1866 3789/2411/1653 3794/2413/1655
f 5087/4108/1615 5086/4109/1616 5088/4110/2750
f 3921/4111/2751 3927/4112/1819 3919/4113/1820
f 4319/4114/1818 4325/4115/1819 4317/4116/1820
f 6232/3837/2582 6236/3195/1967 6234/3827/2575
f 6775/2993/1811 6777/2992/1810 6776/4117/2752
f 6778/4118/2753 6775/2993/1811 6776/4117/2752
f 4870/4119/2031 4868/2292/1555 4871/3028/2034
f 6784/2302/1565 6780/4014/2714 6773/2991/1809
f 4829/4120/2754 4831/3000/1596 4832/4121/1716
f 5425/4122/2755 5429/4123/2756 5427/4124/2757
f 6599/3759/1627 6598/3758/2543 6601/4125/2026
f 7299/3763/2546 7301/4126/1987 7303/3818/1505
f 4251/2381/1629 4255/2383/1631 4254/4127/2029
f 4681/4128/1893 4678/4129/2758 4684/4130/1895
f 6535/4131/2759 6534/4132/1662 6527/4034/1663
f 6249/4133/2760 6250/4134/2761 6246/3783/2557
f 7377/4135/1874 7375/4136/2077 7374/4137/1876
f 6819/2330/1590 6821/2329/1589 6820/4138/2752
f 6822/4139/2762 6819/2330/1590 6820/4138/2752
f 4428/4140/1593 4426/2726/1591 4429/2732/1713
f 6828/3199/1565 6824/2631/1813 6817/2328/1588
f 4630/4141/2754 4632/2866/1596 4633/4142/1716
f 4856/4143/1893 4853/4144/2763 4859/4145/1895
f 3867/4146/1768 3859/2622/1702 3866/4147/1769
f 6810/4148/1816 6811/4149/1817 6807/4150/1583
f 6841/4151/1784 6840/4152/2764 6842/4153/2765
f 7362/4154/2766 7357/4155/1551 7360/4156/2767
f 4617/4157/2089 4612/4158/2090 4615/4159/2091
f 6911/2389/1637 6912/2248/1511 6906/4160/2737
f 5268/4161/2768 5272/4162/2769 5270/4163/2770
f 6686/4164/1738 6680/2953/1739 6685/2223/1487
f 4928/4165/2771 4927/4166/2635 4926/2950/1828
f 3761/3974/1641 3762/4066/1642 3756/4167/1643
f 6889/2798/1910 6892/2786/1903 6891/2785/1902
f 5123/4168/1492 5132/3177/1493 5134/2514/1735
f 4145/4169/1911 4142/4170/1982 4141/4080/1913
f 7201/2740/1880 7200/2739/1879 7203/4171/2772
f 4450/4172/2773 4452/4173/1630 4454/4174/1631
f 6115/4175/2774 6112/4176/2775 6106/4177/2776
f 4162/2554/1520 4165/2553/1645 4159/2817/1641
f 4360/4178/2198 4354/4179/1640 4359/3980/1642
f 4356/4180/1638 4355/4181/2701 4354/4179/1640
f 4733/4182/1827 4727/4183/1828 4732/2253/1516
f 6915/4184/2777 6917/2388/1636 6914/2387/1635
f 3954/4185/1925 3964/2396/1644 3963/2398/1520
f 6660/4186/1548 6659/4187/1549 6661/4188/1878
f 4377/4189/1926 4380/4190/2778 4374/4191/2779
f 4781/4192/2037 4780/4193/2038 4773/4194/1864
f 4658/4195/1719 4659/4196/2780 4655/3154/1721
f 4983/4197/1543 4987/4198/1865 4988/4199/1544
f 6158/4200/2781 6155/4201/2782 6153/4202/2783
f 6150/4203/2784 6159/4204/2785 6158/4200/2781
f 4584/4205/1542 4585/2705/1543 4590/2707/1544
f 5002/4206/1938 5008/4207/2386 5000/4208/1940
f 4110/4209/2786 4109/4210/1549 4111/4211/1878
f 6971/4212/1777 6966/4213/1778 6969/4214/1779
f 7220/4215/2787 7224/3146/1708 7222/4216/2788
f 6977/4217/2789 6979/3834/1810 6978/4218/2752
f 6980/4219/2753 6977/4217/2789 6978/4218/2752
f 7025/4220/1812 7023/2624/1810 7026/4221/1813
f 6986/3030/2036 6982/3835/2580 6975/4222/1588
f 4232/4223/2523 4234/2596/1790 4235/4224/1877
f 4238/4225/1609 4244/4226/1610 4236/4227/1611
f 3973/4228/1382 3968/4229/1383 3971/4230/1384
f 4049/3127/2082 4048/3126/1495 4051/4231/2720
f 3950/4232/1882 3948/3131/1572 3952/4233/2790
f 6501/4234/1955 6498/2312/1572 6492/4074/1913
f 7035/4235/1805 7032/4236/2791 7038/4237/1807
f 5085/4238/1601 5077/2970/1721 5084/4239/1603
f 6932/4240/2727 6931/4241/2728 6928/2967/1862
f 4621/2868/1786 4625/2860/1555 4623/2859/1947
f 7021/2625/1811 7023/2624/1810 7022/4242/2752
f 7024/4243/2753 7021/2625/1811 7022/4242/2752
f 3875/4244/1593 3873/2332/1591 3876/2337/1562
f 7030/4245/2036 7026/4221/1813 7019/2623/1809
f 6241/4246/2715 6243/3836/2581 6244/4247/2716
f 7236/4248/1957 7233/4249/2792 7239/4250/1959
f 6815/4251/1582 6807/4150/1583 6814/4252/1584
f 6145/4253/2793 6144/4254/2794 6141/2467/1699
f 4197/4255/1824 4203/4256/1825 4195/4257/1826
f 6756/4258/2454 6762/4259/2455 6754/4260/2348
f 7253/4261/2795 7252/4262/2248 7254/4263/2796
f 7042/4264/2797 7045/4265/2798 7043/4266/2799
f 6129/3774/2550 6130/3773/2549 6124/2954/1992
f 4161/4267/2198 4155/3979/1640 4160/2818/1642
f 5127/4268/1849 5126/4269/1977 5125/2683/1847
f 3935/4063/1621 3936/2203/1468 3930/4270/1623
f 7090/3984/2704 7093/3957/2686 7092/3956/2685
f 4153/4271/1925 4163/2552/1762 4162/2554/1520
f 6111/4272/2800 6109/4273/2801 6112/4176/2775
f 6901/4274/2802 6899/2540/1754 6903/4275/2803
f 6801/3012/2027 6805/3014/1803 6804/4276/1804
f 4759/2230/1494 4762/2957/1995 4756/4084/1737
f 4729/4277/2771 4728/4278/2635 4727/4183/1828
f 7112/2365/1620 7113/2813/1920 7107/4279/2804
f 7116/3865/2598 7118/2364/1619 7115/2363/1618
f 4636/4280/2805 4642/4281/1733 4634/4282/1608
f 7408/4283/2806 7411/4284/2807 7414/4285/1581
f 4980/4286/2037 4979/4287/2038 4972/3039/1864
f 6225/4288/2808 6226/4289/2809 6222/4095/2557
f 4784/2280/1543 4788/4290/1865 4789/2281/1544
f 4989/2575/1536 4986/4291/1537 4984/4292/1538
f 4185/4293/1539 4194/4294/1540 4193/4101/1541
f 4982/4295/2810 4983/4197/1543 4988/4199/1544
f 4120/4296/2811 4126/4297/1819 4118/4298/1820
f 7063/4299/1673 7062/4300/1674 7064/4301/1675
f 5417/4302/2812 5421/4303/2813 5419/4304/2814
f 3825/2300/1563 3829/2295/1558 3827/2294/1557
f 7178/4305/2815 7180/2479/1708 7179/4306/2816
f 7181/4307/2817 7178/4305/2815 7179/4306/2816
f 6624/4308/1593 6622/3914/1591 6625/4038/2721
f 7187/3807/2569 7183/2480/1709 7176/4309/2818
f 3834/4310/2523 3836/2298/1561 3837/4311/1877
f 3902/4312/2070 3901/4313/2553 3903/4314/2072
f 4344/4315/2819 4341/4316/2740 4340/2882/1913
f 4248/2876/1627 4247/2875/1495 4250/4317/2720
f 3853/3186/2097 3855/4318/1915 3857/3187/1631
f 6700/4319/1753 6697/2677/1842 6691/2532/1688
f 4259/4320/1652 4256/4321/1525 4262/4322/1526
f 4383/4323/2759 4382/4324/1662 4375/2569/1663
f 4777/4325/1863 4776/4326/1586 4773/4194/1864
f 4223/2598/1563 4227/2590/1591 4225/2589/1787
f 7222/4216/2788 7224/3146/1708 7223/4327/2816
f 7225/4328/2817 7222/4216/2788 7223/4327/2816
f 4030/4329/1593 4028/2439/1558 4031/2446/1562
f 7231/4330/2820 7227/3147/1709 7220/4215/2787
f 5028/4331/2087 5030/3117/1596 5031/4332/1716
f 6616/4333/1768 6608/4334/1702 6615/4335/1769
f 7213/4336/2821 7214/4337/2822 7210/2265/1528
f 4101/4338/2070 4100/4339/1549 4102/4340/2823
f 4396/4341/1824 4402/4342/2824 4394/4343/1826
f 5452/4344/2825 5456/4345/2826 5454/4346/2827
f 4689/4347/1615 4688/4348/1616 4690/4349/2750
f 4139/2377/1362 4140/2526/1743 4134/2523/1621
f 7089/4350/2828 7083/2522/1742 7088/4351/2829
f 6483/4352/1484 6482/4353/1485 6481/2927/1467
f 7087/3958/2687 7088/4351/2829 7082/4354/2830
f 7290/4355/2831 7289/2925/1976 7292/2924/1975
f 6905/4356/1834 6915/4184/2777 6914/2387/1635
f 4742/4357/1567 4739/4358/2050 4738/2461/1569
f 4845/2403/1647 4844/2402/1499 4847/4359/1500
f 6699/4360/2832 6697/2677/1842 6701/4361/2803
f 4946/4362/1692 4943/2314/1574 4937/3063/1569
f 6513/3757/2542 6516/3982/2702 6510/2393/1641
f 6126/4363/2833 6120/3963/2690 6125/2955/1993
f 3734/4364/1484 3733/4365/2834 3732/2545/1467
f 4955/3170/1737 4956/2790/1848 4950/4366/2540
f 7315/4367/2835 7314/2215/1480 7317/2214/1479
f 4725/4368/1521 4735/2932/1978 4734/2934/1979
f 5740/4369/2225 5736/4370/2226 5738/4371/2227
f 7330/4372/2836 7329/4373/2837 7327/4374/2838
f 6640/4375/1768 6632/2756/1702 6639/4376/1769
f 6611/4377/1700 6612/4378/1701 6608/4334/1702
f 6737/2845/1533 6741/4379/2839 6742/2846/1535
f 3748/4380/2083 3746/4381/2084 3749/2746/1883
f 6402/4382/2840 6403/2101/1366 6397/4383/2841
f 6945/4106/1932 6942/4384/1933 6940/4385/1934
f 3986/4386/1539 3995/4387/1540 3994/2490/1541
f 4206/4388/2842 4212/4389/1781 4204/4390/1782
f 5865/4391/2039 5861/4392/2843 5863/4393/2041
f 5877/4394/2844 5881/4395/2630 5879/4396/2631
f 5063/3150/1554 5067/3142/1555 5065/3141/1965
f 7377/4135/1874 7378/4397/2845 7379/2442/1679
f 7380/4398/2846 7378/4397/2845 7377/4135/1874
f 4627/4399/2031 4625/2860/1555 4628/2867/1951
f 7382/2444/1681 7384/4042/2723 7386/4041/1795
f 7229/4400/2847 7231/4330/2820 7232/4401/2570
f 6184/4402/2848 6179/4403/2849 6182/4404/2850
f 6110/4405/2851 6107/4406/2852 6106/4177/2776
f 4146/4407/2083 4144/4408/2573 4147/4077/1883
f 6114/4409/2853 6112/4176/2775 6116/4410/2854
f 4450/4172/2773 4454/4174/1631 4453/4411/2029
f 4775/4412/1765 4778/4413/1766 4772/4414/1767
f 6839/4415/1582 6831/2646/1583 6838/4416/1584
f 7437/4417/1585 7436/4418/1586 7433/2495/1587
f 7176/4309/2818 7180/2479/1708 7178/4305/2815
f 7421/3109/2076 7422/4419/2845 7423/2760/1891
f 7424/4420/2855 7422/4419/2845 7421/3109/2076
f 4074/4421/2017 4072/2475/1676 4075/2485/1713
f 7426/2762/1892 7428/2604/1796 7430/2603/1795
f 7028/4422/2856 7030/4245/2036 7031/4423/1566
f 6728/4424/2706 6731/4425/2707 6725/4426/2708
f 4488/4427/1768 4480/4099/1702 4487/4428/1769
f 4284/4429/1700 4285/4430/1701 4281/4047/1702
f 6722/4431/1783 6717/4432/1784 6720/4433/1785
f 5692/4434/2857 5688/4435/2858 5690/4436/2859
f 4906/4437/1551 4905/4438/1552 4907/4439/1553
f 7470/4440/2090 7469/4441/2860 7471/4442/2861
f 4734/2934/1979 4737/2933/1908 4731/2252/1515
f 4335/4443/1466 4329/3717/1467 4334/2794/1622
f 3759/4444/1638 3758/4445/2701 3757/4065/2735
f 7286/2923/1974 7287/4446/2862 7288/3975/2699
f 7488/4447/2835 7490/2245/1508 7491/2244/1507
f 6678/4448/2863 6687/4070/2738 6689/3072/1902
f 6589/4449/1609 6595/4450/1610 6587/4451/1611
f 7401/4452/1837 7398/4453/2864 7397/4454/2865
f 4743/4455/1689 4741/4456/2866 4744/2460/1693
f 6216/3971/2696 6218/4457/2867 6220/3972/2697
f 5047/2943/1986 5051/2945/1505 5050/4458/1845
f 6975/4222/1588 6979/3834/1810 6977/4217/2789
f 7515/2722/1874 7516/4459/2845 7517/2863/1950
f 7518/4460/2868 7516/4459/2845 7515/2722/1874
f 4273/4461/1593 4271/2627/1676 4274/2633/1713
f 7520/2865/1892 7522/2637/1814 7524/2636/1795
f 5072/4462/2087 5074/3148/1596 5075/4463/1716
f 4337/4464/2869 4326/4465/2870 4338/2097/1362
f 4326/4465/2870 4327/2095/1360 4338/2097/1362
f 6399/2103/1368 6397/4383/2841 6403/2101/1366
f 6403/2101/1366 6401/4466/2871 6400/2102/1367
f 6306/2106/1371 6308/4467/2872 6310/4468/2873
f 6308/4467/2872 6309/4469/2874 6310/4468/2873
f 6309/4469/2874 6311/4470/2875 6310/4468/2873
f 6310/4468/2873 6305/2104/1369 6306/2106/1371
f 5941/2107/1372 5939/3649/2467 5937/2108/1373
f 5728/2110/1375 5729/4471/2876 5727/2111/1376
f 3549/2113/1378 3544/4472/2877 3554/2100/1365
f 3544/4472/2877 3553/4473/2878 3554/2100/1365
f 3553/4473/2878 3542/4474/2879 3554/2100/1365
f 3542/4474/2879 3543/4475/2880 3554/2100/1365
f 3543/4475/2880 3552/2098/1363 3554/2100/1365
f 4366/2118/1383 4365/4476/2042 4367/4477/2043
f 4365/4476/2042 4373/4478/2881 4367/4477/2043
f 4367/4477/2043 4368/4479/2882 4366/2118/1383
f 4369/2119/1384 4370/4480/2883 4371/2117/1382
f 4370/4480/2883 4372/4481/2884 4371/2117/1382
f 4368/4479/2882 4369/2119/1384 4366/2118/1383
f 3705/4482/2885 3712/4483/2886 3706/2121/1386
f 3712/4483/2886 3707/4484/2887 3706/2121/1386
f 3708/2122/1387 3709/4485/2888 3710/2120/1385
f 3709/4485/2888 3711/4486/2889 3710/2120/1385
f 3707/4484/2887 3708/2122/1387 3706/2121/1386
f 5211/4487/2890 5205/4488/2891 5203/4489/2892
f 5205/4488/2891 5206/4490/2893 5204/2124/1389
f 5207/2125/1390 5208/4491/2894 5209/2123/1388
f 5208/4491/2894 5210/4492/2895 5209/2123/1388
f 5205/4488/2891 5204/2124/1389 5203/4489/2892
f 5206/4490/2893 5207/2125/1390 5204/2124/1389
f 6459/2127/1392 6460/4493/2896 6458/4494/2897
f 6457/2128/1393 6456/4495/2898 6455/2126/1391
f 6456/4495/2898 6461/4496/2899 6455/2126/1391
f 6459/2127/1392 6458/4494/2897 6457/2128/1393
f 6454/4497/2900 6455/2126/1391 6461/4496/2899
f 6335/4498/2901 6333/4499/2902 6336/2134/1399
f 6333/4499/2902 6339/2132/1397 6336/2134/1399
f 6339/2132/1397 6341/2135/1400 6340/2133/1398
f 6341/2135/1400 6334/2131/1396 6338/2130/1395
f 6328/2138/1403 6327/4500/2903 6325/4501/2904
f 6327/4500/2903 6326/4502/2905 6325/4501/2904
f 6326/4502/2905 6332/4503/2906 6324/4504/2907
f 6324/4504/2907 6325/4501/2904 6326/4502/2905
f 6325/4501/2904 6330/2136/1401 6328/2138/1403
f 6330/2136/1401 6331/4505/2908 6329/2137/1402
f 5227/2142/1407 5229/2146/1411 5221/2143/1408
f 5229/2146/1411 5225/4506/2909 5228/2145/1410
f 5225/4506/2909 5224/4507/2910 5223/4508/2911
f 5228/2145/1410 5225/4506/2909 5223/4508/2911
f 6352/2148/1413 6351/4509/2912 6358/4510/2913
f 6354/2149/1414 6355/4511/2914 6356/4512/2915
f 6355/4511/2914 6357/4513/2916 6356/4512/2915
f 6352/2148/1413 6358/4510/2913 6354/2149/1414
f 6356/4512/2915 6353/2147/1412 6354/2149/1414
f 5895/3461/2917 5893/3460/2918 5892/4514/2919
f 5892/4514/2919 5902/4515/2920 5895/3461/2917
f 5902/4515/2920 5896/4516/2921 5895/3461/2917
f 5898/2152/1417 5899/4517/2922 5900/4518/2923
f 5899/4517/2922 5901/4519/2924 5900/4518/2923
f 5896/4516/2921 5898/2152/1417 5897/2151/1416
f 5895/3461/2917 5896/4516/2921 5897/2151/1416
f 5900/4518/2923 5894/2150/1415 5898/2152/1417
f 5989/2155/1420 5990/4520/2925 5988/4521/2926
f 5988/4521/2926 5987/2153/1418 5989/2155/1420
f 4015/2157/1422 4014/4522/2927 4016/4523/2928
f 4014/4522/2927 4022/4524/2929 4016/4523/2928
f 4016/4523/2928 4017/4525/2930 4015/2157/1422
f 4018/2158/1423 4019/4526/2931 4020/2156/1421
f 4019/4526/2931 4021/4527/2932 4020/2156/1421
f 4017/4525/2930 4018/2158/1423 4015/2157/1422
f 5384/2159/1424 5382/3328/2220 5380/2160/1425
f 6383/2162/1427 6384/4528/2933 6381/2163/1428
f 5364/2167/1432 5359/3534/2388 5367/2165/1430
f 5359/3534/2388 5366/4529/2934 5367/2165/1430
f 5366/4529/2934 5357/4530/2935 5367/2165/1430
f 5357/4530/2935 5358/4531/2936 5367/2165/1430
f 5358/4531/2936 5365/3319/2212 5367/2165/1430
f 3638/4532/2937 3636/4533/2938 3637/2170/1435
f 3636/4533/2938 3635/3254/2151 3637/2170/1435
f 3635/3254/2151 3632/2168/1433 3637/2170/1435
f 5282/2173/1438 5276/3270/2167 5278/4534/2939
f 5278/4534/2939 5279/2171/1436 5282/2173/1438
f 6406/4535/2940 6407/2176/1441 6404/2175/1440
f 6407/2176/1441 6414/4536/2941 6410/2174/1439
f 6414/4536/2941 6411/4537/2942 6410/2174/1439
f 6413/2177/1442 6410/2174/1439 6411/4537/2942
f 6411/4537/2942 6412/2178/1443 6413/2177/1442
f 6412/2178/1443 6409/3275/2172 6405/2179/1444
f 6419/3931/2660 6422/2188/1453 6420/2187/1452
f 6422/2188/1453 6424/4538/2943 6423/2189/1454
f 5304/2190/1455 5303/4539/2944 5302/2191/1456
f 5306/2192/1457 5302/2191/1456 5305/2193/1458
f 5302/2191/1456 5299/3279/2176 5295/2194/1459
f 5397/2197/1462 5399/4540/2945 5400/2195/1460
f 5400/2195/1460 5404/4541/2946 5403/2196/1461
f 6437/2198/1463 6434/3292/2189 6435/4542/2947
f 6435/4542/2947 6436/2199/1464 6437/2198/1463
f 6436/2199/1464 6433/3296/2193 6429/2200/1465
f 3937/2201/1466 3933/3056/1484 3931/2202/1467
f 5328/2205/1470 5329/4543/2948 5330/4544/2949
f 5329/4543/2948 5331/4545/2950 5330/4544/2949
f 5330/4544/2949 5326/2206/1471 5328/2205/1470
f 5326/2206/1471 5325/4546/2951 5327/2204/1469
f 5325/4546/2951 5332/4547/2952 5327/2204/1469
f 6080/2208/1473 6082/4548/2953 6081/2209/1474
f 6081/2209/1474 6076/4549/2954 6079/2207/1472
f 6076/4549/2954 6078/4550/2955 6079/2207/1472
f 5346/2211/1476 5347/4551/2956 5345/4552/2957
f 5344/2212/1477 5343/4553/2958 5342/2210/1475
f 5343/4553/2958 5348/4554/2959 5342/2210/1475
f 5342/2210/1475 5348/4554/2959 5341/4555/2960
f 5346/2211/1476 5345/4552/2957 5344/2212/1477
f 7314/2215/1480 7316/4087/2744 7306/4556/2961
f 7306/4556/2961 7311/2213/1478 7314/2215/1480
f 7313/2216/1481 7312/3176/1761 7307/2217/1482
f 4132/2219/1484 4133/4557/2962 4131/2220/1485
f 6684/2222/1486 6686/4164/1738 6685/2223/1487
f 4761/4558/2963 4749/4559/2964 4759/2230/1494
f 4749/4559/2964 4750/2228/1492 4759/2230/1494
f 3848/4560/2965 3851/4561/2966 3847/2233/1497
f 3851/4561/2966 3849/2231/1495 3847/2233/1497
f 5150/2236/1500 5152/4562/2967 5151/2240/1504
f 5151/2240/1504 5148/2234/1498 5150/2236/1500
f 7403/2237/1501 7407/4026/1886 7405/2238/1502
f 5154/2242/1506 5145/2608/1648 5151/2240/1504
f 5145/2608/1648 5148/2234/1498 5151/2240/1504
f 7490/2245/1508 7489/2936/1981 7480/4563/2961
f 7480/4563/2961 7485/2243/1478 7490/2245/1508
f 6913/2246/1509 6909/4082/2538 6907/2247/1510
f 5481/2249/1512 5478/4564/2968 5477/2250/1513
f 4731/2252/1515 4733/4182/1827 4732/2253/1516
f 4934/4565/2969 4923/4566/2970 4935/2260/1523
f 4923/4566/2970 4924/2258/1521 4935/2260/1523
f 3864/2263/1526 3865/4567/2971 3861/2261/1524
f 3861/2261/1524 3860/4568/2972 3858/2262/1525
f 7214/4337/2822 7217/2266/1529 7210/2265/1528
f 7217/2266/1529 7216/4569/2973 7218/2264/1527
f 7216/4569/2973 7215/2885/1959 7218/2264/1527
f 4592/2709/1775 4588/2274/1537 4591/2273/1536
f 4588/2274/1537 4587/4570/2974 4586/2275/1538
f 6536/2276/1539 6537/2710/1866 6545/2277/1540
f 4783/2279/1542 4782/3096/1774 4784/2280/1543
f 5563/2283/1546 5562/4571/2975 5564/4572/2976
f 5562/4571/2975 5569/4573/2977 5564/4572/2976
f 5564/4572/2976 5565/2284/1547 5563/2283/1546
f 5565/2284/1547 5566/4574/2978 5567/2282/1545
f 5566/4574/2978 5568/4575/2979 5567/2282/1545
f 3910/2286/1549 3918/4576/2980 3912/2287/1550
f 3912/2287/1550 3913/4577/2981 3911/2285/1548
f 3913/4577/2981 3914/4578/2982 3911/2285/1548
f 3914/4578/2982 3915/4579/2983 3916/4580/2984
f 3915/4579/2983 3917/4581/2985 3916/4580/2984
f 3916/4580/2984 3911/2285/1548 3914/4578/2982
f 5104/2289/1552 5112/4582/2986 5106/2290/1553
f 5106/2290/1553 5107/4583/2987 5105/2288/1551
f 5107/4583/2987 5108/4584/2988 5105/2288/1551
f 5108/4584/2988 5109/4585/2989 5110/4586/2766
f 5109/4585/2989 5111/4587/2990 5110/4586/2766
f 5110/4586/2766 5105/2288/1551 5108/4584/2988
f 4866/2293/1556 4869/3024/2013 4863/4588/2991
f 4869/3024/2013 4865/4589/2992 4863/4588/2991
f 4863/4588/2991 4864/2291/1554 4866/2293/1556
f 3834/4310/2523 3832/2299/1562 3836/2298/1561
f 3832/2299/1562 3829/2295/1558 3825/2300/1563
f 6785/2303/1566 6783/4590/2993 6782/2301/1564
f 6783/4590/2993 6781/4591/2994 6782/2301/1564
f 6781/4591/2994 6780/4014/2714 6782/2301/1564
f 6518/2305/1383 6517/4592/2042 6519/4593/2043
f 6517/4592/2042 6525/4594/2881 6519/4593/2043
f 6519/4593/2043 6520/4595/2995 6518/2305/1383
f 6521/2306/1384 6522/4596/2996 6523/2304/1382
f 6522/4596/2996 6524/4597/2997 6523/2304/1382
f 6520/4595/2995 6521/2306/1384 6518/2305/1383
f 4539/2309/1569 4542/2457/1690 4541/4598/2998
f 4541/4598/2998 4543/2307/1567 4539/2309/1569
f 6498/2312/1572 6499/4599/2999 6497/2310/1570
f 6497/2310/1570 6494/4600/3000 6495/2311/1571
f 4945/2313/1573 4944/4601/3001 4943/2314/1574
f 6074/2317/1577 6083/4602/3002 6077/2318/1578
f 6077/2318/1578 6078/4550/2955 6075/2316/1576
f 6078/4550/2955 6076/4549/2954 6075/2316/1576
f 7434/4603/3003 7435/2320/1580 7432/2319/1579
f 7435/2320/1580 7439/4604/3004 7438/2321/1581
f 7013/3140/1817 7016/2324/1584 7009/2323/1583
f 7016/2324/1584 7015/4605/3005 7017/2322/1582
f 7015/4605/3005 7014/4029/1807 7017/2322/1582
f 6819/2330/1590 6822/4139/2762 6816/4606/3006
f 6822/4139/2762 6818/4607/3007 6816/4606/3006
f 6816/4606/3006 6817/2328/1588 6819/2330/1590
f 3832/2299/1562 3833/4608/3008 3831/2335/1593
f 3831/2335/1593 3828/2296/1559 3829/2295/1558
f 3878/2448/1682 3876/2337/1562 3880/2336/1561
f 3876/2337/1562 3873/2332/1591 3869/2338/1594
f 5169/2341/1597 5167/4609/3009 5166/2339/1595
f 5167/4609/3009 5165/4610/3010 5166/2339/1595
f 5165/4610/3010 5164/3027/2033 5166/2339/1595
f 5646/2344/1600 5647/3403/2284 5643/2342/1598
f 5643/2342/1598 5642/4611/3011 5640/2343/1599
f 5057/2831/1720 5060/2347/1603 5053/2346/1602
f 5060/2347/1603 5059/4612/3012 5061/2345/1601
f 5059/4612/3012 5058/2769/1895 5061/2345/1601
f 5038/4613/3013 5039/4614/3014 5037/4615/3015
f 5036/4616/3016 5035/4617/3017 5033/4618/3018
f 5035/4617/3017 5034/2351/1606 5033/4618/3018
f 5038/4613/3013 5037/4615/3015 5036/4616/3016
f 5032/2353/1608 5033/4618/3018 5034/2351/1606
f 5033/4618/3018 5038/4613/3013 5036/4616/3016
f 4043/4619/3019 4044/4620/3020 4042/4621/3021
f 4041/4622/3022 4040/4623/3023 4038/4624/3024
f 4040/4623/3023 4039/2354/1609 4038/4624/3024
f 4043/4619/3019 4042/4621/3021 4041/4622/3022
f 4037/2356/1611 4038/4624/3024 4039/2354/1609
f 4038/4624/3024 4043/4619/3019 4041/4622/3022
f 6264/2358/1613 6272/4625/3025 6266/2359/1614
f 6266/2359/1614 6267/4626/3026 6265/2357/1612
f 6267/4626/3026 6268/4627/3027 6265/2357/1612
f 6268/4627/3027 6269/4628/3028 6270/4629/3029
f 6269/4628/3028 6271/4630/3030 6270/4629/3029
f 6270/4629/3029 6265/2357/1612 6268/4627/3027
f 4887/2361/1616 4895/4631/3031 4889/2362/1617
f 4889/2362/1617 4890/4632/3032 4888/2360/1615
f 4890/4632/3032 4891/4633/1900 4888/2360/1615
f 4891/4633/1900 4892/4634/3033 4893/4635/1867
f 4892/4634/3033 4894/4636/3034 4893/4635/1867
f 4893/4635/1867 4888/2360/1615 4891/4633/1900
f 7112/2365/1620 7107/4279/2804 7115/2363/1618
f 7107/4279/2804 7117/4637/3035 7115/2363/1618
f 6711/2366/1509 6707/3751/2538 6705/2367/1510
f 6485/2369/1621 6487/2926/1466 6486/2370/1622
f 4138/4638/3036 4127/4639/3037 4139/2377/1362
f 4127/4639/3037 4128/2375/1360 4139/2377/1362
f 4445/4640/3038 4448/4641/2966 4444/2380/1628
f 4448/4641/2966 4446/2378/1495 4444/2380/1628
f 4251/2381/1629 4252/4642/3039 4253/2382/1630
f 3692/2385/1633 3693/4643/3040 3694/4644/3041
f 3693/4643/3040 3695/4645/3042 3694/4644/3041
f 3694/4644/3041 3690/2386/1634 3692/2385/1633
f 3690/2386/1634 3689/4646/3043 3691/2384/1632
f 3689/4646/3043 3696/4647/3044 3691/2384/1632
f 6911/2389/1637 6906/4160/2737 6914/2387/1635
f 6906/4160/2737 6916/4648/3045 6914/2387/1635
f 3958/2390/1638 3959/4649/3046 3957/2391/1639
f 6510/2393/1641 6512/4081/2198 6511/2394/1642
f 4959/4650/2963 4948/4651/3047 4960/2401/1494
f 4948/4651/3047 4949/2399/1492 4960/2401/1494
f 4843/4652/3048 4846/4653/3049 4842/2404/1648
f 4846/4653/3049 4844/2402/1499 4842/2404/1648
f 4599/4654/3050 4600/4655/3051 4598/4656/3052
f 4597/4657/3053 4596/4658/3054 4594/4659/3055
f 4596/4658/3054 4595/2405/1649 4594/4659/3055
f 4599/4654/3050 4598/4656/3052 4597/4657/3053
f 4593/2407/1651 4594/4659/3055 4595/2405/1649
f 4594/4659/3055 4599/4654/3050 4597/4657/3053
f 6613/2410/1526 6614/4660/2971 6610/2408/1652
f 6610/2408/1652 6609/4661/3056 6607/2409/1525
f 3796/3792/1540 3792/2415/1656 3795/2414/1541
f 3792/2415/1656 3791/4662/3057 3790/2416/1657
f 5175/2417/1658 5176/4663/3058 5174/2418/1659
f 3786/2420/1661 3783/2826/1927 3784/4664/3059
f 3784/4664/3059 3785/2421/1662 3786/2420/1661
f 3785/2421/1662 3782/3825/1530 3778/2422/1663
f 7139/2423/1664 7138/2856/1944 7140/2424/1665
f 6288/4665/3060 6289/4666/3061 6287/4667/3062
f 6286/4668/3063 6285/4669/3064 6283/4670/3065
f 6285/4669/3064 6284/2426/1667 6283/4670/3065
f 6288/4665/3060 6287/4667/3062 6286/4668/3063
f 6282/2428/1669 6283/4670/3065 6284/2426/1667
f 6283/4670/3065 6288/4665/3060 6286/4668/3063
f 7243/2430/1671 7251/4671/3066 7245/2431/1672
f 7245/2431/1672 7246/4672/3067 7244/2429/1670
f 7246/4672/3067 7247/4673/2390 7244/2429/1670
f 7247/4673/2390 7248/4674/3068 7249/4675/2389
f 7248/4674/3068 7250/4676/3069 7249/4675/2389
f 7249/4675/2389 7244/2429/1670 7247/4673/2390
f 6858/2433/1674 6866/4677/3070 6860/2434/1675
f 6860/2434/1675 6861/4678/3071 6859/2432/1673
f 6861/4678/3071 6862/4679/3072 6859/2432/1673
f 6862/4679/3072 6863/4680/3073 6864/4681/3074
f 6863/4680/3073 6865/4682/3075 6864/4681/3074
f 6864/4681/3074 6859/2432/1673 6862/4679/3072
f 6576/2437/1677 6579/4012/1788 6573/4683/3076
f 6579/4012/1788 6575/4684/3077 6573/4683/3076
f 6573/4683/3076 6574/2435/1594 6576/2437/1677
f 7378/4397/2845 7381/2443/1680 7379/2442/1679
f 7381/2443/1680 7383/4685/3078 7382/2444/1681
f 4033/3733/2523 4031/2446/1562 4035/2445/1561
f 4031/2446/1562 4028/2439/1558 4024/2447/1563
f 3881/2449/1683 3879/4686/3079 3878/2448/1682
f 3879/4686/3079 3877/4687/3008 3878/2448/1682
f 3877/4687/3008 3876/2337/1562 3878/2448/1682
f 3816/2451/1685 3815/4688/2927 3817/4689/3080
f 3815/4688/2927 3823/4690/2929 3817/4689/3080
f 3817/4689/3080 3818/4691/3081 3816/2451/1685
f 3819/2452/1423 3820/4692/3082 3821/2450/1684
f 3820/4692/3082 3822/4693/3083 3821/2450/1684
f 3818/4691/3081 3819/2452/1423 3816/2451/1685
f 6893/2455/1688 6896/3065/1841 6895/4694/3084
f 6895/4694/3084 6897/2453/1686 6893/2455/1688
f 4545/2458/1691 4546/4695/3001 4544/2456/1689
f 4544/2456/1689 4541/4598/2998 4542/2457/1690
f 4748/3817/1886 4744/2460/1693 4747/2459/1692
f 4744/2460/1693 4741/4456/2866 4738/2461/1569
f 3662/4696/3085 3665/4697/3086 3661/2463/1695
f 3665/4697/3086 3658/2464/1696 3661/2463/1695
f 3658/2464/1696 3657/4698/3087 3655/2462/1694
f 6149/2465/1697 6146/3710/2514 6147/4699/3088
f 6147/4699/3088 6148/2466/1698 6149/2465/1697
f 6148/2466/1698 6145/4253/2793 6141/2467/1699
f 5944/2473/1705 5943/4700/3089 5934/4701/3090
f 5934/4701/3090 5935/2471/1703 5944/2473/1705
f 7183/2480/1709 7184/4702/3091 7182/2478/1707
f 7182/2478/1707 7179/4306/2816 7180/2479/1708
f 5262/2481/1710 5259/4703/3092 5260/2482/1711
f 4077/2765/1682 4075/2485/1713 4079/2484/1561
f 4075/2485/1713 4072/2475/1676 4068/2486/1594
f 4876/2489/1716 4874/4704/3009 4873/2487/1714
f 4874/4704/3009 4872/4705/3093 4873/2487/1714
f 4872/4705/3093 4871/3028/2034 4873/2487/1714
f 3995/4387/1540 3991/2491/1656 3994/2490/1541
f 3991/2491/1656 3990/4706/3094 3989/2492/1657
f 7441/2493/1717 7438/2321/1581 7439/4604/3004
f 7439/4604/3004 7440/2494/1718 7441/2493/1717
f 7440/2494/1718 7437/4417/1585 7433/2495/1587
f 4358/2501/1641 4353/3981/1643 4363/2499/1722
f 4353/3981/1643 4362/4707/3095 4363/2499/1722
f 7348/2503/1725 7347/4708/1942 7349/4709/2254
f 7347/4708/1942 7355/4710/3096 7349/4709/2254
f 7349/4709/2254 7350/4711/3097 7348/2503/1725
f 7351/2504/1726 7352/4712/3098 7353/2502/1724
f 7352/4712/3098 7354/4713/3099 7353/2502/1724
f 7350/4711/3097 7351/2504/1726 7348/2503/1725
f 7053/2506/1674 7061/4714/3100 7055/2507/1728
f 7055/2507/1728 7056/4715/3101 7054/2505/1727
f 7056/4715/3101 7057/4716/3102 7054/2505/1727
f 7057/4716/3102 7058/4717/3103 7059/4718/3104
f 7058/4717/3103 7060/4719/3105 7059/4718/3104
f 7059/4718/3104 7054/2505/1727 7057/4716/3102
f 6452/4720/3106 6450/4721/3107 6451/2509/1730
f 6450/4721/3107 6449/2510/1731 6451/2509/1730
f 6449/2510/1731 6448/4722/3108 6447/2508/1729
f 6448/4722/3108 6453/4723/3109 6446/4724/3110
f 6447/2508/1729 6448/4722/3108 6446/4724/3110
f 4839/4725/3013 4840/4726/3014 4838/4727/3111
f 4837/4728/3016 4836/4729/3112 4834/4730/3018
f 4836/4729/3112 4835/2511/1732 4834/4730/3018
f 4839/4725/3013 4838/4727/3111 4837/4728/3016
f 4833/2513/1734 4834/4730/3018 4835/2511/1732
f 4834/4730/3018 4839/4725/3013 4837/4728/3016
f 5129/2516/1737 5124/2688/1851 5134/2514/1735
f 5124/2688/1851 5133/4731/2963 5134/2514/1735
f 6888/2517/1738 6884/3769/1990 6882/2518/1739
f 7085/2520/1740 7086/4732/3113 7084/2521/1741
f 4134/2523/1621 4136/3750/1466 4135/2524/1622
f 6489/4733/3036 6478/4734/3114 6490/2529/1362
f 6478/4734/3114 6479/2527/1360 6490/2529/1362
f 6691/2532/1688 6694/2676/1841 6693/4735/3084
f 6693/4735/3084 6695/2530/1745 6691/2532/1688
f 7002/2535/1749 7004/4736/3115 7003/2611/1802
f 7003/2611/1802 7000/2533/1747 7002/2535/1749
f 7102/2536/1750 7101/4737/3116 7100/2537/1751
f 6903/4275/2803 6899/2540/1754 6902/2539/1753
f 6899/2540/1754 6896/3065/1841 6893/2455/1688
f 6099/2543/1757 6094/3965/2691 6102/2541/1755
f 6094/3965/2691 6104/4738/3117 6102/2541/1755
f 3738/2544/1466 3734/4364/1484 3732/2545/1467
f 7483/2547/1758 7481/3732/2522 7482/2548/1759
f 7485/2243/1478 7480/4563/2961 7486/2550/1761
f 4536/4739/2969 4525/4740/2970 4537/2557/1764
f 4525/4740/2970 4526/2555/1521 4537/2557/1764
f 3769/2559/1383 3768/4741/2734 3770/4742/2043
f 3768/4741/2734 3776/4743/3118 3770/4742/2043
f 3770/4742/2043 3771/4744/2995 3769/2559/1383
f 3772/2560/1384 3773/4745/2996 3774/2558/1382
f 3773/4745/2996 3775/4746/2884 3774/2558/1382
f 3771/4744/2995 3772/2560/1384 3769/2559/1383
f 4971/2563/1767 4973/4747/3119 4974/2561/1765
f 4974/2561/1765 4978/4748/3120 4977/2562/1766
f 4460/3994/1701 4463/2566/1769 4456/2565/1702
f 4463/2566/1769 4462/4749/2971 4464/2564/1768
f 4462/4749/2971 4461/3841/1526 4464/2564/1768
f 4981/2573/1774 4982/4295/2810 4990/2574/1775
f 6938/2576/1776 6937/4104/2003 6939/2270/1533
f 6764/2578/1778 6763/4750/3121 6765/4751/3122
f 6763/4750/3121 6771/4752/3123 6765/4751/3122
f 6765/4751/3122 6766/4753/3124 6764/2578/1778
f 6767/2579/1779 6768/4754/3125 6769/2577/1777
f 6768/4754/3125 6770/4755/3126 6769/2577/1777
f 6766/4753/3124 6767/2579/1779 6764/2578/1778
f 4011/4756/3127 4012/4757/3128 4010/4758/3129
f 4009/4759/3130 4008/4760/3131 4006/4761/3132
f 4008/4760/3131 4007/2580/1780 4006/4761/3132
f 4011/4756/3127 4010/4758/3129 4009/4759/3130
f 4005/2582/1782 4006/4761/3132 4007/2580/1780
f 4006/4761/3132 4011/4756/3127 4009/4759/3130
f 6919/2584/1784 6918/4762/3133 6920/4763/3134
f 6918/4762/3133 6926/4764/3135 6920/4763/3134
f 6920/4763/3134 6921/4765/3136 6919/2584/1784
f 6922/2585/1785 6923/4766/3137 6924/2583/1783
f 6923/4766/3137 6925/4767/3138 6924/2583/1783
f 6921/4765/3136 6922/2585/1785 6919/2584/1784
f 4822/2588/1556 4825/2995/2013 4819/4768/2991
f 4825/2995/2013 4821/4769/3139 4819/4768/2991
f 4819/4768/2991 4820/2586/1786 4822/2588/1556
f 4473/2595/1789 4474/4770/3008 4472/2593/1593
f 4472/2593/1593 4469/2758/1559 4470/2594/1591
f 4232/4223/2523 4230/2597/1713 4234/2596/1790
f 4230/2597/1713 4227/2590/1591 4223/2598/1563
f 6415/2599/1791 6417/4771/3140 6421/3932/2661
f 6421/3932/2661 6418/2600/1792 6415/2599/1791
f 6418/2600/1792 6420/2187/1452 6416/2601/1793
f 7428/2604/1796 7426/2762/1892 7427/4772/3078
f 7427/4772/3078 7429/4773/3141 7428/2604/1796
f 7429/4773/3141 7431/2602/1794 7428/2604/1796
f 5602/2606/1798 5603/4774/3142 5601/4775/3143
f 5600/2607/1799 5599/4776/3144 5598/2605/1797
f 5599/4776/3144 5604/4777/3145 5597/4778/3146
f 5602/2606/1798 5601/4775/3143 5600/2607/1799
f 5597/4778/3146 5598/2605/1797 5599/4776/3144
f 5146/4779/3147 5149/4780/3148 5145/2608/1648
f 5149/4780/3148 5147/2235/1499 5145/2608/1648
f 7100/2537/1751 7101/4737/3116 7099/2609/1800
f 7099/2609/1800 7096/4781/3149 7097/2610/1801
f 7006/2613/1804 6997/3007/2022 7003/2611/1802
f 6997/3007/2022 7000/2533/1747 7003/2611/1802
f 6812/2616/1807 6813/4782/3005 6809/2614/1805
f 6809/2614/1805 6808/4783/3150 6806/2615/1806
f 4261/3022/1701 4264/2619/1769 4257/2618/1702
f 4264/2619/1769 4263/4784/2971 4265/2617/1768
f 4263/4784/2971 4262/4322/1526 4265/2617/1768
f 7021/2625/1811 7024/4243/2753 7018/4785/3006
f 7024/4243/2753 7020/4786/3151 7018/4785/3006
f 7018/4785/3006 7019/2623/1809 7021/2625/1811
f 6824/2631/1813 6825/4787/2994 6823/2630/1812
f 6823/2630/1812 6820/4138/2752 6821/2329/1589
f 4276/2734/1682 4274/2633/1713 4278/2632/1790
f 4274/2633/1713 4271/2627/1676 4267/2634/1563
f 7522/2637/1814 7520/2865/1892 7521/4788/3078
f 7521/4788/3078 7523/4789/3141 7522/2637/1814
f 7523/4789/3141 7525/2635/1794 7522/2637/1814
f 5667/2640/1600 5668/3623/2451 5664/2638/1598
f 5664/2638/1598 5663/4790/3011 5661/2639/1815
f 4858/2910/1720 4861/2643/1603 4854/2642/1721
f 4861/2643/1603 4860/4791/3012 4862/2641/1601
f 4860/4791/3012 4859/4145/1895 4862/2641/1601
f 4522/4792/3152 4523/4793/3153 4521/4794/3154
f 4520/4795/3155 4519/4796/3156 4517/4797/3157
f 4519/4796/3156 4518/2647/1818 4517/4797/3157
f 4522/4792/3152 4521/4794/3154 4520/4795/3155
f 4516/2649/1820 4517/4797/3157 4518/2647/1818
f 4517/4797/3157 4522/4792/3152 4520/4795/3155
f 6565/2651/1685 6564/4798/2927 6566/4799/3158
f 6564/4798/2927 6572/4800/3159 6566/4799/3158
f 6566/4799/3158 6567/4801/3160 6565/2651/1685
f 6568/2652/1423 6569/4802/3161 6570/2650/1684
f 6569/4802/3161 6571/4803/3083 6570/2650/1684
f 6567/4801/3160 6568/2652/1423 6565/2651/1685
f 6792/4804/3162 6793/4805/3163 6791/4806/3164
f 6790/4807/3165 6789/4808/3166 6787/4809/3167
f 6789/4808/3166 6788/2653/1821 6787/4809/3167
f 6792/4804/3162 6791/4806/3164 6790/4807/3165
f 6786/2655/1823 6787/4809/3167 6788/2653/1821
f 6787/4809/3167 6792/4804/3162 6790/4807/3165
f 6552/4810/3168 6553/4811/3169 6551/4812/3170
f 6550/4813/3171 6549/4814/3172 6547/4815/3173
f 6549/4814/3172 6548/2656/1824 6547/4815/3173
f 6552/4810/3168 6551/4812/3170 6550/4813/3171
f 6546/2658/1826 6547/4815/3173 6548/2656/1824
f 6547/4815/3173 6552/4810/3168 6550/4813/3171
f 4534/2659/1827 4530/3902/2634 4528/2660/1828
f 7284/2662/1830 7282/3976/2700 7283/2663/1831
f 4930/2665/1515 4932/2949/1827 4931/2666/1516
f 6714/4816/3045 6702/4817/3174 6712/2671/1836
f 6702/4817/3174 6703/2669/1834 6712/2671/1836
f 7501/2674/1839 7504/4818/3175 7503/4819/2998
f 7503/4819/2998 7505/2672/1837 7501/2674/1839
f 6697/2677/1842 6698/4820/3176 6696/2675/1840
f 6696/2675/1840 6693/4735/3084 6694/2676/1841
f 4851/2680/1845 4842/2404/1648 4848/2678/1843
f 4842/2404/1648 4845/2403/1647 4848/2678/1843
f 4333/2681/1621 4328/2795/1623 4338/2097/1362
f 4328/2795/1623 4337/4464/2869 4338/2097/1362
f 5131/2682/1846 5127/4268/1849 5125/2683/1847
f 4555/2685/1849 4556/4821/3177 4554/2686/1850
f 5129/2516/1737 5131/2682/1846 5130/2684/1848
f 4561/4822/3178 4550/4823/3179 4562/2692/1494
f 4550/4823/3179 4551/2690/1852 4562/2692/1494
f 7195/4824/3180 7196/4825/3181 7194/4826/3182
f 7193/4827/3183 7192/4828/3184 7190/4829/3185
f 7192/4828/3184 7191/2693/1854 7190/4829/3185
f 7195/4824/3180 7194/4826/3182 7193/4827/3183
f 7189/2695/1856 7190/4829/3185 7191/2693/1854
f 7190/4829/3185 7195/4824/3180 7193/4827/3183
f 6227/2698/1859 6228/4830/3186 6224/2696/1857
f 6224/2696/1857 6223/4831/3187 6221/2697/1858
f 6734/2699/1860 6731/4425/2707 6732/4832/3188
f 6732/4832/3188 6733/2700/1861 6734/2699/1860
f 6733/2700/1861 6730/4049/2727 6726/2701/1862
f 4583/2708/1774 4584/4205/1542 4592/2709/1775
f 6537/2710/1866 6536/2276/1539 6538/2711/1653
f 7389/2714/1615 7388/4833/1616 7390/4834/3189
f 7388/4833/1616 7396/4835/3190 7390/4834/3189
f 7390/4834/3189 7391/4836/3191 7389/2714/1615
f 7392/2715/1868 7393/4837/3192 7394/2713/1867
f 7393/4837/3192 7395/4838/3193 7394/2713/1867
f 7391/4836/3191 7392/2715/1868 7389/2714/1615
f 7448/4839/3013 7449/4840/3194 7447/4841/3195
f 7446/4842/3196 7445/4843/3197 7443/4844/3018
f 7445/4843/3197 7444/2716/1869 7443/4844/3018
f 7448/4839/3013 7447/4841/3195 7446/4842/3196
f 7442/2718/1608 7443/4844/3018 7444/2716/1869
f 7443/4844/3018 7448/4839/3013 7446/4842/3196
f 5095/2720/1872 5103/4845/3198 5097/2721/1873
f 5097/2721/1873 5098/4846/3199 5096/2719/1871
f 5098/4846/3199 5099/4847/3200 5096/2719/1871
f 5099/4847/3200 5100/4848/3201 5101/4849/1724
f 5100/4848/3201 5102/4850/3099 5101/4849/1724
f 5101/4849/1724 5096/2719/1871 5099/4847/3200
f 7512/2724/1876 7514/4851/3202 7518/4460/2868
f 7515/2722/1874 7517/2863/1950 7513/2723/1875
f 7512/2724/1876 7518/4460/2868 7515/2722/1874
f 6581/2730/1789 6582/4852/3008 6580/2729/1593
f 6580/2729/1593 6577/4011/1559 6578/2436/1676
f 4431/3002/2018 4429/2732/1713 4433/2731/1561
f 4429/2732/1713 4426/2726/1591 4422/2733/1594
f 4279/2735/1877 4277/4853/3079 4276/2734/1682
f 4277/4853/3079 4275/4854/3008 4276/2734/1682
f 4275/4854/3008 4274/2633/1713 4276/2734/1682
f 4308/2737/1549 4316/4855/3203 4310/2738/1878
f 4310/2738/1878 4311/4856/2981 4309/2736/1548
f 4311/4856/2981 4312/4857/2982 4309/2736/1548
f 4312/4857/2982 4313/4858/2983 4314/4859/2984
f 4313/4858/2983 4315/4860/2985 4314/4859/2984
f 4314/4859/2984 4309/2736/1548 4312/4857/2982
f 7199/4861/3204 7202/4862/3205 7198/2741/1881
f 7202/4862/3205 7200/2739/1879 7198/2741/1881
f 5046/2744/1500 5048/4863/2967 5047/2943/1986
f 5047/2943/1986 5044/2742/1498 5046/2744/1500
f 3751/2745/1882 3750/4864/2999 3749/2746/1883
f 7504/4818/3175 7501/2674/1839 7507/2750/1887
f 7501/2674/1839 7510/2748/1885 7507/2750/1887
f 5473/2753/1890 5474/3420/2297 5470/2751/1888
f 5470/2751/1888 5469/4865/3206 5467/2752/1889
f 7422/4419/2845 7425/2761/1680 7423/2760/1891
f 7425/2761/1680 7427/4772/3078 7426/2762/1892
f 4475/2901/1682 4473/2595/1789 4477/2763/1790
f 4473/2595/1789 4470/2594/1591 4466/2764/1594
f 4080/2766/1877 4078/4866/3079 4077/2765/1682
f 4078/4866/3079 4076/4867/3008 4077/2765/1682
f 4076/4867/3008 4075/2485/1713 4077/2765/1682
f 5058/2769/1895 5059/4612/3012 5055/2767/1893
f 5055/2767/1893 5054/4868/3207 5052/2768/1894
f 4184/2770/1661 4181/3780/1927 4182/4869/3059
f 4182/4869/3059 4183/2771/1662 4184/2770/1661
f 4183/2771/1662 4180/3785/1530 4176/2772/1663
f 7276/4870/3208 7277/4871/3209 7275/4872/3210
f 7274/4873/3211 7273/4874/3212 7271/4875/3213
f 7273/4874/3212 7272/2776/1897 7271/4875/3213
f 7276/4870/3208 7275/4872/3210 7274/4873/3211
f 7270/2778/1899 7271/4875/3213 7272/2776/1897
f 7271/4875/3213 7276/4870/3208 7274/4873/3211
f 4963/2780/1615 4962/4876/1616 4964/4877/3214
f 4962/4876/1616 4970/4878/3031 4964/4877/3214
f 4964/4877/3214 4965/4879/3215 4963/2780/1615
f 4966/2781/1900 4967/4880/3216 4968/2779/1867
f 4967/4880/3216 4969/4881/3034 4968/2779/1867
f 4965/4879/3215 4966/2781/1900 4963/2780/1615
f 4565/2783/1901 4564/4882/3217 4566/4883/1617
f 4564/4882/3217 4572/4884/3031 4566/4883/1617
f 4566/4883/1617 4567/4885/3215 4565/2783/1901
f 4568/2784/1900 4569/4886/3216 4570/2782/1867
f 4569/4886/3216 4571/4887/3034 4570/2782/1867
f 4567/4885/3215 4568/2784/1900 4565/2783/1901
f 6886/2787/1486 6881/3681/1488 6891/2785/1902
f 6881/3681/1488 6890/4888/3218 6891/2785/1902
f 4957/2788/1846 4953/2928/1849 4951/2789/1904
f 7110/2791/1905 7111/4889/3219 7109/2792/1906
f 4333/2681/1621 4335/4443/1466 4334/2794/1622
f 6890/4888/3218 6879/4890/3220 6891/2785/1902
f 6879/4890/3220 6880/2797/1909 6891/2785/1902
f 3942/2801/1913 3945/3130/2084 3944/4891/3000
f 3944/4891/3000 3946/2799/1911 3942/2801/1913
f 6800/2804/1749 6802/4892/3115 6801/3012/2027
f 6801/3012/2027 6798/2802/1914 6800/2804/1749
f 4052/2805/1629 4053/4893/3039 4054/2806/1915
f 6060/2808/1916 6059/3265/2162 6058/2809/1917
f 4532/2811/1515 4527/3771/1517 4537/2557/1764
f 4527/3771/1517 4536/4739/2969 4537/2557/1764
f 7114/2812/1919 7110/2791/1905 7108/2793/1907
f 5954/2816/1923 5956/4894/3221 5957/2814/1921
f 5957/2814/1921 5961/4895/3222 5960/2815/1922
f 4159/2817/1641 4161/4267/2198 4160/2818/1642
f 3766/4896/3223 3754/4897/3224 3764/2257/1520
f 3754/4897/3224 3755/2821/1925 3764/2257/1520
f 4706/2823/1552 4714/4898/2986 4708/2824/1553
f 4708/2824/1553 4709/4899/3225 4707/2822/1551
f 4709/4899/3225 4710/4900/2988 4707/2822/1551
f 4710/4900/2988 4711/4901/3226 4712/4902/2766
f 4711/4901/3226 4713/4903/2990 4712/4902/2766
f 4712/4902/2766 4707/2822/1551 4710/4900/2988
f 3777/2827/1928 3779/4904/3227 3780/2825/1926
f 3780/2825/1926 3784/4664/3059 3783/2826/1927
f 7037/2774/1896 7040/2829/1584 7033/2775/1583
f 7040/2829/1584 7039/4905/3005 7041/2828/1582
f 7039/4905/3005 7038/4237/1807 7041/2828/1582
f 5779/2833/1930 5778/4906/3228 5780/4907/3229
f 5778/4906/3228 5785/4908/3230 5780/4907/3229
f 5780/4907/3229 5781/2834/1931 5779/2833/1930
f 5781/2834/1931 5782/4909/3231 5783/2832/1929
f 5782/4909/3231 5784/4910/3232 5783/2832/1929
f 6744/2980/2004 6740/2839/1933 6743/2838/1932
f 6740/2839/1933 6739/4911/3233 6738/2840/1934
f 7346/2841/1935 7338/3098/2065 7337/2842/1936
f 6736/2844/1776 6735/2979/2003 6737/2845/1533
f 5671/4912/2975 5678/4913/2977 5673/4914/2976
f 5674/2849/1547 5675/4915/2978 5676/2847/1545
f 5675/4915/2978 5677/4916/3234 5676/2847/1545
f 5671/4912/2975 5673/4914/2976 5672/2848/1546
f 5673/4914/2976 5674/2849/1547 5672/2848/1546
f 4608/4917/3235 4609/4918/3236 4607/4919/3237
f 4606/4920/3238 4605/4921/3239 4603/4922/3240
f 4605/4921/3239 4604/2850/1938 4603/4922/3240
f 4608/4917/3235 4607/4919/3237 4606/4920/3238
f 4602/2852/1940 4603/4922/3240 4604/2850/1938
f 4603/4922/3240 4608/4917/3235 4606/4920/3238
f 4896/2854/1942 4904/4923/3198 4898/2855/1943
f 4898/2855/1943 4899/4924/3199 4897/2853/1941
f 4899/4924/3199 4900/4925/3200 4897/2853/1941
f 4900/4925/3200 4901/4926/3241 4902/4927/1724
f 4901/4926/3241 4903/4928/3242 4902/4927/1724
f 4902/4927/1724 4897/2853/1941 4900/4925/3200
f 7138/2856/1944 7139/2423/1664 7147/2857/1945
f 7516/4459/2845 7519/2864/1680 7517/2863/1950
f 7519/2864/1680 7521/4788/3078 7520/2865/1892
f 4630/4141/2754 4628/2867/1951 4632/2866/1596
f 4628/2867/1951 4625/2860/1555 4621/2868/1786
f 6630/2871/1877 6628/4929/3079 6627/2869/1952
f 6628/4929/3079 6626/4930/3008 6627/2869/1952
f 6626/4930/3008 6625/4038/2721 6627/2869/1952
f 3812/4931/3127 3813/4932/3128 3811/4933/3129
f 3810/4934/3130 3809/4935/3131 3807/4936/3132
f 3809/4935/3131 3808/2872/1780 3807/4936/3132
f 3812/4931/3127 3811/4933/3129 3810/4934/3130
f 3806/2874/1782 3807/4936/3132 3808/2872/1780
f 3807/4936/3132 3812/4931/3127 3810/4934/3130
f 4246/4937/3243 4249/4938/2966 4245/2877/1628
f 4249/4938/2966 4247/2875/1495 4245/2877/1628
f 4943/2314/1574 4944/4601/3001 4942/2878/1953
f 4942/2878/1953 4939/4939/2998 4940/2879/1954
f 4350/3656/2473 4346/2881/1956 4349/2880/1955
f 4346/2881/1956 4343/3815/2573 4340/2882/1913
f 7215/2885/1959 7216/4569/2973 7212/2883/1957
f 7212/2883/1957 7211/4940/3244 7209/2884/1958
f 7137/2886/1960 7134/3206/2107 7135/4941/3245
f 7135/4941/3245 7136/2887/1961 7137/2886/1960
f 7136/2887/1961 7133/2889/1963 7129/2888/1962
f 4070/2474/1557 4073/2477/1560 4067/4942/3076
f 4073/2477/1560 4069/4943/3077 4067/4942/3076
f 4067/4942/3076 4068/2486/1594 4070/2474/1557
f 6195/2897/1968 6196/4944/3246 6194/2895/1966
f 6194/2895/1966 6191/3802/2565 6192/2896/1967
f 4674/3151/2087 4672/2899/1951 4676/2898/1969
f 4672/2899/1951 4669/2892/1555 4665/2900/1786
f 4478/2902/1877 4476/4945/3079 4475/2901/1682
f 4476/4945/3079 4474/4770/3008 4475/2901/1682
f 4474/4770/3008 4473/2595/1789 4475/2901/1682
f 4087/2905/1526 4088/4946/2971 4084/2903/1524
f 4084/2903/1524 4083/4947/3056 4081/2904/1525
f 4062/3244/1701 4065/2908/1769 4058/2907/1702
f 4065/2908/1769 4064/4948/2971 4066/2906/1970
f 4064/4948/2971 4063/3034/1526 4066/2906/1970
f 5629/2912/1972 5630/4949/3247 5628/4950/3248
f 5627/2913/1973 5626/4951/3249 5625/2911/1971
f 5626/4951/3249 5631/4952/3250 5624/4953/3251
f 5629/2912/1972 5628/4950/3248 5627/2913/1973
f 5624/4953/3251 5625/2911/1971 5626/4951/3249
f 6561/4954/3127 6562/4955/3128 6560/4956/3129
f 6559/4957/3130 6558/4958/3131 6556/4959/3132
f 6558/4958/3131 6557/2914/1780 6556/4959/3132
f 6561/4954/3127 6560/4956/3129 6559/4957/3130
f 6555/2916/1782 6556/4959/3132 6557/2914/1780
f 6556/4959/3132 6561/4954/3127 6559/4957/3130
f 7324/4960/3013 7325/4961/3014 7323/4962/3195
f 7322/4963/3252 7321/4964/3253 7319/4965/3018
f 7321/4964/3253 7320/2917/1869 7319/4965/3018
f 7324/4960/3013 7323/4962/3195 7322/4963/3252
f 7318/2919/1608 7319/4965/3018 7320/2917/1869
f 7319/4965/3018 7324/4960/3013 7322/4963/3252
f 4409/4966/3127 4410/4967/3128 4408/4968/3254
f 4407/4969/3130 4406/4970/3255 4404/4971/3132
f 4406/4970/3255 4405/2920/1780 4404/4971/3132
f 4409/4966/3127 4408/4968/3254 4407/4969/3130
f 4403/2922/1782 4404/4971/3132 4405/2920/1780
f 4404/4971/3132 4409/4966/3127 4407/4969/3130
f 7289/2925/1976 7291/3869/2602 7281/4972/3256
f 7281/4972/3256 7286/2923/1974 7289/2925/1976
f 6487/2926/1466 6483/4352/1484 6481/2927/1467
f 4953/2928/1849 4954/4973/3177 4952/2929/1977
f 3736/2930/1621 3738/2544/1466 3737/2546/1622
f 7488/4447/2835 7479/4974/3257 7490/2245/1508
f 7479/4974/3257 7478/2935/1980 7490/2245/1508
f 3743/2939/1913 3746/4381/2084 3745/4975/3000
f 3745/4975/3000 3747/2937/1911 3743/2939/1913
f 6215/2942/1985 6217/4976/3258 6216/3971/2696
f 6216/3971/2696 6213/2940/1983 6215/2942/1985
f 5047/2943/1986 5048/4863/2967 5049/2944/1987
f 7104/2538/1752 7100/2537/1751 7103/2946/1988
f 7100/2537/1751 7097/2610/1801 7094/2947/1989
f 6485/2369/1621 6480/2371/1623 6490/2529/1362
f 6480/2371/1623 6489/4733/3036 6490/2529/1362
f 4932/2949/1827 4928/4165/2771 4926/2950/1828
f 6682/2951/1990 6683/4977/3259 6681/2952/1991
f 6124/2954/1992 6126/4363/2833 6125/2955/1993
f 3940/4978/3036 3928/4979/3114 3938/2374/1491
f 3928/4979/3114 3929/2958/1996 3938/2374/1491
f 6132/2960/1998 6131/4980/2383 6133/4981/3260
f 6131/4980/2383 6139/4982/3261 6133/4981/3260
f 6133/4981/3260 6134/4983/3262 6132/2960/1998
f 6135/2961/1999 6136/4984/3263 6137/2959/1997
f 6136/4984/3263 6138/4985/3264 6137/2959/1997
f 6134/4983/3262 6135/2961/1999 6132/2960/1998
f 6836/2964/1807 6837/4986/3005 6833/2962/1805
f 6833/2962/1805 6832/4987/3265 6830/2963/2000
f 6936/2965/1860 6933/3989/2707 6934/4988/3188
f 6934/4988/3188 6935/2966/1861 6936/2965/1860
f 6935/2966/1861 6932/4240/2727 6928/2967/1862
f 3976/2976/1928 3978/4989/3227 3979/2974/1926
f 3979/2974/1926 3983/4990/3266 3982/2975/1927
f 7147/2857/1945 7143/2977/2001 7146/2858/1946
f 7143/2977/2001 7142/4991/3267 7141/2978/2002
f 6735/2979/2003 6736/2844/1776 6744/2980/2004
f 3987/2981/2005 3986/4386/1539 3988/2835/1653
f 5142/4992/3050 5143/4993/3051 5141/4994/3052
f 5140/4995/3268 5139/4996/3054 5137/4997/3269
f 5139/4996/3054 5138/2982/2006 5137/4997/3269
f 5142/4992/3050 5141/4994/3052 5140/4995/3268
f 5136/2984/1940 5137/4997/3269 5138/2982/2006
f 5137/4997/3269 5142/4992/3050 5140/4995/3268
f 6273/2986/2008 6281/4998/3270 6275/2987/2009
f 6275/2987/2009 6276/4999/3271 6274/2985/2007
f 6276/4999/3271 6277/5000/3272 6274/2985/2007
f 6277/5000/3272 6278/5001/3273 6279/5002/3274
f 6278/5001/3273 6280/5003/3275 6279/5002/3274
f 6279/5002/3274 6274/2985/2007 6277/5000/3272
f 5390/2989/2011 5389/5004/3276 5391/5005/3277
f 5389/5004/3276 5396/5006/3278 5391/5005/3277
f 5391/5005/3277 5392/2990/2012 5390/2989/2011
f 5392/2990/2012 5393/5007/3279 5394/2988/2010
f 5393/5007/3279 5395/5008/3280 5394/2988/2010
f 6775/2993/1811 6778/4118/2753 6772/5009/3006
f 6778/4118/2753 6774/5010/3151 6772/5009/3006
f 6772/5009/3006 6773/2991/1809 6775/2993/1811
f 5249/2997/2015 5248/5011/3281 5250/5012/3282
f 5248/5011/3281 5256/5013/3283 5250/5012/3282
f 5250/5012/3282 5251/5014/3284 5249/2997/2015
f 5252/2998/2016 5253/5015/3285 5254/2996/2014
f 5253/5015/3285 5255/5016/3286 5254/2996/2014
f 5251/5014/3284 5252/2998/2016 5249/2997/2015
f 4230/2597/1713 4231/5017/3008 4229/2999/2017
f 4229/2999/2017 4226/2591/1559 4227/2590/1591
f 4829/4120/2754 4827/3001/1951 4831/3000/1596
f 4827/3001/1951 4824/2587/1555 4820/2586/1786
f 4434/3003/1877 4432/5018/3079 4431/3002/2018
f 4432/5018/3079 4430/5019/3008 4431/3002/2018
f 4430/5019/3008 4429/2732/1713 4431/3002/2018
f 6207/5020/3287 6208/5021/3288 6206/5022/3289
f 6205/5023/3290 6204/5024/3291 6202/5025/3292
f 6204/5024/3291 6203/3004/2019 6202/5025/3292
f 6207/5020/3287 6206/5022/3289 6205/5023/3290
f 6201/3006/2021 6202/5025/3292 6203/3004/2019
f 6202/5025/3292 6207/5020/3287 6205/5023/3290
f 6998/5026/3293 7001/5027/3294 6997/3007/2022
f 7001/5027/3294 6999/2534/1748 6997/3007/2022
f 4449/3011/2026 4451/5028/3039 4450/4172/2773
f 4450/4172/2773 4447/2379/1627 4449/3011/2026
f 6801/3012/2027 6802/4892/3115 6803/3013/2028
f 4055/3015/2029 4046/3128/1628 4052/2805/1629
f 4046/3128/1628 4049/3127/2082 4052/2805/1629
f 5082/3018/1895 5083/5029/3012 5079/3016/2030
f 5079/3016/2030 5078/5030/3207 5076/3017/1894
f 4683/2497/1720 4686/3020/1603 4679/2498/1721
f 4686/3020/1603 4685/5031/3012 4687/3019/1601
f 4685/5031/3012 4684/4130/1895 4687/3019/1601
f 4667/2891/1965 4670/2894/1949 4664/5032/2991
f 4670/2894/1949 4666/5033/3295 4664/5032/2991
f 4664/5032/2991 4665/2900/1786 4667/2891/1965
f 5164/3027/2033 5165/4610/3010 5163/3025/2031
f 5163/3025/2031 5160/3192/2100 5161/3026/2032
f 4873/2487/1714 4871/3028/2034 4875/2488/1715
f 4871/3028/2034 4868/2292/1555 4864/2291/1554
f 6987/3031/1566 6985/5034/2993 6984/3029/2035
f 6985/5034/2993 6983/5035/2994 6984/3029/2035
f 6983/5035/2994 6982/3835/2580 6984/3029/2035
f 4063/3034/1526 4064/4948/2971 4060/3032/1524
f 4060/3032/1524 4059/5036/3296 4057/3033/1525
f 4582/3035/2037 4579/4092/1766 4580/5037/3120
f 4580/5037/3120 4581/3036/2038 4582/3035/2037
f 4581/3036/2038 4578/2702/1863 4574/2704/1864
f 5884/5038/3297 5891/5039/3298 5886/5040/3299
f 5887/3042/2041 5888/5041/3300 5889/3040/2039
f 5888/5041/3300 5890/5042/3301 5889/3040/2039
f 5884/5038/3297 5886/5040/3299 5885/3041/2040
f 5886/5040/3299 5887/3042/2041 5885/3041/2040
f 4798/5043/3050 4799/5044/3051 4797/5045/3052
f 4796/5046/3053 4795/5047/3054 4793/5048/3302
f 4795/5047/3054 4794/3043/1649 4793/5048/3302
f 4798/5043/3050 4797/5045/3052 4796/5046/3053
f 4792/3045/1651 4793/5048/3302 4794/3043/1649
f 4793/5048/3302 4798/5043/3050 4796/5046/3053
f 4489/3047/2042 4497/5049/2881 4491/3048/2043
f 4491/3048/2043 4492/5050/2995 4490/3046/1383
f 4492/5050/2995 4493/5051/1384 4490/3046/1383
f 4493/5051/1384 4494/5052/2996 4495/5053/1382
f 4494/5052/2996 4496/5054/2997 4495/5053/1382
f 4495/5053/1382 4490/3046/1383 4493/5051/1384
f 4290/3050/2042 4298/5055/2881 4292/3051/2043
f 4292/3051/2043 4293/5056/2882 4291/3049/1383
f 4293/5056/2882 4294/5057/1384 4291/3049/1383
f 4294/5057/1384 4295/5058/2883 4296/5059/1382
f 4295/5058/2883 4297/5060/2997 4296/5059/1382
f 4296/5059/1382 4291/3049/1383 4294/5057/1384
f 4930/2665/1515 4925/2667/1517 4935/2260/1523
f 4925/2667/1517 4934/4565/2969 4935/2260/1523
f 6101/3053/2045 6097/3074/2056 6095/3054/2046
f 3933/3056/1484 3934/5061/2962 3932/3057/2048
f 3960/3058/1641 3962/3301/2198 3961/3059/1642
f 4937/3063/1569 4940/2879/1954 4939/4939/2998
f 4939/4939/2998 4941/3061/1567 4937/3063/1569
f 6899/2540/1754 6900/5062/3176 6898/3064/1840
f 6898/3064/1840 6895/4694/3084 6896/3065/1841
f 6602/3066/1629 6603/5063/3039 6604/3067/1630
f 7207/3071/2054 7198/2741/1881 7204/3069/2052
f 7198/2741/1881 7201/2740/1880 7204/3069/2052
f 6684/2222/1486 6679/2224/1488 6689/3072/1902
f 6679/2224/1488 6688/5064/3218 6689/3072/1902
f 6097/3074/2056 6098/5065/3303 6096/3075/2057
f 4362/4707/3095 4351/5066/3304 4363/2499/1722
f 4351/5066/3304 4352/3077/1925 4363/2499/1722
f 4997/5067/3050 4998/5068/3305 4996/5069/3052
f 4995/5070/3053 4994/5071/3054 4992/5072/3055
f 4994/5071/3054 4993/3078/1649 4992/5072/3055
f 4997/5067/3050 4996/5069/3052 4995/5070/3053
f 4991/3080/2059 4992/5072/3055 4993/3078/1649
f 4992/5072/3055 4997/5067/3050 4995/5070/3053
f 4883/3083/1895 4884/5073/3012 4880/3081/1893
f 4880/3081/1893 4879/5074/2837 4877/3082/2060
f 4882/3157/1720 4885/3086/1603 4878/3085/1721
f 4885/3086/1603 4884/5073/3012 4886/3084/1601
f 4884/5073/3012 4883/3083/1895 4886/3084/1601
f 4791/3097/1775 4787/3094/1537 4790/3093/1536
f 4787/3094/1537 4786/5075/2974 4785/3095/2064
f 4782/3096/1774 4783/2279/1542 4791/3097/1775
f 7338/3098/2065 7344/3787/2559 7339/3099/2066
f 5679/5076/3306 5686/5077/3307 5681/5078/3308
f 5682/3102/2069 5683/5079/3309 5684/3100/2067
f 5683/5079/3309 5685/5080/3310 5684/3100/2067
f 5679/5076/3306 5681/5078/3308 5680/3101/2068
f 5681/5078/3308 5682/3102/2069 5680/3101/2068
f 4498/3104/2071 4506/5081/3311 4500/3105/2072
f 4500/3105/2072 4501/5082/3312 4499/3103/2070
f 4501/5082/3312 4502/5083/3313 4499/3103/2070
f 4502/5083/3313 4503/5084/3314 4504/5085/3315
f 4503/5084/3314 4505/5086/3316 4504/5085/3315
f 4504/5085/3315 4499/3103/2070 4502/5083/3313
f 7163/5087/3317 7164/5088/3318 7162/5089/3319
f 7161/5090/3320 7160/5091/3321 7158/5092/3322
f 7160/5091/3321 7159/3106/2073 7158/5092/3322
f 7163/5087/3317 7162/5089/3319 7161/5090/3320
f 7157/3108/2075 7158/5092/3322 7159/3106/2073
f 7158/5092/3322 7163/5087/3317 7161/5090/3320
f 7418/3111/1876 7420/5093/3323 7424/4420/2855
f 7421/3109/2076 7423/2760/1891 7419/3110/2077
f 7418/3111/1876 7424/4420/2855 7421/3109/2076
f 4827/3001/1951 4828/5094/3093 4826/3116/2031
f 4826/3116/2031 4823/2994/1948 4824/2587/1555
f 5028/4331/2087 5026/3118/2078 5030/3117/1596
f 5026/3118/2078 5023/3113/1555 5019/3119/1786
f 6586/3122/1877 6584/5095/3079 6583/3120/1952
f 6584/5095/3079 6582/4852/3008 6583/3120/1952
f 6582/4852/3008 6581/2730/1789 6583/3120/1952
f 7167/3124/2080 7166/5096/3324 7168/5097/3325
f 7166/5096/3324 7174/5098/3326 7168/5097/3325
f 7168/5097/3325 7169/5099/3327 7167/3124/2080
f 7170/3125/2081 7171/5100/3328 7172/3123/2079
f 7171/5100/3328 7173/5101/3329 7172/3123/2079
f 7169/5099/3327 7170/3125/2081 7167/3124/2080
f 4047/5102/3330 4050/5103/2966 4046/3128/1628
f 4050/5103/2966 4048/3126/1495 4046/3128/1628
f 3948/3131/1572 3949/5104/2999 3947/3129/2083
f 3947/3129/2083 3944/4891/3000 3945/3130/2084
f 5151/2240/1504 5152/4562/2967 5153/3132/2085
f 3753/2747/1884 3749/2746/1883 3752/3133/1955
f 3749/2746/1883 3746/4381/2084 3743/2939/1913
f 6526/3136/1928 6528/5105/3227 6529/3134/1926
f 6529/3134/1926 6533/5106/3059 6532/3135/1927
f 4086/3088/1701 4089/3138/1769 4082/3089/1702
f 4089/3138/1769 4088/4946/2971 4090/3137/1970
f 4088/4946/2971 4087/2905/1526 4090/3137/1970
f 4468/2757/1557 4471/2759/1788 4465/5107/3076
f 4471/2759/1788 4467/5108/3331 4465/5107/3076
f 4465/5107/3076 4466/2764/1594 4468/2757/1557
f 7227/3147/1709 7228/5109/3091 7226/3145/1707
f 7226/3145/1707 7223/4327/2816 7224/3146/1708
f 5072/4462/2087 5070/3149/2086 5074/3148/1596
f 5070/3149/2086 5067/3142/1555 5063/3150/1554
f 4677/3152/1716 4675/5110/3009 4674/3151/2087
f 4675/5110/3009 4673/5111/3332 4674/3151/2087
f 4673/5111/3332 4672/2899/1951 4674/3151/2087
f 4659/4196/2780 4662/3155/2088 4655/3154/1721
f 4662/3155/2088 4661/5112/3012 4663/3153/1601
f 4661/5112/3012 4660/3503/1895 4663/3153/1601
f 5010/3159/2090 5009/5113/2860 5011/5114/3333
f 5009/5113/2860 5017/5115/3334 5011/5114/3333
f 5011/5114/3333 5012/5116/3335 5010/3159/2090
f 5013/3160/2091 5014/5117/3336 5015/3158/2089
f 5014/5117/3336 5016/5118/3337 5015/3158/2089
f 5012/5116/3335 5013/3160/2091 5010/3159/2090
f 4002/5119/3168 4003/5120/3338 4001/5121/3170
f 4000/5122/3339 3999/5123/3340 3997/5124/3173
f 3999/5123/3340 3998/3161/1824 3997/5124/3173
f 4002/5119/3168 4001/5121/3170 4000/5122/3339
f 3996/3163/1782 3997/5124/3173 3998/3161/1824
f 3997/5124/3173 4002/5119/3168 4000/5122/3339
f 6674/5125/3341 6675/5126/3153 6673/5127/3154
f 6672/5128/3342 6671/5129/3156 6669/5130/3343
f 6671/5129/3156 6670/3164/1818 6669/5130/3343
f 6674/5125/3341 6673/5127/3154 6672/5128/3342
f 6668/3166/1820 6669/5130/3343 6670/3164/1818
f 6669/5130/3343 6674/5125/3341 6672/5128/3342
f 7371/5131/3344 7372/5132/3345 7370/5133/3346
f 7369/5134/3347 7368/5135/3348 7366/5136/3349
f 7368/5135/3348 7367/3167/2093 7366/5136/3349
f 7371/5131/3344 7370/5133/3346 7369/5134/3347
f 7365/3169/2095 7366/5136/3349 7367/3167/2093
f 7366/5136/3349 7371/5131/3344 7369/5134/3347
f 4955/3170/1737 4950/4366/2540 4960/2401/1494
f 4950/4366/2540 4959/4650/2963 4960/2401/1494
f 4559/3171/1846 4555/2685/1849 4553/2687/1847
f 4754/3173/1849 4755/5137/3177 4753/3174/1977
f 7311/2213/1478 7306/4556/2961 7312/3176/1761
f 4811/3179/2090 4810/5138/2860 4812/5139/3333
f 4810/5138/2860 4818/5140/3334 4812/5139/3333
f 4812/5139/3333 4813/5141/3350 4811/3179/2090
f 4814/3180/2091 4815/5142/3336 4816/3178/2089
f 4815/5142/3336 4817/5143/3351 4816/3178/2089
f 4813/5141/3350 4814/3180/2091 4811/3179/2090
f 6796/5144/3352 6799/5145/3294 6795/3181/2022
f 6799/5145/3294 6797/2803/1748 6795/3181/2022
f 7399/5146/2998 7400/5147/3353 7402/3182/2096
f 7400/5147/3353 7403/2237/1501 7402/3182/2096
f 4385/3183/1866 4384/3999/1539 4386/3184/1653
f 3856/3188/2029 3847/2233/1497 3853/3186/2097
f 3847/2233/1497 3850/2232/1496 3853/3186/2097
f 6190/3190/2099 6193/3803/2566 6187/5148/3354
f 6193/3803/2566 6189/5149/3355 6187/5148/3354
f 6187/5148/3354 6188/3189/2098 6190/3190/2099
f 6239/3196/1968 6240/5150/3246 6238/3194/2101
f 6238/3194/2101 6235/3828/2565 6236/3195/1967
f 5166/2339/1595 5164/3027/2033 5168/2340/1596
f 5164/3027/2033 5161/3026/2032 5157/3197/1786
f 6829/3200/1566 6827/5151/2993 6826/3198/2102
f 6827/5151/2993 6825/4787/2994 6826/3198/2102
f 6825/4787/2994 6824/2631/1813 6826/3198/2102
f 6868/3201/2103 6871/3746/3356 6872/3202/2104
f 4549/3315/1575 4545/2458/1691 4548/3204/1692
f 4545/2458/1691 4542/2457/1690 4539/2309/1569
f 7128/3207/2108 7130/5152/3357 7131/3205/2106
f 7131/3205/2106 7135/4941/3245 7134/3206/2107
f 3741/5153/2869 3729/5154/3358 3739/2227/1491
f 3729/5154/3358 3730/3208/2109 3739/2227/1491
f 6291/3213/2114 6303/5155/3359 6301/3214/2115
f 6303/5155/3359 6293/5156/3360 6301/3214/2115
f 6293/5156/3360 6298/3542/2392 6301/3214/2115
f 6298/3542/2392 6304/3867/2600 6301/3214/2115
f 6301/3214/2115 6302/3866/2599 6292/3212/2113
f 6870/3217/2118 6876/5157/3361 6874/3215/2116
f 6876/5157/3361 6877/5158/3362 6875/5159/3363
f 6874/3215/2116 6876/5157/3361 6875/5159/3363
f 4848/2678/1843 4849/5160/2967 4850/3218/1987
f 6317/3219/2119 6315/3657/2474 6316/3220/2120
f 5710/3224/2124 5705/3879/2612 5711/3222/2122
f 5705/3879/2612 5713/5161/3364 5711/3222/2122
f 5713/5161/3364 5703/5162/3365 5711/3222/2122
f 5703/5162/3365 5704/5163/3366 5711/3222/2122
f 5704/5163/3366 5712/3549/2399 5711/3222/2122
f 5730/3230/2130 5725/3434/2308 5731/3228/2128
f 5725/3434/2308 5733/5164/3367 5731/3228/2128
f 5733/5164/3367 5723/5165/3368 5731/3228/2128
f 5723/5165/3368 5724/5166/3369 5731/3228/2128
f 5724/5166/3369 5732/3558/2408 5731/3228/2128
f 7346/2841/1935 7345/2843/1937 7342/3236/2136
f 7345/2843/1937 7340/3234/2134 7342/3236/2136
f 6086/5167/3370 6091/5168/3371 6084/5169/3372
f 6084/5169/3372 6085/5170/3373 6086/5167/3370
f 6085/5170/3373 6089/3237/2137 6087/3239/2139
f 6089/3237/2137 6090/5171/3374 6088/3238/2138
f 6087/3239/2139 6086/5167/3370 6085/5170/3373
f 6349/3242/2142 6344/5172/3375 6346/5173/3376
f 6344/5172/3375 6345/5174/3377 6346/5173/3376
f 6346/5173/3376 6350/3240/2140 6349/3242/2142
f 5527/3246/2144 5528/5175/3378 5526/5176/3379
f 5525/3247/2145 5524/5177/3380 5523/3245/2143
f 5524/5177/3380 5529/5178/3381 5522/5179/3382
f 5527/3246/2144 5526/5176/3379 5525/3247/2145
f 5522/5179/3382 5523/3245/2143 5524/5177/3380
f 6378/3249/2147 6379/5180/3383 6382/3248/2146
f 6382/3248/2146 6380/2164/1429 6381/2163/1428
f 5119/5181/3344 5120/5182/3345 5118/5183/3384
f 5117/5184/3385 5116/5185/3386 5114/5186/3349
f 5116/5185/3386 5115/3250/2148 5114/5186/3349
f 5119/5181/3344 5118/5183/3384 5117/5184/3385
f 5113/3252/2095 5114/5186/3349 5115/3250/2148
f 5114/5186/3349 5119/5181/3344 5117/5184/3385
f 3634/3253/2150 3631/5187/3387 3632/2168/1433
f 6016/3256/2153 6017/5188/3388 6015/5189/3389
f 6014/3257/2154 6013/5190/3390 6012/3255/2152
f 6013/5190/3390 6018/5191/3391 6011/5192/3392
f 6016/3256/2153 6015/5189/3389 6014/3257/2154
f 6011/5192/3392 6012/3255/2152 6013/5190/3390
f 3685/3260/2157 3686/5193/3393 3682/3258/2155
f 3682/3258/2155 3681/5194/3394 3679/3259/2156
f 5290/5195/3395 5293/5196/3396 5289/3262/2159
f 5293/5196/3396 5286/3263/2160 5289/3262/2159
f 5286/3263/2160 5285/5197/3397 5283/3261/2158
f 6059/3265/2162 6060/2808/1916 6061/3266/2163
f 6061/3266/2163 6062/5198/3398 6063/3264/2161
f 6062/5198/3398 6064/5199/3399 6063/3264/2161
f 5831/3267/2164 5830/5200/3400 5829/3268/2165
f 5281/3271/2168 5275/5201/3401 5276/3270/2167
f 5275/5201/3401 5277/5202/3402 5276/3270/2167
f 3660/3736/2525 3663/3274/2171 3656/3273/2170
f 3663/3274/2171 3662/4696/3085 3664/3272/2169
f 3662/4696/3085 3661/2463/1695 3664/3272/2169
f 5299/3279/2176 5297/3278/2175 5295/2194/1459
f 5297/3278/2175 5300/3281/2178 5294/3277/2174
f 5300/3281/2178 5296/5203/3403 5294/3277/2174
f 3671/2184/1449 3669/2183/1448 3667/3283/2180
f 3669/2183/1448 3672/2186/1451 3666/3282/2179
f 3672/2186/1451 3668/5204/3404 3666/3282/2179
f 6047/3703/2434 6043/3285/2182 6046/3284/2181
f 6043/3285/2182 6040/3374/2261 6037/3286/2183
f 6423/2189/1454 6424/4538/2943 6425/3287/2184
f 6426/3289/2186 6416/2601/1793 6423/2189/1454
f 6416/2601/1793 6420/2187/1452 6423/2189/1454
f 6430/5205/3405 6431/3291/2188 6428/3290/2187
f 6431/3291/2188 6435/4542/2947 6434/3292/2189
f 6073/5206/3406 6068/3295/2192 6066/3294/2191
f 6068/3295/2192 6069/5207/3407 6067/3293/2190
f 6069/5207/3407 6070/5208/3408 6071/5209/3409
f 6070/5208/3408 6072/5210/3410 6071/5209/3409
f 6071/5209/3409 6067/3293/2190 6069/5207/3407
f 5320/3299/2196 5321/5211/3411 5322/5212/3412
f 5321/5211/3411 5323/5213/3413 5322/5212/3412
f 5322/5212/3412 5318/3300/2197 5320/3299/2196
f 5318/3300/2197 5317/5214/3414 5319/3298/2195
f 5317/5214/3414 5324/5215/3415 5319/3298/2195
f 3962/3301/2198 3958/2390/1638 3956/2392/1640
f 4652/3304/1845 4643/4022/1648 4649/3302/2199
f 4643/4022/1648 4646/4021/2719 4649/3302/2199
f 5333/5216/3416 5340/5217/3417 5334/3306/2201
f 5340/5217/3417 5335/5218/3418 5334/3306/2201
f 5336/3307/2202 5337/5219/3419 5338/3305/2200
f 5337/5219/3419 5339/5220/3420 5338/3305/2200
f 5335/5218/3418 5336/3307/2202 5334/3306/2201
f 5606/3309/2204 5605/5221/3421 5607/5222/3422
f 5605/5221/3421 5612/5223/3423 5607/5222/3422
f 5607/5222/3422 5608/3310/2205 5606/3309/2204
f 5608/3310/2205 5609/5224/3424 5610/3308/2203
f 5609/5224/3424 5611/5225/3425 5610/3308/2203
f 3583/5226/3426 3577/5227/3427 3575/5228/3428
f 3577/5227/3427 3578/5229/3429 3576/3312/2207
f 3579/3313/2208 3580/5230/3430 3581/3311/2206
f 3580/5230/3430 3582/5231/3431 3581/3311/2206
f 3577/5227/3427 3576/3312/2207 3575/5228/3428
f 3578/5229/3429 3579/3313/2208 3576/3312/2207
f 4547/3314/1573 4546/4695/3001 4545/2458/1691
f 5919/3316/2209 5920/5232/3432 5918/3317/2210
f 3570/3320/2213 3565/3449/2320 3571/2116/1381
f 3565/3449/2320 3573/5233/3433 3571/2116/1381
f 3573/5233/3433 3563/5234/3434 3571/2116/1381
f 3563/5234/3434 3564/5235/3435 3571/2116/1381
f 3564/5235/3435 3572/2114/1379 3571/2116/1381
f 5718/3322/2215 5716/5236/3436 5715/5237/3437
f 5716/5236/3436 5717/5238/3438 5715/5237/3437
f 5715/5237/3437 5721/3323/2216 5718/3322/2215
f 5721/3323/2216 5722/5239/3439 5720/5240/3440
f 5720/5240/3440 5719/3321/2214 5721/3323/2216
f 7003/2611/1802 7004/4736/3115 7005/3324/2028
f 5557/3325/2217 5555/3689/2499 5553/3326/2218
f 5382/3328/2220 5383/5241/3441 5381/3329/2221
f 5384/2159/1424 5379/2161/1426 5387/3332/2224
f 5379/2161/1426 5386/5242/3442 5387/3332/2224
f 5386/5242/3442 5377/5243/3443 5387/3332/2224
f 5377/5243/3443 5378/5244/3444 5387/3332/2224
f 5378/5244/3444 5385/3330/2222 5387/3332/2224
f 5844/5245/3445 5851/5246/3446 5846/5247/3447
f 5847/3335/2227 5848/5248/3300 5849/3333/2225
f 5848/5248/3300 5850/5249/3448 5849/3333/2225
f 5844/5245/3445 5846/5247/3447 5845/3334/2226
f 5846/5247/3447 5847/3335/2227 5845/3334/2226
f 3888/3338/1526 3889/5250/2971 3885/3336/1524
f 3885/3336/1524 3884/5251/2972 3882/3337/1525
f 5571/3344/2233 5579/5252/3449 5578/3342/2231
f 5579/5252/3449 5576/3724/2518 5577/5253/3450
f 5578/3342/2231 5579/5252/3449 5577/5253/3450
f 5586/5254/3451 5587/5255/3452 5582/3347/2236
f 5587/5255/3452 5581/3345/2234 5582/3347/2236
f 7045/4265/3453 7043/4266/3454 7046/5256/3455
f 7043/4266/3454 7052/5257/3456 7046/5256/3455
f 7046/5256/3455 7047/5258/3457 7045/4265/3453
f 7048/3351/2240 7049/5259/3458 7050/3349/2238
f 7049/5259/3458 7051/5260/3459 7050/3349/2238
f 7047/5258/3457 7048/3351/2240 7044/3350/2239
f 7045/4265/3453 7047/5258/3457 7044/3350/2239
f 5753/3495/2359 5761/3597/2439 5756/3354/2243
f 5761/3597/2439 5758/3352/2241 5756/3354/2243
f 5313/3357/2246 5314/5261/3460 5310/3355/2244
f 5310/3355/2244 5309/5262/3461 5307/3356/2245
f 7261/3359/2248 7269/5263/3462 7263/3360/2249
f 7263/3360/2249 7264/5264/3463 7262/3358/2247
f 7264/5264/3463 7265/5265/3464 7262/3358/2247
f 7265/5265/3464 7266/5266/3465 7267/5267/3466
f 7266/5266/3465 7268/5268/3467 7267/5267/3466
f 7267/5267/3466 7262/3358/2247 7265/5265/3464
f 5537/3361/2250 5535/3880/2613 5533/3362/2251
f 7492/3365/1872 7500/5269/3096 7494/3366/2254
f 7494/3366/2254 7495/5270/3468 7493/3364/2253
f 7495/5270/3468 7496/5271/1726 7493/3364/2253
f 7496/5271/1726 7497/5272/3469 7498/5273/1724
f 7497/5272/3469 7499/5274/3099 7498/5273/1724
f 7498/5273/1724 7493/3364/2253 7496/5271/1726
f 5700/3368/2256 5701/5275/3470 5699/5276/3471
f 5698/3369/2257 5697/5277/3472 5696/3367/2255
f 5697/5277/3472 5702/5278/3473 5695/5279/3474
f 5700/3368/2256 5699/5276/3471 5698/3369/2257
f 5695/5279/3474 5696/3367/2255 5697/5277/3472
f 6004/3370/2258 6001/5280/3475 6000/3371/2183
f 5792/3378/2265 5793/5281/3400 5791/3376/2263
f 5791/3376/2263 5788/3718/2446 5789/3377/2264
f 5911/3379/2266 5910/5282/3400 5909/3380/2267
f 6010/3591/2434 6006/3383/2182 6009/3382/2268
f 6006/3383/2182 6003/3372/2259 6000/3371/2183
f 6444/5283/3476 6442/5284/3477 6443/3385/2270
f 6442/5284/3477 6441/3386/2271 6443/3385/2270
f 6441/3386/2271 6440/5285/3478 6439/3384/2269
f 6440/5285/3478 6445/5286/3479 6438/5287/3480
f 6439/3384/2269 6440/5285/3478 6438/5287/3480
f 4167/3388/1383 4166/5288/2734 4168/5289/3481
f 4166/5288/2734 4174/5290/2881 4168/5289/3481
f 4168/5289/3481 4169/5291/2995 4167/3388/1383
f 4170/3389/1384 4171/5292/2883 4172/3387/1382
f 4171/5292/2883 4173/5293/2997 4172/3387/1382
f 4169/5291/2995 4170/3389/1384 4167/3388/1383
f 5639/5294/3482 5638/3392/2274 5637/3391/2273
f 5638/3392/2274 5632/5295/3483 5635/5296/3484
f 5635/5296/3484 5632/5295/3483 5633/5297/3485
f 5632/5295/3483 5634/5298/3486 5633/5297/3485
f 5635/5296/3484 5636/3390/2272 5638/3392/2274
f 6033/3395/2277 6034/3525/2381 6030/3393/2275
f 6030/3393/2275 6029/5299/3487 6027/3394/2276
f 5647/3403/2284 5646/2344/1600 5649/3404/2285
f 5649/3404/2285 5641/3621/2450 5648/3402/2283
f 5641/3621/2450 5645/3620/2449 5648/3402/2283
f 3952/4233/2790 3948/3131/1572 3951/3405/1955
f 3948/3131/1572 3945/3130/2084 3942/2801/1913
f 5446/3409/2288 5447/5300/3488 5445/3407/2287
f 5445/3407/2287 5442/3486/2354 5443/3408/1514
f 5621/3410/2289 5620/5301/3489 5619/3411/2290
f 5450/3514/2373 5446/3409/2288 5449/3413/2292
f 5446/3409/2288 5443/3408/1514 5440/3414/1513
f 6054/3417/2277 6055/3565/2381 6051/3415/2293
f 6051/3415/2293 6050/5302/3487 6048/3416/2294
f 5474/3420/2297 5473/2753/1890 5476/3421/2298
f 5476/3421/2298 5468/3341/2230 5475/3419/2296
f 5468/3341/2230 5472/3340/2229 5475/3419/2296
f 3803/5303/3168 3804/5304/3338 3802/5305/3170
f 3801/5306/3171 3800/5307/3172 3798/5308/3490
f 3800/5307/3172 3799/3422/2299 3798/5308/3490
f 3803/5303/3168 3802/5305/3170 3801/5306/3171
f 3797/3424/2301 3798/5308/3490 3799/3422/2299
f 3798/5308/3490 3803/5303/3168 3801/5306/3171
f 4507/3426/1549 4515/5309/3203 4509/3427/1878
f 4509/3427/1878 4510/5310/2981 4508/3425/1548
f 4510/5310/2981 4511/5311/2982 4508/3425/1548
f 4511/5311/2982 4512/5312/2983 4513/5313/2984
f 4512/5312/2983 4514/5314/2985 4513/5313/2984
f 4513/5313/2984 4508/3425/1548 4511/5311/2982
f 5506/5315/3491 5513/5316/3492 5508/5317/3493
f 5509/3430/2304 5510/5318/3494 5511/3428/2302
f 5510/5318/3494 5512/5319/3495 5511/3428/2302
f 5506/5315/3491 5508/5317/3493 5507/3429/2303
f 5508/5317/3493 5509/3430/2304 5507/3429/2303
f 5433/3432/2306 5432/5320/3496 5434/5321/3497
f 5432/5320/3496 5439/5322/3498 5434/5321/3497
f 5434/5321/3497 5435/3433/2307 5433/3432/2306
f 5435/3433/2307 5436/5323/3499 5437/3431/2305
f 5436/5323/3499 5438/5324/3500 5437/3431/2305
f 5730/3230/2130 5728/2110/1375 5726/2112/1377
f 5909/3380/2267 5910/5282/3400 5908/3435/2263
f 5908/3435/2263 5905/3610/2446 5906/3436/2264
f 4672/2899/1951 4673/5111/3332 4671/3437/2031
f 4671/3437/2031 4668/2893/1948 4669/2892/1555
f 6312/3442/2313 6322/5325/3501 6320/3443/2314
f 6322/5325/3501 6314/3659/2476 6320/3443/2314
f 6314/3659/2476 6319/3658/2475 6320/3443/2314
f 6319/3658/2475 6323/3883/2616 6320/3443/2314
f 6320/3443/2314 6321/3882/2615 6313/3441/2312
f 5372/3445/2316 5370/5326/3502 5369/5327/3503
f 5370/5326/3502 5371/5328/3504 5369/5327/3503
f 5369/5327/3503 5375/3446/2317 5372/3445/2316
f 5375/3446/2317 5376/5329/3505 5374/5330/3506
f 5374/5330/3506 5373/3444/2315 5375/3446/2317
f 5941/2107/1372 5936/2109/1374 5944/2473/1705
f 5936/2109/1374 5943/4700/3089 5944/2473/1705
f 3570/3320/2213 3568/3927/2656 3566/3448/2319
f 5617/3450/2321 5614/5331/3507 5613/3451/2322
f 3601/3455/2326 3597/5332/3508 3600/3453/2324
f 3597/5332/3508 3596/5333/3509 3595/5334/3510
f 3600/3453/2324 3597/5332/3508 3595/5334/3510
f 5198/3459/2330 5193/3900/2632 5199/3227/2127
f 5193/3900/2632 5201/5335/3511 5199/3227/2127
f 5201/5335/3511 5191/5336/3512 5199/3227/2127
f 5191/5336/3512 5192/5337/3513 5199/3227/2127
f 5192/5337/3513 5200/3225/2125 5199/3227/2127
f 5893/3460/2331 5894/2150/3514 5897/2151/2332
f 6175/5338/3515 6176/5339/3516 6174/5340/3517
f 6173/5341/3518 6172/5342/3519 6170/5343/3520
f 6172/5342/3519 6171/3462/2334 6170/5343/3520
f 6175/5338/3515 6174/5340/3517 6173/5341/3518
f 6169/3464/2336 6170/5343/3520 6171/3462/2334
f 6170/5343/3520 6175/5338/3515 6173/5341/3518
f 6637/3467/1526 6638/5344/2971 6634/3465/1524
f 6634/3465/1524 6633/5345/2972 6631/3466/1525
f 5820/3469/2338 5819/3520/2378 5822/3470/2339
f 5822/3470/2339 5814/3398/2280 5821/3468/2337
f 5814/3398/2280 5818/3397/2279 5821/3468/2337
f 5964/3567/2413 5972/3569/2415 5967/3473/2342
f 5972/3569/2415 5969/3471/2340 5967/3473/2342
f 5767/3475/2344 5768/5346/3521 5766/5347/3522
f 5765/3476/2345 5764/5348/3523 5763/3474/2343
f 5764/5348/3523 5769/5349/3524 5762/5350/3525
f 5767/3475/2344 5766/5347/3522 5765/3476/2345
f 5762/5350/3525 5763/3474/2343 5764/5348/3523
f 6953/5351/3526 6954/5352/3527 6952/5353/3528
f 6951/5354/3529 6950/5355/3530 6948/5356/3531
f 6950/5355/3530 6949/3477/2346 6948/5356/3531
f 6953/5351/3526 6952/5353/3528 6951/5354/3529
f 6947/3479/2348 6948/5356/3531 6949/3477/2346
f 6948/5356/3531 6953/5351/3526 6951/5354/3529
f 3674/3481/2350 3675/5357/3532 3673/3480/2349
f 3673/3480/2349 3670/2185/1450 3671/2184/1449
f 5827/3482/2351 5824/5358/3533 5823/3483/2352
f 5483/3488/2355 5484/5359/3488 5482/3487/2287
f 5482/3487/2287 5479/3511/2354 5480/2251/1514
f 3871/2331/1557 3874/2334/1592 3868/5360/3534
f 3874/2334/1592 3870/5361/3331 3868/5360/3534
f 3868/5360/3534 3869/2338/1594 3871/2331/1557
f 5658/3489/2289 5657/5362/3535 5656/3490/2356
f 5660/3491/2291 5656/3490/2356 5659/3492/2357
f 5656/3490/2356 5653/3587/2430 5650/3493/2322
f 5759/5363/3536 5760/5364/3537 5755/3496/2360
f 5760/5364/3537 5754/3494/2358 5755/3496/2360
f 5929/3499/2362 5927/5365/3538 5926/5366/3539
f 5927/5365/3538 5928/5367/3540 5926/5366/3539
f 5926/5366/3539 5932/3500/2363 5929/3499/2362
f 5932/3500/2363 5933/5368/3541 5931/5369/3542
f 5931/5369/3542 5930/3498/2361 5932/3500/2363
f 4660/3503/1895 4661/5112/3012 4657/3501/1893
f 4657/3501/1893 4656/5370/3543 4654/3502/1894
f 5398/3509/2369 5406/5371/3544 5405/3510/2370
f 5406/5371/3544 5403/2196/1461 5404/4541/2946
f 5405/3510/2370 5406/5371/3544 5404/4541/2946
f 6041/3373/2260 6038/5372/3475 6037/3286/2183
f 6006/3383/2182 6007/5373/3545 6005/3512/2371
f 6005/3512/2371 6002/3406/2286 6003/3372/2259
f 5448/3513/2372 5447/5300/3488 5446/3409/2288
f 5487/3721/2373 5483/3488/2355 5486/3515/2292
f 5483/3488/2355 5480/2251/1514 5477/2250/1513
f 5260/2482/1711 5259/4703/3092 5261/3516/2374
f 5261/3516/2374 5258/5374/3546 5257/3517/2375
f 5819/3520/2378 5820/3469/2338 5816/3518/2376
f 5816/3518/2376 5815/5375/3547 5813/3519/2377
f 6034/3525/2381 6033/3395/2277 6036/3526/2382
f 6036/3526/2382 6028/2572/1773 6035/3524/2380
f 6028/2572/1773 6032/2571/1772 6035/3524/2380
f 6255/3528/2383 6263/5376/3261 6257/3529/2384
f 6257/3529/2384 6258/5377/3262 6256/3527/1998
f 6258/5377/3262 6259/5378/1999 6256/3527/1998
f 6259/5378/1999 6260/5379/3548 6261/5380/1997
f 6260/5379/3548 6262/5381/3549 6261/5380/1997
f 6261/5380/1997 6256/3527/1998 6259/5378/1999
f 4807/5382/3235 4808/5383/3236 4806/5384/3237
f 4805/5385/3238 4804/5386/3550 4802/5387/3240
f 4804/5386/3550 4803/3530/2385 4802/5387/3240
f 4807/5382/3235 4806/5384/3237 4805/5385/3238
f 4801/3532/1940 4802/5387/3240 4803/3530/2385
f 4802/5387/3240 4807/5382/3235 4805/5385/3238
f 5364/2167/1432 5362/3556/2406 5360/3533/2387
f 4721/5388/3344 4722/5389/3345 4720/5390/3551
f 4719/5391/3385 4718/5392/3552 4716/5393/3349
f 4718/5392/3552 4717/3535/2148 4716/5393/3349
f 4721/5388/3344 4720/5390/3551 4719/5391/3385
f 4715/3537/2095 4716/5393/3349 4717/3535/2148
f 4716/5393/3349 4721/5388/3344 4719/5391/3385
f 7120/3539/1670 7119/5394/1671 7121/5395/1672
f 7119/5394/1671 7127/5396/3066 7121/5395/1672
f 7121/5395/1672 7122/5397/3067 7120/3539/1670
f 7123/3540/2390 7124/5398/3553 7125/3538/2389
f 7124/5398/3553 7126/5399/3069 7125/3538/2389
f 7122/5397/3067 7123/3540/2390 7120/3539/1670
f 6298/3542/2392 6293/5156/3360 6299/3543/2393
f 6299/3543/2393 6294/5400/3554 6300/3541/2391
f 6294/5400/3554 6296/3642/2460 6300/3541/2391
f 5921/3544/2394 5919/3316/2209 5917/3318/2211
f 5708/3546/2396 5709/5401/3555 5707/3547/2397
f 5413/5402/3556 5414/5403/3557 5409/3552/2402
f 5414/5403/3557 5408/3550/2400 5409/3552/2402
f 5466/5404/3558 5465/3555/2405 5464/3554/2404
f 5465/3555/2405 5459/5405/3559 5462/5406/3560
f 5462/5406/3560 5459/5405/3559 5460/5407/3561
f 5459/5405/3559 5461/5408/3562 5460/5407/3561
f 5462/5406/3560 5463/3553/2403 5465/3555/2405
f 5362/3556/2406 5363/5409/3563 5361/3557/2407
f 5921/3544/2394 5916/3545/2395 5924/3559/2409
f 5916/3545/2395 5923/5410/3564 5924/3559/2409
f 5923/5410/3564 5914/5411/3565 5924/3559/2409
f 5914/5411/3565 5915/5412/3566 5924/3559/2409
f 5915/5412/3566 5922/3651/2469 5924/3559/2409
f 4485/3563/1526 4486/5413/2971 4482/3561/1524
f 4482/3561/1524 4481/5414/3296 4479/3562/2411
f 6055/3565/2381 6054/3417/2277 6057/3566/2382
f 6057/3566/2382 6049/3523/1773 6056/3564/2412
f 6049/3523/1773 6053/3522/2379 6056/3564/2412
f 6348/2140/1405 6343/2139/1404 6342/3241/2141
f 5580/3346/2235 5588/3348/2237 5583/3575/2421
f 5588/3348/2237 5585/3573/2419 5583/3575/2421
f 4920/5415/3344 4921/5416/3345 4919/5417/3384
f 4918/5418/3385 4917/5419/3552 4915/5420/3349
f 4917/5419/3552 4916/3576/2422 4915/5420/3349
f 4920/5415/3344 4919/5417/3384 4918/5418/3385
f 4914/3578/2095 4915/5420/3349 4916/3576/2422
f 4915/5420/3349 4920/5415/3344 4918/5418/3385
f 5873/3580/2424 5874/5421/3567 5872/5422/3568
f 5871/3581/2425 5870/5423/3569 5869/3579/2423
f 5870/5423/3569 5875/5424/3570 5868/5425/3571
f 5873/3580/2424 5872/5422/3568 5871/3581/2425
f 5868/5425/3571 5869/3579/2423 5870/5423/3569
f 5802/3583/2427 5803/5426/3572 5801/5427/3573
f 5800/3584/2428 5799/5428/3574 5798/3582/2426
f 5799/5428/3574 5804/5429/3575 5797/5430/3576
f 5802/3583/2427 5801/5427/3573 5800/3584/2428
f 5797/5430/3576 5798/3582/2426 5799/5428/3574
f 5173/2419/1660 5178/5431/3577 5179/3585/2429
f 5178/5431/3577 5172/5432/3578 5177/3663/2480
f 5179/3585/2429 5178/5431/3577 5177/3663/2480
f 5654/3586/2321 5651/5433/3507 5650/3493/2322
f 5266/5434/3579 5264/5435/3580 5265/3588/2431
f 5264/5435/3580 5263/2483/1712 5265/3588/2431
f 5263/2483/1712 5260/2482/1711 5265/3588/2431
f 5656/3490/2356 5657/5362/3535 5655/3589/2432
f 5655/3589/2432 5652/3640/2459 5653/3587/2430
f 6008/3590/2433 6007/5373/3545 6006/3383/2182
f 5833/3269/2166 5829/3268/2165 5832/3592/2435
f 5829/3268/2165 5826/3484/2353 5823/3483/2352
f 5980/3595/2438 5981/5436/3581 5979/5437/3582
f 5978/3593/2436 5977/5438/3583 5975/3594/2437
f 5980/3595/2438 5979/5437/3582 5978/3593/2436
f 5042/5439/3584 5045/5440/3585 5041/3596/1648
f 5045/5440/3585 5043/2743/1499 5041/3596/1648
f 6026/5441/3586 6025/3600/2442 6024/3599/2441
f 6025/3600/2442 6019/5442/3587 6022/5443/3588
f 6022/5443/3588 6019/5442/3587 6020/5444/3589
f 6019/5442/3587 6021/5445/3590 6020/5444/3589
f 6022/5443/3588 6023/3598/2440 6025/3600/2442
f 5494/3603/1890 5495/3675/2297 5491/3601/1888
f 5491/3601/1888 5490/5446/3206 5488/3602/1889
f 5744/3606/2445 5752/5447/3591 5751/3604/2443
f 5752/5447/3591 5749/4044/2725 5750/5448/3592
f 5751/3604/2443 5752/5447/3591 5750/5448/3592
f 5790/3607/2351 5787/5449/3533 5786/3608/2352
f 5619/3411/2290 5620/5301/3489 5618/3611/2432
f 5618/3611/2432 5615/3697/2459 5616/3452/2323
f 5794/3612/2266 5793/5281/3400 5792/3378/2265
f 5623/3412/2291 5619/3411/2290 5622/3614/2357
f 5619/3411/2290 5616/3452/2323 5613/3451/2322
f 5840/3617/2378 5841/3730/2338 5837/3615/2376
f 5837/3615/2376 5836/5450/3547 5834/3616/2377
f 5668/3623/2451 5667/2640/1600 5670/3624/2285
f 5670/3624/2285 5662/3714/2450 5669/3622/2283
f 5662/3714/2450 5666/3713/2449 5669/3622/2283
f 7457/5451/3050 7458/5452/3593 7456/5453/3594
f 7455/5454/3595 7454/5455/3596 7452/5456/3597
f 7454/5455/3596 7453/3625/2452 7452/5456/3597
f 7457/5451/3050 7456/5453/3594 7455/5454/3595
f 7451/3627/1651 7452/5456/3597 7453/3625/2452
f 7452/5456/3597 7457/5451/3050 7455/5454/3595
f 6962/5457/3598 6963/5458/3599 6961/5459/3600
f 6960/5460/3601 6959/5461/3602 6957/5462/3603
f 6959/5461/3602 6958/3628/2454 6957/5462/3603
f 6962/5457/3598 6961/5459/3600 6960/5460/3601
f 6956/3630/2348 6957/5462/3603 6958/3628/2454
f 6957/5462/3603 6962/5457/3598 6960/5460/3601
f 4091/3632/2456 4099/5463/2881 4093/3633/2457
f 4093/3633/2457 4094/5464/2995 4092/3631/1383
f 4094/5464/2995 4095/5465/1384 4092/3631/1383
f 4095/5465/1384 4096/5466/2883 4097/5467/1382
f 4096/5466/2883 4098/5468/2884 4097/5467/1382
f 4097/5467/1382 4092/3631/1383 4095/5465/1384
f 4441/5469/3019 4442/5470/3020 4440/5471/3604
f 4439/5472/3022 4438/5473/3605 4436/5474/3024
f 4438/5473/3605 4437/3634/1609 4436/5474/3024
f 4441/5469/3019 4440/5471/3604 4439/5472/3022
f 4435/3636/1611 4436/5474/3024 4437/3634/1609
f 4436/5474/3024 4441/5469/3019 4439/5472/3022
f 6508/3637/1638 6509/5475/3046 6507/3638/2458
f 5829/3268/2165 5830/5200/3400 5828/3641/2263
f 5828/3641/2263 5825/3884/2446 5826/3484/2353
f 6296/3642/2460 6294/5400/3554 6295/3643/2461
f 5545/3646/2464 5543/5476/3606 5542/5477/3607
f 5543/5476/3606 5544/5478/3608 5542/5477/3607
f 5542/5477/3607 5548/3647/2465 5545/3646/2464
f 5548/3647/2465 5549/5479/3609 5547/5480/3610
f 5547/5480/3610 5546/3645/2463 5548/3647/2465
f 3678/3893/2625 3674/3481/2350 3677/3648/2466
f 3674/3481/2350 3671/2184/1449 3667/3283/2180
f 5939/3649/2467 5940/5481/3611 5938/3650/2468
f 5557/3325/2217 5552/3327/2219 5560/3458/2329
f 5552/3327/2219 5559/5482/3612 5560/3458/2329
f 5559/5482/3612 5550/5483/3613 5560/3458/2329
f 5550/5483/3613 5551/5484/3614 5560/3458/2329
f 5551/5484/3614 5558/3456/2327 5560/3458/2329
f 5812/5485/3615 5811/3654/2472 5810/3653/2471
f 5811/3654/2472 5805/5486/3616 5808/5487/3617
f 5808/5487/3617 5805/5486/3616 5806/5488/3618
f 5805/5486/3616 5807/5489/3619 5806/5488/3618
f 5808/5487/3617 5809/3652/2470 5811/3654/2472
f 4348/3655/1882 4347/5490/2999 4346/2881/1956
f 6315/3657/2474 6317/3219/2119 6319/3658/2475
f 5196/3660/2477 5197/5491/3620 5195/3661/2478
f 5177/3663/2480 5172/5432/3578 5180/3211/2112
f 5172/5432/3578 5182/5492/3621 5180/3211/2112
f 5182/5492/3621 5170/5493/3622 5180/3211/2112
f 5170/5493/3622 5171/5494/3623 5180/3211/2112
f 5171/5494/3623 5181/3209/2110 5180/3211/2112
f 5973/3666/2483 5974/5495/3624 5976/3664/2481
f 5974/5495/3624 5975/3594/2437 5977/5438/3583
f 5976/3664/2481 5974/5495/3624 5977/5438/3583
f 5948/3667/2484 5947/3707/2511 5946/3668/2485
f 5970/5496/3625 5971/5497/3626 5966/3670/2487
f 5971/5497/3626 5965/3568/2414 5966/3670/2487
f 4286/3673/1526 4287/5498/2971 4283/3671/1524
f 4283/3671/1524 4282/5499/2972 4280/3672/2488
f 5495/3675/2297 5494/3603/1890 5497/3676/2298
f 5497/3676/2298 5489/3401/2282 5496/3674/2296
f 5489/3401/2282 5493/3400/2281 5496/3674/2296
f 6886/2787/1486 6888/2517/1738 6887/2519/1487
f 4557/3682/1737 4552/3753/2540 4562/2692/1494
f 4552/3753/2540 4561/4822/3178 4562/2692/1494
f 5537/3361/2250 5532/3363/2252 5540/3440/2311
f 5532/3363/2252 5539/5500/3627 5540/3440/2311
f 5539/5500/3627 5530/5501/3628 5540/3440/2311
f 5530/5501/3628 5531/5502/3629 5540/3440/2311
f 5531/5502/3629 5538/3438/2309 5540/3440/2311
f 3724/3684/2494 3725/5503/3630 3726/5504/3631
f 3725/5503/3630 3727/5505/3632 3726/5504/3631
f 3726/5504/3631 3723/5506/3633 3724/3684/2494
f 3723/5506/3633 3722/3685/2495 3724/3684/2494
f 3722/3685/2495 3721/5507/3634 3728/3683/2493
f 6375/5508/3635 6376/5509/3636 6374/5510/3637
f 6373/5511/3638 6372/5512/3639 6370/5513/3640
f 6372/5512/3639 6371/3686/2496 6370/5513/3640
f 6375/5508/3635 6374/5510/3637 6373/5511/3638
f 6369/3688/2498 6370/5513/3640 6371/3686/2496
f 6370/5513/3640 6375/5508/3635 6373/5511/3638
f 5555/3689/2499 5556/5514/3641 5554/3690/2500
f 3684/3941/2670 3687/3693/2503 3680/3692/2502
f 3687/3693/2503 3686/5193/3393 3688/3691/2501
f 3686/5193/3393 3685/3260/2157 3688/3691/2501
f 3562/5515/3642 3560/5516/3643 3561/3694/2504
f 3560/5516/3643 3559/5517/3644 3561/3694/2504
f 3559/5517/3644 3557/3695/2505 3561/3694/2504
f 3557/3695/2505 3558/5518/3645 3556/3696/2506
f 5444/3485/1512 5441/5519/2968 5440/3414/1513
f 6043/3285/2182 6044/5520/3545 6042/3698/2371
f 6042/3698/2371 6039/3375/2262 6040/3374/2261
f 5992/5521/3646 5999/5522/3647 5994/5523/3648
f 5995/3701/2509 5996/5524/3649 5997/3699/2507
f 5996/5524/3649 5998/5525/3650 5997/3699/2507
f 5992/5521/3646 5994/5523/3648 5993/3700/2508
f 5994/5523/3648 5995/3701/2509 5993/3700/2508
f 6045/3702/2433 6044/5520/3545 6043/3285/2182
f 5913/3381/2166 5909/3380/2267 5912/3704/2435
f 5909/3380/2267 5906/3436/2264 5903/3705/2352
f 5947/3707/2511 5948/3667/2484 5949/3708/2512
f 5949/3708/2512 5950/5526/3651 5951/3706/2510
f 5950/5526/3651 5952/5527/3652 5951/3706/2510
f 6140/3711/2515 6142/5528/3653 6143/3709/2513
f 6143/3709/2513 6147/4699/3088 6146/3710/2514
f 4331/3715/1484 4332/5529/2962 4330/3716/1485
f 6211/5530/3654 6214/5531/3655 6210/3719/2516
f 6214/5531/3655 6212/2941/1984 6210/3719/2516
f 5485/3720/2372 5484/5359/3488 5483/3488/2355
f 5796/3613/2166 5792/3378/2265 5795/3722/2435
f 5792/3378/2265 5789/3377/2264 5786/3608/2352
f 5570/3725/2519 5572/5532/3656 5573/3723/2517
f 5573/3723/2517 5577/5253/3450 5576/3724/2518
f 5841/3730/2338 5840/3617/2378 5843/3731/2339
f 5843/3731/2339 5835/3728/2521 5842/3729/2337
f 5835/3728/2521 5839/3727/2279 5842/3729/2337
f 7487/2551/1481 7486/2550/1761 7481/3732/2522
f 4036/3734/1877 4034/5533/3079 4033/3733/2523
f 4034/5533/3079 4032/5534/3008 4033/3733/2523
f 4032/5534/3008 4031/2446/1562 4033/3733/2523
f 5852/5535/3657 5859/5536/3658 5854/5537/3659
f 5855/3739/2528 5856/5538/3660 5857/3737/2526
f 5856/5538/3660 5858/5539/3661 5857/3737/2526
f 5852/5535/3657 5854/5537/3659 5853/3738/2527
f 5854/5537/3659 5855/3739/2528 5853/3738/2527
f 3985/3740/1661 3982/2975/1927 3983/4990/3266
f 3983/4990/3266 3984/3741/1662 3985/3740/1661
f 3984/3741/1662 3981/2267/1530 3977/2269/1532
f 4424/2725/1557 4427/2728/1788 4421/5540/3076
f 4427/2728/1788 4423/5541/3662 4421/5540/3076
f 4421/5540/3076 4422/2733/1594 4424/2725/1557
f 3617/5542/3663 3618/5543/3664 3616/5544/3665
f 3615/5545/3666 3613/3744/2531 3612/3743/2530
f 3613/3744/2531 3619/5546/3667 3610/5547/3668
f 3617/5542/3663 3616/5544/3665 3615/5545/3666
f 3612/3743/2530 3614/5548/3669 3615/5545/3666
f 3614/5548/3669 3617/5542/3663 3615/5545/3666
f 3610/5547/3668 3611/3742/2529 3613/3744/2531
f 6872/3202/3670 6873/3216/3671 6871/3746/2534
f 6873/3216/3671 6870/3217/3672 6871/3746/2534
f 6870/3217/3672 6869/5549/3673 6871/3746/2534
f 6869/5549/3673 6867/3745/2532 6871/3746/2534
f 3545/3749/2537 3550/5550/3674 3551/3747/2535
f 3550/5550/3674 3544/4472/2877 3549/2113/1378
f 3551/3747/2535 3550/5550/3674 3549/2113/1378
f 3736/2930/1621 3731/2931/1623 3739/2227/1491
f 3731/2931/1623 3741/5153/2869 3739/2227/1491
f 4136/3750/1466 4132/2219/1484 4130/2221/1467
f 6707/3751/2538 6708/5551/3675 6706/3752/2539
f 4557/3682/1737 4559/3171/1846 4558/3172/1848
f 6515/5552/3223 6503/5553/3224 6513/3757/2542
f 6503/5553/3224 6504/3755/1925 6513/3757/2542
f 6597/5554/3676 6600/5555/3677 6596/3760/1628
f 6600/5555/3677 6598/3758/2543 6596/3760/1628
f 7295/3812/1499 7298/3762/2545 7296/3761/2544
f 7298/3762/2545 7300/5556/3678 7299/3763/2546
f 6500/3764/1882 6499/4599/2999 6498/2312/1572
f 6605/3766/2029 6596/3760/1628 6602/3066/1629
f 6596/3760/1628 6599/3759/1627 6602/3066/1629
f 6709/3768/1637 6704/4069/2737 6712/2671/1836
f 6704/4069/2737 6714/4816/3045 6712/2671/1836
f 6884/3769/1990 6885/5557/3259 6883/3770/1991
f 4532/2811/1515 4534/2659/1827 4533/2661/1829
f 6104/4738/3117 6092/5558/3679 6102/2541/1755
f 6092/5558/3679 6093/3775/2551 6102/2541/1755
f 4299/3777/2553 4307/5559/3680 4301/3778/2554
f 4301/3778/2554 4302/5560/3681 4300/3776/2552
f 4302/5560/3681 4303/5561/3682 4300/3776/2552
f 4303/5561/3682 4304/5562/3314 4305/5563/3315
f 4304/5562/3314 4306/5564/3683 4305/5563/3315
f 4305/5563/3315 4300/3776/2552 4303/5561/3682
f 4175/3781/2555 4177/5565/3227 4178/3779/1926
f 4178/3779/1926 4182/4869/3059 4181/3780/1927
f 6250/4134/2761 6253/3784/2558 6246/3783/2557
f 6253/3784/2558 6252/5566/3684 6254/3782/2556
f 6252/5566/3684 6251/3822/1859 6254/3782/2556
f 6545/2277/1540 6541/3789/1656 6544/2278/1541
f 6541/3789/1656 6540/5567/3057 6539/3790/2561
f 3787/3791/1539 3788/4107/1866 3796/3792/1540
f 4764/3794/1615 4763/5568/1616 4765/5569/2750
f 4763/5568/1616 4771/5570/3031 4765/5569/2750
f 4765/5569/2750 4766/5571/3032 4764/3794/1615
f 4767/3795/1900 4768/5572/3033 4769/3793/1867
f 4768/5572/3033 4770/5573/3193 4769/3793/1867
f 4766/5571/3032 4767/3795/1900 4764/3794/1615
f 6166/5574/3685 6167/5575/3686 6165/5576/3687
f 6164/5577/3688 6163/5578/3689 6161/5579/3690
f 6163/5578/3689 6162/3796/2562 6161/5579/3690
f 6166/5574/3685 6165/5576/3687 6164/5577/3688
f 6160/3798/2564 6161/5579/3690 6162/3796/2562
f 6161/5579/3690 6166/5574/3685 6164/5577/3688
f 3844/5580/3019 3845/5581/3020 3843/5582/3021
f 3842/5583/3022 3841/5584/3691 3839/5585/3024
f 3841/5584/3691 3840/3799/1609 3839/5585/3024
f 3844/5580/3019 3843/5582/3021 3842/5583/3022
f 3838/3801/1611 3839/5585/3024 3840/3799/1609
f 3839/5585/3024 3844/5580/3019 3842/5583/3022
f 4269/2626/1557 4272/2629/1560 4266/5586/3076
f 4272/2629/1560 4268/5587/3662 4266/5586/3076
f 4266/5586/3076 4267/2634/1563 4269/2626/1557
f 5026/3118/2078 5027/5588/3093 5025/3804/2031
f 5025/3804/2031 5022/3114/1948 5023/3113/1555
f 6197/4015/2715 6195/2897/1968 6199/3805/2567
f 6195/2897/1968 6192/2896/1967 6188/3189/2098
f 7188/3808/2570 7186/5589/3692 7185/3806/2568
f 7186/5589/3692 7184/4702/3091 7185/3806/2568
f 7184/4702/3091 7183/2480/1709 7185/3806/2568
f 4413/3810/1685 4412/5590/2927 4414/5591/3693
f 4412/5590/2927 4420/5592/3159 4414/5591/3693
f 4414/5591/3693 4415/5593/3694 4413/3810/1685
f 4416/3811/1423 4417/5594/3161 4418/3809/1684
f 4417/5594/3161 4419/5595/3083 4418/3809/1684
f 4415/5593/3694 4416/3811/1423 4413/3810/1685
f 7294/5596/3695 7297/5597/3696 7293/3813/2571
f 7297/5597/3696 7295/3812/1499 7293/3813/2571
f 4346/2881/1956 4347/5490/2999 4345/3814/2572
f 4345/3814/2572 4342/5598/3697 4343/3815/2573
f 4746/3816/1502 4745/5599/3001 4744/2460/1693
f 7302/3819/2574 7293/3813/2571 7299/3763/2546
f 7293/3813/2571 7296/3761/2544 7299/3763/2546
f 6251/3822/1859 6252/5566/3684 6248/3820/1857
f 6248/3820/1857 6247/5600/3187 6245/3821/1858
f 7238/2349/1605 7241/3824/1529 7234/2350/1528
f 7241/3824/1529 7240/5601/2973 7242/3823/1527
f 7240/5601/2973 7239/4250/1959 7242/3823/1527
f 5159/3191/1965 5162/3193/1949 5156/5602/2991
f 5162/3193/1949 5158/5603/3139 5156/5602/2991
f 5156/5602/2991 5157/3197/1786 5159/3191/1965
f 3621/3831/2578 3620/5604/3698 3622/5605/3699
f 3620/5604/3698 3628/5606/3700 3622/5605/3699
f 3622/5605/3699 3623/5607/3701 3621/3831/2578
f 3624/3832/2579 3625/5608/3702 3626/3830/2577
f 3625/5608/3702 3627/5609/3703 3626/3830/2577
f 3623/5607/3701 3624/3832/2579 3621/3831/2578
f 6982/3835/2580 6983/5035/2994 6981/3833/1812
f 6981/3833/1812 6978/4218/2752 6979/3834/1810
f 6241/4246/2715 6239/3196/1968 6243/3836/2581
f 6239/3196/1968 6236/3195/1967 6232/3837/2582
f 5991/5610/3704 5983/5611/3705 5985/3838/2583
f 5983/5611/3705 5984/5612/3706 5985/3838/2583
f 5984/5612/3706 5986/2154/1419 5985/3838/2583
f 4461/3841/1526 4462/4749/2971 4458/3839/1524
f 4458/3839/1524 4457/5613/2972 4455/3840/1525
f 7417/3842/1717 7414/4285/1581 7415/5614/3004
f 7415/5614/3004 7416/3843/1718 7417/3842/1717
f 7416/3843/1718 7413/2325/1585 7409/2327/1587
f 6849/3848/2587 6857/5615/3707 6851/3849/2588
f 6851/3849/2588 6852/5616/3708 6850/3847/2586
f 6852/5616/3708 6853/5617/3709 6850/3847/2586
f 6853/5617/3709 6854/5618/3103 6855/5619/3104
f 6854/5618/3103 6856/5620/3105 6855/5619/3104
f 6855/5619/3104 6850/3847/2586 6853/5617/3709
f 6641/3851/2042 6649/5621/2881 6643/3852/2043
f 6643/3852/2043 6644/5622/2995 6642/3850/1383
f 6644/5622/2995 6645/5623/1384 6642/3850/1383
f 6645/5623/1384 6646/5624/2883 6647/5625/1382
f 6646/5624/2883 6648/5626/2997 6647/5625/1382
f 6647/5625/1382 6642/3850/1383 6645/5623/1384
f 5498/5627/3710 5505/5628/3278 5500/5629/3711
f 5501/3855/2012 5502/5630/3279 5503/3853/2010
f 5502/5630/3279 5504/5631/3280 5503/3853/2010
f 5498/5627/3710 5500/5629/3711 5499/3854/2011
f 5500/5629/3711 5501/3855/2012 5499/3854/2011
f 5352/3857/2590 5353/5632/3712 5354/5633/3713
f 5353/5632/3712 5355/5634/3714 5354/5633/3713
f 5354/5633/3713 5351/5635/3715 5352/3857/2590
f 5351/5635/3715 5350/3858/2591 5352/3857/2590
f 5350/3858/2591 5349/5636/3716 5356/3856/2589
f 7077/5637/3717 7078/5638/3718 7076/5639/3719
f 7075/5640/3720 7074/5641/3721 7072/5642/3722
f 7074/5641/3721 7073/3859/2592 7072/5642/3722
f 7077/5637/3717 7076/5639/3719 7075/5640/3720
f 7071/3861/2594 7072/5642/3722 7073/3859/2592
f 7072/5642/3722 7077/5637/3717 7075/5640/3720
f 3547/3748/2536 3548/5643/3723 3546/3862/2595
f 5955/3506/2366 5963/5644/3724 5962/3863/2596
f 5963/5644/3724 5960/2815/1922 5961/4895/3222
f 5962/3863/2596 5963/5644/3724 5961/4895/3222
f 7117/4637/3035 7105/5645/3725 7115/2363/1618
f 7105/5645/3725 7106/3864/2597 7115/2363/1618
f 7290/4355/2831 7280/5646/3726 7289/2925/1976
f 7280/5646/3726 7279/3868/2601 7289/2925/1976
f 6476/5647/3727 6474/5648/3728 6475/3871/2604
f 6474/5648/3728 6473/3872/2605 6475/3871/2604
f 6473/3872/2605 6477/5649/3729 6471/5650/3730
f 6477/5649/3729 6470/5651/3731 6471/5650/3730
f 6473/3872/2605 6471/5650/3730 6472/3870/2603
f 5245/5652/3732 5246/5653/3733 5244/5654/3734
f 5243/5655/3735 5241/3875/2608 5240/3874/2607
f 5241/3875/2608 5247/5656/3736 5238/5657/3737
f 5245/5652/3732 5244/5654/3734 5243/5655/3735
f 5240/3874/2607 5242/5658/3738 5243/5655/3735
f 5242/5658/3738 5245/5652/3732 5243/5655/3735
f 5238/5657/3737 5239/3873/2606 5241/3875/2608
f 5190/5659/3739 5188/5660/3740 5189/3876/2609
f 5188/5660/3740 5187/5661/3741 5189/3876/2609
f 5187/5661/3741 5185/3877/2610 5189/3876/2609
f 5185/3877/2610 5186/5662/3742 5184/3878/2611
f 5710/3224/2124 5708/3546/2396 5706/3548/2398
f 5535/3880/2613 5536/5663/3743 5534/3881/2614
f 5219/3887/2619 5217/3677/2489 5220/3885/2617
f 5217/3677/2489 5213/3679/2491 5220/3885/2617
f 3599/3010/2025 3601/3455/2326 3593/3454/2325
f 3607/3890/2622 3608/5664/3744 3606/5665/3745
f 3605/3891/2623 3609/5666/3746 3603/5667/3747
f 3609/5666/3746 3602/5668/3748 3603/5667/3747
f 3607/3890/2622 3606/5665/3745 3605/3891/2623
f 3603/5667/3747 3604/3889/2621 3605/3891/2623
f 3676/3892/2624 3675/5357/3532 3674/3481/2350
f 5235/3895/2627 5236/5669/3749 5234/5670/3750
f 5233/3896/2628 5237/5671/3751 5231/5672/3752
f 5237/5671/3751 5230/5673/3753 5231/5672/3752
f 5235/3895/2627 5234/5670/3750 5233/3896/2628
f 5231/5672/3752 5232/3894/2626 5233/3896/2628
f 5775/3898/2630 5776/5674/3754 5774/5675/3755
f 5773/3899/2631 5772/5676/3756 5771/3897/2629
f 5772/5676/3756 5777/5677/3757 5770/5678/3758
f 5775/3898/2630 5774/5675/3755 5773/3899/2631
f 5770/5678/3758 5771/3897/2629 5772/5676/3756
f 5198/3459/2330 5196/3660/2477 5194/3662/2479
f 3632/2168/1433 3631/5187/3387 3633/3901/2633
f 3633/3901/2633 3630/5679/3759 3629/2169/1434
f 4530/3902/2634 4531/5680/3760 4529/3903/2635
f 6378/3249/2147 6381/2163/1428 6386/3906/2638
f 6381/2163/1428 6384/4528/2933 6386/3906/2638
f 6384/4528/2933 6385/3904/2636 6386/3906/2638
f 6389/3908/2640 6388/5681/3761 6390/5682/3762
f 6388/5681/3761 6395/5683/3763 6390/5682/3762
f 6390/5682/3762 6391/3909/2641 6389/3908/2640
f 6391/3909/2641 6392/5684/3764 6393/3907/2639
f 6392/5684/3764 6394/5685/3765 6393/3907/2639
f 3654/3912/2644 3648/3919/2648 3650/5686/3766
f 3650/5686/3766 3651/3910/2642 3654/3912/2644
f 6620/3915/1677 6623/4036/1788 6617/5687/3076
f 6623/4036/1788 6619/5688/3077 6617/5687/3076
f 6617/5687/3076 6618/3913/1594 6620/3915/1677
f 5407/3551/2401 5415/3680/2492 5410/3918/2647
f 5415/3680/2492 5412/3916/2645 5410/3918/2647
f 3653/3920/2649 3647/5689/3767 3648/3919/2648
f 3647/5689/3767 3649/5690/3768 3648/3919/2648
f 6462/5691/3769 6469/5692/3770 6463/3922/2651
f 6469/5692/3770 6464/5693/3771 6463/3922/2651
f 6465/3923/2652 6466/5694/3772 6467/3921/2650
f 6466/5694/3772 6468/5695/3773 6467/3921/2650
f 6464/5693/3771 6465/3923/2652 6463/3922/2651
f 3591/3926/2655 3589/3231/2131 3592/3924/2653
f 3589/3231/2131 3585/3233/2133 3592/3924/2653
f 3568/3927/2656 3569/5696/3774 3567/3928/2657
f 5288/2181/1446 5291/3930/2659 5284/2182/1447
f 5291/3930/2659 5290/5195/3395 5292/3929/2658
f 5290/5195/3395 5289/3262/2159 5292/3929/2658
f 5302/2191/1456 5303/4539/2944 5301/3933/2662
f 5301/3933/2662 5298/3280/2177 5299/3279/2176
f 5219/3887/2619 5218/3886/2618 5215/3936/2665
f 5218/3886/2618 5212/3934/2663 5215/3936/2665
f 5907/3609/2351 5904/5697/3533 5903/3705/2352
f 3591/3926/2655 3590/3925/2654 3587/3939/2668
f 3590/3925/2654 3584/3937/2666 3587/3939/2668
f 5312/3571/2417 5315/3943/2672 5308/3572/2418
f 5315/3943/2672 5314/5261/3460 5316/3942/2671
f 5314/5261/3460 5313/3357/2246 5316/3942/2671
f 6360/5698/3775 6359/5699/3776 6362/5700/3777
f 6359/5699/3776 6368/5701/3778 6362/5700/3777
f 6362/5700/3777 6364/3946/2675 6361/3945/2674
f 6360/5698/3775 6362/5700/3777 6361/3945/2674
f 6364/3946/2675 6365/5702/3779 6366/5703/3780
f 6365/5702/3779 6367/5704/3781 6366/5703/3780
f 6366/5703/3780 6363/3944/2673 6364/3946/2675
f 3644/3948/2677 3645/5705/3782 3643/5706/3783
f 3642/3949/2678 3641/5707/3784 3640/3947/2676
f 3641/5707/3784 3646/5708/3785 3639/5709/3786
f 3644/3948/2677 3643/5706/3783 3642/3949/2678
f 3639/5709/3786 3640/3947/2676 3641/5707/3784
f 3700/3951/2680 3701/5710/3787 3702/5711/3788
f 3701/5710/3787 3703/5712/3789 3702/5711/3788
f 3702/5711/3788 3698/3952/2681 3700/3951/2680
f 3698/3952/2681 3697/5713/3790 3699/3950/2679
f 3697/5713/3790 3704/5714/3791 3699/3950/2679
f 3718/3954/2683 3719/5715/3792 3717/5716/3793
f 3716/3955/2684 3715/5717/3794 3714/3953/2682
f 3715/5717/3794 3720/5718/3795 3714/3953/2682
f 3714/3953/2682 3720/5718/3795 3713/5719/3796
f 3718/3954/2683 3717/5716/3793 3716/3955/2684
f 7087/3958/2687 7082/4354/2830 7092/3956/2685
f 7082/4354/2830 7091/5720/3797 7092/3956/2685
f 4758/3959/1846 4754/3173/1849 4752/3175/1904
f 6122/3961/2688 6123/5721/3798 6121/3962/2689
f 4649/3302/2199 4650/5722/2967 4651/3964/2085
f 6099/2543/1757 6101/3053/2045 6100/3055/2047
f 7094/2947/1989 7097/2610/1801 7096/4781/3149
f 7096/4781/3149 7098/3966/2692 7094/2947/1989
f 7503/4819/2998 7504/4818/3175 7506/3969/2694
f 7504/4818/3175 7507/2750/1887 7506/3969/2694
f 7204/3069/2052 7205/5723/3799 7206/3970/2695
f 6219/3973/2698 6210/3719/2516 6216/3971/2696
f 6210/3719/2516 6213/2940/1983 6216/3971/2696
f 3761/3974/1641 3756/4167/1643 3764/2257/1520
f 3756/4167/1643 3766/4896/3223 3764/2257/1520
f 7288/3975/2699 7287/4446/2862 7282/3976/2700
f 4157/3977/1638 4158/5724/3046 4156/3978/2701
f 4358/2501/1641 4360/4178/2198 4359/3980/1642
f 7091/5720/3797 7080/5725/3800 7092/3956/2685
f 7080/5725/3800 7081/3983/2703 7092/3956/2685
f 6994/5726/3162 6995/5727/3163 6993/5728/3164
f 6992/5729/3165 6991/5730/3166 6989/5731/3167
f 6991/5730/3166 6990/3985/1821 6989/5731/3167
f 6994/5726/3162 6993/5728/3164 6992/5729/3165
f 6988/3987/2705 6989/5731/3167 6990/3985/1821
f 6989/5731/3167 6994/5726/3162 6992/5729/3165
f 6927/3990/2708 6929/5732/3801 6930/3988/2706
f 6930/3988/2706 6934/4988/3188 6933/3989/2707
f 7328/3846/2585 7332/3845/2584 7335/3992/2710
f 7335/3992/2710 7334/5733/3802 7336/3991/2709
f 7334/5733/3802 7333/5734/3803 7336/3991/2709
f 4393/4000/1540 4389/3997/1656 4392/3996/1541
f 4389/3997/1656 4388/5735/3057 4387/3998/1657
f 4384/3999/1539 4385/3183/1866 4393/4000/1540
f 4186/4001/1866 4185/4293/1539 4187/2971/1653
f 7154/5736/3804 7155/5737/3805 7153/5738/3806
f 7152/5739/3807 7151/5740/3808 7149/5741/3809
f 7151/5740/3808 7150/4002/2711 7149/5741/3809
f 7154/5736/3804 7153/5738/3806 7152/5739/3807
f 7148/4004/2713 7149/5741/3809 7150/4002/2711
f 7149/5741/3809 7154/5736/3804 7152/5739/3807
f 6650/4006/2071 6658/5742/3311 6652/4007/2072
f 6652/4007/2072 6653/5743/3312 6651/4005/2070
f 6653/5743/3312 6654/5744/3313 6651/4005/2070
f 6654/5744/3313 6655/5745/3314 6656/5746/3315
f 6655/5745/3314 6657/5747/3810 6656/5746/3315
f 6656/5746/3315 6651/4005/2070 6654/5744/3313
f 4697/4009/1552 4705/5748/3811 4699/4010/1873
f 4699/4010/1873 4700/5749/3812 4698/4008/1941
f 4700/5749/3812 4701/5750/3200 4698/4008/1941
f 4701/5750/3200 4702/5751/3201 4703/5752/1724
f 4702/5751/3201 4704/5753/3242 4703/5752/1724
f 4703/5752/1724 4698/4008/1941 4701/5750/3200
f 4026/2438/1557 4029/2441/1678 4023/5754/3076
f 4029/2441/1678 4025/5755/3813 4023/5754/3076
f 4023/5754/3076 4024/2447/1563 4026/2438/1557
f 6780/4014/2714 6781/4591/2994 6779/4013/1812
f 6779/4013/1812 6776/4117/2752 6777/2992/1810
f 6583/3120/1952 6581/2730/1789 6585/3121/1561
f 6581/2730/1789 6578/2436/1676 6574/2435/1594
f 6200/4016/2716 6198/5756/3814 6197/4015/2715
f 6198/5756/3814 6196/4944/3246 6197/4015/2715
f 6196/4944/3246 6195/2897/1968 6197/4015/2715
f 7466/5757/3235 7467/5758/3236 7465/5759/3815
f 7464/5760/3816 7463/5761/3817 7461/5762/3240
f 7463/5761/3817 7462/4017/2717 7461/5762/3240
f 7466/5757/3235 7465/5759/3815 7464/5760/3816
f 7460/4019/1940 7461/5762/3240 7462/4017/2717
f 7461/5762/3240 7466/5757/3235 7464/5760/3816
f 4644/5763/3695 4647/5764/3148 4643/4022/1648
f 4647/5764/3148 4645/4020/1499 4643/4022/1648
f 3852/4023/2720 3854/5765/3818 3853/3186/2097
f 3853/3186/2097 3850/2232/1496 3852/4023/2720
f 7507/2750/1887 7511/2749/1886 7509/4024/1573
f 7400/5147/3353 7397/4454/2865 7403/2237/1501
f 7397/4454/2865 7406/4025/1885 7403/2237/1501
f 7014/4029/1807 7015/4605/3005 7011/4027/1805
f 7011/4027/1805 7010/5766/3819 7008/4028/2000
f 3887/2469/1701 3890/4031/1769 3883/2470/1702
f 3890/4031/1769 3889/5250/2971 3891/4030/1768
f 3889/5250/2971 3888/3338/1526 3891/4030/1768
f 5021/3112/1965 5024/3115/1949 5018/5767/2991
f 5024/3115/1949 5020/5768/3820 5018/5767/2991
f 5018/5767/2991 5019/3119/1786 5021/3112/1965
f 5070/3149/2086 5071/5769/3093 5069/4037/2031
f 5069/4037/2031 5066/3143/1948 5067/3142/1555
f 6627/2869/1952 6625/4038/2721 6629/2870/1561
f 6625/4038/2721 6622/3914/1591 6618/3913/1594
f 6151/4039/2722 6150/4203/2784 6152/3090/2061
f 7384/4042/2723 7382/2444/1681 7383/4685/3078
f 7383/4685/3078 7385/5770/3141 7384/4042/2723
f 7385/5770/3141 7387/4040/1794 7384/4042/2723
f 5743/4045/2726 5745/5771/3821 5746/4043/2724
f 5746/4043/2724 5750/5448/3592 5749/4044/2725
f 4285/4430/1701 4288/4048/1769 4281/4047/1702
f 4288/4048/1769 4287/5498/2971 4289/4046/1768
f 4287/5498/2971 4286/3673/1526 4289/4046/1768
f 4214/4052/1685 4213/5772/2927 4215/5773/3080
f 4213/5772/2927 4221/5774/2929 4215/5773/3080
f 4215/5773/3080 4216/5775/3081 4214/4052/1685
f 4217/4053/1423 4218/5776/3161 4219/4051/1684
f 4218/5776/3161 4220/5777/3083 4219/4051/1684
f 4216/5775/3081 4217/4053/1423 4214/4052/1685
f 6751/5778/3526 6752/5779/3822 6750/5780/3823
f 6749/5781/3529 6748/5782/3824 6746/5783/3825
f 6748/5782/3824 6747/4054/2729 6746/5783/3825
f 6751/5778/3526 6750/5780/3823 6749/5781/3529
f 6745/4056/2730 6746/5783/3825 6747/4054/2729
f 6746/5783/3825 6751/5778/3526 6749/5781/3529
f 5594/4058/2732 5595/5784/3826 5593/5785/3827
f 5592/4059/2733 5591/5786/3828 5590/4057/2731
f 5591/5786/3828 5596/5787/3829 5589/5788/3146
f 5594/4058/2732 5593/5785/3827 5592/4059/2733
f 5589/5788/3146 5590/4057/2731 5591/5786/3828
f 3892/4061/2734 3900/5789/2881 3894/4062/2457
f 3894/4062/2457 3895/5790/2882 3893/4060/1383
f 3895/5790/2882 3896/5791/1384 3893/4060/1383
f 3896/5791/1384 3897/5792/2883 3898/5793/1382
f 3897/5792/2883 3899/5794/2997 3898/5793/1382
f 3898/5793/1382 3893/4060/1383 3896/5791/1384
f 3935/4063/1621 3930/4270/1623 3938/2374/1491
f 3930/4270/1623 3940/4978/3036 3938/2374/1491
f 3763/4064/2198 3759/4444/1638 3757/4065/2735
f 7309/2218/1483 7307/2217/1482 7308/4067/2736
f 6709/3768/1637 6711/2366/1509 6710/2368/1511
f 6128/5795/3830 6117/5796/3831 6129/3774/2550
f 6117/5796/3831 6118/4071/2739 6129/3774/2550
f 6492/4074/1913 6495/2311/1571 6494/4600/3000
f 6494/4600/3000 6496/4072/1911 6492/4074/1913
f 4648/4075/2741 4650/5722/2967 4649/3302/2199
f 4649/3302/2199 4646/4021/2719 4648/4075/2741
f 4149/4076/1882 4148/5797/2999 4147/4077/1883
f 4151/4078/1884 4147/4077/1883 4150/4079/1955
f 4147/4077/1883 4144/4408/2573 4141/4080/1913
f 3960/3058/1641 3955/3060/2049 3963/2398/1520
f 3955/3060/2049 3965/5798/3095 3963/2398/1520
f 6512/4081/2198 6508/3637/1638 6506/3639/1640
f 6909/4082/2538 6910/5799/3675 6908/4083/2742
f 4756/4084/1737 4758/3959/1846 4757/3960/1848
f 7315/4367/2835 7305/5800/3257 7314/2215/1480
f 7305/5800/3257 7304/4086/2743 7314/2215/1480
f 5514/5801/3832 5521/5802/3833 5516/5803/3834
f 5517/4090/2747 5518/5804/3279 5519/4088/2745
f 5518/5804/3279 5520/5805/3835 5519/4088/2745
f 5514/5801/3832 5516/5803/3834 5515/4089/2746
f 5516/5803/3834 5517/4090/2747 5515/4089/2746
f 4573/4093/2748 4575/5806/3836 4576/4091/1765
f 4576/4091/1765 4580/5037/3120 4579/4092/1766
f 6226/4289/2809 6229/4096/2558 6222/4095/2557
f 6229/4096/2558 6228/4830/3186 6230/4094/2556
f 6228/4830/3186 6227/2698/1859 6230/4094/2556
f 4194/4294/1540 4190/4102/1656 4193/4101/1541
f 4190/4102/1656 4189/5807/3057 4188/4103/2561
f 6937/4104/2003 6938/2576/1776 6946/4105/2004
f 3788/4107/1866 3787/3791/1539 3789/2411/1653
f 5086/4109/1616 5094/5808/3031 5088/4110/2750
f 5088/4110/2750 5089/5809/3215 5087/4108/1615
f 5089/5809/3215 5090/5810/1900 5087/4108/1615
f 5090/5810/1900 5091/5811/3216 5092/5812/1867
f 5091/5811/3216 5093/5813/3034 5092/5812/1867
f 5092/5812/1867 5087/4108/1615 5090/5810/1900
f 3925/5814/3152 3926/5815/3153 3924/5816/3837
f 3923/5817/3342 3922/5818/3156 3920/5819/3157
f 3922/5818/3156 3921/4111/2751 3920/5819/3157
f 3925/5814/3152 3924/5816/3837 3923/5817/3342
f 3919/4113/1820 3920/5819/3157 3921/4111/2751
f 3920/5819/3157 3925/5814/3152 3923/5817/3342
f 4323/5820/3341 4324/5821/3838 4322/5822/3154
f 4321/5823/3342 4320/5824/3839 4318/5825/3157
f 4320/5824/3839 4319/4114/1818 4318/5825/3157
f 4323/5820/3341 4322/5822/3154 4321/5823/3342
f 4317/4116/1820 4318/5825/3157 4319/4114/1818
f 4318/5825/3157 4323/5820/3341 4321/5823/3342
f 6234/3827/2575 6237/3829/2576 6231/5826/3354
f 6237/3829/2576 6233/5827/3355 6231/5826/3354
f 6231/5826/3354 6232/3837/2582 6234/3827/2575
f 4871/3028/2034 4872/4705/3093 4870/4119/2031
f 4870/4119/2031 4867/3023/1948 4868/2292/1555
f 6782/2301/1564 6780/4014/2714 6784/2302/1565
f 6780/4014/2714 6777/2992/1810 6773/2991/1809
f 4832/4121/1716 4830/5828/3009 4829/4120/2754
f 4830/5828/3009 4828/5094/3093 4829/4120/2754
f 4828/5094/3093 4827/3001/1951 4829/4120/2754
f 5429/4123/2756 5430/5829/3840 5428/5830/3841
f 5427/4124/2757 5426/5831/3842 5425/4122/2755
f 5426/5831/3842 5431/5832/3843 5424/5833/3844
f 5429/4123/2756 5428/5830/3841 5427/4124/2757
f 5424/5833/3844 5425/4122/2755 5426/5831/3842
f 6601/4125/2026 6603/5063/3039 6602/3066/1629
f 6602/3066/1629 6599/3759/1627 6601/4125/2026
f 7299/3763/2546 7300/5556/3678 7301/4126/1987
f 4254/4127/2029 4245/2877/1628 4251/2381/1629
f 4245/2877/1628 4248/2876/1627 4251/2381/1629
f 4684/4130/1895 4685/5031/3012 4681/4128/1893
f 4681/4128/1893 4680/5834/2837 4678/4129/2758
f 6535/4131/2759 6532/3135/1927 6533/5106/3059
f 6533/5106/3059 6534/4132/1662 6535/4131/2759
f 6534/4132/1662 6531/4032/1530 6527/4034/1663
f 7374/4137/1876 7376/5835/3845 7380/4398/2846
f 7377/4135/1874 7379/2442/1679 7375/4136/2077
f 7374/4137/1876 7380/4398/2846 7377/4135/1874
f 4429/2732/1713 4430/5019/3008 4428/4140/1593
f 4428/4140/1593 4425/2727/1559 4426/2726/1591
f 6826/3198/2102 6824/2631/1813 6828/3199/1565
f 6824/2631/1813 6821/2329/1589 6817/2328/1588
f 4633/4142/1716 4631/5836/3009 4630/4141/2754
f 4631/5836/3009 4629/5837/3093 4630/4141/2754
f 4629/5837/3093 4628/2867/1951 4630/4141/2754
f 4859/4145/1895 4860/4791/3012 4856/4143/1893
f 4856/4143/1893 4855/5838/2837 4853/4144/2763
f 3863/2621/1701 3866/4147/1769 3859/2622/1702
f 3866/4147/1769 3865/4567/2971 3867/4146/1768
f 3865/4567/2971 3864/2263/1526 3867/4146/1768
f 6840/4152/2764 6848/5839/3135 6842/4153/2765
f 6842/4153/2765 6843/5840/3846 6841/4151/1784
f 6843/5840/3846 6844/5841/1785 6841/4151/1784
f 6844/5841/1785 6845/5842/3137 6846/5843/1783
f 6845/5842/3137 6847/5844/3138 6846/5843/1783
f 6846/5843/1783 6841/4151/1784 6844/5841/1785
f 7357/4155/1551 7356/5845/1552 7358/5846/3847
f 7356/5845/1552 7364/5847/3848 7358/5846/3847
f 7358/5846/3847 7359/5848/3849 7357/4155/1551
f 7360/4156/2767 7361/5849/3850 7362/4154/2766
f 7361/5849/3850 7363/5850/2990 7362/4154/2766
f 7359/5848/3849 7360/4156/2767 7357/4155/1551
f 4612/4158/2090 4611/5851/2860 4613/5852/3851
f 4611/5851/2860 4619/5853/3334 4613/5852/3851
f 4613/5852/3851 4614/5854/3335 4612/4158/2090
f 4615/4159/2091 4616/5855/3852 4617/4157/2089
f 4616/5855/3852 4618/5856/3351 4617/4157/2089
f 4614/5854/3335 4615/4159/2091 4612/4158/2090
f 6911/2389/1637 6913/2246/1509 6912/2248/1511
f 5272/4162/2769 5273/5857/3853 5271/5858/3854
f 5270/4163/2770 5269/5859/3855 5268/4161/2768
f 5269/5859/3855 5274/5860/3856 5267/5861/3857
f 5272/4162/2769 5271/5858/3854 5270/4163/2770
f 5267/5861/3857 5268/4161/2768 5269/5859/3855
f 6686/4164/1738 6682/2951/1990 6680/2953/1739
f 4928/4165/2771 4929/5862/3760 4927/4166/2635
f 3761/3974/1641 3763/4064/2198 3762/4066/1642
f 5133/4731/2963 5122/5863/3858 5134/2514/1735
f 5122/5863/3858 5123/4168/1492 5134/2514/1735
f 4141/4080/1913 4144/4408/2573 4143/5864/3000
f 4143/5864/3000 4145/4169/1911 4141/4080/1913
f 7203/4171/2772 7205/5723/3799 7204/3069/2052
f 7204/3069/2052 7201/2740/1880 7203/4171/2772
f 4450/4172/2773 4451/5028/3039 4452/4173/1630
f 6116/4410/2854 6112/4176/2775 6115/4175/2774
f 6112/4176/2775 6109/4273/2801 6106/4177/2776
f 4159/2817/1641 4154/2819/1643 4162/2554/1520
f 4154/2819/1643 4164/5865/3223 4162/2554/1520
f 4360/4178/2198 4356/4180/1638 4354/4179/1640
f 4356/4180/1638 4357/5866/3046 4355/4181/2701
f 4733/4182/1827 4729/4277/2771 4727/4183/1828
f 3965/5798/3095 3953/5867/3859 3963/2398/1520
f 3953/5867/3859 3954/4185/1925 3963/2398/1520
f 6659/4187/1549 6667/5868/3203 6661/4188/1878
f 6661/4188/1878 6662/5869/2981 6660/4186/1548
f 6662/5869/2981 6663/5870/2982 6660/4186/1548
f 6663/5870/2982 6664/5871/2983 6665/5872/2984
f 6664/5871/2983 6666/5873/2985 6665/5872/2984
f 6665/5872/2984 6660/4186/1548 6663/5870/2982
f 4374/4191/2779 4376/5874/3860 4377/4189/1926
f 4377/4189/1926 4381/5875/3059 4380/4190/2778
f 4781/4192/2037 4778/4413/1766 4779/5876/3120
f 4779/5876/3120 4780/4193/2038 4781/4192/2037
f 4780/4193/2038 4777/4325/1863 4773/4194/1864
f 6159/4204/2785 6155/4201/2782 6158/4200/2781
f 6155/4201/2782 6154/5877/3861 6153/4202/2783
f 6150/4203/2784 6151/4039/2722 6159/4204/2785
f 4584/4205/1542 4583/2708/1774 4585/2705/1543
f 5006/5878/3235 5007/5879/3236 5005/5880/3862
f 5004/5881/3238 5003/5882/3550 5001/5883/3240
f 5003/5882/3550 5002/4206/1938 5001/5883/3240
f 5006/5878/3235 5005/5880/3862 5004/5881/3238
f 5000/4208/1940 5001/5883/3240 5002/4206/1938
f 5001/5883/3240 5006/5878/3235 5004/5881/3238
f 4109/4210/1549 4117/5884/2980 4111/4211/1878
f 4111/4211/1878 4112/5885/2981 4110/4209/2786
f 4112/5885/2981 4113/5886/2982 4110/4209/2786
f 4113/5886/2982 4114/5887/3863 4115/5888/2984
f 4114/5887/3863 4116/5889/2985 4115/5888/2984
f 4115/5888/2984 4110/4209/2786 4113/5886/2982
f 6966/4213/1778 6965/5890/3121 6967/5891/3864
f 6965/5890/3121 6973/5892/3123 6967/5891/3864
f 6967/5891/3864 6968/5893/3865 6966/4213/1778
f 6969/4214/1779 6970/5894/3125 6971/4212/1777
f 6970/5894/3125 6972/5895/3126 6971/4212/1777
f 6968/5893/3865 6969/4214/1779 6966/4213/1778
f 7222/4216/2788 7225/4328/2817 7219/5896/3866
f 7225/4328/2817 7221/5897/3867 7219/5896/3866
f 7219/5896/3866 7220/4215/2787 7222/4216/2788
f 7026/4221/1813 7027/5898/2994 7025/4220/1812
f 7025/4220/1812 7022/4242/2752 7023/2624/1810
f 6984/3029/2035 6982/3835/2580 6986/3030/2036
f 6982/3835/2580 6979/3834/1810 6975/4222/1588
f 4235/4224/1877 4233/5899/3079 4232/4223/2523
f 4233/5899/3079 4231/5017/3008 4232/4223/2523
f 4231/5017/3008 4230/2597/1713 4232/4223/2523
f 4242/5900/3019 4243/5901/3020 4241/5902/3021
f 4240/5903/3022 4239/5904/3605 4237/5905/3024
f 4239/5904/3605 4238/4225/1609 4237/5905/3024
f 4242/5900/3019 4241/5902/3021 4240/5903/3022
f 4236/4227/1611 4237/5905/3024 4238/4225/1609
f 4237/5905/3024 4242/5900/3019 4240/5903/3022
f 3968/4229/1383 3967/5906/2042 3969/5907/2457
f 3967/5906/2042 3975/5908/2881 3969/5907/2457
f 3969/5907/2457 3970/5909/2882 3968/4229/1383
f 3971/4230/1384 3972/5910/2883 3973/4228/1382
f 3972/5910/2883 3974/5911/2997 3973/4228/1382
f 3970/5909/2882 3971/4230/1384 3968/4229/1383
f 4051/4231/2720 4053/4893/3039 4052/2805/1629
f 4052/2805/1629 4049/3127/2082 4051/4231/2720
f 3950/4232/1882 3949/5104/2999 3948/3131/1572
f 6502/3765/1884 6498/2312/1572 6501/4234/1955
f 6498/2312/1572 6495/2311/1571 6492/4074/1913
f 7038/4237/1807 7039/4905/3005 7035/4235/1805
f 7035/4235/1805 7034/5912/3265 7032/4236/2791
f 5081/2969/1720 5084/4239/1603 5077/2970/1721
f 5084/4239/1603 5083/5029/3012 5085/4238/1601
f 5083/5029/3012 5082/3018/1895 5085/4238/1601
f 4623/2859/1947 4626/2862/1949 4620/5913/2991
f 4626/2862/1949 4622/5914/2992 4620/5913/2991
f 4620/5913/2991 4621/2868/1786 4623/2859/1947
f 3876/2337/1562 3877/4687/3008 3875/4244/1593
f 3875/4244/1593 3872/2333/1559 3873/2332/1591
f 7028/4422/2856 7026/4221/1813 7030/4245/2036
f 7026/4221/1813 7023/2624/1810 7019/2623/1809
f 6244/4247/2716 6242/5915/3814 6241/4246/2715
f 6242/5915/3814 6240/5150/3246 6241/4246/2715
f 6240/5150/3246 6239/3196/1968 6241/4246/2715
f 7239/4250/1959 7240/5601/2973 7236/4248/1957
f 7236/4248/1957 7235/5916/3868 7233/4249/2792
f 6811/4149/1817 6814/4252/1584 6807/4150/1583
f 6814/4252/1584 6813/4782/3005 6815/4251/1582
f 6813/4782/3005 6812/2616/1807 6815/4251/1582
f 4201/5917/3168 4202/5918/3169 4200/5919/3170
f 4199/5920/3339 4198/5921/3340 4196/5922/3173
f 4198/5921/3340 4197/4255/1824 4196/5922/3173
f 4201/5917/3168 4200/5919/3170 4199/5920/3339
f 4195/4257/1826 4196/5922/3173 4197/4255/1824
f 4196/5922/3173 4201/5917/3168 4199/5920/3339
f 6760/5923/3598 6761/5924/3599 6759/5925/3600
f 6758/5926/3601 6757/5927/3869 6755/5928/3603
f 6757/5927/3869 6756/4258/2454 6755/5928/3603
f 6760/5923/3598 6759/5925/3600 6758/5926/3601
f 6754/4260/2348 6755/5928/3603 6756/4258/2454
f 6755/5928/3603 6760/5923/3598 6758/5926/3601
f 7252/4262/2248 7260/5929/3870 7254/4263/2796
f 7254/4263/2796 7255/5930/3871 7253/4261/2795
f 7255/5930/3871 7256/5931/3872 7253/4261/2795
f 7256/5931/3872 7257/5932/3873 7258/5933/3874
f 7257/5932/3873 7259/5934/3875 7258/5933/3874
f 7258/5933/3874 7253/4261/2795 7256/5931/3872
f 7042/4264/2797 7044/3350/3876 7045/4265/2798
f 6124/2954/1992 6119/2956/1994 6129/3774/2550
f 6119/2956/1994 6128/5795/3830 6129/3774/2550
f 4161/4267/2198 4157/3977/1638 4155/3979/1640
f 5127/4268/1849 5128/5935/3177 5126/4269/1977
f 3935/4063/1621 3937/2201/1466 3936/2203/1468
f 4164/5865/3223 4152/5936/3859 4162/2554/1520
f 4152/5936/3859 4153/4271/1925 4162/2554/1520
f 6112/4176/2775 6113/5937/3877 6111/4272/2800
f 6111/4272/2800 6108/5938/3878 6109/4273/2801
f 6901/4274/2802 6900/5062/3176 6899/2540/1754
f 6804/4276/1804 6795/3181/2022 6801/3012/2027
f 6795/3181/2022 6798/2802/1914 6801/3012/2027
f 4756/4084/1737 4751/4085/2540 4759/2230/1494
f 4751/4085/2540 4761/4558/2963 4759/2230/1494
f 4729/4277/2771 4730/5939/3760 4728/4278/2635
f 7112/2365/1620 7114/2812/1919 7113/2813/1920
f 4640/5940/3013 4641/5941/3014 4639/5942/3015
f 4638/5943/3016 4637/5944/3112 4635/5945/3018
f 4637/5944/3112 4636/4280/2805 4635/5945/3018
f 4640/5940/3013 4639/5942/3015 4638/5943/3016
f 4634/4282/1608 4635/5945/3018 4636/4280/2805
f 4635/5945/3018 4640/5940/3013 4638/5943/3016
f 7410/5946/3119 7411/4284/2807 7408/4283/2806
f 7411/4284/2807 7415/5614/3004 7414/4285/1581
f 4980/4286/2037 4977/2562/1766 4978/4748/3120
f 4978/4748/3120 4979/4287/2038 4980/4286/2037
f 4979/4287/2038 4976/3037/1863 4972/3039/1864
f 4990/2574/1775 4986/4291/1537 4989/2575/1536
f 4986/4291/1537 4985/5947/2974 4984/4292/1538
f 4185/4293/1539 4186/4001/1866 4194/4294/1540
f 4982/4295/2810 4981/2573/1774 4983/4197/1543
f 4124/5948/3341 4125/5949/3838 4123/5950/3154
f 4122/5951/3342 4121/5952/3879 4119/5953/3157
f 4121/5952/3879 4120/4296/2811 4119/5953/3157
f 4124/5948/3341 4123/5950/3154 4122/5951/3342
f 4118/4298/1820 4119/5953/3157 4120/4296/2811
f 4119/5953/3157 4124/5948/3341 4122/5951/3342
f 7062/4300/1674 7070/5954/3070 7064/4301/1675
f 7064/4301/1675 7065/5955/3880 7063/4299/1673
f 7065/5955/3880 7066/5956/3072 7063/4299/1673
f 7066/5956/3072 7067/5957/3073 7068/5958/3074
f 7067/5957/3073 7069/5959/3075 7068/5958/3074
f 7068/5958/3074 7063/4299/1673 7066/5956/3072
f 5421/4303/2813 5422/5960/3881 5420/5961/3882
f 5419/4304/2814 5418/5962/3883 5417/4302/2812
f 5418/5962/3883 5423/5963/3884 5416/5964/3885
f 5421/4303/2813 5420/5961/3882 5419/4304/2814
f 5416/5964/3885 5417/4302/2812 5418/5962/3883
f 3827/2294/1557 3830/2297/1560 3824/5965/3076
f 3830/2297/1560 3826/5966/3886 3824/5965/3076
f 3824/5965/3076 3825/2300/1563 3827/2294/1557
f 6625/4038/2721 6626/4930/3008 6624/4308/1593
f 6624/4308/1593 6621/4035/1559 6622/3914/1591
f 7185/3806/2568 7183/2480/1709 7187/3807/2569
f 7183/2480/1709 7180/2479/1708 7176/4309/2818
f 3837/4311/1877 3835/5967/3079 3834/4310/2523
f 3835/5967/3079 3833/4608/3008 3834/4310/2523
f 3833/4608/3008 3832/2299/1562 3834/4310/2523
f 3901/4313/2553 3909/5968/3887 3903/4314/2072
f 3903/4314/2072 3904/5969/3888 3902/4312/2070
f 3904/5969/3888 3905/5970/3313 3902/4312/2070
f 3905/5970/3313 3906/5971/3314 3907/5972/3315
f 3906/5971/3314 3908/5973/3810 3907/5972/3315
f 3907/5972/3315 3902/4312/2070 3905/5970/3313
f 4340/2882/1913 4343/3815/2573 4342/5598/3697
f 4342/5598/3697 4344/4315/2819 4340/2882/1913
f 4250/4317/2720 4252/4642/3039 4251/2381/1629
f 4251/2381/1629 4248/2876/1627 4250/4317/2720
f 3853/3186/2097 3854/5765/3818 3855/4318/1915
f 6701/4361/2803 6697/2677/1842 6700/4319/1753
f 6697/2677/1842 6694/2676/1841 6691/2532/1688
f 4262/4322/1526 4263/4784/2971 4259/4320/1652
f 4259/4320/1652 4258/5974/2972 4256/4321/1525
f 4383/4323/2759 4380/4190/2778 4381/5875/3059
f 4381/5875/3059 4382/4324/1662 4383/4323/2759
f 4382/4324/1662 4379/2567/1530 4375/2569/1663
f 4225/2589/1787 4228/2592/1788 4222/5975/3076
f 4228/2592/1788 4224/5976/3077 4222/5975/3076
f 4222/5975/3076 4223/2598/1563 4225/2589/1787
f 4031/2446/1562 4032/5534/3008 4030/4329/1593
f 4030/4329/1593 4027/2440/1559 4028/2439/1558
f 7229/4400/2847 7227/3147/1709 7231/4330/2820
f 7227/3147/1709 7224/3146/1708 7220/4215/2787
f 5031/4332/1716 5029/5977/3009 5028/4331/2087
f 5029/5977/3009 5027/5588/3093 5028/4331/2087
f 5027/5588/3093 5026/3118/2078 5028/4331/2087
f 6612/4378/1701 6615/4335/1769 6608/4334/1702
f 6615/4335/1769 6614/4660/2971 6616/4333/1768
f 6614/4660/2971 6613/2410/1526 6616/4333/1768
f 4100/4339/1549 4108/5978/3889 4102/4340/2823
f 4102/4340/2823 4103/5979/3312 4101/4338/2070
f 4103/5979/3312 4104/5980/3313 4101/4338/2070
f 4104/5980/3313 4105/5981/3314 4106/5982/3315
f 4105/5981/3314 4107/5983/3316 4106/5982/3315
f 4106/5982/3315 4101/4338/2070 4104/5980/3313
f 4400/5984/3168 4401/5985/3338 4399/5986/3170
f 4398/5987/3171 4397/5988/3172 4395/5989/3890
f 4397/5988/3172 4396/4341/1824 4395/5989/3890
f 4400/5984/3168 4399/5986/3170 4398/5987/3171
f 4394/4343/1826 4395/5989/3890 4396/4341/1824
f 4395/5989/3890 4400/5984/3168 4398/5987/3171
f 5456/4345/2826 5457/5990/3891 5455/5991/3892
f 5454/4346/2827 5453/5992/3893 5452/4344/2825
f 5453/5992/3893 5458/5993/3894 5451/5994/3895
f 5456/4345/2826 5455/5991/3892 5454/4346/2827
f 5451/5994/3895 5452/4344/2825 5453/5992/3893
f 4688/4348/1616 4696/5995/3031 4690/4349/2750
f 4690/4349/2750 4691/5996/3032 4689/4347/1615
f 4691/5996/3032 4692/5997/1900 4689/4347/1615
f 4692/5997/1900 4693/5998/3896 4694/5999/1867
f 4693/5998/3896 4695/6000/3034 4694/5999/1867
f 4694/5999/1867 4689/4347/1615 4692/5997/1900
f 4134/2523/1621 4129/2525/1623 4139/2377/1362
f 4129/2525/1623 4138/4638/3036 4139/2377/1362
f 7089/4350/2828 7085/2520/1740 7083/2522/1742
f 6483/4352/1484 6484/6001/2962 6482/4353/1485
f 7087/3958/2687 7089/4350/2828 7088/4351/2829
f 6916/4648/3045 6904/6002/3897 6914/2387/1635
f 6904/6002/3897 6905/4356/1834 6914/2387/1635
f 4738/2461/1569 4741/4456/2866 4740/6003/3898
f 4740/6003/3898 4742/4357/1567 4738/2461/1569
f 4847/4359/1500 4849/5160/2967 4848/2678/1843
f 4848/2678/1843 4845/2403/1647 4847/4359/1500
f 6699/4360/2832 6698/4820/3176 6697/2677/1842
f 4947/2315/1575 4943/2314/1574 4946/4362/1692
f 4943/2314/1574 4940/2879/1954 4937/3063/1569
f 6510/2393/1641 6505/2395/1643 6513/3757/2542
f 6505/2395/1643 6515/5552/3223 6513/3757/2542
f 6126/4363/2833 6122/3961/2688 6120/3963/2690
f 3734/4364/1484 3735/6004/2962 3733/4365/2834
f 4955/3170/1737 4957/2788/1846 4956/2790/1848
f 4736/6005/3899 4724/6006/2970 4734/2934/1979
f 4724/6006/2970 4725/4368/1521 4734/2934/1979
f 5736/4370/2226 5735/6007/3445 5737/6008/3447
f 5735/6007/3445 5742/6009/3900 5737/6008/3447
f 5737/6008/3447 5738/4371/2227 5736/4370/2226
f 5738/4371/2227 5739/6010/3300 5740/4369/2225
f 5739/6010/3300 5741/6011/3901 5740/4369/2225
f 7327/4374/2838 7333/5734/3803 7330/4372/2836
f 7333/5734/3803 7334/5733/3802 7330/4372/2836
f 6636/2755/1701 6639/4376/1769 6632/2756/1702
f 6639/4376/1769 6638/5344/2971 6640/4375/1768
f 6638/5344/2971 6637/3467/1526 6640/4375/1768
f 3749/2746/1883 3750/4864/2999 3748/4380/2083
f 3748/4380/2083 3745/4975/3000 3746/4381/2084
f 6398/6012/3902 6396/6013/3903 6397/4383/2841
f 6396/6013/3903 6402/4382/2840 6397/4383/2841
f 6946/4105/2004 6942/4384/1933 6945/4106/1932
f 6942/4384/1933 6941/6014/3233 6940/4385/1934
f 3986/4386/1539 3987/2981/2005 3995/4387/1540
f 4210/6015/3127 4211/6016/3128 4209/6017/3129
f 4208/6018/3130 4207/6019/3255 4205/6020/3132
f 4207/6019/3255 4206/4388/2842 4205/6020/3132
f 4210/6015/3127 4209/6017/3129 4208/6018/3130
f 4204/4390/1782 4205/6020/3132 4206/4388/2842
f 4205/6020/3132 4210/6015/3127 4208/6018/3130
f 5860/6021/3297 5867/6022/3298 5862/6023/3904
f 5863/4393/2041 5864/6024/3300 5865/4391/2039
f 5864/6024/3300 5866/6025/3301 5865/4391/2039
f 5860/6021/3297 5862/6023/3904 5861/4392/2843
f 5862/6023/3904 5863/4393/2041 5861/4392/2843
f 5881/4395/2630 5882/6026/3905 5880/6027/3906
f 5879/4396/2631 5878/6028/3907 5877/4394/2844
f 5878/6028/3907 5883/6029/3908 5876/6030/3758
f 5881/4395/2630 5880/6027/3906 5879/4396/2631
f 5876/6030/3758 5877/4394/2844 5878/6028/3907
f 5065/3141/1965 5068/3144/1949 5062/6031/2991
f 5068/3144/1949 5064/6032/3820 5062/6031/2991
f 5062/6031/2991 5063/3150/1554 5065/3141/1965
f 4628/2867/1951 4629/5837/3093 4627/4399/2031
f 4627/4399/2031 4624/2861/1948 4625/2860/1555
f 7386/4041/1795 7375/4136/2077 7382/2444/1681
f 7375/4136/2077 7379/2442/1679 7382/2444/1681
f 7232/4401/2570 7230/6033/3909 7229/4400/2847
f 7230/6033/3909 7228/5109/3091 7229/4400/2847
f 7228/5109/3091 7227/3147/1709 7229/4400/2847
f 6179/4403/2849 6178/6034/3910 6180/6035/3911
f 6178/6034/3910 6186/6036/3912 6180/6035/3911
f 6180/6035/3911 6181/6037/3913 6179/4403/2849
f 6182/4404/2850 6183/6038/3914 6184/4402/2848
f 6183/6038/3914 6185/6039/3915 6184/4402/2848
f 6181/6037/3913 6182/4404/2850 6179/4403/2849
f 6106/4177/2776 6109/4273/2801 6108/5938/3878
f 6108/5938/3878 6110/4405/2851 6106/4177/2776
f 4147/4077/1883 4148/5797/2999 4146/4407/2083
f 4146/4407/2083 4143/5864/3000 4144/4408/2573
f 6114/4409/2853 6113/5937/3877 6112/4176/2775
f 4453/4411/2029 4444/2380/1628 4450/4172/2773
f 4444/2380/1628 4447/2379/1627 4450/4172/2773
f 4772/4414/1767 4774/6040/3119 4775/4412/1765
f 4775/4412/1765 4779/5876/3120 4778/4413/1766
f 6835/2645/1817 6838/4416/1584 6831/2646/1583
f 6838/4416/1584 6837/4986/3005 6839/4415/1582
f 6837/4986/3005 6836/2964/1807 6839/4415/1582
f 7178/4305/2815 7181/4307/2817 7175/6041/3916
f 7181/4307/2817 7177/6042/3917 7175/6041/3916
f 7175/6041/3916 7176/4309/2818 7178/4305/2815
f 4075/2485/1713 4076/4867/3008 4074/4421/2017
f 4074/4421/2017 4071/2476/1706 4072/2475/1676
f 7430/2603/1795 7419/3110/2077 7426/2762/1892
f 7419/3110/2077 7423/2760/1891 7426/2762/1892
f 7031/4423/1566 7029/6043/2993 7028/4422/2856
f 7029/6043/2993 7027/5898/2994 7028/4422/2856
f 7027/5898/2994 7026/4221/1813 7028/4422/2856
f 6725/4426/2708 6727/6044/3918 6728/4424/2706
f 6728/4424/2706 6732/4832/3188 6731/4425/2707
f 4484/4098/1701 4487/4428/1769 4480/4099/1702
f 4487/4428/1769 4486/5413/2971 4488/4427/1768
f 4486/5413/2971 4485/3563/1526 4488/4427/1768
f 6717/4432/1784 6716/6045/3133 6718/6046/2765
f 6716/6045/3133 6724/6047/3135 6718/6046/2765
f 6718/6046/2765 6719/6048/3136 6717/4432/1784
f 6720/4433/1785 6721/6049/3919 6722/4431/1783
f 6721/6049/3919 6723/6050/3138 6722/4431/1783
f 6719/6048/3136 6720/4433/1785 6717/4432/1784
f 5687/6051/3306 5694/6052/3920 5689/6053/3921
f 5690/4436/2859 5691/6054/3922 5692/4434/2857
f 5691/6054/3922 5693/6055/3923 5692/4434/2857
f 5687/6051/3306 5689/6053/3921 5688/4435/2858
f 5689/6053/3921 5690/4436/2859 5688/4435/2858
f 4905/4438/1552 4913/6056/2986 4907/4439/1553
f 4907/4439/1553 4908/6057/3225 4906/4437/1551
f 4908/6057/3225 4909/6058/2988 4906/4437/1551
f 4909/6058/2988 4910/6059/3226 4911/6060/2766
f 4910/6059/3226 4912/6061/2990 4911/6060/2766
f 4911/6060/2766 4906/4437/1551 4909/6058/2988
f 7469/4441/2860 7477/6062/3924 7471/4442/2861
f 7471/4442/2861 7472/6063/3925 7470/4440/2090
f 7472/6063/3925 7473/6064/3926 7470/4440/2090
f 7473/6064/3926 7474/6065/3927 7475/6066/2089
f 7474/6065/3927 7476/6067/3351 7475/6066/2089
f 7475/6066/2089 7470/4440/2090 7473/6064/3926
f 4731/2252/1515 4726/2254/1517 4734/2934/1979
f 4726/2254/1517 4736/6005/3899 4734/2934/1979
f 4335/4443/1466 4331/3715/1484 4329/3717/1467
f 3759/4444/1638 3760/6068/3928 3758/4445/2701
f 7286/2923/1974 7281/4972/3256 7287/4446/2862
f 6688/5064/3218 6677/6069/3220 6689/3072/1902
f 6677/6069/3220 6678/4448/2863 6689/3072/1902
f 6593/6070/3019 6594/6071/3020 6592/6072/3021
f 6591/6073/3022 6590/6074/3605 6588/6075/3024
f 6590/6074/3605 6589/4449/1609 6588/6075/3024
f 6593/6070/3019 6592/6072/3021 6591/6073/3022
f 6587/4451/1611 6588/6075/3024 6589/4449/1609
f 6588/6075/3024 6593/6070/3019 6591/6073/3022
f 7397/4454/2865 7400/5147/3353 7399/5146/2998
f 7399/5146/2998 7401/4452/1837 7397/4454/2865
f 4744/2460/1693 4745/5599/3001 4743/4455/1689
f 4743/4455/1689 4740/6003/3898 4741/4456/2866
f 6216/3971/2696 6217/4976/3258 6218/4457/2867
f 5050/4458/1845 5041/3596/1648 5047/2943/1986
f 5041/3596/1648 5044/2742/1498 5047/2943/1986
f 6977/4217/2789 6980/4219/2753 6974/6076/3006
f 6980/4219/2753 6976/6077/3929 6974/6076/3006
f 6974/6076/3006 6975/4222/1588 6977/4217/2789
f 4274/2633/1713 4275/4854/3008 4273/4461/1593
f 4273/4461/1593 4270/2628/1559 4271/2627/1676
f 7524/2636/1795 7513/2723/1875 7520/2865/1892
f 7513/2723/1875 7517/2863/1950 7520/2865/1892
f 5075/4463/1716 5073/6078/3009 5072/4462/2087
f 5073/6078/3009 5071/5769/3093 5072/4462/2087
f 5071/5769/3093 5070/3149/2086 5072/4462/2087
usemtl Bush
s off
f 1/6079/3930 2/6080/3930 4/6081/3930
f 1/6079/3930 4/6081/3930 3/6082/3930
f 5/6083/3931 6/6084/3931 8/6085/3931
f 5/6083/3931 8/6085/3931 7/6086/3931
f 25/6087/3932 26/6088/3932 28/6089/3932
f 25/6087/3932 28/6089/3932 27/6090/3932
f 29/6091/3933 30/6092/3933 32/6093/3933
f 29/6091/3933 32/6093/3933 31/6094/3933
f 33/6095/3934 34/6096/3934 36/6097/3934
f 33/6095/3934 36/6097/3934 35/6098/3934
f 45/6099/3935 46/6100/3935 48/6101/3935
f 45/6099/3935 48/6101/3935 47/6102/3935
f 49/6103/3936 50/6104/3936 52/6105/3936
f 49/6103/3936 52/6105/3936 51/6106/3936
f 53/6107/3937 54/6108/3937 56/6109/3937
f 53/6107/3937 56/6109/3937 55/6110/3937
f 57/6111/3938 58/6112/3938 60/6113/3938
f 57/6111/3938 60/6113/3938 59/6114/3938
f 77/6115/3939 78/6116/3939 80/6117/3939
f 77/6115/3939 80/6117/3939 79/6118/3939
f 81/6119/3940 82/6120/3940 84/6121/3940
f 81/6119/3940 84/6121/3940 83/6122/3940
f 85/6123/3941 86/6124/3941 88/6125/3941
f 85/6123/3941 88/6125/3941 87/6126/3941
f 97/6127/3942 98/6128/3942 100/6129/3942
f 97/6127/3942 100/6129/3942 99/6130/3942
f 101/6131/3943 102/6132/3943 104/6133/3943
f 101/6131/3943 104/6133/3943 103/6134/3943
f 105/6135/3944 106/6136/3944 108/6137/3944
f 105/6135/3944 108/6137/3944 107/6138/3944
f 109/6139/3945 110/6140/3945 112/6141/3945
f 109/6139/3945 112/6141/3945 111/6142/3945
f 129/6143/3946 130/6144/3946 132/6145/3946
f 129/6143/3946 132/6145/3946 131/6146/3946
f 133/6147/3947 134/6148/3947 136/6149/3947
f 133/6147/3947 136/6149/3947 135/6150/3947
f 137/6151/3948 138/6152/3948 140/6153/3948
f 137/6151/3948 140/6153/3948 139/6154/3948
f 149/6155/3949 150/6156/3949 152/6157/3949
f 149/6155/3949 152/6157/3949 151/6158/3949
f 153/6159/3950 154/6160/3950 156/6161/3950
f 153/6159/3950 156/6161/3950 155/6162/3950
f 157/6163/3930 158/6164/3930 160/6165/3930
f 157/6163/3930 160/6165/3930 159/6166/3930
f 161/6167/3931 162/6168/3931 164/6169/3931
f 161/6167/3931 164/6169/3931 163/6170/3931
f 181/6171/3932 182/6172/3932 184/6173/3932
f 181/6171/3932 184/6173/3932 183/6174/3932
f 185/6175/3933 186/6176/3933 188/6177/3933
f 185/6175/3933 188/6177/3933 187/6178/3933
f 189/6179/3934 190/6180/3934 192/6181/3934
f 189/6179/3934 192/6181/3934 191/6182/3934
f 201/6183/3935 202/6184/3935 204/6185/3935
f 201/6183/3935 204/6185/3935 203/6186/3935
f 205/6187/3936 206/6188/3936 208/6189/3936
f 205/6187/3936 208/6189/3936 207/6190/3936
f 209/6191/3951 210/6192/3951 212/6193/3951
f 209/6191/3951 212/6193/3951 211/6194/3951
f 213/6195/3952 214/6196/3952 216/6197/3952
f 213/6195/3952 216/6197/3952 215/6198/3952
f 233/6199/3953 234/6200/3953 236/6201/3953
f 233/6199/3953 236/6201/3953 235/6202/3953
f 237/6203/3954 238/6204/3954 240/6205/3954
f 237/6203/3954 240/6205/3954 239/6206/3954
f 241/6207/3955 242/6208/3955 244/6209/3955
f 241/6207/3955 244/6209/3955 243/6210/3955
f 253/6211/3956 254/6212/3956 256/6213/3956
f 253/6211/3956 256/6213/3956 255/6214/3956
f 257/6215/3957 258/6216/3957 260/6217/3957
f 257/6215/3957 260/6217/3957 259/6218/3957
f 261/6219/3958 262/6220/3958 264/6221/3958
f 261/6219/3958 264/6221/3958 263/6222/3958
f 265/6223/3959 266/6224/3959 268/6225/3959
f 265/6223/3959 268/6225/3959 267/6226/3959
f 285/6227/3960 286/6228/3960 288/6229/3960
f 285/6227/3960 288/6229/3960 287/6230/3960
f 289/6231/3961 290/6232/3961 292/6233/3961
f 289/6231/3961 292/6233/3961 291/6234/3961
f 293/6235/3962 294/6236/3962 296/6237/3962
f 293/6235/3962 296/6237/3962 295/6238/3962
f 305/6239/3963 306/6240/3963 308/6241/3963
f 305/6239/3963 308/6241/3963 307/6242/3963
f 309/6243/3964 310/6244/3964 312/6245/3964
f 309/6243/3964 312/6245/3964 311/6246/3964
f 313/6247/3965 314/6248/3965 316/6249/3965
f 313/6247/3965 316/6249/3965 315/6250/3965
f 317/6251/3966 318/6252/3966 320/6253/3966
f 317/6251/3966 320/6253/3966 319/6254/3966
f 337/6255/3967 338/6256/3967 340/6257/3967
f 337/6255/3967 340/6257/3967 339/6258/3967
f 341/6259/3968 342/6260/3968 344/6261/3968
f 341/6259/3968 344/6261/3968 343/6262/3968
f 345/6263/3969 346/6264/3969 348/6265/3969
f 345/6263/3969 348/6265/3969 347/6266/3969
f 357/6267/3970 358/6268/3970 360/6269/3970
f 357/6267/3970 360/6269/3970 359/6270/3970
f 361/6271/3971 362/6272/3971 364/6273/3971
f 361/6271/3971 364/6273/3971 363/6274/3971
f 365/6275/3972 366/6276/3972 368/6277/3972
f 365/6275/3972 368/6277/3972 367/6278/3972
f 369/6279/3973 370/6280/3973 372/6281/3973
f 369/6279/3973 372/6281/3973 371/6282/3973
f 389/6283/3974 390/6284/3974 392/6285/3974
f 389/6283/3974 392/6285/3974 391/6286/3974
f 393/6287/3975 394/6288/3975 396/6289/3975
f 393/6287/3975 396/6289/3975 395/6290/3975
f 397/6291/3976 398/6292/3976 400/6293/3976
f 397/6291/3976 400/6293/3976 399/6294/3976
f 409/6295/3977 410/6296/3977 412/6297/3977
f 409/6295/3977 412/6297/3977 411/6298/3977
f 413/6299/3978 414/6300/3978 416/6301/3978
f 413/6299/3978 416/6301/3978 415/6302/3978
f 1449/6303/3979 1450/6304/3979 1452/6305/3979
f 1449/6303/3979 1452/6305/3979 1451/6306/3979
f 1453/6307/3980 1454/6308/3980 1456/6309/3980
f 1453/6307/3980 1456/6309/3980 1455/6310/3980
f 1473/6311/3981 1474/6312/3981 1476/6313/3981
f 1473/6311/3981 1476/6313/3981 1475/6314/3981
f 1477/6315/3982 1478/6316/3982 1480/6317/3982
f 1477/6315/3982 1480/6317/3982 1479/6318/3982
f 1481/6319/3983 1482/6320/3983 1484/6321/3983
f 1481/6319/3983 1484/6321/3983 1483/6322/3983
f 1493/6323/3984 1494/6324/3984 1496/6325/3984
f 1493/6323/3984 1496/6325/3984 1495/6326/3984
f 1497/6327/3985 1498/6328/3985 1500/6329/3985
f 1497/6327/3985 1500/6329/3985 1499/6330/3985
f 1501/6331/3986 1502/6332/3986 1504/6333/3986
f 1501/6331/3986 1504/6333/3986 1503/6334/3986
f 1505/6335/3987 1506/6336/3987 1508/6337/3987
f 1505/6335/3987 1508/6337/3987 1507/6338/3987
f 1525/6339/3988 1526/6340/3988 1528/6341/3988
f 1525/6339/3988 1528/6341/3988 1527/6342/3988
f 1529/6343/3989 1530/6344/3989 1532/6345/3989
f 1529/6343/3990 1532/6345/3990 1531/6346/3990
f 1533/6347/3991 1534/6348/3991 1536/6349/3991
f 1533/6347/3991 1536/6349/3991 1535/6350/3991
f 1545/6351/3992 1546/6352/3992 1548/6353/3992
f 1545/6351/3992 1548/6353/3992 1547/6354/3992
f 1549/6355/3993 1550/6356/3993 1552/6357/3993
f 1549/6355/3993 1552/6357/3993 1551/6358/3993
s 1
f 9/6359/3994 10/6360/3994 12/6361/3994
f 9/6359/3994 12/6361/3994 11/6362/3994
f 13/6363/3995 14/6364/3995 16/6365/3995
f 13/6363/3995 16/6365/3995 15/6366/3995
f 17/6367/3996 18/6368/3996 20/6369/3996
f 17/6367/3996 20/6369/3996 19/6370/3996
f 21/6371/3997 22/6372/3997 24/6373/3997
f 21/6371/3997 24/6373/3997 23/6374/3997
f 37/6375/3998 38/6376/3998 40/6377/3998
f 37/6375/3998 40/6377/3998 39/6378/3998
f 41/6379/3999 42/6380/3999 44/6381/3999
f 41/6379/3999 44/6381/3999 43/6382/3999
f 61/6383/4000 62/6384/4000 64/6385/4000
f 61/6383/4000 64/6385/4000 63/6386/4000
f 65/6387/4001 66/6388/4001 68/6389/4001
f 65/6387/4001 68/6389/4001 67/6390/4001
f 69/6391/4002 70/6392/4002 72/6393/4002
f 69/6391/4002 72/6393/4002 71/6394/4002
f 73/6395/4003 74/6396/4003 76/6397/4003
f 73/6395/4003 76/6397/4003 75/6398/4003
f 89/6399/4004 90/6400/4004 92/6401/4004
f 89/6399/4004 92/6401/4004 91/6402/4004
f 93/6403/4005 94/6404/4005 96/6405/4005
f 93/6403/4005 96/6405/4005 95/6406/4005
f 113/6407/4006 114/6408/4006 116/6409/4006
f 113/6407/4006 116/6409/4006 115/6410/4006
f 117/6411/4007 118/6412/4007 120/6413/4007
f 117/6411/4007 120/6413/4007 119/6414/4007
f 121/6415/4008 122/6416/4008 124/6417/4008
f 121/6415/4008 124/6417/4008 123/6418/4008
f 125/6419/4009 126/6420/4009 128/6421/4009
f 125/6419/4009 128/6421/4009 127/6422/4009
f 141/6423/4010 142/6424/4010 144/6425/4010
f 141/6423/4010 144/6425/4010 143/6426/4010
f 145/6427/4011 146/6428/4011 148/6429/4011
f 145/6427/4011 148/6429/4011 147/6430/4011
f 165/6431/3994 166/6432/3994 168/6433/3994
f 165/6431/3994 168/6433/3994 167/6434/3994
f 169/6435/3995 170/6436/3995 172/6437/3995
f 169/6435/3995 172/6437/3995 171/6438/3995
f 173/6439/3996 174/6440/3996 176/6441/3996
f 173/6439/3996 176/6441/3996 175/6442/3996
f 177/6443/4012 178/6444/4012 180/6445/4012
f 177/6443/4012 180/6445/4012 179/6446/4012
f 193/6447/3998 194/6448/3998 196/6449/3998
f 193/6447/3998 196/6449/3998 195/6450/3998
f 197/6451/3999 198/6452/3999 200/6453/3999
f 197/6451/3999 200/6453/3999 199/6454/3999
f 217/6455/4013 218/6456/4013 220/6457/4013
f 217/6455/4013 220/6457/4013 219/6458/4013
f 221/6459/4014 222/6460/4014 224/6461/4014
f 221/6459/4014 224/6461/4014 223/6462/4014
f 225/6463/4015 226/6464/4015 228/6465/4015
f 225/6463/4015 228/6465/4015 227/6466/4015
f 229/6467/4016 230/6468/4016 232/6469/4016
f 229/6467/4016 232/6469/4016 231/6470/4016
f 245/6471/4017 246/6472/4017 248/6473/4017
f 245/6471/4017 248/6473/4017 247/6474/4017
f 249/6475/4018 250/6476/4018 252/6477/4018
f 249/6475/4018 252/6477/4018 251/6478/4018
f 269/6479/4019 270/6480/4019 272/6481/4019
f 269/6479/4019 272/6481/4019 271/6482/4019
f 273/6483/4020 274/6484/4020 276/6485/4020
f 273/6483/4020 276/6485/4020 275/6486/4020
f 277/6487/4021 278/6488/4021 280/6489/4021
f 277/6487/4021 280/6489/4021 279/6490/4021
f 281/6491/4022 282/6492/4022 284/6493/4022
f 281/6491/4022 284/6493/4022 283/6494/4022
f 297/6495/4023 298/6496/4023 300/6497/4023
f 297/6495/4023 300/6497/4023 299/6498/4023
f 301/6499/4024 302/6500/4024 304/6501/4024
f 301/6499/4024 304/6501/4024 303/6502/4024
f 321/6503/4025 322/6504/4025 324/6505/4025
f 321/6503/4025 324/6505/4025 323/6506/4025
f 325/6507/4026 326/6508/4026 328/6509/4026
f 325/6507/4026 328/6509/4026 327/6510/4026
f 329/6511/4027 330/6512/4027 332/6513/4027
f 329/6511/4027 332/6513/4027 331/6514/4027
f 333/6515/4028 334/6516/4028 336/6517/4028
f 333/6515/4028 336/6517/4028 335/6518/4028
f 349/6519/4029 350/6520/4029 352/6521/4029
f 349/6519/4029 352/6521/4029 351/6522/4029
f 353/6523/4030 354/6524/4030 356/6525/4030
f 353/6523/4030 356/6525/4030 355/6526/4030
f 373/6527/4031 374/6528/4031 376/6529/4031
f 373/6527/4031 376/6529/4031 375/6530/4031
f 377/6531/4032 378/6532/4032 380/6533/4032
f 377/6531/4032 380/6533/4032 379/6534/4032
f 381/6535/4033 382/6536/4033 384/6537/4033
f 381/6535/4033 384/6537/4033 383/6538/4033
f 385/6539/4034 386/6540/4034 388/6541/4034
f 385/6539/4034 388/6541/4034 387/6542/4034
f 401/6543/4035 402/6544/4035 404/6545/4035
f 401/6543/4035 404/6545/4035 403/6546/4035
f 405/6547/4036 406/6548/4036 408/6549/4036
f 405/6547/4036 408/6549/4036 407/6550/4036
f 1457/6551/4037 1458/6552/4037 1460/6553/4037
f 1457/6551/4037 1460/6553/4037 1459/6554/4037
f 1461/6555/4038 1462/6556/4038 1464/6557/4038
f 1461/6555/4038 1464/6557/4038 1463/6558/4038
f 1465/6559/4039 1466/6560/4039 1468/6561/4039
f 1465/6559/4039 1468/6561/4039 1467/6562/4039
f 1469/6563/4040 1470/6564/4040 1472/6565/4040
f 1469/6563/4040 1472/6565/4040 1471/6566/4041
f 1485/6567/4042 1486/6568/4042 1488/6569/4042
f 1485/6567/4042 1488/6569/4042 1487/6570/4042
f 1489/6571/4043 1490/6572/4043 1492/6573/4043
f 1489/6571/4043 1492/6573/4043 1491/6574/4043
f 1509/6575/4044 1510/6576/4044 1512/6577/4044
f 1509/6575/4044 1512/6577/4044 1511/6578/4044
f 1513/6579/4045 1514/6580/4045 1516/6581/4045
f 1513/6579/4045 1516/6581/4045 1515/6582/4045
f 1517/6583/4046 1518/6584/4046 1520/6585/4046
f 1517/6583/4046 1520/6585/4046 1519/6586/4046
f 1521/6587/4047 1522/6588/4047 1524/6589/4047
f 1521/6587/4047 1524/6589/4047 1523/6590/4047
f 1537/6591/4048 1538/6592/4048 1540/6593/4048
f 1537/6591/4048 1540/6593/4048 1539/6594/4048
f 1541/6595/4049 1542/6596/4049 1544/6597/4049
f 1541/6595/4049 1544/6597/4049 1543/6598/4049
usemtl Leaves
s off
f 420/6599/12 419/6600/12 417/6601/12
f 420/6599/12 417/6601/12 418/6602/12
f 423/6603/12 424/6604/12 422/6605/12
f 423/6603/12 422/6605/12 421/6606/12
f 425/6607/12 426/6608/12 428/6609/12
f 425/6607/12 428/6609/12 427/6610/12
f 430/6611/12 429/6612/12 431/6613/12
f 430/6611/12 431/6613/12 432/6614/12
f 436/6615/12 435/6616/12 433/6617/12
f 436/6615/12 433/6617/12 434/6618/12
f 440/6619/12 439/6620/12 437/6621/12
f 440/6619/12 437/6621/12 438/6622/12
f 441/6623/12 442/6624/12 444/6625/12
f 441/6623/12 444/6625/12 443/6626/12
f 447/6627/12 448/6628/12 446/6629/12
f 447/6627/12 446/6629/12 445/6630/12
f 450/6631/12 449/6632/12 451/6633/12
f 450/6631/12 451/6633/12 452/6634/12
f 455/6635/12 456/6636/12 454/6637/12
f 455/6635/12 454/6637/12 453/6638/12
f 457/6639/12 458/6640/12 460/6641/12
f 457/6639/12 460/6641/12 459/6642/12
f 462/6643/12 461/6644/12 463/6645/12
f 462/6643/12 463/6645/12 464/6646/12
f 467/6647/12 468/6648/12 466/6649/12
f 467/6647/12 466/6649/12 465/6650/12
f 471/6651/12 472/6652/12 470/6653/12
f 471/6651/12 470/6653/12 469/6654/12
f 476/6655/12 475/6656/12 473/6657/12
f 476/6655/12 473/6657/12 474/6658/12
f 480/6659/12 479/6660/12 477/6661/12
f 480/6659/12 477/6661/12 478/6662/12
f 483/6663/12 484/6664/12 482/6665/12
f 483/6663/12 482/6665/12 481/6666/12
f 485/6667/12 486/6668/12 488/6669/12
f 485/6667/12 488/6669/12 487/6670/12
f 490/6671/12 489/6672/12 491/6673/12
f 490/6671/12 491/6673/12 492/6674/12
f 496/6675/12 495/6676/12 493/6677/12
f 496/6675/12 493/6677/12 494/6678/12
f 500/6679/12 499/6680/12 497/6681/12
f 500/6679/12 497/6681/12 498/6682/12
f 501/6683/12 502/6684/12 504/6685/12
f 501/6683/12 504/6685/12 503/6686/12
f 507/6687/12 508/6688/12 506/6689/12
f 507/6687/12 506/6689/12 505/6690/12
f 510/6691/12 509/6692/12 511/6693/12
f 510/6691/12 511/6693/12 512/6694/12
f 515/6695/12 516/6696/12 514/6697/12
f 515/6695/12 514/6697/12 513/6698/12
f 517/6699/12 518/6700/12 520/6701/12
f 517/6699/12 520/6701/12 519/6702/12
f 522/6703/12 521/6704/12 523/6705/12
f 522/6703/12 523/6705/12 524/6706/12
f 527/6707/12 528/6708/12 526/6709/12
f 527/6707/12 526/6709/12 525/6710/12
f 531/6711/12 532/6712/12 530/6713/12
f 531/6711/12 530/6713/12 529/6714/12
f 536/6715/12 535/6716/12 533/6717/12
f 536/6715/12 533/6717/12 534/6718/12
f 540/6719/12 539/6720/12 537/6721/12
f 540/6719/12 537/6721/12 538/6722/12
f 543/6723/12 544/6724/12 542/6725/12
f 543/6723/12 542/6725/12 541/6726/12
f 545/6727/12 546/6728/12 548/6729/12
f 545/6727/12 548/6729/12 547/6730/12
f 550/6731/12 549/6732/12 551/6733/12
f 550/6731/12 551/6733/12 552/6734/12
f 556/6735/12 555/6736/12 553/6737/12
f 556/6735/12 553/6737/12 554/6738/12
f 560/6739/12 559/6740/12 557/6741/12
f 560/6739/12 557/6741/12 558/6742/12
f 561/6743/12 562/6744/12 564/6745/12
f 561/6743/12 564/6745/12 563/6746/12
f 567/6747/12 568/6748/12 566/6749/12
f 567/6747/12 566/6749/12 565/6750/12
f 570/6751/12 569/6752/12 571/6753/12
f 570/6751/12 571/6753/12 572/6754/12
f 575/6755/12 576/6756/12 574/6757/12
f 575/6755/12 574/6757/12 573/6758/12
f 577/6759/12 578/6760/12 580/6761/12
f 577/6759/12 580/6761/12 579/6762/12
f 582/6763/12 581/6764/12 583/6765/12
f 582/6763/12 583/6765/12 584/6766/12
f 587/6767/12 588/6768/12 586/6769/12
f 587/6767/12 586/6769/12 585/6770/12
f 591/6771/12 592/6772/12 590/6773/12
f 591/6771/12 590/6773/12 589/6774/12
f 596/6775/12 595/6776/12 593/6777/12
f 596/6775/12 593/6777/12 594/6778/12
f 600/6779/12 599/6780/12 597/6781/12
f 600/6779/12 597/6781/12 598/6782/12
f 603/6783/12 604/6784/12 602/6785/12
f 603/6783/12 602/6785/12 601/6786/12
f 605/6787/12 606/6788/12 608/6789/12
f 605/6787/12 608/6789/12 607/6790/12
f 610/6791/12 609/6792/12 611/6793/12
f 610/6791/12 611/6793/12 612/6794/12
f 616/6795/12 615/6796/12 613/6797/12
f 616/6795/12 613/6797/12 614/6798/12
f 620/6799/12 619/6800/12 617/6801/12
f 620/6799/12 617/6801/12 618/6802/12
f 621/6803/12 622/6804/12 624/6805/12
f 621/6803/12 624/6805/12 623/6806/12
f 627/6807/12 628/6808/12 626/6809/12
f 627/6807/12 626/6809/12 625/6810/12
f 630/6811/12 629/6812/12 631/6813/12
f 630/6811/12 631/6813/12 632/6814/12
f 635/6815/12 636/6816/12 634/6817/12
f 635/6815/12 634/6817/12 633/6818/12
f 637/6819/12 638/6820/12 640/6821/12
f 637/6819/12 640/6821/12 639/6822/12
f 642/6823/12 641/6824/12 643/6825/12
f 642/6823/12 643/6825/12 644/6826/12
f 647/6827/12 648/6828/12 646/6829/12
f 647/6827/12 646/6829/12 645/6830/12
f 651/6831/12 652/6832/12 650/6833/12
f 651/6831/12 650/6833/12 649/6834/12
f 656/6835/12 655/6836/12 653/6837/12
f 656/6835/12 653/6837/12 654/6838/12
f 660/6839/12 659/6840/12 657/6841/12
f 660/6839/12 657/6841/12 658/6842/12
f 663/6843/12 664/6844/12 662/6845/12
f 663/6843/12 662/6845/12 661/6846/12
f 665/6847/12 666/6848/12 668/6849/12
f 665/6847/12 668/6849/12 667/6850/12
f 670/6851/12 669/6852/12 671/6853/12
f 670/6851/12 671/6853/12 672/6854/12
f 676/6855/12 675/6856/12 673/6857/12
f 676/6855/12 673/6857/12 674/6858/12
f 680/6859/12 679/6860/12 677/6861/12
f 680/6859/12 677/6861/12 678/6862/12
f 681/6863/12 682/6864/12 684/6865/12
f 681/6863/12 684/6865/12 683/6866/12
f 687/6867/12 688/6868/12 686/6869/12
f 687/6867/12 686/6869/12 685/6870/12
f 690/6871/12 689/6872/12 691/6873/12
f 690/6871/12 691/6873/12 692/6874/12
f 695/6875/12 696/6876/12 694/6877/12
f 695/6875/12 694/6877/12 693/6878/12
f 697/6879/12 698/6880/12 700/6881/12
f 697/6879/12 700/6881/12 699/6882/12
f 702/6883/12 701/6884/12 703/6885/12
f 702/6883/12 703/6885/12 704/6886/12
f 707/6887/12 708/6888/12 706/6889/12
f 707/6887/12 706/6889/12 705/6890/12
f 711/6891/12 712/6892/12 710/6893/12
f 711/6891/12 710/6893/12 709/6894/12
f 716/6895/12 715/6896/12 713/6897/12
f 716/6895/12 713/6897/12 714/6898/12
f 720/6899/12 719/6900/12 717/6901/12
f 720/6899/12 717/6901/12 718/6902/12
f 723/6903/12 724/6904/12 722/6905/12
f 723/6903/12 722/6905/12 721/6906/12
f 725/6907/12 726/6908/12 728/6909/12
f 725/6907/12 728/6909/12 727/6910/12
f 730/6911/12 729/6912/12 731/6913/12
f 730/6911/12 731/6913/12 732/6914/12
f 736/6915/12 735/6916/12 733/6917/12
f 736/6915/12 733/6917/12 734/6918/12
f 740/6919/12 739/6920/12 737/6921/12
f 740/6919/12 737/6921/12 738/6922/12
f 741/6923/12 742/6924/12 744/6925/12
f 741/6923/12 744/6925/12 743/6926/12
f 747/6927/12 748/6928/12 746/6929/12
f 747/6927/12 746/6929/12 745/6930/12
f 750/6931/12 749/6932/12 751/6933/12
f 750/6931/12 751/6933/12 752/6934/12
f 755/6935/12 756/6936/12 754/6937/12
f 755/6935/12 754/6937/12 753/6938/12
f 757/6939/12 758/6940/12 760/6941/12
f 757/6939/12 760/6941/12 759/6942/12
f 762/6943/12 761/6944/12 763/6945/12
f 762/6943/12 763/6945/12 764/6946/12
f 767/6947/12 768/6948/12 766/6949/12
f 767/6947/12 766/6949/12 765/6950/12
f 771/6951/12 772/6952/12 770/6953/12
f 771/6951/12 770/6953/12 769/6954/12
f 776/6955/12 775/6956/12 773/6957/12
f 776/6955/12 773/6957/12 774/6958/12
f 780/6959/12 779/6960/12 777/6961/12
f 780/6959/12 777/6961/12 778/6962/12
f 783/6963/4050 781/6964/4050 782/6965/4050
f 783/6963/4050 782/6965/4050 784/6966/4050
f 787/6967/12 788/6968/12 786/6969/12
f 787/6967/12 786/6969/12 785/6970/12
f 792/6971/12 791/6972/12 789/6973/12
f 792/6971/12 789/6973/12 790/6974/12
f 793/6975/12 794/6976/12 796/6977/12
f 793/6975/12 796/6977/12 795/6978/12
f 799/6979/12 800/6980/12 798/6981/12
f 799/6979/12 798/6981/12 797/6982/12
f 801/6983/12 802/6984/12 804/6985/12
f 801/6983/12 804/6985/12 803/6986/12
f 808/6987/12 807/6988/12 805/6989/12
f 808/6987/12 805/6989/12 806/6990/12
f 812/6991/12 811/6992/12 809/6993/12
f 812/6991/12 809/6993/12 810/6994/12
f 813/6995/12 814/6996/12 816/6997/12
f 813/6995/12 816/6997/12 815/6998/12
f 819/6999/12 820/7000/12 818/7001/12
f 819/6999/12 818/7001/12 817/7002/12
f 823/7003/12 824/7004/12 822/7005/12
f 823/7003/12 822/7005/12 821/7006/12
f 827/7007/12 828/7008/12 826/7009/12
f 827/7007/12 826/7009/12 825/7010/12
f 829/7011/12 830/7012/12 832/7013/12
f 829/7011/12 832/7013/12 831/7014/12
f 836/7015/12 835/7016/12 833/7017/12
f 836/7015/12 833/7017/12 834/7018/12
f 840/7019/12 839/7020/12 837/7021/12
f 840/7019/12 837/7021/12 838/7022/12
f 841/7023/12 842/7024/12 844/7025/12
f 841/7023/12 844/7025/12 843/7026/12
f 847/7027/12 848/7028/12 846/7029/12
f 847/7027/12 846/7029/12 845/7030/12
f 851/7031/12 852/7032/12 850/7033/12
f 851/7031/12 850/7033/12 849/7034/12
f 855/7035/12 856/7036/12 854/7037/12
f 855/7035/12 854/7037/12 853/7038/12
f 857/7039/12 858/7040/12 860/7041/12
f 857/7039/12 860/7041/12 859/7042/12
f 864/7043/12 863/7044/12 861/7045/12
f 864/7043/12 861/7045/12 862/7046/12
f 868/7047/12 867/7048/12 865/7049/12
f 868/7047/12 865/7049/12 866/7050/12
f 869/7051/12 870/7052/12 872/7053/12
f 869/7051/12 872/7053/12 871/7054/12
f 875/7055/12 876/7056/12 874/7057/12
f 875/7055/12 874/7057/12 873/7058/12
f 879/7059/12 880/7060/12 878/7061/12
f 879/7059/12 878/7061/12 877/7062/12
f 883/7063/12 884/7064/12 882/7065/12
f 883/7063/12 882/7065/12 881/7066/12
f 885/7067/12 886/7068/12 888/7069/12
f 885/7067/12 888/7069/12 887/7070/12
f 892/7071/12 891/7072/12 889/7073/12
f 892/7071/12 889/7073/12 890/7074/12
f 896/7075/12 895/7076/12 893/7077/12
f 896/7075/12 893/7077/12 894/7078/12
f 897/7079/12 898/7080/12 900/7081/12
f 897/7079/12 900/7081/12 899/7082/12
f 903/7083/12 904/7084/12 902/7085/12
f 903/7083/12 902/7085/12 901/7086/12
f 907/7087/12 908/7088/12 906/7089/12
f 907/7087/12 906/7089/12 905/7090/12
f 911/7091/12 912/7092/12 910/7093/12
f 911/7091/12 910/7093/12 909/7094/12
f 913/7095/12 914/7096/12 916/7097/12
f 913/7095/12 916/7097/12 915/7098/12
f 920/7099/12 919/7100/12 917/7101/12
f 920/7099/12 917/7101/12 918/7102/12
f 923/7103/12 924/7104/12 922/7105/12
f 923/7103/12 922/7105/12 921/7106/12
f 925/7107/12 926/7108/12 928/7109/12
f 925/7107/12 928/7109/12 927/7110/12
f 932/7111/12 931/7112/12 929/7113/12
f 932/7111/12 929/7113/12 930/7114/12
f 936/7115/12 935/7116/12 933/7117/12
f 936/7115/12 933/7117/12 934/7118/12
f 939/7119/12 940/7120/12 938/7121/12
f 939/7119/12 938/7121/12 937/7122/12
f 941/7123/12 942/7124/12 944/7125/12
f 941/7123/12 944/7125/12 943/7126/12
f 946/7127/12 945/7128/12 947/7129/12
f 946/7127/12 947/7129/12 948/7130/12
f 952/7131/12 951/7132/12 949/7133/12
f 952/7131/12 949/7133/12 950/7134/12
f 956/7135/12 955/7136/12 953/7137/12
f 956/7135/12 953/7137/12 954/7138/12
f 957/7139/12 958/7140/12 960/7141/12
f 957/7139/12 960/7141/12 959/7142/12
f 963/7143/12 964/7144/12 962/7145/12
f 963/7143/12 962/7145/12 961/7146/12
f 966/7147/12 965/7148/12 967/7149/12
f 966/7147/12 967/7149/12 968/7150/12
f 971/7151/12 972/7152/12 970/7153/12
f 971/7151/12 970/7153/12 969/7154/12
f 973/7155/12 974/7156/12 976/7157/12
f 973/7155/12 976/7157/12 975/7158/12
f 978/7159/12 977/7160/12 979/7161/12
f 978/7159/12 979/7161/12 980/7162/12
f 983/7163/12 984/7164/12 982/7165/12
f 983/7163/12 982/7165/12 981/7166/12
f 987/7167/12 988/7168/12 986/7169/12
f 987/7167/12 986/7169/12 985/7170/12
f 992/7171/12 991/7172/12 989/7173/12
f 992/7171/12 989/7173/12 990/7174/12
f 996/7175/12 995/7176/12 993/7177/12
f 996/7175/12 993/7177/12 994/7178/12
f 999/7179/12 1000/7180/12 998/7181/12
f 999/7179/12 998/7181/12 997/7182/12
f 1001/7183/12 1002/7184/12 1004/7185/12
f 1001/7183/12 1004/7185/12 1003/7186/12
f 1006/7187/12 1005/7188/12 1007/7189/12
f 1006/7187/12 1007/7189/12 1008/7190/12
f 1012/7191/12 1011/7192/12 1009/7193/12
f 1012/7191/12 1009/7193/12 1010/7194/12
f 1016/7195/12 1015/7196/12 1013/7197/12
f 1016/7195/12 1013/7197/12 1014/7198/12
f 1017/7199/12 1018/7200/12 1020/7201/12
f 1017/7199/12 1020/7201/12 1019/7202/12
f 1023/7203/12 1024/7204/12 1022/7205/12
f 1023/7203/12 1022/7205/12 1021/7206/12
f 1026/7207/12 1025/7208/12 1027/7209/12
f 1026/7207/12 1027/7209/12 1028/7210/12
f 1031/7211/12 1032/7212/12 1030/7213/12
f 1031/7211/12 1030/7213/12 1029/7214/12
f 1033/7215/12 1034/7216/12 1036/7217/12
f 1033/7215/12 1036/7217/12 1035/7218/12
f 1038/7219/12 1037/7220/12 1039/7221/12
f 1038/7219/12 1039/7221/12 1040/7222/12
f 1043/7223/12 1044/7224/12 1042/7225/12
f 1043/7223/12 1042/7225/12 1041/7226/12
f 1047/7227/12 1048/7228/12 1046/7229/12
f 1047/7227/12 1046/7229/12 1045/7230/12
f 1052/7231/12 1051/7232/12 1049/7233/12
f 1052/7231/12 1049/7233/12 1050/7234/12
f 1056/7235/12 1055/7236/12 1053/7237/12
f 1056/7235/12 1053/7237/12 1054/7238/12
f 1059/7239/12 1060/7240/12 1058/7241/12
f 1059/7239/12 1058/7241/12 1057/7242/12
f 1061/7243/12 1062/7244/12 1064/7245/12
f 1061/7243/12 1064/7245/12 1063/7246/12
f 1066/7247/12 1065/7248/12 1067/7249/12
f 1066/7247/12 1067/7249/12 1068/7250/12
f 1072/7251/12 1071/7252/12 1069/7253/12
f 1072/7251/12 1069/7253/12 1070/7254/12
f 1076/7255/12 1075/7256/12 1073/7257/12
f 1076/7255/12 1073/7257/12 1074/7258/12
f 1077/7259/12 1078/7260/12 1080/7261/12
f 1077/7259/12 1080/7261/12 1079/7262/12
f 1083/7263/12 1084/7264/12 1082/7265/12
f 1083/7263/12 1082/7265/12 1081/7266/12
f 1086/7267/12 1085/7268/12 1087/7269/12
f 1086/7267/12 1087/7269/12 1088/7270/12
f 1091/7271/12 1092/7272/12 1090/7273/12
f 1091/7271/12 1090/7273/12 1089/7274/12
f 1093/7275/12 1094/7276/12 1096/7277/12
f 1093/7275/12 1096/7277/12 1095/7278/12
f 1098/7279/12 1097/7280/12 1099/7281/12
f 1098/7279/12 1099/7281/12 1100/7282/12
f 1103/7283/12 1104/7284/12 1102/7285/12
f 1103/7283/12 1102/7285/12 1101/7286/12
f 1107/7287/12 1108/7288/12 1106/7289/12
f 1107/7287/12 1106/7289/12 1105/7290/12
f 1112/7291/12 1111/7292/12 1109/7293/12
f 1112/7291/12 1109/7293/12 1110/7294/12
f 1114/7295/12 1113/7296/12 1115/7297/12
f 1114/7295/12 1115/7297/12 1116/7298/12
f 1118/7299/12 1117/7300/12 1119/7301/12
f 1118/7299/12 1119/7301/12 1120/7302/12
f 1121/7303/12 1122/7304/12 1124/7305/12
f 1121/7303/12 1124/7305/12 1123/7306/12
f 1126/7307/12 1125/7308/12 1127/7309/12
f 1126/7307/12 1127/7309/12 1128/7310/12
f 1130/7311/12 1129/7312/12 1131/7313/12
f 1130/7311/12 1131/7313/12 1132/7314/12
f 1133/7315/12 1134/7316/12 1136/7317/12
f 1133/7315/12 1136/7317/12 1135/7318/12
f 1138/7319/12 1137/7320/12 1139/7321/12
f 1138/7319/12 1139/7321/12 1140/7322/12
f 1142/7323/12 1141/7324/12 1143/7325/12
f 1142/7323/12 1143/7325/12 1144/7326/12
f 1145/7327/12 1146/7328/12 1148/7329/12
f 1145/7327/12 1148/7329/12 1147/7330/12
f 1152/7331/12 1151/7332/12 1149/7333/12
f 1152/7331/12 1149/7333/12 1150/7334/12
f 1155/7335/12 1156/7336/12 1154/7337/12
f 1155/7335/12 1154/7337/12 1153/7338/12
f 1157/7339/12 1158/7340/12 1160/7341/12
f 1157/7339/12 1160/7341/12 1159/7342/12
f 1162/7343/12 1161/7344/12 1163/7345/12
f 1162/7343/12 1163/7345/12 1164/7346/12
f 1168/7347/12 1167/7348/12 1165/7349/12
f 1168/7347/12 1165/7349/12 1166/7350/12
f 1172/7351/12 1171/7352/12 1169/7353/12
f 1172/7351/12 1169/7353/12 1170/7354/12
f 1173/7355/12 1174/7356/12 1176/7357/12
f 1173/7355/12 1176/7357/12 1175/7358/12
f 1179/7359/12 1180/7360/12 1178/7361/12
f 1179/7359/12 1178/7361/12 1177/7362/12
f 1182/7363/12 1181/7364/12 1183/7365/12
f 1182/7363/12 1183/7365/12 1184/7366/12
f 1187/7367/12 1188/7368/12 1186/7369/12
f 1187/7367/12 1186/7369/12 1185/7370/12
f 1189/7371/12 1190/7372/12 1192/7373/12
f 1189/7371/12 1192/7373/12 1191/7374/12
f 1194/7375/12 1193/7376/12 1195/7377/12
f 1194/7375/12 1195/7377/12 1196/7378/12
f 1199/7379/12 1200/7380/12 1198/7381/12
f 1199/7379/12 1198/7381/12 1197/7382/12
f 1203/7383/12 1204/7384/12 1202/7385/12
f 1203/7383/12 1202/7385/12 1201/7386/12
f 1208/7387/12 1207/7388/12 1205/7389/12
f 1208/7387/12 1205/7389/12 1206/7390/12
f 1212/7391/4051 1211/7392/4051 1209/7393/4051
f 1212/7391/4051 1209/7393/4051 1210/7394/4051
f 1215/7395/4051 1216/7396/4051 1214/7397/4051
f 1215/7395/4051 1214/7397/4051 1213/7398/4051
f 1217/7399/4051 1218/7400/4051 1220/7401/4051
f 1217/7399/4051 1220/7401/4051 1219/7402/4051
f 1222/7403/4051 1221/7404/4051 1223/7405/4051
f 1222/7403/4051 1223/7405/4051 1224/7406/4051
f 1228/7407/4051 1227/7408/4051 1225/7409/4051
f 1228/7407/4051 1225/7409/4051 1226/7410/4051
f 1232/7411/4051 1231/7412/4051 1229/7413/4051
f 1232/7411/4051 1229/7413/4051 1230/7414/4051
f 1233/7415/4051 1234/7416/4051 1236/7417/4051
f 1233/7415/4051 1236/7417/4051 1235/7418/4051
f 1239/7419/4051 1240/7420/4051 1238/7421/4051
f 1239/7419/4051 1238/7421/4051 1237/7422/4051
f 1242/7423/4051 1241/7424/4051 1243/7425/4051
f 1242/7423/4051 1243/7425/4051 1244/7426/4051
f 1247/7427/4051 1248/7428/4051 1246/7429/4051
f 1247/7427/4051 1246/7429/4051 1245/7430/4051
f 1249/7431/4051 1250/7432/4051 1252/7433/4051
f 1249/7431/4051 1252/7433/4051 1251/7434/4051
f 1254/7435/4051 1253/7436/4051 1255/7437/4051
f 1254/7435/4051 1255/7437/4051 1256/7438/4051
f 1259/7439/4051 1260/7440/4051 1258/7441/4051
f 1259/7439/4051 1258/7441/4051 1257/7442/4051
f 1263/7443/4051 1264/7444/4051 1262/7445/4051
f 1263/7443/4051 1262/7445/4051 1261/7446/4051
f 1268/7447/4051 1267/7448/4051 1265/7449/4051
f 1268/7447/4051 1265/7449/4051 1266/7450/4051
f 1272/7451/4051 1271/7452/4051 1269/7453/4051
f 1272/7451/4051 1269/7453/4051 1270/7454/4051
f 1275/7455/4051 1276/7456/4051 1274/7457/4051
f 1275/7455/4051 1274/7457/4051 1273/7458/4051
f 1277/7459/4051 1278/7460/4051 1280/7461/4051
f 1277/7459/4051 1280/7461/4051 1279/7462/4051
f 1282/7463/4051 1281/7464/4051 1283/7465/4051
f 1282/7463/4051 1283/7465/4051 1284/7466/4051
f 1288/7467/4051 1287/7468/4051 1285/7469/4051
f 1288/7467/4051 1285/7469/4051 1286/7470/4051
f 1292/7471/4051 1291/7472/4051 1289/7473/4051
f 1292/7471/4051 1289/7473/4051 1290/7474/4051
f 1293/7475/4051 1294/7476/4051 1296/7477/4051
f 1293/7475/4051 1296/7477/4051 1295/7478/4051
f 1299/7479/4051 1300/7480/4051 1298/7481/4051
f 1299/7479/4051 1298/7481/4051 1297/7482/4051
f 1302/7483/4051 1301/7484/4051 1303/7485/4051
f 1302/7483/4051 1303/7485/4051 1304/7486/4051
f 1307/7487/4051 1308/7488/4051 1306/7489/4051
f 1307/7487/4051 1306/7489/4051 1305/7490/4051
f 1309/7491/4051 1310/7492/4051 1312/7493/4051
f 1309/7491/4051 1312/7493/4051 1311/7494/4051
f 1314/7495/4051 1313/7496/4051 1315/7497/4051
f 1314/7495/4051 1315/7497/4051 1316/7498/4051
f 1319/7499/4051 1320/7500/4051 1318/7501/4051
f 1319/7499/4051 1318/7501/4051 1317/7502/4051
f 1323/7503/4051 1324/7504/4051 1322/7505/4051
f 1323/7503/4051 1322/7505/4051 1321/7506/4051
f 1328/7507/4051 1327/7508/4051 1325/7509/4051
f 1328/7507/4051 1325/7509/4051 1326/7510/4051
f 1332/7511/4051 1331/7512/4051 1329/7513/4051
f 1332/7511/4051 1329/7513/4051 1330/7514/4051
f 1335/7515/4051 1336/7516/4051 1334/7517/4051
f 1335/7515/4051 1334/7517/4051 1333/7518/4051
f 1337/7519/4051 1338/7520/4051 1340/7521/4051
f 1337/7519/4051 1340/7521/4051 1339/7522/4051
f 1342/7523/4051 1341/7524/4051 1343/7525/4051
f 1342/7523/4051 1343/7525/4051 1344/7526/4051
f 1348/7527/4051 1347/7528/4051 1345/7529/4051
f 1348/7527/4051 1345/7529/4051 1346/7530/4051
f 1352/7531/4051 1351/7532/4051 1349/7533/4051
f 1352/7531/4051 1349/7533/4051 1350/7534/4051
f 1353/7535/4051 1354/7536/4051 1356/7537/4051
f 1353/7535/4051 1356/7537/4051 1355/7538/4051
f 1359/7539/4051 1360/7540/4051 1358/7541/4051
f 1359/7539/4051 1358/7541/4051 1357/7542/4051
f 1362/7543/4051 1361/7544/4051 1363/7545/4051
f 1362/7543/4051 1363/7545/4051 1364/7546/4051
f 1367/7547/4051 1368/7548/4051 1366/7549/4051
f 1367/7547/4051 1366/7549/4051 1365/7550/4051
f 1369/7551/4051 1370/7552/4051 1372/7553/4051
f 1369/7551/4051 1372/7553/4051 1371/7554/4051
f 1374/7555/4051 1373/7556/4051 1375/7557/4051
f 1374/7555/4051 1375/7557/4051 1376/7558/4051
f 1379/7559/4051 1380/7560/4051 1378/7561/4051
f 1379/7559/4051 1378/7561/4051 1377/7562/4051
f 1383/7563/4051 1384/7564/4051 1382/7565/4051
f 1383/7563/4051 1382/7565/4051 1381/7566/4051
f 1388/7567/4051 1387/7568/4051 1385/7569/4051
f 1388/7567/4051 1385/7569/4051 1386/7570/4051
f 1392/7571/4051 1391/7572/4051 1389/7573/4051
f 1392/7571/4051 1389/7573/4051 1390/7574/4051
f 1395/7575/4051 1396/7576/4051 1394/7577/4051
f 1395/7575/4051 1394/7577/4051 1393/7578/4051
f 1397/7579/4051 1398/7580/4051 1400/7581/4051
f 1397/7579/4051 1400/7581/4051 1399/7582/4051
f 1402/7583/4051 1401/7584/4051 1403/7585/4051
f 1402/7583/4051 1403/7585/4051 1404/7586/4051
f 1408/7587/4051 1407/7588/4051 1405/7589/4051
f 1408/7587/4051 1405/7589/4051 1406/7590/4051
f 1412/7591/4051 1411/7592/4051 1409/7593/4051
f 1412/7591/4051 1409/7593/4051 1410/7594/4051
f 1413/7595/4051 1414/7596/4051 1416/7597/4051
f 1413/7595/4051 1416/7597/4051 1415/7598/4051
f 1419/7599/4051 1420/7600/4051 1418/7601/4051
f 1419/7599/4051 1418/7601/4051 1417/7602/4051
f 1422/7603/4051 1421/7604/4051 1423/7605/4051
f 1422/7603/4051 1423/7605/4051 1424/7606/4051
f 1427/7607/4051 1428/7608/4051 1426/7609/4051
f 1427/7607/4051 1426/7609/4051 1425/7610/4051
f 1429/7611/4051 1430/7612/4051 1432/7613/4051
f 1429/7611/4051 1432/7613/4051 1431/7614/4051
f 1434/7615/4051 1433/7616/4051 1435/7617/4051
f 1434/7615/4051 1435/7617/4051 1436/7618/4051
f 1439/7619/4051 1440/7620/4051 1438/7621/4051
f 1439/7619/4051 1438/7621/4051 1437/7622/4051
f 1443/7623/4051 1444/7624/4051 1442/7625/4051
f 1443/7623/4051 1442/7625/4051 1441/7626/4051
f 1448/7627/4051 1447/7628/4051 1445/7629/4051
f 1448/7627/4051 1445/7629/4051 1446/7630/4051
f 3485/7631/12 3484/7632/12 3482/7633/12
f 3485/7631/12 3482/7633/12 3483/7634/12
f 3488/7635/12 3489/7636/12 3487/7637/12
f 3488/7635/12 3487/7637/12 3486/7638/12
f 3490/7639/12 3491/7640/12 3493/7641/12
f 3490/7639/12 3493/7641/12 3492/7642/12
f 3495/7643/12 3494/7644/12 3496/7645/12
f 3495/7643/12 3496/7645/12 3497/7646/12
f 3501/7647/12 3500/7648/12 3498/7649/12
f 3501/7647/12 3498/7649/12 3499/7650/12
f 3505/7651/12 3504/7652/12 3502/7653/12
f 3505/7651/12 3502/7653/12 3503/7654/12
f 3506/7655/12 3507/7656/12 3509/7657/12
f 3506/7655/12 3509/7657/12 3508/7658/12
f 3512/7659/12 3513/7660/12 3511/7661/12
f 3512/7659/12 3511/7661/12 3510/7662/12
f 3515/7663/12 3514/7664/12 3516/7665/12
f 3515/7663/12 3516/7665/12 3517/7666/12
f 3520/7667/12 3521/7668/12 3519/7669/12
f 3520/7667/12 3519/7669/12 3518/7670/12
f 3522/7671/12 3523/7672/12 3525/7673/12
f 3522/7671/12 3525/7673/12 3524/7674/12
f 3527/7675/12 3526/7676/12 3528/7677/12
f 3527/7675/12 3528/7677/12 3529/7678/12
f 3532/7679/12 3533/7680/12 3531/7681/12
f 3532/7679/12 3531/7681/12 3530/7682/12
f 3536/7683/12 3537/7684/12 3535/7685/12
f 3536/7683/12 3535/7685/12 3534/7686/12
f 3541/7687/12 3540/7688/12 3538/7689/12
f 3541/7687/12 3538/7689/12 3539/7690/12
usemtl Brick2
f 1553/7691/4052 1554/7692/4052 1556/7693/4052
f 1553/7691/4052 1556/7693/4052 1555/7694/4052
f 1559/7695/4053 1560/7696/4053 1558/7697/4053
f 1559/7695/4053 1558/7697/4053 1557/7698/4053
f 1560/7696/4054 1556/7693/4054 1562/7699/4054
f 1560/7696/4054 1562/7699/4054 1563/7700/4054
f 1564/7701/4055 1563/7700/4055 1567/7702/4055
f 1564/7701/4053 1567/7702/4053 1568/7703/4053
f 1558/7697/4054 1560/7696/4054 1563/7700/4054
f 1558/7697/4054 1563/7700/4054 1564/7701/4054
f 1556/7693/4054 1554/7692/4054 1561/7704/4054
f 1556/7693/4054 1561/7704/4054 1562/7699/4054
f 1554/7705/4054 1558/7697/4054 1564/7701/4054
f 1554/7705/4054 1564/7701/4054 1561/7706/4054
f 1565/7707/4054 1568/7703/4054 1572/7708/4054
f 1565/7707/4054 1572/7708/4054 1569/7709/4054
f 1562/7699/4052 1561/7704/4052 1565/7710/4052
f 1562/7699/4052 1565/7710/4052 1566/7711/4052
f 1567/7702/4054 1566/7711/4054 1570/7712/4054
f 1567/7702/4054 1570/7712/4054 1571/7713/4054
f 1568/7703/4054 1567/7702/4054 1571/7713/4054
f 1568/7703/4054 1571/7713/4054 1572/7708/4054
f 1566/7711/4054 1565/7710/4054 1569/7714/4054
f 1566/7711/4054 1569/7714/4054 1570/7712/4054
f 1575/7715/4056 1574/7716/4056 1573/7717/4056
f 1575/7715/4056 1573/7717/4056 1576/7718/4056
f 1572/7708/4053 1571/7713/4053 1575/7719/4053
f 1572/7708/4053 1575/7719/4053 1576/7720/4053
f 1570/7712/4052 1569/7714/4052 1573/7721/4052
f 1570/7712/4052 1573/7721/4052 1574/7722/4052
f 1584/7723/4057 1587/7724/4057 1586/7725/4057
f 1584/7723/4057 1586/7725/4057 1580/7726/4057
f 1582/7727/4057 1588/7728/4057 1587/7724/4057
f 1582/7727/4057 1587/7724/4057 1584/7723/4057
f 1580/7726/4057 1586/7725/4057 1585/7729/4057
f 1580/7726/4057 1585/7729/4057 1578/7730/4057
f 1578/7731/4057 1585/7732/4057 1588/7728/4057
f 1578/7731/4057 1588/7728/4057 1582/7727/4057
f 1589/7733/4057 1593/7734/4057 1596/7735/4057
f 1589/7733/4058 1596/7735/4058 1592/7736/4058
f 1591/7737/4057 1595/7738/4057 1594/7739/4057
f 1591/7737/4058 1594/7739/4058 1590/7740/4058
f 1592/7736/4057 1596/7735/4057 1595/7738/4057
f 1592/7736/4057 1595/7738/4057 1591/7737/4057
f 1590/7740/4057 1594/7739/4057 1593/7741/4057
f 1590/7740/4057 1593/7741/4057 1589/7742/4057
f 1599/7743/4059 1600/7744/4059 1597/7745/4059
f 1599/7743/4059 1597/7745/4059 1598/7746/4059
s 1
f 1555/7694/4060 1556/7693/4061 1560/7696/4061
f 1555/7694/4060 1560/7696/4061 1559/7695/4060
f 1557/7698/4062 1558/7697/4063 1554/7705/4063
f 1557/7698/4062 1554/7705/4063 1553/7747/4062
f 1561/7706/4064 1564/7701/4064 1568/7703/4064
f 1561/7706/4064 1568/7703/4064 1565/7707/4064
f 1563/7700/4061 1562/7699/4061 1566/7711/4061
f 1563/7700/4061 1566/7711/4061 1567/7702/4061
f 1571/7713/4061 1570/7712/4065 1574/7722/4065
f 1571/7713/4061 1574/7722/4065 1575/7719/4061
f 1569/7709/4062 1572/7708/4066 1576/7720/4066
f 1569/7709/4062 1576/7720/4066 1573/7748/4067
f 1577/7749/4068 1579/7750/4069 1580/7726/4068
f 1577/7749/4068 1580/7726/4068 1578/7730/4070
f 1579/7750/4069 1583/7751/4071 1584/7723/4069
f 1579/7750/4069 1584/7723/4069 1580/7726/4068
f 1583/7751/4071 1581/7752/4070 1582/7727/4071
f 1583/7751/4071 1582/7727/4071 1584/7723/4069
f 1581/7752/4070 1577/7753/4068 1578/7731/4070
f 1581/7752/4070 1578/7731/4070 1582/7727/4071
f 1588/7728/4072 1592/7736/4073 1591/7737/4074
f 1588/7728/4072 1591/7737/4074 1587/7724/4075
f 1586/7725/4076 1590/7740/4077 1589/7742/4078
f 1586/7725/4076 1589/7742/4078 1585/7729/4079
f 1585/7732/4079 1589/7733/4078 1592/7736/4073
f 1585/7732/4079 1592/7736/4073 1588/7728/4072
f 1587/7724/4075 1591/7737/4074 1590/7740/4077
f 1587/7724/4075 1590/7740/4077 1586/7725/4076
f 1595/7738/4080 1599/7754/4081 1598/7755/4082
f 1595/7738/4080 1598/7755/4082 1594/7739/4083
f 1596/7735/4084 1600/7756/4073 1599/7754/4081
f 1596/7735/4084 1599/7754/4081 1595/7738/4080
f 1594/7739/4083 1598/7755/4082 1597/7757/4085
f 1594/7739/4083 1597/7757/4085 1593/7741/4086
f 1593/7734/4086 1597/7758/4085 1600/7756/4073
f 1593/7734/4086 1600/7756/4073 1596/7735/4084
usemtl TrimSheet2
s off
f 1601/7759/4087 1602/7760/4087 1604/7761/4087
f 1601/7759/4088 1604/7761/4088 1603/7762/4088
f 1603/7762/4089 1604/7761/4089 1608/7763/4089
f 1603/7762/4090 1608/7763/4090 1607/7764/4090
f 1607/7764/4091 1608/7763/4091 1606/7765/4091
f 1607/7764/4091 1606/7765/4091 1605/7766/4091
f 1605/7766/4092 1606/7765/4092 1602/7760/4092
f 1605/7766/4093 1602/7760/4093 1601/7759/4093
f 1609/7767/4094 1610/7768/4094 1612/7769/4094
f 1609/7767/4087 1612/7769/4087 1611/7770/4087
f 1611/7770/4095 1612/7769/4095 1616/7771/4095
f 1611/7770/4096 1616/7771/4096 1615/7772/4096
f 1615/7772/4097 1616/7771/4097 1614/7773/4097
f 1615/7772/4098 1614/7773/4098 1613/7774/4098
f 1613/7774/4092 1614/7773/4092 1610/7768/4092
f 1613/7774/4099 1610/7768/4099 1609/7767/4099
f 1617/7775/4094 1618/7776/4094 1620/7777/4094
f 1617/7775/4094 1620/7777/4094 1619/7778/4094
f 1619/7778/4100 1620/7777/4100 1624/7779/4100
f 1619/7778/4101 1624/7779/4101 1623/7780/4101
f 1623/7780/4098 1624/7779/4098 1622/7781/4098
f 1623/7780/4091 1622/7781/4091 1621/7782/4091
f 1621/7782/4099 1622/7781/4099 1618/7776/4099
f 1621/7782/4102 1618/7776/4102 1617/7775/4102
f 1625/7783/4087 1626/7784/4087 1628/7785/4087
f 1625/7783/4088 1628/7785/4088 1627/7786/4088
f 1627/7786/4095 1628/7785/4095 1632/7787/4095
f 1627/7786/4101 1632/7787/4101 1631/7788/4101
f 1631/7788/4091 1632/7787/4091 1630/7789/4091
f 1631/7788/4091 1630/7789/4091 1629/7790/4091
f 1629/7790/4092 1630/7789/4092 1626/7784/4092
f 1629/7790/4102 1626/7784/4102 1625/7783/4102
f 1633/7791/4094 1634/7792/4094 1636/7793/4094
f 1633/7791/4087 1636/7793/4087 1635/7794/4087
f 1635/7794/4096 1636/7793/4096 1640/7795/4096
f 1635/7794/4101 1640/7795/4101 1639/7796/4101
f 1639/7796/4098 1640/7795/4098 1638/7797/4098
f 1639/7796/4091 1638/7797/4091 1637/7798/4091
f 1637/7798/4093 1638/7797/4093 1634/7792/4093
f 1637/7798/4093 1634/7792/4093 1633/7791/4093
f 1641/7799/4094 1642/7800/4094 1644/7801/4094
f 1641/7799/4094 1644/7801/4094 1643/7802/4094
f 1643/7802/4096 1644/7801/4096 1648/7803/4096
f 1643/7802/4095 1648/7803/4095 1647/7804/4095
f 1647/7804/4098 1648/7803/4098 1646/7805/4098
f 1647/7804/4098 1646/7805/4098 1645/7806/4098
f 1645/7806/4099 1646/7805/4099 1642/7800/4099
f 1645/7806/4092 1642/7800/4092 1641/7799/4092
f 1649/7807/4094 1650/7808/4094 1652/7809/4094
f 1649/7807/4094 1652/7809/4094 1651/7810/4094
f 1651/7810/4100 1652/7809/4100 1656/7811/4100
f 1651/7810/4100 1656/7811/4100 1655/7812/4100
f 1655/7812/4091 1656/7811/4091 1654/7813/4091
f 1655/7812/4091 1654/7813/4091 1653/7814/4091
f 1653/7814/4103 1654/7813/4103 1650/7808/4103
f 1653/7814/4103 1650/7808/4103 1649/7807/4103
f 1656/7815/4056 1652/7816/4056 1650/7817/4056
f 1656/7815/4104 1650/7817/4104 1654/7818/4104
f 1657/7819/4094 1658/7820/4094 1660/7821/4094
f 1657/7819/4087 1660/7821/4087 1659/7822/4087
f 1659/7822/4101 1660/7821/4101 1664/7823/4101
f 1659/7822/4095 1664/7823/4095 1663/7824/4095
f 1663/7824/4098 1664/7823/4098 1662/7825/4098
f 1663/7824/4091 1662/7825/4091 1661/7826/4091
f 1661/7826/4105 1662/7825/4105 1658/7820/4105
f 1661/7826/4092 1658/7820/4092 1657/7819/4092
f 1665/7827/4094 1666/7828/4094 1668/7829/4094
f 1665/7827/4094 1668/7829/4094 1667/7830/4094
f 1667/7830/4090 1668/7829/4090 1672/7831/4090
f 1667/7830/4106 1672/7831/4106 1671/7832/4106
f 1671/7832/4098 1672/7831/4098 1670/7833/4098
f 1671/7832/4098 1670/7833/4098 1669/7834/4098
f 1669/7834/4102 1670/7833/4102 1666/7828/4102
f 1669/7834/4107 1666/7828/4107 1665/7827/4107
f 1672/7835/4108 1668/7836/4108 1666/7837/4108
f 1672/7835/4109 1666/7837/4109 1670/7838/4109
f 1673/7839/4094 1674/7840/4094 1676/7841/4094
f 1673/7839/4110 1676/7841/4110 1675/7842/4110
f 1675/7842/4111 1676/7841/4111 1680/7843/4111
f 1675/7842/4096 1680/7843/4096 1679/7844/4096
f 1679/7844/4098 1680/7843/4098 1678/7845/4098
f 1679/7844/4098 1678/7845/4098 1677/7846/4098
f 1677/7846/4093 1678/7845/4093 1674/7840/4093
f 1677/7846/4099 1674/7840/4099 1673/7839/4099
f 1680/7847/4112 1676/7848/4112 1674/7849/4112
f 1680/7847/4113 1674/7849/4113 1678/7850/4113
f 1681/7851/4094 1682/7852/4094 1684/7853/4094
f 1681/7851/4087 1684/7853/4087 1683/7854/4087
f 1683/7854/4100 1684/7853/4100 1688/7855/4100
f 1683/7854/4114 1688/7855/4114 1687/7856/4114
f 1687/7856/4091 1688/7855/4091 1686/7857/4091
f 1687/7856/4115 1686/7857/4115 1685/7858/4115
f 1685/7858/4093 1686/7857/4093 1682/7852/4093
f 1685/7858/4093 1682/7852/4093 1681/7851/4093
f 1689/7859/4087 1690/7860/4087 1692/7861/4087
f 1689/7859/4088 1692/7861/4088 1691/7862/4088
f 1691/7862/4095 1692/7861/4095 1696/7863/4095
f 1691/7862/4096 1696/7863/4096 1695/7864/4096
f 1695/7864/4098 1696/7863/4098 1694/7865/4098
f 1695/7864/4098 1694/7865/4098 1693/7866/4098
f 1693/7866/4105 1694/7865/4105 1690/7860/4105
f 1693/7866/4116 1690/7860/4116 1689/7859/4116
f 1696/7867/4117 1692/7868/4117 1690/7869/4117
f 1696/7867/4118 1690/7869/4118 1694/7870/4118
f 1697/7871/4094 1698/7872/4094 1700/7873/4094
f 1697/7871/4087 1700/7873/4087 1699/7874/4087
f 1699/7874/4100 1700/7873/4100 1704/7875/4100
f 1699/7874/4089 1704/7875/4089 1703/7876/4089
f 1703/7876/4098 1704/7875/4098 1702/7877/4098
f 1703/7876/4098 1702/7877/4098 1701/7878/4098
f 1701/7878/4119 1702/7877/4119 1698/7872/4119
f 1701/7878/4103 1698/7872/4103 1697/7871/4103
f 1733/7879/4120 1708/7880/4120 1712/7881/4120
f 1733/7879/4121 1712/7881/4121 1745/7882/4121
f 1757/7883/4093 1710/7884/4093 1706/7885/4093
f 1757/7883/4093 1706/7885/4093 1732/7886/4093
f 1769/7887/4093 1784/7888/4103 1796/7889/4122
f 1769/7887/4122 1796/7889/4123 1771/7890/4102
f 1773/7891/4093 1770/7892/4103 1772/7893/4122
f 1773/7891/4103 1772/7893/4122 1785/7894/4093
f 1709/7895/4124 1768/7896/4124 1721/7897/4124
f 1709/7895/4093 1721/7897/4093 1705/7898/4093
f 1768/7896/4093 1767/7899/4093 1722/7900/4093
f 1768/7896/4124 1722/7900/4124 1721/7897/4124
f 1767/7899/4124 1766/7901/4124 1723/7902/4124
f 1767/7899/4093 1723/7902/4093 1722/7900/4093
f 1766/7901/4125 1765/7903/4125 1724/7904/4125
f 1766/7901/4122 1724/7904/4122 1723/7902/4122
f 1765/7903/4093 1764/7905/4093 1725/7906/4093
f 1765/7903/4126 1725/7906/4126 1724/7904/4126
f 1764/7905/4127 1763/7907/4127 1726/7908/4127
f 1764/7905/4093 1726/7908/4093 1725/7906/4093
f 1763/7907/4103 1762/7909/4103 1727/7910/4103
f 1763/7907/4127 1727/7910/4127 1726/7908/4127
f 1762/7909/4103 1761/7911/4103 1728/7912/4103
f 1762/7909/4103 1728/7912/4103 1727/7910/4103
f 1761/7911/4122 1760/7913/4122 1729/7914/4122
f 1761/7911/4093 1729/7914/4093 1728/7912/4093
f 1760/7913/4093 1759/7915/4093 1730/7916/4093
f 1760/7913/4122 1730/7916/4122 1729/7914/4122
f 1759/7915/4093 1758/7917/4093 1731/7918/4093
f 1759/7915/4103 1731/7918/4103 1730/7916/4103
f 1758/7917/4103 1757/7883/4103 1732/7886/4103
f 1758/7917/4103 1732/7886/4103 1731/7918/4103
f 1707/7919/4101 1744/7920/4101 1756/7921/4101
f 1707/7919/4101 1756/7921/4101 1711/7922/4101
f 1744/7920/4100 1743/7923/4100 1755/7924/4100
f 1744/7920/4100 1755/7924/4100 1756/7921/4100
f 1743/7923/4100 1742/7925/4100 1754/7926/4100
f 1743/7923/4101 1754/7926/4101 1755/7924/4101
f 1742/7925/4101 1741/7927/4101 1753/7928/4101
f 1742/7925/4101 1753/7928/4101 1754/7926/4101
f 1741/7927/4120 1740/7929/4120 1752/7930/4120
f 1741/7927/4101 1752/7930/4101 1753/7928/4101
f 1740/7929/4121 1739/7931/4121 1751/7932/4121
f 1740/7929/4120 1751/7932/4120 1752/7930/4120
f 1739/7931/4121 1738/7933/4121 1750/7934/4121
f 1739/7931/4120 1750/7934/4120 1751/7932/4120
f 1738/7933/4101 1737/7935/4101 1749/7936/4101
f 1738/7933/4120 1749/7936/4120 1750/7934/4120
f 1737/7935/4120 1736/7937/4120 1748/7938/4120
f 1737/7935/4100 1748/7938/4100 1749/7936/4100
f 1736/7937/4100 1735/7939/4100 1747/7940/4100
f 1736/7937/4128 1747/7940/4128 1748/7938/4128
f 1735/7939/4100 1734/7941/4100 1746/7942/4100
f 1735/7939/4100 1746/7942/4100 1747/7940/4100
f 1734/7941/4120 1733/7879/4120 1745/7882/4120
f 1734/7941/4100 1745/7882/4100 1746/7942/4100
f 1717/7943/4122 1718/7944/4122 1714/7945/4122
f 1717/7943/4122 1714/7945/4122 1713/7946/4122
f 1719/7947/4054 1720/7948/4054 1718/7949/4054
f 1719/7947/4054 1718/7949/4054 1717/7950/4054
f 1715/7951/4120 1716/7952/4120 1720/7948/4120
f 1715/7951/4120 1720/7948/4120 1719/7947/4120
f 1713/7946/4056 1714/7945/4056 1716/7952/4056
f 1713/7946/4056 1716/7952/4056 1715/7951/4056
f 1784/7888/4124 1783/7953/4103 1795/7954/4122
f 1784/7888/4122 1795/7954/4124 1796/7889/4103
f 1783/7953/4122 1794/7955/4129 1795/7954/4093
f 1783/7953/4122 1782/7956/4124 1794/7955/4122
f 1782/7956/4124 1781/7957/4103 1793/7958/4122
f 1782/7956/4130 1793/7958/4131 1794/7955/4132
f 1781/7957/4093 1780/7959/4122 1792/7960/4122
f 1781/7957/4103 1792/7960/4124 1793/7958/4093
f 1780/7959/4122 1791/7961/4122 1792/7960/4124
f 1780/7959/4122 1779/7962/4103 1791/7961/4122
f 1779/7962/4122 1790/7963/4124 1791/7961/4103
f 1779/7962/4093 1778/7964/4124 1790/7963/4103
f 1778/7964/4103 1789/7965/4133 1790/7963/4134
f 1778/7964/4124 1777/7966/4103 1789/7965/4093
f 1777/7966/4093 1788/7967/4135 1789/7965/4102
f 1777/7966/4122 1776/7968/4103 1788/7967/4122
f 1776/7968/4103 1787/7969/4122 1788/7967/4093
f 1776/7968/4136 1775/7970/4116 1787/7969/4103
f 1775/7970/4124 1774/7971/4119 1786/7972/4122
f 1775/7970/4122 1786/7972/4122 1787/7969/4103
f 1774/7971/4103 1773/7891/4103 1785/7894/4122
f 1774/7971/4103 1785/7894/4122 1786/7972/4093
s 1
f 1608/7973/4137 1604/7974/4137 1602/7975/4137
f 1608/7973/4137 1602/7975/4137 1606/7976/4137
f 1616/7977/4138 1612/7978/4139 1610/7979/4138
f 1616/7977/4138 1610/7979/4138 1614/7980/4140
f 1624/7981/4141 1620/7982/4141 1618/7983/4141
f 1624/7981/4141 1618/7983/4141 1622/7984/4141
f 1632/7985/4142 1628/7986/4143 1626/7987/4142
f 1632/7985/4142 1626/7987/4142 1630/7988/4142
f 1640/7989/4144 1636/7990/4144 1634/7991/4144
f 1640/7989/4144 1634/7991/4144 1638/7992/4145
f 1648/7993/4146 1644/7994/4146 1642/7995/4146
f 1648/7993/4146 1642/7995/4146 1646/7996/4147
f 1664/7997/4148 1660/7998/4148 1658/7999/4148
f 1664/7997/4148 1658/7999/4148 1662/8000/4148
f 1688/8001/4149 1684/8002/4149 1682/8003/4149
f 1688/8001/4149 1682/8003/4149 1686/8004/4149
f 1704/8005/4150 1700/8006/4150 1698/8007/4150
f 1704/8005/4150 1698/8007/4150 1702/8008/4151
f 1732/7886/4152 1706/7885/4153 1708/7880/4153
f 1732/7886/4152 1708/7880/4153 1733/7879/4152
f 1745/7882/4154 1712/7881/4155 1710/8009/4155
f 1745/7882/4154 1710/8009/4155 1757/8010/4154
f 1711/7922/4156 1756/7921/4157 1768/8011/4157
f 1711/7922/4156 1768/8011/4157 1709/8012/4156
f 1756/7921/4157 1755/7924/4158 1767/8013/4158
f 1756/7921/4157 1767/8013/4158 1768/8011/4157
f 1755/7924/4158 1754/7926/4159 1766/8014/4159
f 1755/7924/4158 1766/8014/4159 1767/8013/4158
f 1754/7926/4159 1753/7928/4160 1765/8015/4160
f 1754/7926/4159 1765/8015/4160 1766/8014/4159
f 1753/7928/4160 1752/7930/4161 1764/8016/4161
f 1753/7928/4160 1764/8016/4161 1765/8015/4160
f 1752/7930/4161 1751/7932/4162 1763/8017/4162
f 1752/7930/4161 1763/8017/4162 1764/8016/4161
f 1751/7932/4162 1750/7934/4163 1762/8018/4163
f 1751/7932/4162 1762/8018/4163 1763/8017/4162
f 1750/7934/4163 1749/7936/4164 1761/8019/4164
f 1750/7934/4163 1761/8019/4164 1762/8018/4163
f 1749/7936/4164 1748/7938/4165 1760/8020/4165
f 1749/7936/4164 1760/8020/4165 1761/8019/4164
f 1748/7938/4165 1747/7940/4166 1759/8021/4166
f 1748/7938/4165 1759/8021/4166 1760/8020/4165
f 1747/7940/4166 1746/7942/4167 1758/8022/4167
f 1747/7940/4166 1758/8022/4167 1759/8021/4166
f 1746/7942/4167 1745/7882/4154 1757/8010/4154
f 1746/7942/4167 1757/8010/4154 1758/8022/4167
f 1705/7898/4168 1721/7897/4169 1744/7920/4169
f 1705/7898/4168 1744/7920/4169 1707/7919/4168
f 1721/7897/4169 1722/7900/4170 1743/7923/4170
f 1721/7897/4169 1743/7923/4170 1744/7920/4169
f 1722/7900/4170 1723/7902/4171 1742/7925/4171
f 1722/7900/4170 1742/7925/4171 1743/7923/4170
f 1723/7902/4171 1724/7904/4172 1741/7927/4172
f 1723/7902/4171 1741/7927/4172 1742/7925/4171
f 1724/7904/4172 1725/7906/4173 1740/7929/4173
f 1724/7904/4172 1740/7929/4173 1741/7927/4172
f 1725/7906/4173 1726/7908/4174 1739/7931/4174
f 1725/7906/4173 1739/7931/4174 1740/7929/4173
f 1726/7908/4174 1727/7910/4175 1738/7933/4175
f 1726/7908/4174 1738/7933/4175 1739/7931/4174
f 1727/7910/4175 1728/7912/4176 1737/7935/4176
f 1727/7910/4175 1737/7935/4176 1738/7933/4175
f 1728/7912/4176 1729/7914/4177 1736/7937/4177
f 1728/7912/4176 1736/7937/4177 1737/7935/4176
f 1729/7914/4177 1730/7916/4178 1735/7939/4178
f 1729/7914/4177 1735/7939/4178 1736/7937/4177
f 1730/7916/4178 1731/7918/4179 1734/7941/4179
f 1730/7916/4178 1734/7941/4179 1735/7939/4178
f 1731/7918/4179 1732/7886/4152 1733/7879/4152
f 1731/7918/4179 1733/7879/4152 1734/7941/4179
usemtl Water
s off
f 1827/8023/12 1831/8024/12 1943/8025/12
f 1827/8023/12 1943/8025/12 1944/8026/12
f 1837/8027/12 2031/8028/12 1950/8029/12
f 1837/8027/12 1950/8029/12 1951/8030/12
f 1838/8031/12 2030/8032/12 1938/8033/12
f 1838/8031/12 1938/8033/12 1955/8034/12
f 1835/8035/12 2027/8036/12 1940/8037/12
f 1835/8035/12 1940/8037/12 1957/8038/12
f 2029/8039/12 1838/8031/12 1955/8034/12
f 2029/8039/12 1955/8034/12 1939/8040/12
f 2026/8041/12 2028/8042/12 1945/8043/12
f 2026/8041/12 1945/8043/12 1946/8044/12
f 1828/8045/12 1829/8046/12 1949/8047/12
f 1828/8045/12 1949/8047/12 1937/8048/12
f 1822/8049/12 1837/8027/12 1951/8030/12
f 1822/8049/12 1951/8030/12 1952/8050/12
f 1826/8051/12 2029/8039/12 1939/8040/12
f 1826/8051/12 1939/8040/12 1956/8052/12
f 1836/8053/12 1834/8054/12 1936/8055/12
f 1836/8053/12 1936/8055/12 1947/8056/12
f 1824/8057/12 1825/8058/12 1942/8059/12
f 1824/8057/12 1942/8059/12 1941/8060/12
f 1829/8046/12 1821/8061/12 1948/8062/12
f 1829/8046/12 1948/8062/12 1949/8047/12
f 1823/8063/12 1830/8064/12 1953/8065/12
f 1823/8063/12 1953/8065/12 1954/8066/12
f 1832/8067/12 1835/8035/12 1957/8038/12
f 1832/8067/12 1957/8038/12 1958/8068/12
f 1821/8069/12 1836/8053/12 1947/8056/12
f 1821/8069/12 1947/8056/12 1948/8070/12
f 2031/8028/12 1828/8071/12 1937/8072/12
f 2031/8028/12 1937/8072/12 1950/8029/12
f 2028/8073/12 1827/8074/12 1944/8075/12
f 2028/8073/12 1944/8075/12 1945/8076/12
f 1830/8064/12 1822/8049/12 1952/8050/12
f 1830/8064/12 1952/8050/12 1953/8065/12
f 1833/8077/12 1832/8067/12 1958/8068/12
f 1833/8077/12 1958/8068/12 1935/8078/12
f 1825/8058/12 1826/8051/12 1956/8052/12
f 1825/8058/12 1956/8052/12 1942/8059/12
f 2027/8036/12 1824/8057/12 1941/8060/12
f 2027/8036/12 1941/8060/12 1940/8037/12
f 2030/8032/12 1823/8063/12 1954/8066/12
f 2030/8032/12 1954/8066/12 1938/8033/12
f 1834/8054/12 2026/8041/12 1946/8044/12
f 1834/8054/12 1946/8044/12 1936/8055/12
f 1831/8024/12 1833/8077/12 1935/8078/12
f 1831/8024/12 1935/8078/12 1943/8025/12
f 1885/8079/12 1886/8080/12 1840/8081/12
f 1885/8079/12 1840/8081/12 1860/8082/12
f 1881/8083/12 1880/8084/12 1845/8085/12
f 1881/8083/12 1845/8085/12 1843/8086/12
f 1871/8087/12 1870/8088/12 1855/8089/12
f 1871/8087/12 1855/8089/12 1853/8090/12
f 1867/8091/12 1866/8092/12 1862/8093/12
f 1867/8091/12 1862/8093/12 1856/8094/12
f 1866/8092/12 1865/8095/12 1861/8096/12
f 1866/8092/12 1861/8096/12 1862/8093/12
f 1865/8095/12 1864/8097/12 1859/8098/12
f 1865/8095/12 1859/8098/12 1861/8096/12
f 1869/8099/12 1868/8100/12 1857/8101/12
f 1869/8099/12 1857/8101/12 1854/8102/12
f 1877/8103/12 1876/8104/12 1849/8105/12
f 1877/8103/12 1849/8105/12 1847/8106/12
f 1863/8107/12 1885/8079/12 1860/8082/12
f 1863/8107/12 1860/8082/12 1858/8108/12
f 1864/8097/12 1863/8107/12 1858/8108/12
f 1864/8097/12 1858/8108/12 1859/8098/12
f 1868/8100/12 1867/8091/12 1856/8094/12
f 1868/8100/12 1856/8094/12 1857/8101/12
f 1870/8088/12 1869/8099/12 1854/8102/12
f 1870/8088/12 1854/8102/12 1855/8089/12
f 1872/8109/12 1871/8087/12 1853/8090/12
f 1872/8109/12 1853/8090/12 1852/8110/12
f 1873/8111/12 1872/8109/12 1852/8110/12
f 1873/8111/12 1852/8110/12 1851/8112/12
f 1874/8113/12 1873/8111/12 1851/8112/12
f 1874/8113/12 1851/8112/12 1850/8114/12
f 1875/8115/12 1874/8113/12 1850/8114/12
f 1875/8115/12 1850/8114/12 1848/8116/12
f 1876/8104/12 1875/8115/12 1848/8116/12
f 1876/8104/12 1848/8116/12 1849/8117/12
f 1878/8118/12 1877/8103/12 1847/8106/12
f 1878/8118/12 1847/8106/12 1846/8119/12
f 1879/8120/12 1878/8118/12 1846/8121/12
f 1879/8120/12 1846/8121/12 1844/8122/12
f 1880/8084/12 1879/8120/12 1844/8122/12
f 1880/8084/12 1844/8122/12 1845/8085/12
f 1882/8123/12 1881/8083/12 1843/8086/12
f 1882/8123/12 1843/8086/12 1842/8124/12
f 1883/8125/12 1882/8123/12 1842/8126/12
f 1883/8125/12 1842/8126/12 1841/8127/12
f 1884/8128/12 1883/8129/12 1841/8130/12
f 1884/8128/12 1841/8130/12 1839/8131/12
f 1886/8080/12 1884/8128/12 1839/8131/12
f 1886/8080/12 1839/8131/12 1840/8081/12
f 1932/8132/12 1912/8133/12 1887/8134/12
f 1932/8132/12 1887/8134/12 1910/8135/12
f 1922/8136/12 1923/8137/12 1904/8138/12
f 1922/8136/12 1904/8138/12 1903/8139/12
f 1915/8140/12 1917/8141/12 1888/8142/12
f 1915/8140/12 1888/8142/12 1898/8143/12
f 1920/8144/12 1922/8136/12 1903/8139/12
f 1920/8144/12 1903/8139/12 1902/8145/12
f 1925/8146/12 1927/8147/12 1890/8148/12
f 1925/8146/12 1890/8148/12 1906/8149/12
f 1921/8150/12 1920/8144/12 1902/8145/12
f 1921/8150/12 1902/8145/12 1889/8151/12
f 1928/8152/12 1934/8153/12 1894/8154/12
f 1928/8152/12 1894/8154/12 1908/8155/12
f 1918/8156/12 1919/8157/12 1901/8158/12
f 1918/8156/12 1901/8158/12 1900/8159/12
f 1934/8153/12 1933/8160/12 1893/8161/12
f 1934/8153/12 1893/8161/12 1894/8154/12
f 1916/8162/12 1918/8163/12 1900/8164/12
f 1916/8162/12 1900/8164/12 1899/8165/12
f 1933/8160/12 1931/8166/12 1892/8167/12
f 1933/8160/12 1892/8167/12 1893/8161/12
f 1917/8141/12 1916/8162/12 1899/8165/12
f 1917/8141/12 1899/8165/12 1888/8142/12
f 1926/8168/12 1929/8169/12 1891/8170/12
f 1926/8168/12 1891/8170/12 1907/8171/12
f 1923/8137/12 1924/8172/12 1905/8173/12
f 1923/8137/12 1905/8173/12 1904/8138/12
f 1924/8172/12 1925/8146/12 1906/8149/12
f 1924/8172/12 1906/8149/12 1905/8173/12
f 1927/8147/12 1926/8168/12 1907/8171/12
f 1927/8147/12 1907/8171/12 1890/8148/12
f 1929/8169/12 1928/8152/12 1908/8155/12
f 1929/8169/12 1908/8155/12 1891/8170/12
f 1912/8133/12 1911/8174/12 1895/8175/12
f 1912/8133/12 1895/8175/12 1887/8134/12
f 1931/8166/12 1930/8176/12 1909/8177/12
f 1931/8166/12 1909/8177/12 1892/8167/12
f 1911/8174/12 1913/8178/12 1896/8179/12
f 1911/8174/12 1896/8179/12 1895/8175/12
f 1930/8176/12 1932/8132/12 1910/8135/12
f 1930/8176/12 1910/8135/12 1909/8177/12
f 1913/8180/12 1914/8181/12 1897/8182/12
f 1913/8180/12 1897/8182/12 1896/8183/12
f 1919/8157/12 1921/8184/12 1889/8185/12
f 1919/8157/12 1889/8185/12 1901/8158/12
f 1914/8186/12 1915/8140/12 1898/8143/12
f 1914/8186/12 1898/8143/12 1897/8187/12
f 1797/8188/12 1960/8189/12 1798/8190/12
f 1797/8188/12 1959/8191/12 1960/8189/12
f 1799/8192/12 1959/8191/12 1797/8188/12
f 1799/8192/12 1961/8193/12 1959/8191/12
f 1800/8194/12 1961/8193/12 1799/8192/12
f 1800/8194/12 1962/8195/12 1961/8193/12
f 1801/8196/12 1962/8197/12 1800/8198/12
f 1801/8196/12 1963/8199/12 1962/8197/12
f 1802/8200/12 1963/8199/12 1801/8196/12
f 1802/8200/12 1964/8201/12 1963/8199/12
f 1803/8202/12 1964/8201/12 1802/8200/12
f 1803/8202/12 1965/8203/12 1964/8201/12
f 1804/8204/12 1965/8203/12 1803/8202/12
f 1804/8204/12 1966/8205/12 1965/8203/12
f 1805/8206/12 1966/8205/12 1804/8204/12
f 1805/8206/12 1967/8207/12 1966/8205/12
f 1806/8208/12 1967/8207/12 1805/8206/12
f 1806/8208/12 1968/8209/12 1967/8207/12
f 1807/8210/12 1968/8209/12 1806/8208/12
f 1807/8210/12 1969/8211/12 1968/8209/12
f 1808/8212/12 1969/8211/12 1807/8210/12
f 1808/8212/12 1970/8213/12 1969/8211/12
f 1809/8214/12 1970/8213/12 1808/8212/12
f 1809/8214/12 1971/8215/12 1970/8213/12
f 1810/8216/12 1971/8215/12 1809/8214/12
f 1810/8216/12 1972/8217/12 1971/8215/12
f 1811/8218/12 1972/8217/12 1810/8216/12
f 1811/8218/12 1973/8219/12 1972/8217/12
f 1812/8220/12 1973/8219/12 1811/8218/12
f 1812/8220/12 1974/8221/12 1973/8219/12
f 1813/8222/12 1974/8221/12 1812/8220/12
f 1813/8222/12 1975/8223/12 1974/8221/12
f 1814/8224/12 1975/8223/12 1813/8222/12
f 1814/8224/12 1976/8225/12 1975/8223/12
f 1815/8226/12 1976/8225/12 1814/8224/12
f 1815/8226/12 1977/8227/12 1976/8225/12
f 1816/8228/12 1977/8227/12 1815/8226/12
f 1816/8228/12 1978/8229/12 1977/8227/12
f 1817/8230/12 1978/8229/12 1816/8228/12
f 1817/8230/12 1979/8231/12 1978/8229/12
f 1818/8232/12 1979/8231/12 1817/8230/12
f 1818/8232/12 1980/8233/12 1979/8231/12
f 1819/8234/12 1980/8233/12 1818/8232/12
f 1819/8234/12 1981/8235/12 1980/8233/12
f 1820/8236/12 1981/8235/12 1819/8234/12
f 1820/8236/12 1982/8237/12 1981/8235/12
f 1798/8190/12 1982/8237/12 1820/8236/12
f 1798/8190/12 1960/8189/12 1982/8237/12
f 2053/8238/12 1998/8239/12 2022/8240/12
f 2053/8238/12 2022/8240/12 2010/8241/12
f 1984/8242/12 2054/8243/12 2014/8244/12
f 1984/8242/12 2014/8244/12 2003/8245/12
f 1992/8246/12 1991/8247/12 2012/8248/12
f 1992/8246/12 2012/8248/12 2013/8249/12
f 1996/8250/12 1993/8251/12 2015/8252/12
f 1996/8250/12 2015/8252/12 2019/8253/12
f 1985/8254/12 1992/8246/12 2013/8249/12
f 1985/8254/12 2013/8249/12 2004/8255/12
f 1990/8256/12 2052/8257/12 2008/8258/12
f 1990/8256/12 2008/8258/12 2011/8259/12
f 2056/8260/12 1999/8261/12 2023/8262/12
f 2056/8260/12 2023/8262/12 2020/8263/12
f 2001/8264/12 2055/8265/12 2016/8266/12
f 2001/8264/12 2016/8266/12 2025/8267/12
f 1989/8268/12 1990/8256/12 2011/8259/12
f 1989/8268/12 2011/8259/12 2009/8269/12
f 1986/8270/12 2053/8271/12 2010/8272/12
f 1986/8270/12 2010/8272/12 2005/8273/12
f 1998/8239/12 1995/8274/12 2018/8275/12
f 1998/8239/12 2018/8275/12 2022/8240/12
f 2000/8276/12 1984/8242/12 2003/8245/12
f 2000/8276/12 2003/8245/12 2024/8277/12
f 1987/8278/12 1986/8270/12 2005/8273/12
f 1987/8278/12 2005/8273/12 2006/8279/12
f 1997/8280/12 2000/8276/12 2024/8277/12
f 1997/8280/12 2024/8277/12 2021/8281/12
f 1999/8261/12 1985/8282/12 2004/8283/12
f 1999/8261/12 2004/8283/12 2023/8262/12
f 1983/8284/12 1994/8285/12 2017/8286/12
f 1983/8284/12 2017/8286/12 2002/8287/12
f 1994/8288/12 2001/8264/12 2025/8267/12
f 1994/8288/12 2025/8267/12 2017/8289/12
f 1993/8251/12 1989/8290/12 2009/8291/12
f 1993/8251/12 2009/8291/12 2015/8252/12
f 1991/8247/12 1997/8280/12 2021/8281/12
f 1991/8247/12 2021/8281/12 2012/8248/12
f 1995/8274/12 1996/8250/12 2019/8253/12
f 1995/8274/12 2019/8253/12 2018/8275/12
f 1988/8292/12 1987/8278/12 2006/8279/12
f 1988/8292/12 2006/8279/12 2007/8293/12
f 2052/8257/12 2056/8260/12 2020/8263/12
f 2052/8257/12 2020/8263/12 2008/8258/12
f 2055/8265/12 1988/8292/12 2007/8293/12
f 2055/8265/12 2007/8293/12 2016/8266/12
f 2054/8243/12 1983/8284/12 2002/8287/12
f 2054/8243/12 2002/8287/12 2014/8244/12
f 2026/8041/12 1834/8054/12 2046/8294/12
f 2026/8041/12 2046/8294/12 2036/8295/12
f 2029/8039/12 1826/8051/12 2035/8296/12
f 2029/8039/12 2035/8296/12 2042/8297/12
f 2027/8036/12 1835/8035/12 2048/8298/12
f 2027/8036/12 2048/8298/12 2037/8299/12
f 1822/8049/12 1830/8064/12 2040/8300/12
f 1822/8049/12 2040/8300/12 2032/8301/12
f 1833/8077/12 1831/8024/12 2041/8302/12
f 1833/8077/12 2041/8302/12 2045/8303/12
f 2028/8042/12 2026/8041/12 2036/8295/12
f 2028/8042/12 2036/8295/12 2038/8304/12
f 1835/8035/12 1832/8067/12 2044/8305/12
f 1835/8035/12 2044/8305/12 2048/8298/12
f 1838/8031/12 2029/8039/12 2042/8297/12
f 1838/8031/12 2042/8297/12 2051/8306/12
f 1834/8054/12 1836/8053/12 2049/8307/12
f 1834/8054/12 2049/8307/12 2046/8294/12
f 1837/8027/12 1822/8049/12 2032/8301/12
f 1837/8027/12 2032/8301/12 2050/8308/12
f 2031/8028/12 1837/8027/12 2050/8308/12
f 2031/8028/12 2050/8308/12 2047/8309/12
f 1836/8053/12 1821/8069/12 2033/8310/12
f 1836/8053/12 2033/8310/12 2049/8307/12
f 2030/8032/12 1838/8031/12 2051/8306/12
f 2030/8032/12 2051/8306/12 2043/8311/12
f 1828/8071/12 2031/8028/12 2047/8309/12
f 1828/8071/12 2047/8309/12 2039/8312/12
f 1832/8067/12 1833/8077/12 2045/8303/12
f 1832/8067/12 2045/8303/12 2044/8305/12
f 1826/8051/12 1825/8058/12 2034/8313/12
f 1826/8051/12 2034/8313/12 2035/8296/12
s 1
f 1855/8089/4180 1854/8102/4181 1926/8168/4181
f 1855/8089/4180 1926/8168/4181 1927/8147/4180
f 1844/8122/4182 1846/8121/4183 1918/8163/4183
f 1844/8122/4182 1918/8163/4183 1916/8162/4182
f 1856/8094/4184 1862/8093/4185 1934/8153/4185
f 1856/8094/4184 1934/8153/4185 1928/8152/4184
f 1857/8101/4186 1856/8094/4184 1928/8152/4184
f 1857/8101/4186 1928/8152/4184 1929/8169/4186
f 1846/8119/4183 1847/8106/4187 1919/8157/4187
f 1846/8119/4183 1919/8157/4187 1918/8156/4183
f 1853/8090/4188 1855/8089/4180 1927/8147/4180
f 1853/8090/4188 1927/8147/4180 1925/8146/4188
f 1859/8098/4189 1858/8108/4190 1930/8176/4190
f 1859/8098/4189 1930/8176/4190 1931/8166/4189
f 1849/8117/4191 1848/8116/4192 1920/8144/4192
f 1849/8117/4191 1920/8144/4192 1921/8150/4191
f 1843/8086/4193 1845/8085/4194 1917/8141/4194
f 1843/8086/4193 1917/8141/4194 1915/8140/4193
f 1840/8081/4195 1839/8131/4196 1911/8174/4196
f 1840/8081/4195 1911/8174/4196 1912/8133/4195
f 1858/8108/4190 1860/8082/4197 1932/8132/4197
f 1858/8108/4190 1932/8132/4197 1930/8176/4190
f 1848/8116/4192 1850/8114/4198 1922/8136/4198
f 1848/8116/4192 1922/8136/4198 1920/8144/4192
f 1860/8082/4197 1840/8081/4195 1912/8133/4195
f 1860/8082/4197 1912/8133/4195 1932/8132/4197
f 1839/8131/4196 1841/8130/4199 1913/8178/4199
f 1839/8131/4196 1913/8178/4199 1911/8174/4196
f 1847/8106/4187 1849/8105/4191 1921/8184/4191
f 1847/8106/4187 1921/8184/4191 1919/8157/4187
f 1850/8114/4198 1851/8112/4200 1923/8137/4200
f 1850/8114/4198 1923/8137/4200 1922/8136/4198
f 1841/8127/4199 1842/8126/4201 1914/8181/4201
f 1841/8127/4199 1914/8181/4201 1913/8180/4199
f 1854/8102/4181 1857/8101/4186 1929/8169/4186
f 1854/8102/4181 1929/8169/4186 1926/8168/4181
f 1851/8112/4200 1852/8110/4202 1924/8172/4202
f 1851/8112/4200 1924/8172/4202 1923/8137/4200
f 1842/8124/4201 1843/8086/4193 1915/8140/4193
f 1842/8124/4201 1915/8140/4193 1914/8186/4201
f 1861/8096/4203 1859/8098/4189 1931/8166/4189
f 1861/8096/4203 1931/8166/4189 1933/8160/4203
f 1852/8110/4202 1853/8090/4188 1925/8146/4188
f 1852/8110/4202 1925/8146/4188 1924/8172/4202
f 1845/8085/4194 1844/8122/4182 1916/8162/4182
f 1845/8085/4194 1916/8162/4182 1917/8141/4194
f 1862/8093/4185 1861/8096/4203 1933/8160/4203
f 1862/8093/4185 1933/8160/4203 1934/8153/4185
f 1894/8154/4185 1893/8161/4203 1941/8060/4203
f 1894/8154/4185 1941/8060/4203 1942/8059/4185
f 1890/8148/4180 1907/8171/4181 1955/8034/4181
f 1890/8148/4180 1955/8034/4181 1938/8033/4180
f 1899/8165/4182 1900/8164/4183 1948/8070/4183
f 1899/8165/4182 1948/8070/4183 1947/8056/4182
f 1908/8155/4184 1894/8154/4185 1942/8059/4185
f 1908/8155/4184 1942/8059/4185 1956/8052/4184
f 1891/8170/4186 1908/8155/4184 1956/8052/4184
f 1891/8170/4186 1956/8052/4184 1939/8040/4186
f 1900/8159/4183 1901/8158/4187 1949/8047/4187
f 1900/8159/4183 1949/8047/4187 1948/8062/4183
f 1906/8149/4188 1890/8148/4180 1938/8033/4180
f 1906/8149/4188 1938/8033/4180 1954/8066/4188
f 1892/8167/4189 1909/8177/4190 1957/8038/4190
f 1892/8167/4189 1957/8038/4190 1940/8037/4189
f 1889/8151/4191 1902/8145/4192 1950/8029/4192
f 1889/8151/4191 1950/8029/4192 1937/8072/4191
f 1898/8143/4193 1888/8142/4194 1936/8055/4194
f 1898/8143/4193 1936/8055/4194 1946/8044/4193
f 1887/8134/4195 1895/8175/4196 1943/8025/4196
f 1887/8134/4195 1943/8025/4196 1935/8078/4195
f 1909/8177/4190 1910/8135/4197 1958/8068/4197
f 1909/8177/4190 1958/8068/4197 1957/8038/4190
f 1902/8145/4192 1903/8139/4198 1951/8030/4198
f 1902/8145/4192 1951/8030/4198 1950/8029/4192
f 1910/8135/4197 1887/8134/4195 1935/8078/4195
f 1910/8135/4197 1935/8078/4195 1958/8068/4197
f 1895/8175/4196 1896/8179/4199 1944/8026/4199
f 1895/8175/4196 1944/8026/4199 1943/8025/4196
f 1901/8158/4187 1889/8185/4191 1937/8048/4191
f 1901/8158/4187 1937/8048/4191 1949/8047/4187
f 1903/8139/4198 1904/8138/4200 1952/8050/4200
f 1903/8139/4198 1952/8050/4200 1951/8030/4198
f 1896/8183/4199 1897/8182/4201 1945/8076/4201
f 1896/8183/4199 1945/8076/4201 1944/8075/4199
f 1907/8171/4181 1891/8170/4186 1939/8040/4186
f 1907/8171/4181 1939/8040/4186 1955/8034/4181
f 1904/8138/4200 1905/8173/4202 1953/8065/4202
f 1904/8138/4200 1953/8065/4202 1952/8050/4200
f 1897/8187/4201 1898/8143/4193 1946/8044/4193
f 1897/8187/4201 1946/8044/4193 1945/8043/4201
f 1893/8161/4203 1892/8167/4189 1940/8037/4189
f 1893/8161/4203 1940/8037/4189 1941/8060/4203
f 1905/8173/4202 1906/8149/4188 1954/8066/4188
f 1905/8173/4202 1954/8066/4188 1953/8065/4202
f 1888/8142/4194 1899/8165/4182 1947/8056/4182
f 1888/8142/4194 1947/8056/4182 1936/8055/4194
f 1972/8217/4200 1874/8113/4198 1971/8215/4198
f 1972/8217/4200 1873/8111/4200 1874/8113/4198
f 1965/8203/4194 1881/8083/4193 1964/8201/4193
f 1965/8203/4194 1880/8084/4194 1881/8083/4193
f 1980/8233/4203 1866/8092/4185 1979/8231/4185
f 1980/8233/4203 1865/8095/4203 1866/8092/4185
f 1973/8219/4202 1873/8111/4200 1972/8217/4200
f 1973/8219/4202 1872/8109/4202 1873/8111/4200
f 1966/8205/4182 1880/8084/4194 1965/8203/4194
f 1966/8205/4182 1879/8120/4182 1880/8084/4194
f 1981/8235/4189 1865/8095/4203 1980/8233/4203
f 1981/8235/4189 1864/8097/4189 1865/8095/4203
f 1974/8221/4188 1872/8109/4202 1973/8219/4202
f 1974/8221/4188 1871/8087/4188 1872/8109/4202
f 1967/8207/4183 1879/8120/4182 1966/8205/4182
f 1967/8207/4183 1878/8118/4183 1879/8120/4182
f 1982/8237/4190 1864/8097/4189 1981/8235/4189
f 1982/8237/4190 1863/8107/4190 1864/8097/4189
f 1959/8191/4195 1885/8079/4197 1960/8189/4197
f 1959/8191/4195 1886/8080/4195 1885/8079/4197
f 1975/8223/4180 1871/8087/4188 1974/8221/4188
f 1975/8223/4180 1870/8088/4180 1871/8087/4188
f 1968/8209/4187 1878/8118/4183 1967/8207/4183
f 1968/8209/4187 1877/8103/4187 1878/8118/4183
f 1960/8189/4197 1863/8107/4190 1982/8237/4190
f 1960/8189/4197 1885/8079/4197 1863/8107/4190
f 1961/8193/4196 1886/8080/4195 1959/8191/4195
f 1961/8193/4196 1884/8128/4196 1886/8080/4195
f 1976/8225/4181 1870/8088/4180 1975/8223/4180
f 1976/8225/4181 1869/8099/4181 1870/8088/4180
f 1969/8211/4191 1877/8103/4187 1968/8209/4187
f 1969/8211/4191 1876/8104/4191 1877/8103/4187
f 1962/8195/4204 1884/8128/4196 1961/8193/4196
f 1962/8195/4204 1883/8129/4205 1884/8128/4196
f 1977/8227/4186 1869/8099/4181 1976/8225/4181
f 1977/8227/4186 1868/8100/4186 1869/8099/4181
f 1970/8213/4192 1876/8104/4191 1969/8211/4191
f 1970/8213/4192 1875/8115/4192 1876/8104/4191
f 1963/8199/4201 1883/8125/4205 1962/8197/4204
f 1963/8199/4201 1882/8123/4201 1883/8125/4205
f 1978/8229/4184 1868/8100/4186 1977/8227/4186
f 1978/8229/4184 1867/8091/4184 1868/8100/4186
f 1971/8215/4198 1875/8115/4192 1970/8213/4192
f 1971/8215/4198 1874/8113/4198 1875/8115/4192
f 1964/8201/4193 1882/8123/4201 1963/8199/4201
f 1964/8201/4193 1881/8083/4193 1882/8123/4201
f 1979/8231/4185 1867/8091/4184 1978/8229/4184
f 1979/8231/4185 1866/8092/4185 1867/8091/4184
f 2047/8309/4192 2050/8308/4198 2000/8276/4198
f 2047/8309/4192 2000/8276/4198 1997/8280/4192
f 2049/8307/4182 2033/8310/4206 1985/8282/4206
f 2049/8307/4182 1985/8282/4206 1999/8261/4182
f 2043/8311/4207 2051/8306/4181 2001/8264/4181
f 2043/8311/4207 2001/8264/4181 1994/8288/4207
f 2039/8312/4208 2047/8309/4192 1997/8280/4192
f 2039/8312/4208 1997/8280/4192 1991/8247/4208
f 2044/8305/4197 2045/8303/4195 1996/8250/4195
f 2044/8305/4197 1996/8250/4195 1995/8274/4197
f 2035/8296/4184 2034/8313/4209 1987/8278/4209
f 2035/8296/4184 1987/8278/4209 1988/8292/4184
f 2036/8295/4193 2046/8294/4194 2056/8260/4194
f 2036/8295/4193 2056/8260/4194 2052/8257/4193
f 2042/8297/4186 2035/8296/4184 1988/8292/4184
f 2042/8297/4186 1988/8292/4184 2055/8265/4186
f 2037/8299/4210 2048/8298/4190 1998/8239/4190
f 2037/8299/4210 1998/8239/4190 2053/8238/4210
f 2032/8301/4200 2040/8300/4211 2054/8243/4211
f 2032/8301/4200 2054/8243/4211 1984/8242/4200
f 2045/8303/4195 2041/8302/4212 1993/8251/4212
f 2045/8303/4195 1993/8251/4212 1996/8250/4195
f 2038/8304/4213 2036/8295/4193 2052/8257/4193
f 2038/8304/4213 2052/8257/4193 1990/8256/4213
f 2046/8294/4194 2049/8307/4182 1999/8261/4182
f 2046/8294/4194 1999/8261/4182 2056/8260/4194
f 2051/8306/4181 2042/8297/4186 2055/8265/4186
f 2051/8306/4181 2055/8265/4186 2001/8264/4181
f 2048/8298/4190 2044/8305/4197 1995/8274/4197
f 2048/8298/4190 1995/8274/4197 1998/8239/4190
f 2050/8308/4198 2032/8301/4200 1984/8242/4200
f 2050/8308/4198 1984/8242/4200 2000/8276/4198
usemtl Tile
f 2390/8314/4214 2392/8315/4215 2391/8316/4216
f 2390/8314/4214 2391/8316/4216 2389/8317/4217
f 2392/8315/4215 2394/8318/4218 2393/8319/4218
f 2392/8315/4215 2393/8319/4218 2391/8316/4216
usemtl Wine
s off
f 7528/8320/12 7527/8321/12 7529/8322/12
f 7528/8320/12 7526/8323/12 7527/8321/12
