# Blender v2.93.18 OBJ File: ''
# www.blender.org
mtllib skybox.mtl
o icicles_Plane.008
v -2.574037 3.685663 -17.565138
v -2.574037 3.685663 -17.921289
v -2.574037 3.959376 -17.921289
v -2.574037 3.594725 -18.936302
v -2.574037 3.976793 -18.580153
v -2.574037 3.594725 -18.580153
v -2.574037 3.458138 -19.479000
v -2.574037 3.705547 -20.191299
v -2.574037 3.979261 -20.191299
v -2.574037 3.458138 -19.479000
v -2.574037 3.979261 -20.191299
v -2.574037 3.979261 -19.479000
v -2.574037 3.685663 -20.868763
v -2.574037 3.685663 -21.581062
v -2.574037 3.959377 -21.581062
v -2.574037 3.959376 -20.868763
v -5.151148 4.072457 -16.420370
v -4.790748 4.281381 -16.420370
v -4.779357 4.726051 -16.420370
v -5.151148 4.072457 -16.420370
v -4.779357 4.726051 -16.420370
v -5.139758 4.517127 -16.420370
v -3.611091 4.134931 -16.420370
v -3.622481 4.579601 -16.420370
v -4.343283 4.997448 -16.420370
v -3.611091 4.134931 -16.420370
v -4.343283 4.997448 -16.420370
v -4.331892 4.552777 -16.420370
v -2.820810 3.685726 -16.420370
v -2.832201 4.130396 -16.420370
v -3.192602 4.339319 -16.420370
v -3.181210 3.894649 -16.420370
v -6.220490 1.885309 -15.052567
v -5.858418 1.885308 -14.926784
v -5.858418 2.071027 -14.926784
v -6.220490 1.885309 -15.052567
v -5.858418 2.071027 -14.926784
v -6.220490 2.071027 -15.052567
v -5.763021 1.893178 -15.019764
v -5.624191 1.893178 -15.377038
v -5.624191 2.078899 -15.377038
v -5.763021 1.893178 -15.019764
v -5.624191 2.078899 -15.377038
v -5.763021 2.078898 -15.019764
v -5.731726 5.620936 -14.875175
v -6.772855 6.434340 -14.875175
v -6.772855 6.834412 -14.875175
v -5.731726 5.620936 -14.875175
v -6.772855 6.834412 -14.875175
v -5.731726 6.834412 -14.875175
v -7.305360 6.434340 -14.875173
v -8.020790 5.811553 -14.875173
v -8.020790 6.834412 -14.875173
v -7.305360 6.434340 -14.875173
v -8.020790 6.834412 -14.875173
v -7.305360 6.834412 -14.875173
v -8.755377 6.434340 -14.875173
v -9.274466 6.434340 -14.875173
v -9.274466 6.834412 -14.875173
v -8.755377 6.834412 -14.875173
v -9.921749 6.108030 -14.875173
v -10.557257 6.434340 -14.875173
v -10.557257 6.834412 -14.875173
v -9.921749 6.108030 -14.875173
v -10.557257 6.834412 -14.875173
v -9.921749 6.834412 -14.875173
v -12.299488 6.434340 -14.875173
v -12.702925 6.434340 -14.875173
v -12.702925 6.834412 -14.875173
v -12.299488 6.834412 -14.875173
v -11.122156 5.715537 -14.875173
v -11.958313 6.434340 -14.875173
v -11.958313 6.834412 -14.875173
v -11.122156 5.715537 -14.875173
v -11.958313 6.834412 -14.875173
v -11.122156 6.834412 -14.875173
v -5.277355 6.415675 -13.516091
v -5.277355 6.921777 -14.583069
v -5.277355 7.240531 -13.510415
v -5.277355 6.724197 -12.487124
v -5.277356 5.698543 -13.179770
v -5.277355 7.343224 -13.174093
v -5.277355 6.724197 -12.487124
v -5.277355 7.343224 -13.174093
v -5.277354 7.549052 -12.481448
v -5.277355 6.802742 -11.107240
v -5.277354 7.878748 -11.112917
v -5.277355 7.559993 -10.040262
v -5.277355 6.802742 -11.107240
v -5.277355 7.559993 -10.040262
v -5.277356 6.735137 -10.034586
v -5.277355 6.022862 -8.970761
v -5.277354 7.245629 -8.976439
v -5.277355 7.031858 -8.257065
v -5.277355 6.022862 -8.970761
v -5.277355 7.031858 -8.257065
v -5.277355 6.207003 -8.251390
v -5.277355 6.102243 -7.924890
v -5.277354 6.927099 -7.930569
v -5.277354 6.835876 -7.623584
v -5.277355 6.102243 -7.924890
v -5.277354 6.835876 -7.623584
v -5.277355 5.541020 -7.617907
v -12.702923 6.434339 -7.623582
v -11.661793 5.498793 -7.623582
v -11.661793 6.834411 -7.623582
v -12.702923 6.434339 -7.623582
v -11.661793 6.834411 -7.623582
v -12.702923 6.834411 -7.623582
v -2.457057 4.693043 -1.436156
v -2.457057 4.693044 -2.272313
v -2.457057 5.093115 -2.272313
v -2.457057 4.693043 -1.436156
v -2.457057 5.093115 -2.272313
v -2.457057 5.093115 -1.436156
v -9.679272 6.434339 -7.623582
v -9.160183 5.967445 -7.623582
v -9.160183 6.834411 -7.623582
v -9.679272 6.434339 -7.623582
v -9.160183 6.834411 -7.623582
v -9.679272 6.834411 -7.623582
v -8.512899 5.912887 -7.623582
v -7.877392 6.434339 -7.623582
v -7.877392 6.834411 -7.623582
v -8.512899 5.912887 -7.623582
v -7.877392 6.834411 -7.623582
v -8.512899 6.834411 -7.623582
v -6.135162 6.434339 -7.623582
v -5.731725 6.434339 -7.623583
v -5.731725 6.834411 -7.623583
v -6.135162 6.834411 -7.623582
v -7.312494 6.434339 -7.623582
v -6.476336 6.434339 -7.623582
v -6.476336 6.834411 -7.623582
v -7.312494 6.834411 -7.623582
v -0.631364 3.178740 -19.445677
v -0.275214 3.178740 -19.445677
v -0.275214 3.560809 -19.445677
v -0.631364 3.560809 -19.445677
v -0.084796 3.027040 -19.502363
v 0.625525 3.274449 -19.554037
v 0.625525 3.548162 -19.554037
v -0.084796 3.027040 -19.502363
v 0.625525 3.548162 -19.554037
v -0.084796 3.548162 -19.502363
v 2.454329 3.235260 -19.681952
v 2.454329 3.548168 -19.681952
v 1.644186 3.548168 -19.622913
v 2.454329 3.235260 -19.681952
v 1.644186 3.548168 -19.622913
v 1.644186 3.235260 -19.622913
v 4.294240 3.027063 -19.812244
v 4.294240 3.548185 -19.812244
v 3.583919 3.548185 -19.760571
v 4.294240 3.027063 -19.812244
v 3.583919 3.548185 -19.760571
v 3.583919 3.274472 -19.760571
v -0.790946 3.530425 -16.811584
v -0.790946 3.873744 -16.811584
v 0.102494 3.873744 -16.811584
v 0.102494 3.377704 -16.811584
v -0.918639 4.039583 -15.355279
v -0.918639 4.327257 -15.657291
v -0.918639 3.892712 -15.657291
v -0.918638 3.831409 -13.891213
v -0.918638 3.525168 -13.261496
v -0.918638 3.882898 -13.261496
v -0.918638 4.127186 -13.891213
v -0.918638 3.852357 -14.996530
v -0.918638 3.890344 -14.521125
v -0.918638 4.366937 -14.521125
v -0.918638 4.551363 -14.996530
v -0.918639 3.877048 -15.910172
v -0.918639 4.223430 -15.910172
v -0.918639 3.943623 -16.631453
v -0.918639 3.473947 -16.631453
v 1.258922 3.356620 -16.811584
v 1.258922 3.873744 -16.811584
v 2.337368 3.873744 -16.811584
v 1.258922 3.356620 -16.811584
v 2.337368 3.873744 -16.811584
v 2.337368 3.274987 -16.811584
v 0.395540 3.377705 -16.811584
v 0.395540 3.873744 -16.811584
v 0.849354 3.873744 -16.811584
v 0.395540 3.377705 -16.811584
v 0.849354 3.873744 -16.811584
v 0.849354 3.377704 -16.811584
v 2.923889 3.377704 -16.811584
v 2.923889 3.873744 -16.811584
v 3.363514 3.873744 -16.811584
v 2.923889 3.377704 -16.811584
v 3.363514 3.873744 -16.811584
v 3.363514 3.377704 -16.811584
v 3.515522 3.356620 -16.811584
v 3.515522 3.873744 -16.811584
v 4.376391 3.873744 -16.811584
v 3.515522 3.356620 -16.811584
v 4.376391 3.873744 -16.811584
v 4.376391 3.291457 -16.811584
v -0.478148 3.413184 -13.247762
v 0.296165 3.354572 -13.247762
v 0.296165 3.878313 -13.247762
v -0.478148 3.413184 -13.247762
v 0.296165 3.878313 -13.247762
v -0.478148 3.878313 -13.247762
v 1.566308 3.413184 -13.247762
v 2.340621 3.354572 -13.247762
v 2.340621 3.878313 -13.247762
v 1.566308 3.413184 -13.247762
v 2.340621 3.878313 -13.247762
v 1.566308 3.878313 -13.247762
v 0.686007 3.413184 -13.247762
v 1.059409 3.384919 -13.247762
v 1.059409 3.878313 -13.247762
v 0.686007 3.878313 -13.247762
v 3.042347 3.384919 -13.247762
v 3.443257 3.354572 -13.247762
v 3.443257 3.878313 -13.247762
v 3.042347 3.384919 -13.247762
v 3.443257 3.878313 -13.247762
v 3.042347 3.878313 -13.247762
v 2.340621 3.878313 -13.247762
v 2.340621 3.354572 -13.247762
v 2.699208 3.354572 -13.247762
v 2.699208 3.878313 -13.247762
v -0.659446 4.105012 -11.438884
v -0.659446 4.448331 -11.438884
v 0.233994 4.448331 -11.438884
v 0.233994 3.952291 -11.438884
v 1.390421 3.931207 -11.438884
v 1.390421 4.448331 -11.438884
v 2.468868 4.448331 -11.438884
v 1.390421 3.931207 -11.438884
v 2.468868 4.448331 -11.438884
v 2.468868 3.849574 -11.438884
v 2.603078 3.952291 -11.438884
v 2.603078 4.448331 -11.438884
v 3.042703 4.448331 -11.438884
v 3.042703 3.952291 -11.438884
v -0.995703 3.841546 -21.225544
v -1.047233 3.868981 -22.027176
v -1.047233 3.412650 -22.027176
v -0.956164 3.561701 -20.610458
v -0.921615 3.280300 -20.072987
v -0.921615 3.820226 -20.072987
v -0.956164 3.561701 -20.610458
v -0.921615 3.820226 -20.072987
v -0.956164 4.048640 -20.610458
v 4.729793 3.841546 -21.641439
v 4.678264 3.412650 -22.443071
v 4.678264 3.868981 -22.443071
v 4.729793 3.841546 -21.641439
v 4.678264 3.868981 -22.443071
v 4.729793 4.218847 -21.641439
v 4.805760 3.504568 -20.459652
v 4.805760 3.800345 -20.459652
v 4.846155 3.547294 -19.868839
v 4.805760 3.504568 -20.459652
v 4.846155 3.547294 -19.868839
v 4.846155 3.189564 -19.868839
v 4.769331 3.663038 -21.251839
v 4.769331 4.149976 -21.251839
v 4.803881 3.921562 -20.714367
v 4.769331 3.663038 -21.251839
v 4.803881 3.921562 -20.714367
v 4.803881 3.381636 -20.714367
v -0.668769 3.850595 -7.752404
v -0.261481 3.739968 -7.752404
v -0.261481 4.448330 -7.752403
v -0.668769 4.448330 -7.752403
v -0.158139 3.982642 -7.752404
v 0.735301 3.193319 -7.752404
v 0.735301 4.448330 -7.752403
v -0.158139 3.982642 -7.752404
v 0.735301 4.448330 -7.752403
v -0.158139 4.448330 -7.752403
v -0.877074 4.381980 -8.454526
v -0.877073 4.103938 -7.824809
v -0.877073 4.461668 -7.824808
v -0.877074 4.677757 -8.454526
v -0.877074 4.358395 -9.559843
v -0.877074 4.418849 -9.084436
v -0.877074 4.895441 -9.084436
v -0.877074 5.057398 -9.559843
v -0.877074 4.428851 -10.473484
v -0.877074 4.775233 -10.473484
v -0.877074 4.531744 -11.194764
v -0.877074 4.062069 -11.194764
v 0.053430 3.208628 -3.233302
v 0.053430 3.806365 -3.233301
v 0.460718 3.806365 -3.233301
v 0.053430 3.208628 -3.233302
v 0.460718 3.806365 -3.233301
v 0.460718 3.098001 -3.233302
v -0.638640 3.208628 -3.233302
v -0.638640 3.806365 -3.233301
v -0.171753 3.806365 -3.233301
v -0.638640 3.208628 -3.233302
v -0.171753 3.806365 -3.233301
v -0.171753 2.815821 -3.233302
v 0.506793 5.388569 -3.342226
v 0.506793 4.584342 -2.712508
v 0.506793 5.480494 -2.712508
v 0.506793 5.684347 -3.342226
v 0.506793 5.383673 -3.910100
v 0.506793 5.155605 -3.371518
v 0.506793 5.695532 -3.371518
v 0.506793 5.870612 -3.910100
v 0.508170 4.901013 -7.637214
v 0.508170 5.719433 -7.637214
v 0.508170 5.485469 -8.358494
v 0.508170 5.015794 -8.358494
v 0.508170 5.825675 -5.587597
v 0.508170 6.379694 -5.587597
v 0.508170 6.122236 -6.390882
v 0.508170 5.195369 -6.390882
v 0.506793 6.074050 -5.448334
v 0.506793 5.258706 -4.818616
v 0.506793 6.165975 -4.818616
v 0.506793 6.369827 -5.448334
v 22.611029 5.949567 -11.479283
v 22.611029 6.529121 -11.479283
v 23.150866 6.337514 -11.479283
v 22.611029 5.949567 -11.479283
v 23.150866 6.337514 -11.479283
v 23.150866 5.859355 -11.479283
v 19.747269 5.857655 -11.479282
v 19.207432 5.767443 -11.479282
v 19.207432 6.245602 -11.479282
v 19.747269 5.857655 -11.479282
v 19.207432 6.245602 -11.479282
v 19.747269 6.437208 -11.479282
v 21.316916 6.411386 -11.479283
v 20.777079 6.321175 -11.479283
v 20.777079 6.799334 -11.479283
v 21.316916 6.411386 -11.479283
v 20.777079 6.799334 -11.479283
v 21.316916 6.990940 -11.479283
v 0.508170 5.409360 -6.802484
v 0.508170 5.988914 -6.802484
v 0.508170 5.815894 -7.342321
v 0.508170 5.319149 -7.342321
v 17.913309 3.077424 -6.591177
v 17.373474 2.987213 -6.591177
v 17.373474 3.465372 -6.591177
v 17.913309 3.077424 -6.591177
v 17.373474 3.465372 -6.591177
v 17.913309 3.656978 -6.591177
v 23.151218 3.630219 -14.768262
v 23.151218 4.209774 -14.768262
v 23.691053 4.018167 -14.768262
v 23.151218 3.630219 -14.768262
v 23.691053 4.018167 -14.768262
v 23.691053 3.540007 -14.768262
v 21.297155 3.185680 -13.373155
v 21.297155 3.679073 -13.373155
v 21.297155 3.679073 -13.774064
v 21.297155 3.155333 -13.774064
v 21.297155 3.185680 -11.595252
v 21.297155 3.679073 -11.595252
v 21.297155 3.679073 -11.996161
v 21.297155 3.185680 -11.595252
v 21.297155 3.679073 -11.996161
v 21.297155 3.155333 -11.996161
v 19.241552 5.778544 -8.833319
v 19.241552 6.271938 -8.833319
v 19.241552 6.271938 -9.234229
v 19.241552 5.778544 -8.833319
v 19.241552 6.271938 -9.234229
v 19.241552 5.748199 -9.234229
v 19.241552 5.778544 -6.341893
v 19.241552 6.271938 -6.341893
v 19.241552 6.271938 -7.037883
v 19.241552 5.748198 -7.037883
v 0.420126 3.400466 0.510659
v 0.420126 3.800537 0.510659
v -0.416032 3.800537 0.510659
v -0.416032 3.400466 0.510659
v -2.457057 4.693044 -5.214212
v -2.457057 4.693044 -5.739842
v -2.457057 5.093116 -5.739842
v -2.457057 4.693044 -5.214212
v -2.457057 5.093116 -5.739842
v -2.457057 5.093116 -5.214212
v 4.479614 3.400466 0.510659
v 4.479614 3.800537 0.510659
v 3.643457 3.800537 0.510659
v 3.643457 3.400466 0.510659
v 2.878831 5.080422 -2.712509
v 2.878831 5.480494 -2.712509
v 2.042674 5.480494 -2.712509
v 2.042674 5.080422 -2.712509
v 7.574066 3.313218 -17.105146
v 7.574066 3.713289 -17.105146
v 7.985224 3.713289 -16.693989
v 7.574066 3.313218 -17.105146
v 7.985224 3.713289 -16.693989
v 7.985224 3.313218 -16.693989
v 5.210481 5.080422 -2.712509
v 5.210481 5.480494 -2.712509
v 4.629014 5.480494 -2.712509
v 5.210481 5.080422 -2.712509
v 4.629014 5.480494 -2.712509
v 4.629014 5.080422 -2.712509
v 10.181807 3.313217 -14.497405
v 10.181807 3.713288 -14.497405
v 10.592964 3.713288 -14.086247
v 10.181807 3.313217 -14.497405
v 10.592964 3.713288 -14.086247
v 10.592964 3.313217 -14.086247
v 10.181807 3.313217 -14.497405
v 9.764534 3.313217 -14.914678
v 9.764534 3.713288 -14.914678
v 10.181807 3.313217 -14.497405
v 9.764534 3.713288 -14.914678
v 10.181807 3.713288 -14.497405
v 3.463379 5.080423 -8.334528
v 2.627222 5.080423 -8.334528
v 2.627222 5.480495 -8.334528
v 3.463379 5.480495 -8.334528
v 7.779313 5.080423 -8.334528
v 6.943154 5.080423 -8.334528
v 6.943154 5.480495 -8.334528
v 7.779313 5.480495 -8.334528
v 13.346840 5.080423 -8.334529
v 12.510681 5.080423 -8.334529
v 12.510681 5.480495 -8.334529
v 13.346840 5.480495 -8.334529
v 19.219469 3.631369 -5.579711
v 19.219471 3.631369 -4.743555
v 19.219471 4.031440 -4.743555
v 19.219469 4.031440 -5.579711
v 19.219469 3.631367 2.458920
v 19.219471 3.631367 3.295076
v 19.219471 4.031438 3.295077
v 19.219469 4.031438 2.458921
v 19.597603 5.932890 -6.082746
v 20.318407 6.189321 -6.082746
v 20.329798 6.633990 -6.082746
v 19.608995 6.377561 -6.082746
v 19.231592 3.009575 0.088745
v 19.220201 3.454245 0.088746
v 18.499399 3.710675 0.088748
v 18.510790 3.266005 0.088748
v 1.480987 10.267735 5.181841
v 0.760184 10.524165 5.181841
v 0.748793 10.968836 5.181841
v 1.480987 10.267735 5.181841
v 0.748793 10.968836 5.181841
v 1.469596 10.712406 5.181841
v -1.061139 10.267735 8.812624
v -0.340336 10.524164 8.812624
v -0.328945 10.968835 8.812624
v -1.061139 10.267735 8.812624
v -0.328945 10.968835 8.812624
v -1.049748 10.712405 8.812624
v -13.313902 4.747309 -0.601191
v -12.593084 5.003738 -0.601191
v -12.581701 5.448409 -0.601191
v -13.313902 4.747309 -0.601191
v -12.581701 5.448409 -0.601191
v -13.302502 5.191979 -0.601191
v -10.807854 4.752129 3.299796
v -11.528671 5.008557 3.299796
v -11.540054 5.453228 3.299796
v -10.819254 5.196798 3.299796
v -7.513956 4.693044 -1.876935
v -7.513956 5.093115 -1.876935
v -7.513956 5.093115 -2.713093
v -7.513956 4.693044 -2.713093
v -7.513957 4.693044 -5.879125
v -7.513957 5.093116 -5.879125
v -7.513957 5.093116 -6.715282
v -7.513957 4.693044 -6.715282
v -10.388537 4.511086 -1.344294
v -10.388537 4.511086 -2.180451
v -10.388537 4.911158 -2.180451
v -10.388537 4.911157 -1.344294
v -10.386713 4.665139 5.201057
v -10.386713 4.665140 4.364902
v -10.386713 5.065210 4.364902
v -10.386713 5.065210 5.201057
v -7.536909 7.490952 3.180139
v -7.536909 7.891025 3.180139
v -7.536909 7.891025 2.343982
v -7.536909 7.490952 2.343982
v -7.536909 7.490953 1.418565
v -7.536909 7.891025 1.418565
v -7.536909 7.891025 0.582410
v -7.536909 7.490953 0.582410
v -2.469770 7.490952 2.466090
v -2.469771 7.490952 1.629933
v -2.469771 7.891025 1.629933
v -2.469770 7.891025 2.466090
v 14.450129 4.911700 -4.776948
v 14.450130 6.134468 -4.782625
v 14.450129 5.920695 -4.063251
v 14.450129 4.911700 -4.776948
v 14.450129 5.920695 -4.063251
v 14.450129 5.095840 -4.057576
v 14.450129 4.644520 -7.161771
v 14.450129 4.828660 -7.881143
v 14.450129 5.653516 -7.875467
v 14.450129 4.644520 -7.161771
v 14.450129 5.653516 -7.875467
v 14.450127 5.867288 -7.156094
v 10.713953 3.220803 -11.944855
v 11.222626 3.287067 -12.453527
v 11.218613 4.111923 -12.449513
v 10.713953 3.220803 -11.944855
v 11.218613 4.111923 -12.449513
v 10.709938 4.443571 -11.940841
v 5.930781 3.384528 -16.259527
v 6.435440 4.275648 -16.764187
v 6.439454 3.450792 -16.768200
v 11.806292 1.849629 -18.605305
v 11.802683 2.948567 -18.601698
v 12.259844 2.650505 -19.058857
v 11.806292 1.849629 -18.605305
v 12.259844 2.650505 -19.058857
v 12.263451 1.909183 -19.062464
v 13.261427 1.907300 -19.137733
v 13.261427 2.307371 -19.137733
v 13.672585 2.307371 -18.726576
v 13.261427 1.907300 -19.137733
v 13.672585 2.307371 -18.726576
v 13.672585 1.907300 -18.726576
v 11.512182 1.952696 -16.217934
v 11.893312 1.952696 -15.848414
v 11.893312 2.312251 -15.848414
v 11.512182 1.952696 -16.217934
v 11.893312 2.312251 -15.848414
v 11.512182 2.312251 -16.217934
v -2.574037 3.685663 -17.565138
v -2.574037 3.959376 -17.921289
v -2.574037 3.959376 -17.565138
v -2.574037 3.594725 -18.936302
v -2.574037 3.976793 -18.936302
v -2.574037 3.976793 -18.580153
v -5.277355 6.415675 -13.516091
v -5.277356 6.096920 -14.588746
v -5.277355 6.921777 -14.583069
v -0.918639 4.444417 -15.355279
v -0.995703 3.841546 -21.225544
v -0.995703 4.218847 -21.225544
v -1.047233 3.868981 -22.027176
v 5.930781 3.384528 -16.259527
v 5.926765 4.607296 -16.255514
v 6.435440 4.275648 -16.764187
v 13.803606 1.849629 -15.934903
v 13.799397 2.933424 -15.948018
v 13.350052 2.641896 -15.481351
v 13.346445 1.909183 -15.477744
vt 0.047423 0.390000
vt 0.274823 0.390000
vt 0.274823 0.665000
vt 0.047423 0.390000
vt 0.274823 0.665000
vt 0.274823 0.390000
vt 0.047423 0.390000
vt 0.502224 0.390000
vt 0.502224 0.665000
vt 0.047423 0.390000
vt 0.502224 0.665000
vt 0.047423 0.665000
vt 0.047423 0.390000
vt 0.502224 0.390000
vt 0.502224 0.665000
vt 0.047423 0.665000
vt 0.047423 0.390000
vt 0.274823 0.390000
vt 0.274823 0.665000
vt 0.047423 0.390000
vt 0.274823 0.665000
vt 0.047423 0.665000
vt 0.047423 0.390000
vt 0.047423 0.665000
vt 0.502224 0.665000
vt 0.047423 0.390000
vt 0.502224 0.665000
vt 0.502224 0.390000
vt 0.274823 0.390000
vt 0.274823 0.665000
vt 0.502224 0.665000
vt 0.502224 0.390000
vt 0.047423 0.390000
vt 0.408112 0.390000
vt 0.408112 0.665000
vt 0.047423 0.390000
vt 0.408112 0.665000
vt 0.047423 0.665000
vt 0.047423 0.390000
vt 0.408112 0.390000
vt 0.408112 0.665000
vt 0.047423 0.390000
vt 0.408112 0.665000
vt 0.047423 0.665000
vt 0.047423 0.390000
vt 0.502224 0.390000
vt 0.502224 0.665000
vt 0.047423 0.390000
vt 0.502224 0.665000
vt 0.047423 0.665000
vt 0.189699 0.390000
vt 0.502224 0.390000
vt 0.502224 0.665000
vt 0.189699 0.390000
vt 0.502224 0.665000
vt 0.189699 0.665000
vt 0.275468 0.390000
vt 0.502224 0.390000
vt 0.502224 0.665000
vt 0.275468 0.665000
vt 0.224612 0.390000
vt 0.502224 0.390000
vt 0.502224 0.665000
vt 0.224612 0.390000
vt 0.502224 0.665000
vt 0.224612 0.665000
vt 0.047423 0.390000
vt 0.223658 0.390000
vt 0.223658 0.665000
vt 0.047423 0.665000
vt 0.047423 0.390000
vt 0.412685 0.390000
vt 0.412685 0.665000
vt 0.047423 0.390000
vt 0.412685 0.665000
vt 0.047423 0.665000
vt 0.047423 0.390000
vt 0.502224 0.665000
vt 0.047423 0.665000
vt 0.047423 0.390000
vt 0.341102 0.390000
vt 0.341102 0.665000
vt 0.047423 0.390000
vt 0.341102 0.665000
vt 0.047423 0.665000
vt 0.047423 0.390000
vt 0.047423 0.665000
vt 0.502224 0.665000
vt 0.047423 0.390000
vt 0.502224 0.665000
vt 0.502224 0.390000
vt 0.197212 0.390000
vt 0.197212 0.665000
vt 0.502224 0.665000
vt 0.197212 0.390000
vt 0.502224 0.665000
vt 0.502224 0.390000
vt 0.047423 0.390000
vt 0.047423 0.665000
vt 0.177583 0.665000
vt 0.047423 0.390000
vt 0.177583 0.665000
vt 0.177583 0.390000
vt 0.047423 0.390000
vt 0.502224 0.390000
vt 0.502224 0.665000
vt 0.047423 0.390000
vt 0.502224 0.665000
vt 0.047423 0.665000
vt 0.047423 0.390000
vt 0.412685 0.390000
vt 0.412685 0.665000
vt 0.047423 0.390000
vt 0.412685 0.665000
vt 0.047423 0.665000
vt 0.275468 0.390000
vt 0.502224 0.390000
vt 0.502224 0.665000
vt 0.275468 0.390000
vt 0.502224 0.665000
vt 0.275468 0.665000
vt 0.224612 0.390000
vt 0.502224 0.390000
vt 0.502224 0.665000
vt 0.224612 0.390000
vt 0.502224 0.665000
vt 0.224612 0.665000
vt 0.047423 0.390000
vt 0.223658 0.390000
vt 0.223658 0.665000
vt 0.047423 0.665000
vt 0.047423 0.390000
vt 0.412685 0.390000
vt 0.412685 0.665000
vt 0.047423 0.665000
vt 0.047423 0.390000
vt 0.274823 0.390000
vt 0.274823 0.665000
vt 0.047423 0.665000
vt 0.047423 0.390000
vt 0.502224 0.390000
vt 0.502224 0.665000
vt 0.047423 0.390000
vt 0.502224 0.665000
vt 0.047423 0.665000
vt 0.047423 0.390000
vt 0.047423 0.665000
vt 0.502224 0.665000
vt 0.047423 0.390000
vt 0.502224 0.665000
vt 0.502224 0.390000
vt 0.047423 0.390000
vt 0.047423 0.665000
vt 0.502224 0.665000
vt 0.047423 0.390000
vt 0.502224 0.665000
vt 0.502224 0.390000
vt 0.047423 0.390000
vt 0.047423 0.665000
vt 0.502224 0.665000
vt 0.502224 0.390000
vt 0.295187 0.390000
vt 0.414640 0.665000
vt 0.414640 0.390000
vt 0.184504 0.390000
vt 0.502224 0.390000
vt 0.502224 0.665000
vt 0.184504 0.665000
vt 0.322183 0.390000
vt 0.502224 0.390000
vt 0.502224 0.665000
vt 0.322183 0.665000
vt 0.047423 0.390000
vt 0.047423 0.665000
vt 0.411340 0.665000
vt 0.411340 0.390000
vt 0.047423 0.390000
vt 0.047423 0.665000
vt 0.502224 0.665000
vt 0.047423 0.390000
vt 0.502224 0.665000
vt 0.502224 0.390000
vt 0.047423 0.390000
vt 0.047423 0.665000
vt 0.278435 0.665000
vt 0.047423 0.390000
vt 0.278435 0.665000
vt 0.278435 0.390000
vt 0.278435 0.390000
vt 0.278435 0.665000
vt 0.502224 0.665000
vt 0.278435 0.390000
vt 0.502224 0.665000
vt 0.502224 0.390000
vt 0.047423 0.390000
vt 0.047423 0.665000
vt 0.410467 0.665000
vt 0.047423 0.390000
vt 0.410467 0.665000
vt 0.410467 0.390000
vt 0.047423 0.390000
vt 0.410467 0.390000
vt 0.410467 0.665000
vt 0.047423 0.390000
vt 0.410467 0.665000
vt 0.047423 0.665000
vt 0.047423 0.390000
vt 0.410467 0.390000
vt 0.410467 0.665000
vt 0.047423 0.390000
vt 0.410467 0.665000
vt 0.047423 0.665000
vt 0.047423 0.390000
vt 0.222496 0.390000
vt 0.222496 0.665000
vt 0.047423 0.665000
vt 0.222496 0.390000
vt 0.410467 0.390000
vt 0.410467 0.665000
vt 0.222496 0.390000
vt 0.410467 0.665000
vt 0.222496 0.665000
vt 0.410467 0.665000
vt 0.410467 0.390000
vt 0.578354 0.390000
vt 0.578354 0.665000
vt 0.047423 0.390000
vt 0.047423 0.665000
vt 0.502224 0.665000
vt 0.502224 0.390000
vt 0.047423 0.390000
vt 0.047423 0.665000
vt 0.502224 0.665000
vt 0.047423 0.390000
vt 0.502224 0.665000
vt 0.502224 0.390000
vt 0.278435 0.390000
vt 0.278435 0.665000
vt 0.502224 0.665000
vt 0.502224 0.390000
vt 0.184504 0.390000
vt 0.502224 0.665000
vt 0.502224 0.390000
vt 0.322183 0.390000
vt 0.502224 0.390000
vt 0.502224 0.665000
vt 0.322183 0.390000
vt 0.502224 0.665000
vt 0.322183 0.665000
vt 0.184504 0.390000
vt 0.502224 0.390000
vt 0.502224 0.665000
vt 0.184504 0.390000
vt 0.502224 0.665000
vt 0.184504 0.665000
vt 0.184504 0.390000
vt 0.184504 0.665000
vt 0.502224 0.665000
vt 0.184504 0.390000
vt 0.502224 0.665000
vt 0.502224 0.390000
vt 0.322183 0.390000
vt 0.322183 0.665000
vt 0.502224 0.665000
vt 0.322183 0.390000
vt 0.502224 0.665000
vt 0.502224 0.390000
vt 0.294895 0.390000
vt 0.502224 0.390000
vt 0.502224 0.665000
vt 0.294895 0.665000
vt 0.047423 0.390000
vt 0.502224 0.390000
vt 0.502224 0.665000
vt 0.047423 0.390000
vt 0.502224 0.665000
vt 0.047423 0.665000
vt 0.184504 0.390000
vt 0.502224 0.390000
vt 0.502224 0.665000
vt 0.184504 0.665000
vt 0.322183 0.390000
vt 0.502224 0.390000
vt 0.502224 0.665000
vt 0.322183 0.665000
vt 0.047423 0.390000
vt 0.047423 0.665000
vt 0.411340 0.665000
vt 0.411340 0.390000
vt 0.294895 0.390000
vt 0.294895 0.665000
vt 0.502224 0.665000
vt 0.294895 0.390000
vt 0.502224 0.665000
vt 0.502224 0.390000
vt 0.294895 0.390000
vt 0.294895 0.665000
vt 0.502224 0.665000
vt 0.294895 0.390000
vt 0.502224 0.665000
vt 0.502224 0.390000
vt 0.184504 0.390000
vt 0.502224 0.390000
vt 0.502224 0.665000
vt 0.184504 0.665000
vt 0.322183 0.390000
vt 0.502224 0.390000
vt 0.502224 0.665000
vt 0.322183 0.665000
vt 0.047423 0.390000
vt 0.047423 0.665000
vt 0.411340 0.665000
vt 0.411340 0.390000
vt 0.184504 0.390000
vt 0.184504 0.665000
vt 0.502224 0.665000
vt 0.502224 0.390000
vt 0.184504 0.390000
vt 0.502224 0.390000
vt 0.502224 0.665000
vt 0.184504 0.665000
vt 0.272865 0.390000
vt 0.272865 0.665000
vt 0.486384 0.665000
vt 0.272865 0.390000
vt 0.486384 0.665000
vt 0.486384 0.390000
vt 0.041886 0.390000
vt 0.255405 0.390000
vt 0.255405 0.665000
vt 0.041886 0.390000
vt 0.255405 0.665000
vt 0.041886 0.665000
vt 0.184504 0.390000
vt 0.398023 0.390000
vt 0.398023 0.665000
vt 0.184504 0.390000
vt 0.398023 0.665000
vt 0.184504 0.665000
vt 0.184504 0.390000
vt 0.184504 0.665000
vt 0.398023 0.665000
vt 0.398023 0.390000
vt 0.184504 0.390000
vt 0.398023 0.390000
vt 0.398023 0.665000
vt 0.184504 0.390000
vt 0.398023 0.665000
vt 0.184504 0.665000
vt 0.184504 0.390000
vt 0.184504 0.665000
vt 0.398023 0.665000
vt 0.184504 0.390000
vt 0.398023 0.665000
vt 0.398023 0.390000
vt 0.222496 0.390000
vt 0.222496 0.665000
vt 0.410467 0.665000
vt 0.410467 0.390000
vt 0.375966 0.390000
vt 0.375966 0.665000
vt 0.563937 0.665000
vt 0.375966 0.390000
vt 0.563937 0.665000
vt 0.563937 0.390000
vt 0.375966 0.390000
vt 0.375966 0.665000
vt 0.563937 0.665000
vt 0.375966 0.390000
vt 0.563937 0.665000
vt 0.563937 0.390000
vt 0.619107 0.464567
vt 0.622041 0.675654
vt 0.412692 0.675216
vt 0.413781 0.450836
vt 0.047423 0.390000
vt 0.047423 0.665000
vt 0.412685 0.665000
vt 0.412685 0.390000
vt 0.312506 0.390000
vt 0.542119 0.390000
vt 0.542119 0.665000
vt 0.312506 0.390000
vt 0.542119 0.665000
vt 0.312506 0.665000
vt 0.047423 0.390000
vt 0.047423 0.665000
vt 0.412685 0.665000
vt 0.412685 0.390000
vt 0.047423 0.390000
vt 0.047423 0.665000
vt 0.412685 0.665000
vt 0.412685 0.390000
vt 0.047423 0.390000
vt 0.047423 0.665000
vt 0.301427 0.665000
vt 0.047423 0.390000
vt 0.301427 0.665000
vt 0.301427 0.390000
vt 0.047423 0.390000
vt 0.047423 0.665000
vt 0.301427 0.665000
vt 0.047423 0.390000
vt 0.301427 0.665000
vt 0.301427 0.390000
vt 0.047423 0.390000
vt 0.047423 0.665000
vt 0.301427 0.665000
vt 0.047423 0.390000
vt 0.301427 0.665000
vt 0.301427 0.390000
vt 0.321807 0.390000
vt 0.064026 0.390000
vt 0.064026 0.665000
vt 0.321807 0.390000
vt 0.064026 0.665000
vt 0.321807 0.665000
vt 0.047423 0.390000
vt 0.412685 0.390000
vt 0.412685 0.665000
vt 0.047423 0.665000
vt 0.047423 0.390000
vt 0.412685 0.390000
vt 0.412685 0.665000
vt 0.047423 0.665000
vt 0.047423 0.390000
vt 0.412685 0.390000
vt 0.412685 0.665000
vt 0.047423 0.665000
vt 0.047423 0.390000
vt 0.412685 0.390000
vt 0.412685 0.665000
vt 0.047423 0.665000
vt 0.047423 0.390000
vt 0.412685 0.390000
vt 0.412685 0.665000
vt 0.047423 0.665000
vt 0.047423 0.390000
vt 0.502224 0.390000
vt 0.502224 0.665000
vt 0.047423 0.665000
vt 0.047423 0.390000
vt 0.047423 0.665000
vt 0.502224 0.665000
vt 0.502224 0.390000
vt 0.047423 0.390000
vt 0.502224 0.390000
vt 0.502224 0.665000
vt 0.047423 0.390000
vt 0.502224 0.665000
vt 0.047423 0.665000
vt 0.047423 0.390000
vt 0.502224 0.390000
vt 0.502224 0.665000
vt 0.047423 0.390000
vt 0.502224 0.665000
vt 0.047423 0.665000
vt 0.047423 0.390000
vt 0.502224 0.390000
vt 0.502224 0.665000
vt 0.047423 0.390000
vt 0.502224 0.665000
vt 0.047423 0.665000
vt 0.047423 0.390000
vt 0.502224 0.390000
vt 0.502224 0.665000
vt 0.047423 0.665000
vt 0.047423 0.390000
vt 0.047423 0.665000
vt 0.412685 0.665000
vt 0.412685 0.390000
vt 0.047423 0.390000
vt 0.047423 0.665000
vt 0.412685 0.665000
vt 0.412685 0.390000
vt 0.047423 0.390000
vt 0.412685 0.390000
vt 0.412685 0.665000
vt 0.047423 0.665000
vt 0.047423 0.390000
vt 0.412685 0.390000
vt 0.412685 0.665000
vt 0.047423 0.665000
vt 0.047423 0.390000
vt 0.047423 0.665000
vt 0.412685 0.665000
vt 0.412685 0.390000
vt 0.047423 0.390000
vt 0.047423 0.665000
vt 0.412685 0.665000
vt 0.412685 0.390000
vt 0.047423 0.390000
vt 0.412685 0.390000
vt 0.412685 0.665000
vt 0.047423 0.665000
vt 0.197212 0.390000
vt 0.197212 0.665000
vt 0.502224 0.665000
vt 0.197212 0.390000
vt 0.502224 0.665000
vt 0.502224 0.390000
vt 0.197212 0.390000
vt 0.502224 0.390000
vt 0.502224 0.665000
vt 0.197212 0.390000
vt 0.502224 0.665000
vt 0.197212 0.665000
vt 0.197212 0.390000
vt 0.502224 0.390000
vt 0.502224 0.665000
vt 0.197212 0.390000
vt 0.502224 0.665000
vt 0.197212 0.665000
vt 0.197212 0.390000
vt 0.502224 0.665000
vt 0.502224 0.390000
vt 0.197212 0.390000
vt 0.197212 0.665000
vt 0.502224 0.665000
vt 0.197212 0.390000
vt 0.502224 0.665000
vt 0.502224 0.390000
vt 0.047423 0.390000
vt 0.047423 0.665000
vt 0.301427 0.665000
vt 0.047423 0.390000
vt 0.301427 0.665000
vt 0.301427 0.390000
vt 0.047423 0.390000
vt 0.301427 0.390000
vt 0.301427 0.665000
vt 0.047423 0.390000
vt 0.301427 0.665000
vt 0.047423 0.665000
vt 0.047423 0.390000
vt 0.274823 0.665000
vt 0.047423 0.665000
vt 0.047423 0.390000
vt 0.047423 0.665000
vt 0.274823 0.665000
vt 0.047423 0.390000
vt 0.502224 0.390000
vt 0.502224 0.665000
vt 0.295187 0.665000
vt 0.184504 0.390000
vt 0.184504 0.665000
vt 0.502224 0.665000
vt 0.197212 0.390000
vt 0.197212 0.665000
vt 0.502224 0.665000
vt 0.197212 0.390000
vt 0.197212 0.665000
vt 0.502224 0.665000
vt 0.502224 0.390000
vn 1.0000 0.0000 0.0000
vn -0.0000 0.0000 1.0000
vn -0.3282 0.0000 0.9446
vn 0.9321 0.0000 0.3622
vn 0.0000 0.0000 -1.0000
vn 0.0726 0.0000 0.9974
vn 0.0727 0.0000 0.9974
vn -1.0000 0.0000 0.0000
vn -0.9979 0.0000 0.0641
vn 0.9979 0.0000 -0.0641
vn 0.9977 0.0000 -0.0682
vn 0.9979 0.0000 -0.0642
vn 0.7071 0.0000 -0.7071
vn 0.7071 -0.0000 0.7071
vn -0.7071 -0.0000 -0.7071
vn -0.6961 0.0000 0.7180
vn 0.7131 0.0069 0.7010
vn 0.7129 0.0067 0.7012
vn 0.7130 0.0068 0.7011
usemtl icicles
s off
f 1/1/1 2/2/1 3/3/1
f 4/4/1 5/5/1 6/6/1
f 7/7/1 8/8/1 9/9/1
f 10/10/1 11/11/1 12/12/1
f 13/13/1 14/14/1 15/15/1
f 13/13/1 15/15/1 16/16/1
f 17/17/2 18/18/2 19/19/2
f 20/20/2 21/21/2 22/22/2
f 23/23/2 24/24/2 25/25/2
f 26/26/2 27/27/2 28/28/2
f 29/29/2 30/30/2 31/31/2
f 29/29/2 31/31/2 32/32/2
f 33/33/3 34/34/3 35/35/3
f 36/36/3 37/37/3 38/38/3
f 39/39/4 40/40/4 41/41/4
f 42/42/4 43/43/4 44/44/4
f 45/45/5 46/46/5 47/47/5
f 48/48/5 49/49/5 50/50/5
f 51/51/5 52/52/5 53/53/5
f 54/54/5 55/55/5 56/56/5
f 57/57/5 58/58/5 59/59/5
f 57/57/5 59/59/5 60/60/5
f 61/61/5 62/62/5 63/63/5
f 64/64/5 65/65/5 66/66/5
f 67/67/5 68/68/5 69/69/5
f 67/67/5 69/69/5 70/70/5
f 71/71/5 72/72/5 73/73/5
f 74/74/5 75/75/5 76/76/5
f 77/77/1 78/78/1 79/79/1
f 80/80/1 81/81/1 82/82/1
f 83/83/1 84/84/1 85/85/1
f 86/86/1 87/87/1 88/88/1
f 89/89/1 90/90/1 91/91/1
f 92/92/1 93/93/1 94/94/1
f 95/95/1 96/96/1 97/97/1
f 98/98/1 99/99/1 100/100/1
f 101/101/1 102/102/1 103/103/1
f 104/104/2 105/105/2 106/106/2
f 107/107/2 108/108/2 109/109/2
f 110/110/1 111/111/1 112/112/1
f 113/113/1 114/114/1 115/115/1
f 116/116/2 117/117/2 118/118/2
f 119/119/2 120/120/2 121/121/2
f 122/122/2 123/123/2 124/124/2
f 125/125/2 126/126/2 127/127/2
f 128/128/2 129/129/2 130/130/2
f 128/128/2 130/130/2 131/131/2
f 132/132/2 133/133/2 134/134/2
f 132/132/2 134/134/2 135/135/2
f 136/136/2 137/137/2 138/138/2
f 136/136/2 138/138/2 139/139/2
f 140/140/6 141/141/6 142/142/6
f 143/143/6 144/144/6 145/145/6
f 146/146/7 147/147/7 148/148/7
f 149/149/7 150/150/7 151/151/7
f 152/152/6 153/153/6 154/154/6
f 155/155/6 156/156/6 157/157/6
f 158/158/5 159/159/5 160/160/5
f 158/158/5 160/160/5 161/161/5
f 162/162/8 163/163/8 164/164/8
f 165/165/8 166/166/8 167/167/8
f 165/165/8 167/167/8 168/168/8
f 169/169/8 170/170/8 171/171/8
f 169/169/8 171/171/8 172/172/8
f 173/173/8 174/174/8 175/175/8
f 173/173/8 175/175/8 176/176/8
f 177/177/5 178/178/5 179/179/5
f 180/180/5 181/181/5 182/182/5
f 183/183/5 184/184/5 185/185/5
f 186/186/5 187/187/5 188/188/5
f 189/189/5 190/190/5 191/191/5
f 192/192/5 193/193/5 194/194/5
f 195/195/5 196/196/5 197/197/5
f 198/198/5 199/199/5 200/200/5
f 201/201/2 202/202/2 203/203/2
f 204/204/2 205/205/2 206/206/2
f 207/207/2 208/208/2 209/209/2
f 210/210/2 211/211/2 212/212/2
f 213/213/2 214/214/2 215/215/2
f 213/213/2 215/215/2 216/216/2
f 217/217/2 218/218/2 219/219/2
f 220/220/2 221/221/2 222/222/2
f 223/223/2 224/224/2 225/225/2
f 223/223/2 225/225/2 226/226/2
f 227/227/5 228/228/5 229/229/5
f 227/227/5 229/229/5 230/230/5
f 231/231/5 232/232/5 233/233/5
f 234/234/5 235/235/5 236/236/5
f 237/237/5 238/238/5 239/239/5
f 237/237/5 239/239/5 240/240/5
f 241/241/9 242/242/9 243/243/9
f 244/244/9 245/245/9 246/246/9
f 247/247/9 248/248/9 249/249/9
f 250/250/10 251/251/10 252/252/10
f 253/253/10 254/254/10 255/255/10
f 256/256/11 257/257/11 258/258/11
f 259/259/11 260/260/11 261/261/11
f 262/262/12 263/263/12 264/264/12
f 265/265/12 266/266/12 267/267/12
f 268/268/2 269/269/2 270/270/2
f 268/268/2 270/270/2 271/271/2
f 272/272/2 273/273/2 274/274/2
f 275/275/2 276/276/2 277/277/2
f 278/278/8 279/279/8 280/280/8
f 278/278/8 280/280/8 281/281/8
f 282/282/8 283/283/8 284/284/8
f 282/282/8 284/284/8 285/285/8
f 286/286/8 287/287/8 288/288/8
f 286/286/8 288/288/8 289/289/8
f 290/290/5 291/291/5 292/292/5
f 293/293/5 294/294/5 295/295/5
f 296/296/5 297/297/5 298/298/5
f 299/299/5 300/300/5 301/301/5
f 302/302/8 303/303/8 304/304/8
f 302/302/8 304/304/8 305/305/8
f 306/306/8 307/307/8 308/308/8
f 306/306/8 308/308/8 309/309/8
f 310/310/8 311/311/8 312/312/8
f 310/310/8 312/312/8 313/313/8
f 314/314/8 315/315/8 316/316/8
f 314/314/8 316/316/8 317/317/8
f 318/318/8 319/319/8 320/320/8
f 318/318/8 320/320/8 321/321/8
f 322/322/5 323/323/5 324/324/5
f 325/325/5 326/326/5 327/327/5
f 328/328/5 329/329/5 330/330/5
f 331/331/5 332/332/5 333/333/5
f 334/334/5 335/335/5 336/336/5
f 337/337/5 338/338/5 339/339/5
f 340/340/8 341/341/8 342/342/8
f 340/340/8 342/342/8 343/343/8
f 344/344/5 345/345/5 346/346/5
f 347/347/5 348/348/5 349/349/5
f 350/350/5 351/351/5 352/352/5
f 353/353/5 354/354/5 355/355/5
f 356/356/8 357/357/8 358/358/8
f 356/356/8 358/358/8 359/359/8
f 360/360/8 361/361/8 362/362/8
f 363/363/8 364/364/8 365/365/8
f 366/366/8 367/367/8 368/368/8
f 369/369/8 370/370/8 371/371/8
f 372/372/8 373/373/8 374/374/8
f 372/372/8 374/374/8 375/375/8
f 376/376/2 377/377/2 378/378/2
f 376/376/2 378/378/2 379/379/2
f 380/380/1 381/381/1 382/382/1
f 383/383/1 384/384/1 385/385/1
f 386/386/2 387/387/2 388/388/2
f 386/386/2 388/388/2 389/389/2
f 390/390/2 391/391/2 392/392/2
f 390/390/2 392/392/2 393/393/2
f 394/394/13 395/395/13 396/396/13
f 397/397/13 398/398/13 399/399/13
f 400/400/2 401/401/2 402/402/2
f 403/403/2 404/404/2 405/405/2
f 406/406/13 407/407/13 408/408/13
f 409/409/13 410/410/13 411/411/13
f 412/412/13 413/413/13 414/414/13
f 415/415/13 416/416/13 417/417/13
f 418/418/5 419/419/5 420/420/5
f 418/418/5 420/420/5 421/421/5
f 422/422/5 423/423/5 424/424/5
f 422/422/5 424/424/5 425/425/5
f 426/426/5 427/427/5 428/428/5
f 426/426/5 428/428/5 429/429/5
f 430/430/8 431/431/8 432/432/8
f 430/430/8 432/432/8 433/433/8
f 434/434/8 435/435/8 436/436/8
f 434/434/8 436/436/8 437/437/8
f 438/438/2 439/439/2 440/440/2
f 438/438/2 440/440/2 441/441/2
f 442/442/2 443/443/2 444/444/2
f 442/442/2 444/444/2 445/445/2
f 446/446/5 447/447/5 448/448/5
f 449/449/5 450/450/5 451/451/5
f 452/452/2 453/453/2 454/454/2
f 455/455/2 456/456/2 457/457/2
f 458/458/2 459/459/2 460/460/2
f 461/461/2 462/462/2 463/463/2
f 464/464/5 465/465/5 466/466/5
f 464/464/5 466/466/5 467/467/5
f 468/468/8 469/469/8 470/470/8
f 468/468/8 470/470/8 471/471/8
f 472/472/8 473/473/8 474/474/8
f 472/472/8 474/474/8 475/475/8
f 476/476/1 477/477/1 478/478/1
f 476/476/1 478/478/1 479/479/1
f 480/480/1 481/481/1 482/482/1
f 480/480/1 482/482/1 483/483/1
f 484/484/8 485/485/8 486/486/8
f 484/484/8 486/486/8 487/487/8
f 488/488/8 489/489/8 490/490/8
f 488/488/8 490/490/8 491/491/8
f 492/492/1 493/493/1 494/494/1
f 492/492/1 494/494/1 495/495/1
f 496/496/1 497/497/1 498/498/1
f 499/499/1 500/500/1 501/501/1
f 502/502/1 503/503/1 504/504/1
f 505/505/1 506/506/1 507/507/1
f 508/508/14 509/509/14 510/510/14
f 511/511/14 512/512/14 513/513/14
f 514/514/15 515/515/15 516/516/15
f 517/517/15 518/518/15 519/519/15
f 520/520/15 521/521/15 522/522/15
f 523/523/13 524/524/13 525/525/13
f 526/526/13 527/527/13 528/528/13
f 529/529/16 530/530/16 531/531/16
f 532/532/16 533/533/16 534/534/16
s 1
f 535/535/1 536/536/1 537/537/1
f 538/538/1 539/539/1 540/540/1
f 541/541/1 542/542/1 543/543/1
f 162/162/8 544/544/8 163/163/8
f 545/545/9 546/546/9 547/547/9
f 548/548/15 549/549/15 550/550/15
f 551/551/17 552/552/18 553/553/19
f 551/551/17 553/553/19 554/554/18
o terrain1_DeadShot2Alaska_Mesh_Output
v 483.725067 -34.484188 -308.844727
v 487.684509 -24.239779 -317.958618
v 491.255585 -7.524086 -327.242188
v 481.235657 20.247231 -331.229980
v 494.507233 -2.362555 -337.679565
v 484.647125 30.820276 -341.090820
v 464.552032 -7.072084 -314.920593
v 468.820251 23.478004 -328.773712
v 474.786285 45.316952 -344.502319
v 488.058624 31.804836 -350.951660
v 478.197784 44.071651 -354.363159
v 451.279816 -15.915584 -308.471191
v 461.140533 -27.689388 -305.059753
v 444.582489 15.223731 -320.831451
v 460.668976 50.188515 -336.906494
v 464.925507 52.650738 -347.913818
v 441.418915 -0.489131 -311.882690
v 448.241913 37.930565 -331.604370
v 451.653168 50.853268 -341.464478
v 455.064667 40.397808 -351.325317
v 424.736084 -17.710150 -295.573029
v 434.596191 -29.576696 -292.161804
v 438.007660 -12.119770 -302.022583
v 416.640411 27.109455 -306.199432
v 441.418915 -0.489131 -311.882690
v 421.858459 52.930336 -318.651184
v 412.459869 -30.023733 -288.656982
v 421.324585 -40.661018 -285.712219
v 401.322266 -18.390249 -292.596375
v 399.629333 63.584949 -315.449585
v 411.837189 73.681450 -322.116943
v 425.109528 61.065514 -328.566284
v 415.248688 65.434669 -331.977783
v 401.977081 68.467949 -325.528198
v 405.388580 43.368279 -335.389038
v 381.875671 -1.356848 -299.364197
v 388.705048 56.729210 -319.079559
v 392.116302 57.560387 -328.939667
v 395.527802 28.721155 -338.800507
v 320.849792 40.374401 -154.859863
v 330.710632 60.860970 -151.448349
v 334.122131 68.088127 -161.309158
v 327.626984 33.101665 -174.189514
v 337.533630 57.219265 -171.169983
v 340.577209 24.673798 -182.255753
v 368.609711 -15.902441 -292.908569
v 378.470551 -22.389715 -289.497070
v 372.021210 -1.957889 -302.769409
v 375.432709 37.614239 -312.630249
v 378.844208 62.984215 -322.491058
v 382.255463 41.629936 -332.351166
v 317.023224 9.084654 -174.346313
v 321.223419 -8.856438 -187.853821
v 362.160370 3.952721 -306.180908
v 365.571869 18.268278 -316.041748
v 368.983337 45.140739 -325.902588
v 372.394592 32.395927 -335.762695
v 301.128845 -9.668629 -161.682617
v 310.988953 10.948665 -158.271378
v 304.540344 -4.343386 -171.543427
v 307.951813 -4.962761 -181.404236
v 311.363312 -10.835052 -191.265045
v 345.356293 26.585213 -322.452454
v 359.123230 45.535717 -329.313782
v 362.534485 36.190025 -339.173889
v 291.268066 -15.616154 -165.094086
v 294.679565 -5.181139 -174.954895
v 298.091034 -1.743958 -184.815720
v 349.262451 37.991333 -332.725281
v 278.007812 -34.317051 -158.582458
v 287.856812 -29.916357 -155.233948
v 277.986053 -17.028475 -178.228867
v 283.216888 -6.760627 -190.029968
v 301.595459 -4.562025 -194.898743
v 304.913788 -12.254917 -204.536682
v 295.052948 -12.674152 -207.948181
v 268.135864 -34.389965 -162.056702
v 281.781586 -2.608732 -201.499268
v 285.192841 -10.652454 -211.359436
v 254.863525 -41.199337 -155.607376
v 264.724365 -43.068386 -152.195877
v 249.914032 -30.575825 -167.474258
v 267.232056 -2.729964 -192.442947
v 267.823730 0.224430 -206.290558
v 241.591187 -45.703621 -149.158051
v 251.452026 -48.704041 -145.746567
v 259.261810 1.375245 -191.858139
v 309.819794 26.575605 -346.371033
v 319.768799 30.955490 -343.560242
v 311.679230 60.467464 -359.627197
v 326.503387 50.876629 -362.680481
v 316.642548 72.138138 -366.091980
v 329.914886 46.028351 -372.541290
v 320.054047 64.661194 -375.952789
v 228.319153 -52.445801 -142.709412
v 238.179932 -53.667732 -139.297943
v 230.812592 -38.118618 -154.560425
v 243.553894 -2.679566 -186.277405
v 248.787628 5.653399 -201.872940
v 252.199127 8.441273 -211.733749
v 299.959045 26.494331 -349.782501
v 301.562988 67.256485 -371.660614
v 310.193268 62.686234 -379.364258
v 218.633179 -53.995628 -146.568344
v 213.392883 -33.396526 -159.634338
v 222.064301 -13.094255 -175.341614
v 224.936707 9.334900 -188.170914
v 235.515930 9.148286 -195.423401
v 238.927429 11.401507 -205.284210
v 286.687347 22.516058 -343.332947
v 296.547546 21.910284 -339.921692
v 291.713501 50.275467 -357.015930
v 300.333069 41.558395 -382.775513
v 310.567291 25.760088 -412.357300
v 320.427521 28.425076 -408.946045
v 323.838989 32.541058 -418.806885
v 313.978790 44.267609 -422.218140
v 327.250244 28.989222 -428.666992
v 317.390045 43.462791 -432.078247
v 205.186707 -66.926399 -139.671341
v 215.047455 -66.281471 -136.259872
v 224.778625 26.109163 -198.561615
v 229.066650 24.904865 -208.695694
v 270.003601 14.212606 -327.022766
v 279.864349 18.068596 -323.611267
v 283.275848 23.706701 -333.472107
v 273.415100 21.800171 -336.883606
v 276.826599 21.213642 -346.744446
v 282.679901 34.528454 -362.414246
v 287.060822 28.260399 -376.326202
v 290.472321 27.261553 -386.187012
v 300.706543 16.966066 -415.768738
v 304.118042 25.873827 -425.629578
v 307.529266 51.158203 -435.489685
v 320.801544 56.201900 -441.939026
v 310.940765 73.414154 -445.350525
v 195.325836 -65.270615 -143.082840
v 198.191742 -49.208775 -156.403290
v 209.023163 -9.179650 -181.313431
v 209.652008 30.318483 -204.490387
v 211.369324 24.823292 -214.731384
v 259.260132 7.531523 -330.393585
v 266.965729 18.143618 -350.155945
v 273.730408 20.055563 -369.717316
v 277.199982 17.665228 -379.737701
v 294.257172 36.947205 -429.041138
v 297.668427 70.763374 -438.901245
v 301.079926 86.574951 -448.762024
v 180.878250 -75.847298 -137.059555
v 191.914368 -75.702705 -133.222031
v 178.257034 -63.499405 -150.488541
v 193.252319 -39.089619 -163.739807
v 284.397064 64.249733 -432.452332
v 287.808319 81.113853 -442.312439
v 291.219788 71.466202 -452.173279
v 178.853516 -49.344074 -160.968918
v 178.981018 5.580857 -190.263107
v 184.047455 19.965654 -200.391251
v 188.715271 30.503422 -211.342667
v 199.484863 21.737188 -218.929932
v 247.244781 24.419817 -356.978668
v 257.105621 25.391970 -353.567169
v 260.517090 30.325478 -363.427979
v 241.993744 64.789963 -370.027679
v 263.928345 26.380911 -373.288086
v 245.736969 57.848938 -379.471161
v 274.536224 71.368340 -435.863831
v 277.947479 72.878052 -445.723938
v 281.358978 59.283382 -455.584778
v 162.336929 -72.638435 -143.483521
v 170.939514 -30.178316 -172.389130
v 189.624054 14.205465 -222.341415
v 233.962738 21.451921 -350.551880
v 243.833313 11.500779 -347.117859
v 149.060303 -79.517502 -137.006912
v 158.921112 -80.846069 -133.595428
v 160.089203 -20.631859 -184.913376
v 173.133301 18.851183 -204.361053
v 176.351746 22.155704 -215.892090
v 179.763245 8.081931 -225.752899
v 220.408844 25.133600 -344.349854
v 230.561005 10.160507 -340.668488
v 214.305908 52.340969 -357.658234
v 230.934662 66.665375 -373.662476
v 234.345917 64.417236 -383.522583
v 98.263222 45.977894 -22.091080
v 108.123367 52.991062 -18.679815
v 111.534859 56.478642 -28.540632
v 101.674713 57.721760 -31.951895
v 114.946106 70.280006 -38.400761
v 105.085960 65.919609 -41.812023
v 118.357605 60.290535 -48.261585
v 108.497459 47.837456 -51.672852
v 145.666397 -77.763229 -127.128479
v 136.007568 -77.241287 -141.125656
v 143.639618 -58.454365 -158.448349
v 151.384735 9.378847 -201.020813
v 163.080124 20.147144 -209.442535
v 166.491608 17.850088 -219.303345
v 204.017303 21.979698 -327.770325
v 213.877441 9.077445 -324.359070
v 207.428772 41.964386 -337.631104
v 201.912384 43.628128 -350.390869
v 207.379242 56.943459 -363.751465
v 221.074493 56.622494 -377.073730
v 88.402412 39.364246 -25.502565
v 91.813904 42.215691 -35.363380
v 95.225151 44.030693 -45.223511
v 98.636650 29.465372 -55.084339
v 125.928093 -80.538582 -133.969528
v 129.382263 -31.373171 -178.467957
v 139.659271 -3.810217 -195.983368
v 151.846985 25.263294 -211.666275
v 156.630798 18.878469 -222.714844
v 190.744995 24.939215 -321.320953
v 200.605804 13.276434 -317.909485
v 197.034912 34.736416 -335.107086
v 207.802216 47.975647 -370.624390
v 211.213684 46.822792 -380.485229
v 224.485748 50.664097 -386.933838
v 214.624939 46.179638 -390.345337
v 58.073086 44.869900 30.249489
v 67.933945 51.101528 33.660988
v 71.345192 63.639324 23.800852
v 61.484337 50.559597 20.389351
v 74.756683 59.155483 13.940042
v 64.895828 49.255142 10.528542
v 78.168175 61.494919 4.079218
v 68.307320 50.106750 0.667717
v 81.579430 62.335587 -5.780920
v 71.718575 52.177399 -9.192420
v 75.130066 38.031315 -19.053247
v 84.990921 44.184071 -15.641747
v 78.541557 27.116444 -28.914074
v 81.953049 27.635748 -38.774883
v 85.364296 15.013969 -48.635021
v 88.775795 -1.421148 -58.495850
v 102.048141 7.547985 -64.945168
v 92.187286 -15.724270 -68.356674
v 105.459389 -13.051051 -74.805290
v 87.269882 -30.108149 -77.381264
v 108.870880 -30.936716 -84.666115
v 99.010025 -39.102409 -88.077614
v 109.244263 -71.047234 -117.659401
v 119.105118 -65.609520 -114.247894
v 123.416077 -76.427559 -126.670692
v 112.614449 -80.623116 -135.223419
v 113.089737 -63.080502 -158.247971
v 143.358459 22.821812 -216.265533
v 146.769943 15.254310 -226.126343
v 180.884125 24.579163 -324.732452
v 184.295624 24.209206 -334.593292
v 187.707123 21.783682 -344.454102
v 191.078705 29.943520 -354.347534
v 201.104187 33.467632 -383.160248
v 204.764099 37.165619 -393.756836
v 41.389992 55.325356 46.559868
v 51.250103 41.756248 49.971123
v 54.661591 45.859566 40.110313
v 44.801479 42.241966 36.699059
v 48.212975 36.496029 26.838232
v 51.624226 37.392941 16.978094
v 55.035713 37.491547 7.117285
v 58.447208 37.487900 -2.743540
v 61.858463 37.046024 -12.603662
v 65.269958 27.724125 -22.464497
v 68.681442 16.920279 -32.325314
v 72.092934 17.955223 -42.186131
v 75.504189 -2.242819 -52.046265
v 78.915680 -19.582891 -61.907093
v 82.327171 -29.857937 -71.767921
v 89.243134 -44.254608 -91.279503
v 96.096710 -67.895950 -110.920448
v 105.833008 -61.790340 -107.799263
v 120.195015 -36.482273 -174.898987
v 123.264107 -3.737899 -190.094986
v 125.828278 6.671084 -201.946289
v 133.498352 27.621176 -219.676773
v 136.909821 16.817329 -229.537582
v 174.435516 11.986303 -338.004547
v 177.847015 17.000404 -347.865356
v 31.529163 57.590279 43.148384
v 34.940651 30.010950 33.287571
v 38.352146 24.304455 23.426746
v 41.763397 25.738935 13.566608
v 45.174885 27.296127 3.705800
v 48.586380 28.499056 -6.155024
v 51.997635 23.680712 -16.015163
v 55.409126 15.070210 -25.875998
v 58.820618 5.072699 -35.736816
v 62.232109 -4.364601 -45.597633
v 65.643356 -20.454969 -55.457767
v 69.054855 -29.841145 -65.318596
v 60.797699 -52.221035 -77.791794
v 92.561401 -58.548172 -101.349686
v 62.861679 -67.123917 -95.430367
v 76.328094 -78.450264 -118.943794
v 91.240677 -79.264687 -133.009857
v 83.566750 -71.652519 -142.499802
v 88.077324 -52.739864 -160.140579
v 104.052605 33.369675 -196.510529
v 120.226265 27.721241 -213.228119
v 123.637520 28.780294 -223.088272
v 18.256836 55.643074 49.597725
v 28.117668 63.278511 53.009228
v 21.668333 40.957939 39.736885
v 25.079821 24.765329 29.876072
v 28.491316 11.875501 20.015245
v 31.902567 12.185179 10.155107
v 35.314056 14.783157 0.294298
v 38.725548 15.070940 -9.566525
v 42.136803 14.171832 -19.426664
v 45.548294 2.395849 -29.287491
v 48.959785 -9.308564 -39.148308
v 52.371277 -19.802742 -49.009129
v 55.782528 -33.249844 -58.869259
v 59.194023 -43.807552 -68.730087
v 76.882431 5.229278 -183.083191
v 90.750526 25.779587 -190.654602
v 106.953941 31.892460 -206.778809
v 110.365433 30.471869 -216.639618
v 1.573311 52.858112 65.907173
v 11.434097 53.278095 69.318657
v 14.845589 63.382236 59.457836
v 4.984802 46.289772 56.046349
v 8.396049 38.854439 46.186241
v 11.807541 27.626978 36.325397
v 15.219032 11.064036 26.464586
v 18.630524 2.616406 16.603760
v 22.041777 -0.135667 6.743622
v 25.453264 -0.305115 -3.117188
v 28.864759 3.737551 -12.978011
v 32.276016 7.716694 -22.838140
v 35.687508 -0.449733 -32.698975
v 39.098999 -22.027489 -42.559795
v 42.510487 -33.655205 -52.420612
v 45.921738 -40.223553 -62.280746
v 61.146606 -81.081474 -119.655663
v 70.965584 -59.821007 -152.083786
v 86.021271 33.214512 -202.934326
v 97.093147 29.915302 -210.190277
v -11.698303 59.435215 72.356728
v -1.838173 44.163609 75.767982
v -8.286823 49.938740 62.495918
v -4.875332 37.373955 52.635094
v -1.464085 23.122688 42.774982
v 1.947411 12.551111 32.914143
v 5.358898 4.056728 23.053329
v 8.770393 -2.507967 13.192505
v 12.181644 -7.631608 3.332366
v 15.593132 -9.492637 -6.528443
v 19.004627 -7.098431 -16.389269
v 22.415882 -14.057529 -26.249392
v 25.827374 -24.579454 -36.110226
v 29.238865 -39.550873 -45.971046
v 32.650356 -45.322372 -55.831863
v 36.061607 -51.772396 -65.691994
v 22.640827 -76.991966 -89.960953
v 41.175797 -69.084709 -131.240189
v 61.908676 -38.386257 -163.733612
v 80.410278 29.111147 -193.880585
v 87.233017 21.912479 -213.601532
v -21.559135 49.534107 68.945244
v -18.147652 43.252811 59.084435
v -14.736160 30.086174 49.223606
v -11.324913 20.804453 39.363499
v -7.913418 13.702189 29.502657
v -4.501930 6.020000 19.641848
v -1.090435 -2.158114 9.781021
v 9.143799 -23.272800 -19.800755
v 12.555054 -29.707483 -29.660894
v 15.966545 -37.856377 -39.521729
v 19.378036 -46.149170 -49.382545
v 22.789526 -53.833546 -59.243362
v 26.200777 -59.544415 -69.103493
v 16.488823 -80.543060 -97.369629
v 46.646072 -55.007523 -145.084732
v 54.621429 5.271956 -178.805786
v 66.544914 34.102280 -188.678345
v 73.960701 39.636005 -207.152206
v 77.372192 21.156530 -217.013031
v -31.419968 49.228825 65.533745
v -28.008484 43.555199 55.672935
v -24.596992 34.337746 45.812107
v -21.185745 24.899714 35.952000
v -17.774246 18.036297 26.091160
v -14.362762 9.600354 16.230349
v -10.951263 0.872985 6.369522
v 2.320816 -10.897888 -0.079119
v -7.540016 -0.057525 -3.490616
v -6.461876 1.645922 -14.544357
v 5.732304 -18.040327 -9.939929
v -0.717033 -15.064732 -23.212252
v 2.694221 -30.543779 -33.072384
v 6.105713 -42.190483 -42.933220
v 9.517204 -48.530220 -52.794037
v 12.928696 -56.912838 -62.654854
v 33.881683 -19.972441 -157.501755
v 57.277122 26.996689 -190.842743
v 60.688614 20.630663 -200.703568
v 64.099869 7.161625 -210.563690
v -41.280098 60.583393 62.122494
v -37.868614 46.836082 52.261681
v -34.457123 44.321358 42.400856
v -31.045876 35.864254 32.540749
v -27.634377 30.690197 22.679907
v -24.222893 23.644194 12.819096
v -20.811394 8.986098 2.958268
v -17.400146 2.532273 -6.901871
v -13.021278 1.645922 -14.664429
v -10.577164 -18.916050 -26.623508
v -7.165909 -32.891228 -36.483639
v -3.754417 -43.611084 -46.344475
v -0.342926 -52.602119 -56.205292
v -1.750641 -62.635685 -68.961357
v -6.701744 -79.338867 -89.698761
v 16.776062 -62.597794 -132.717300
v 27.833199 -45.244690 -147.078720
v 27.959785 23.693798 -169.178131
v 44.005501 32.550522 -184.393188
v 47.416992 24.711306 -194.253998
v 50.828484 3.998339 -204.114822
v -51.140907 55.813984 58.711006
v -47.729424 52.887321 48.850197
v -44.317932 64.591743 38.989376
v -40.906685 49.340572 29.129265
v -37.495186 51.679272 19.268425
v -34.083702 26.988630 9.407613
v -30.672203 15.131546 -0.453215
v -27.260956 1.585116 -10.313354
v -23.849464 -13.298665 -20.174166
v -20.437973 -24.566309 -30.034992
v -17.026718 -35.261330 -39.895126
v -13.615227 -44.513100 -49.755959
v -10.203735 -51.547443 -59.616776
v 1.947113 -78.787338 -99.028458
v 31.025856 37.582153 -177.450226
v 33.811882 34.414474 -186.279541
v -54.178741 66.831825 35.577892
v -50.767494 63.370556 25.717783
v -47.355995 52.194195 15.856942
v -43.944511 29.373320 5.996129
v -40.533012 14.418702 -3.864698
v -37.121765 2.341066 -13.724838
v -33.710274 -11.449337 -23.585657
v -30.298782 -26.500368 -33.446484
v -26.887527 -37.773117 -43.306618
v -23.476036 -47.400322 -53.167450
v -31.742714 -52.576015 -60.478302
v 3.292202 -65.525719 -128.453537
v 8.351372 -44.574059 -145.305222
v 0.917877 -19.589102 -154.405655
v 22.193756 56.618912 -179.568726
v -64.039574 61.291134 32.166393
v -60.628326 57.212658 22.306284
v -57.216835 61.932415 12.445445
v -53.805344 47.186676 2.584633
v -50.393852 25.748430 -7.276195
v -46.982597 14.165256 -17.136335
v -43.571114 -3.225200 -26.997147
v -40.159615 -23.567141 -36.857975
v -36.748360 -39.984718 -46.718109
v -34.556870 -80.765289 -99.722214
v -16.143135 -72.629410 -112.869858
v -13.779396 -63.965462 -133.497574
v -7.339264 -50.567505 -140.427673
v 7.135551 47.694759 -170.734802
v 5.944504 72.690887 -183.728394
v -67.076942 69.138397 9.034206
v -63.665459 65.848740 -0.826603
v -60.253960 47.493439 -10.687447
v -56.842705 24.147434 -20.547581
v -53.431221 9.573339 -30.408392
v -50.019722 -18.368265 -40.269222
v -46.608467 -37.982010 -50.129356
v -43.196983 -48.323521 -59.990189
v -50.072182 -48.756725 -64.852486
v -7.400253 -14.319135 -156.485596
v -76.937767 59.579132 5.622705
v -73.526283 67.897476 -4.238102
v -70.114784 53.012959 -14.098929
v -66.703537 37.707752 -23.959070
v -63.292046 17.013769 -33.819881
v -59.880554 -9.999505 -43.680710
v -56.469299 -32.050552 -53.540852
v -41.619087 -77.449562 -108.750313
v -28.289299 -63.285889 -135.651276
v -25.215187 -57.601051 -140.485703
v -17.682388 -43.099068 -143.747360
v -11.126305 -9.499477 -164.093475
v 2.834457 59.166473 -177.714523
v -83.387108 52.595917 -7.649603
v -79.975624 42.294575 -17.510429
v -76.564369 31.905582 -27.370569
v -73.152885 23.910788 -37.231380
v -69.741386 -5.178970 -47.092209
v -66.330132 -24.347914 -56.952343
v -83.403038 -37.492229 -80.901939
v -54.729950 -63.832542 -90.126396
v -56.186600 -76.939781 -103.381378
v -54.929802 -79.906639 -108.259010
v -42.392784 -68.838783 -120.778236
v -24.809845 -52.466011 -142.983353
v -21.369820 -39.009872 -147.090851
v -5.960590 17.608519 -172.438660
v 3.869198 69.625595 -188.172607
v 1.330051 55.093430 -179.263504
v 5.136528 61.080826 -188.446030
v 12.820042 43.415741 -183.473724
v -86.424492 26.878332 -30.781826
v -83.013008 13.186545 -40.642635
v -79.601524 -5.142448 -50.503464
v -76.190269 -21.160521 -60.363590
v -58.709816 -78.438080 -113.742722
v 1.293449 56.287308 -184.123520
v -99.696587 51.871372 -24.333176
v -89.835747 46.312412 -20.921684
v -96.285332 39.086720 -34.193314
v -92.873848 19.711800 -44.054127
v -89.462349 -3.301879 -53.914955
v -86.051094 -16.623373 -63.775089
v -83.871910 -25.236179 -70.199394
v -73.903351 -68.031540 -104.774544
v -66.038475 -78.894516 -110.913200
v -37.423004 -62.610008 -146.410400
v -30.676369 -53.247131 -146.479477
v -26.637276 -39.538757 -150.011887
v -7.701572 41.403515 -173.693695
v -3.789417 48.607315 -179.036316
v -109.557381 39.343815 -27.744661
v -106.146126 26.983511 -37.604801
v -102.734642 15.446358 -47.465611
v -99.323143 11.031183 -57.326439
v -87.235374 -40.559273 -89.470909
v -65.305779 -81.575005 -114.753479
v -65.216438 -81.004158 -118.366913
v -66.379517 -81.325294 -123.438240
v -66.797455 -80.852440 -130.138138
v -21.456161 -5.270671 -169.193878
v -11.902290 34.589233 -176.500656
v -5.105545 54.378815 -187.748581
v 2.553925 39.261292 -181.304886
v -116.006935 33.061775 -41.016293
v -117.077232 33.766792 -52.737286
v -108.708183 35.725994 -62.640236
v -116.591530 29.909222 -75.834343
v -96.729652 -34.235687 -96.204689
v -71.390503 -78.309631 -115.854195
v -61.409126 -75.241905 -138.841934
v -44.863503 -62.532806 -150.513168
v -33.236076 -44.236401 -152.638855
v -28.426216 -12.667727 -174.763168
v -11.488106 46.075790 -183.938431
v 2.440704 38.277466 -187.594147
v -4.659035 33.502945 -186.828827
v -132.689850 57.604145 -24.706579
v -122.829674 43.077534 -21.295326
v -119.418190 41.562000 -31.156151
v -129.278351 57.161533 -34.567406
v -119.044121 44.252010 -64.149178
v -109.552666 -11.796249 -93.473343
v -106.359749 -37.557648 -99.826439
v -121.621788 -32.890114 -101.937721
v -103.043770 -59.260296 -113.826149
v -72.080681 -79.846169 -120.811966
v -53.196388 -63.867275 -156.286697
v -18.865700 23.502533 -185.781662
v -12.350883 31.880035 -190.423538
v -142.550659 57.585178 -28.118071
v -139.139160 64.890480 -37.978893
v -132.378632 45.095207 -57.537430
v -128.904938 44.317013 -67.560669
v -125.493675 35.653179 -77.420799
v -122.082176 15.314178 -87.281639
v -122.170464 -11.641411 -95.395264
v -85.070732 -74.564301 -121.910812
v -75.692650 -80.210686 -127.966194
v -42.007263 -40.709599 -163.969681
v -29.775482 -1.412064 -186.155228
v -27.355370 21.200670 -200.197205
v -6.383804 35.328186 -198.983215
v -14.943474 38.045948 -204.950302
v -152.411469 43.180515 -31.529564
v -148.971497 58.118690 -41.490051
v -142.177246 41.926449 -61.111336
v -138.765747 35.693356 -70.972160
v -135.354492 23.604033 -80.832291
v -132.577148 6.263244 -90.267899
v -77.296501 -81.486427 -136.266525
v -74.823814 -80.907204 -144.241257
v -59.639580 -59.158031 -167.319656
v -52.014160 -35.663795 -186.582535
v -23.527641 33.686573 -210.908966
v -8.976395 30.358646 -213.509979
v -17.536064 24.367315 -219.477051
v -139.142212 -28.793768 -103.648994
v -127.714531 -29.749105 -103.363289
v -128.810059 -41.949444 -109.885033
v -117.755562 -56.083752 -117.860306
v -88.285332 -79.225243 -143.022858
v -79.955345 -75.971397 -163.232941
v -165.309692 50.937935 -58.073265
v -155.448883 48.534981 -54.661781
v -152.037384 45.146725 -64.522591
v -161.898193 59.943584 -67.934074
v -148.625885 37.877926 -74.383415
v -158.486694 50.254299 -77.794899
v -137.040405 -43.155308 -110.205788
v -114.459633 -60.782963 -126.942604
v -91.965370 -82.538414 -156.982834
v -75.460609 -66.795036 -183.444717
v -58.522705 -28.835379 -197.172699
v -52.555626 -18.710789 -205.732376
v -46.588966 -6.561565 -214.291443
v -41.381210 -10.143152 -223.558670
v -175.170502 52.463711 -61.484756
v -171.759003 63.944622 -71.345566
v -168.347504 61.061810 -81.206390
v -155.075439 38.801147 -87.655029
v -164.936249 42.265366 -91.066521
v -144.340973 -42.226994 -112.262985
v -135.481720 -53.317867 -120.646523
v -117.033134 -67.145485 -144.745972
v -96.193779 -81.549744 -172.158615
v -85.501961 -72.842278 -190.710648
v -73.049461 -56.716637 -194.580139
v -67.082375 -47.816616 -203.139801
v -181.619812 56.969479 -74.757057
v -178.208313 40.462769 -84.617882
v -174.405396 31.687927 -94.057159
v -158.021393 -36.998165 -114.171356
v -159.213684 -44.400723 -125.462761
v -109.389351 -81.173813 -170.629456
v -63.573250 -60.268936 -187.688248
v -143.357025 -58.043327 -143.661942
v -124.979576 -72.410263 -168.250946
v -108.069038 -85.003143 -180.835480
v -102.101967 -83.547302 -189.395142
v -90.038078 -76.745293 -202.029739
v -66.297142 -63.958515 -202.723923
v -55.979256 -53.460297 -195.514572
v -165.619507 -36.074238 -117.671257
v -118.694023 -81.513718 -187.513077
v -110.686378 -87.066986 -195.411835
v -102.356926 -86.143860 -208.939362
v -87.224892 -82.293556 -215.192917
v -58.952034 -56.313160 -210.582870
v -77.988121 -77.007538 -223.643143
v -169.523285 -45.821560 -125.472618
v -114.915459 -85.782814 -206.029053
v -99.518059 -87.345154 -204.976532
v -192.144196 -41.661602 -128.006088
v -172.160614 -54.782867 -180.841202
v -147.543182 -63.053558 -195.212891
v -114.203209 -82.310265 -206.997665
v -106.567787 -84.831963 -217.481491
v -90.941078 -87.198219 -232.469406
v -171.080444 -52.233784 -154.342468
v -159.980988 -55.899429 -224.023773
v -104.392616 -80.350151 -235.326813
v -79.007561 -82.951096 -246.117722
v -89.056114 -79.960670 -255.503281
v -67.308662 -81.362213 -263.848358
v -74.454720 -87.387032 -272.563599
v -313.051666 -35.344994 -192.978943
v -159.880737 -50.926140 -237.239304
v -136.907074 -63.987648 -239.765427
v -116.979103 -77.160683 -244.033829
v -96.994408 -86.976692 -237.687851
v -102.739754 -81.476097 -249.022247
v -84.834557 -82.299065 -240.766891
v -89.467873 -83.975937 -252.581299
v -289.971466 -37.608242 -207.723328
v -260.637604 -45.584084 -225.439392
v -235.794495 -37.750481 -239.068451
v -189.794617 -33.092758 -244.653412
v -147.463501 -6.690135 -266.256897
v -138.996826 -19.207729 -262.553314
v -115.597130 -29.802134 -272.060394
v -109.853844 -56.086666 -265.388916
v -88.398384 -80.819176 -271.522034
v -77.192802 -82.443970 -258.291138
v -77.303429 -86.934082 -272.792999
v -329.433563 -17.141966 -200.408920
v -325.133789 -28.333603 -190.347961
v -318.206329 -19.904835 -210.632355
v -291.343903 -25.449068 -225.121918
v -222.515839 -20.286556 -254.276886
v -171.544250 -8.902155 -267.661621
v -67.064095 -89.905136 -304.375305
v -64.786362 -90.436340 -277.151733
v -59.695236 -96.759247 -289.902893
v -303.756409 -2.540243 -244.094421
v -299.861359 11.537701 -258.984558
v -189.276276 20.073166 -283.626282
v -147.328857 15.658446 -282.279602
v -134.359741 13.131425 -284.768555
v -101.715508 -14.287030 -297.919128
v -68.705299 -42.967167 -312.056885
v -39.391823 -80.862625 -314.341309
v -48.168327 -93.848122 -300.358429
v -50.540688 -93.458954 -290.119019
v -46.884575 -94.598145 -298.238983
v 30.388149 -9.163909 -309.590088
v 36.083912 -26.429953 -300.378082
v 42.547142 18.769888 -312.129639
v 59.340336 8.675798 -304.312561
v 54.706993 17.913303 -314.669342
v -351.192444 19.859381 -218.878036
v -342.093292 -12.521307 -198.130951
v -342.603546 40.590828 -241.475403
v -272.048523 -4.896862 -259.786987
v -239.715027 5.915098 -269.304260
v -217.303528 8.267425 -276.378906
v -173.291351 34.136421 -288.699585
v -156.586700 62.652966 -303.052917
v -39.757370 -75.994331 -309.358276
v -42.311684 -90.803093 -310.238220
v -40.340523 -89.248550 -298.649536
v -41.027336 -91.351425 -306.563141
v 13.595016 -32.855099 -317.407135
v 18.228317 -34.265991 -307.050415
v 24.250553 -7.690865 -322.272217
v 37.913792 38.078461 -322.486389
v 50.073704 44.515076 -325.026123
v 66.866837 22.447208 -317.209045
v 62.233540 32.781178 -327.565796
v 79.026665 17.430132 -319.748718
v 74.393372 26.698767 -330.105530
v -367.985260 13.117927 -226.694382
v -363.352234 6.992177 -216.338348
v -355.825409 36.303978 -237.139221
v -331.506622 36.045422 -248.740509
v -334.944519 46.505505 -266.404663
v -306.850830 25.785810 -269.568665
v -281.670380 -1.654207 -267.466888
v -265.478394 -3.240526 -272.212524
v -247.379486 -0.202027 -278.001770
v -212.669708 14.184939 -289.858551
v -192.368713 27.338827 -295.553497
v -173.412109 55.006920 -299.645142
v -144.436188 61.010475 -305.531982
v -132.276337 34.294193 -308.071655
v -85.707115 -26.853685 -317.225037
v -58.475792 -63.605286 -328.458984
v -51.419991 -91.555000 -324.867615
v -44.056648 -89.323151 -320.794006
v -32.382561 -78.700569 -309.327576
v -36.192688 -81.434624 -318.245850
v 8.962029 -36.451935 -327.763245
v 33.280834 24.812273 -332.842438
v 45.440666 49.833656 -335.382141
v 57.600548 47.949883 -337.921875
v 69.760361 30.657389 -340.461548
v -372.618530 15.539147 -240.125122
v -360.458771 37.167309 -253.045105
v -348.299683 48.357525 -260.752319
v -337.623077 56.648529 -275.161438
v -299.661224 13.474166 -274.628662
v -286.330200 -3.691621 -277.809082
v -254.927246 -4.809600 -286.764038
v -235.437744 5.602557 -293.313782
v -241.228973 4.093480 -303.206909
v -192.283447 49.604904 -314.757141
v -174.079544 65.451721 -310.787445
v -160.545868 83.505508 -315.126160
v -149.069489 59.411777 -315.888733
v -136.909668 32.222588 -318.428467
v -47.359474 -79.285225 -325.950348
v -50.449760 -88.285934 -325.155396
v -40.267509 -75.673363 -344.261292
v -9.508835 -57.972183 -323.865356
v -30.568184 -70.063530 -350.879578
v 3.006763 -37.780750 -342.710022
v 18.784439 -13.914192 -342.517395
v 40.807388 39.980774 -345.738922
v 50.484875 52.041504 -354.000275
v 65.127045 34.664539 -350.818359
v -377.251923 31.137981 -261.302063
v -365.092041 53.701752 -272.065460
v -352.933075 64.816742 -274.826843
v -328.613312 41.939636 -279.906219
v -316.454498 16.963623 -282.445801
v -304.294617 -2.360183 -284.985474
v -206.313080 28.395397 -315.116730
v -184.581497 58.500072 -318.846924
v -167.050323 66.524872 -323.688324
v -73.947502 -57.770546 -335.995789
v -61.884811 -84.254646 -335.252441
v -59.846489 -86.700546 -335.238281
v -56.465874 -87.437187 -336.202515
v -20.430016 -63.296154 -354.541016
v 4.306953 -33.368919 -364.884583
v 31.581482 36.365723 -366.549103
v 60.493706 38.316540 -361.175110
v -260.699463 -7.669225 -296.542664
v -253.262848 3.442571 -315.056183
v -218.890930 21.388380 -321.592010
v -205.088623 33.351936 -325.801666
v -194.878387 45.566067 -327.403870
v -60.866592 -81.779037 -369.835571
v 17.424812 -3.851008 -364.887482
v 43.700569 55.759991 -368.992188
v 55.860413 48.376648 -371.531860
v -274.459167 -11.727213 -314.752319
v -235.254639 29.757122 -329.302612
v -214.077301 35.837463 -335.438019
v -200.504913 32.602856 -337.569092
v -14.379799 -60.724319 -379.529541
v 22.853340 9.235018 -387.183044
v 39.067627 48.790665 -379.348267
v 51.227425 47.321121 -381.887939
v -280.562042 -8.412515 -324.305054
v -241.909012 33.022919 -339.348969
v -229.415604 42.509701 -343.938416
v -218.908997 50.519821 -346.074249
v -207.167099 30.581797 -347.128357
v -74.807838 -82.057190 -366.910065
v -46.588058 -78.551147 -372.762146
v -2.044434 -48.575455 -382.086151
v 10.114548 -31.588896 -384.625671
v 34.434265 27.746096 -389.705017
v 46.594078 31.002872 -392.244751
v 310.988953 10.948665 -158.271378
v 320.849792 40.374401 -154.859863
vt 0.900000 0.014267
vt 0.914286 0.014286
vt 0.928479 0.014378
vt 0.928571 0.028571
vt 0.942857 0.014286
vt 0.942857 0.028571
vt 0.900000 0.042857
vt 0.921155 0.042857
vt 0.942857 0.042857
vt 0.957143 0.028571
vt 0.957143 0.042857
vt 0.885714 0.057143
vt 0.885714 0.042857
vt 0.900000 0.070471
vt 0.927795 0.057143
vt 0.942857 0.057143
vt 0.885714 0.071429
vt 0.914286 0.071429
vt 0.928571 0.071429
vt 0.942857 0.071429
vt 0.857143 0.085714
vt 0.857143 0.071429
vt 0.871429 0.071429
vt 0.871429 0.097722
vt 0.885714 0.071429
vt 0.885714 0.100030
vt 0.842423 0.100000
vt 0.842857 0.085714
vt 0.842857 0.114655
vt 0.871581 0.128559
vt 0.885714 0.114286
vt 0.900000 0.100000
vt 0.900000 0.114286
vt 0.885714 0.128571
vt 0.900000 0.128571
vt 0.842865 0.142857
vt 0.871429 0.142857
vt 0.885714 0.142857
vt 0.900000 0.142857
vt 0.628571 0.157143
vt 0.628571 0.142857
vt 0.642857 0.142857
vt 0.656556 0.157143
vt 0.657143 0.142857
vt 0.671429 0.143033
vt 0.828571 0.157143
vt 0.828571 0.142857
vt 0.842857 0.157143
vt 0.857143 0.157143
vt 0.871429 0.157143
vt 0.885714 0.157143
vt 0.650672 0.171429
vt 0.671429 0.171429
vt 0.842857 0.171429
vt 0.857143 0.171429
vt 0.871429 0.171429
vt 0.885714 0.171429
vt 0.628571 0.185714
vt 0.628571 0.171429
vt 0.642857 0.185714
vt 0.657143 0.185714
vt 0.671429 0.185714
vt 0.857143 0.200276
vt 0.871429 0.185714
vt 0.885714 0.185714
vt 0.628571 0.200000
vt 0.642857 0.200000
vt 0.657143 0.200000
vt 0.871429 0.200000
vt 0.614288 0.214286
vt 0.614286 0.200000
vt 0.639506 0.224121
vt 0.657143 0.221571
vt 0.671429 0.199975
vt 0.685714 0.200000
vt 0.685714 0.214286
vt 0.614286 0.228571
vt 0.671429 0.228571
vt 0.685714 0.228571
vt 0.600000 0.242857
vt 0.600000 0.228571
vt 0.612207 0.256182
vt 0.654101 0.242857
vt 0.671429 0.248663
vt 0.585714 0.257143
vt 0.585714 0.242857
vt 0.648990 0.257143
vt 0.871429 0.257143
vt 0.871444 0.242857
vt 0.885714 0.262476
vt 0.900000 0.242857
vt 0.900000 0.257143
vt 0.914286 0.242857
vt 0.914286 0.257143
vt 0.571429 0.271429
vt 0.571429 0.257143
vt 0.588160 0.271429
vt 0.635538 0.271429
vt 0.657143 0.271429
vt 0.671429 0.271429
vt 0.871429 0.271429
vt 0.900000 0.277493
vt 0.914286 0.271429
vt 0.571429 0.285746
vt 0.585714 0.298657
vt 0.609276 0.294338
vt 0.628571 0.296517
vt 0.642857 0.285714
vt 0.657143 0.285714
vt 0.857143 0.285714
vt 0.857143 0.271429
vt 0.877478 0.285714
vt 0.914286 0.285714
vt 0.957143 0.285714
vt 0.957143 0.271429
vt 0.971429 0.271429
vt 0.971429 0.285714
vt 0.985714 0.271429
vt 0.985714 0.285714
vt 0.557143 0.300000
vt 0.557143 0.285714
vt 0.642445 0.300412
vt 0.657143 0.300000
vt 0.828571 0.300000
vt 0.828571 0.285714
vt 0.842857 0.285714
vt 0.842857 0.300000
vt 0.857143 0.300000
vt 0.880212 0.300000
vt 0.900000 0.300000
vt 0.914286 0.300000
vt 0.957143 0.300000
vt 0.971429 0.300000
vt 0.985714 0.300000
vt 1.000000 0.285714
vt 1.000000 0.300000
vt 0.557143 0.314286
vt 0.575490 0.314286
vt 0.612737 0.314286
vt 0.642850 0.323465
vt 0.657143 0.325585
vt 0.828508 0.314286
vt 0.857143 0.314286
vt 0.885487 0.314286
vt 0.900000 0.314286
vt 0.971429 0.314286
vt 0.985714 0.314286
vt 1.000000 0.314286
vt 0.542857 0.330255
vt 0.542857 0.314286
vt 0.557143 0.340367
vt 0.582022 0.328571
vt 0.971429 0.328571
vt 0.985714 0.328571
vt 1.000000 0.328571
vt 0.572480 0.345327
vt 0.611302 0.356957
vt 0.627333 0.353863
vt 0.642857 0.353258
vt 0.657143 0.342857
vt 0.857143 0.342857
vt 0.857143 0.328571
vt 0.871429 0.328571
vt 0.871361 0.356236
vt 0.885714 0.328571
vt 0.885714 0.355028
vt 0.971429 0.342857
vt 0.985714 0.342857
vt 1.000000 0.342857
vt 0.542857 0.357141
vt 0.583951 0.358906
vt 0.657143 0.357143
vt 0.842857 0.357149
vt 0.842857 0.342857
vt 0.528571 0.371429
vt 0.528571 0.357143
vt 0.593625 0.379906
vt 0.627280 0.371429
vt 0.642857 0.371429
vt 0.657143 0.371429
vt 0.828691 0.371429
vt 0.828571 0.357143
vt 0.843144 0.385427
vt 0.871429 0.371429
vt 0.885714 0.371429
vt 0.357143 0.385714
vt 0.357143 0.371429
vt 0.371429 0.371429
vt 0.371429 0.385714
vt 0.385714 0.371429
vt 0.385714 0.385714
vt 0.400000 0.371429
vt 0.400000 0.385714
vt 0.514286 0.371444
vt 0.528571 0.390053
vt 0.555405 0.389404
vt 0.614286 0.396937
vt 0.628571 0.385714
vt 0.642857 0.385714
vt 0.800000 0.385714
vt 0.800000 0.371429
vt 0.814286 0.385714
vt 0.828571 0.399080
vt 0.846919 0.395938
vt 0.871429 0.385714
vt 0.357143 0.400000
vt 0.371429 0.400000
vt 0.385714 0.400000
vt 0.400000 0.400000
vt 0.514286 0.400000
vt 0.573730 0.413897
vt 0.600000 0.410067
vt 0.627342 0.401229
vt 0.642857 0.400000
vt 0.785714 0.400000
vt 0.785714 0.385714
vt 0.807126 0.400000
vt 0.857143 0.400000
vt 0.871429 0.400000
vt 0.885714 0.385714
vt 0.885714 0.400000
vt 0.271429 0.414286
vt 0.271429 0.400000
vt 0.285714 0.400000
vt 0.285714 0.414286
vt 0.300000 0.400000
vt 0.300000 0.414286
vt 0.314286 0.400000
vt 0.314286 0.414286
vt 0.328571 0.400000
vt 0.328571 0.414286
vt 0.342857 0.414286
vt 0.342857 0.400000
vt 0.357143 0.414286
vt 0.371429 0.414286
vt 0.385714 0.414286
vt 0.400000 0.414286
vt 0.414286 0.400000
vt 0.414286 0.414286
vt 0.428571 0.400000
vt 0.428571 0.422244
vt 0.442857 0.400000
vt 0.442857 0.414286
vt 0.485714 0.414286
vt 0.485714 0.400000
vt 0.500000 0.400791
vt 0.510877 0.418664
vt 0.538862 0.428884
vt 0.628571 0.414286
vt 0.642857 0.414286
vt 0.785714 0.414286
vt 0.800000 0.414286
vt 0.814286 0.414286
vt 0.828665 0.414286
vt 0.870401 0.414286
vt 0.885714 0.414286
vt 0.242857 0.428571
vt 0.242857 0.414286
vt 0.257143 0.414286
vt 0.257143 0.428571
vt 0.271429 0.428571
vt 0.285714 0.428571
vt 0.300000 0.428571
vt 0.314286 0.428571
vt 0.328571 0.428571
vt 0.342857 0.428571
vt 0.357143 0.428571
vt 0.371429 0.428571
vt 0.385714 0.428571
vt 0.400000 0.428571
vt 0.414286 0.428571
vt 0.442857 0.428591
vt 0.471366 0.428482
vt 0.471429 0.414286
vt 0.560356 0.430959
vt 0.585714 0.428571
vt 0.603209 0.428497
vt 0.628571 0.428571
vt 0.642857 0.428571
vt 0.800000 0.428571
vt 0.814286 0.428571
vt 0.242857 0.442857
vt 0.257143 0.442857
vt 0.271429 0.442857
vt 0.285714 0.442857
vt 0.300000 0.442857
vt 0.314286 0.442857
vt 0.328571 0.442857
vt 0.342857 0.442857
vt 0.357143 0.442857
vt 0.371429 0.442857
vt 0.385714 0.442857
vt 0.400000 0.442857
vt 0.413996 0.460015
vt 0.457143 0.428571
vt 0.435712 0.462085
vt 0.471876 0.456696
vt 0.497939 0.444918
vt 0.505834 0.458323
vt 0.532083 0.460433
vt 0.585714 0.456682
vt 0.614286 0.442857
vt 0.628571 0.442857
vt 0.228571 0.457143
vt 0.228571 0.442857
vt 0.242857 0.457143
vt 0.257143 0.457143
vt 0.271429 0.457143
vt 0.285714 0.457143
vt 0.300000 0.457143
vt 0.314286 0.457143
vt 0.328571 0.457143
vt 0.342857 0.457143
vt 0.357143 0.457143
vt 0.371429 0.457143
vt 0.385714 0.457143
vt 0.400000 0.457143
vt 0.557143 0.483531
vt 0.571429 0.471385
vt 0.600000 0.457143
vt 0.614286 0.457143
vt 0.200000 0.471429
vt 0.200000 0.457143
vt 0.214286 0.457143
vt 0.214286 0.471429
vt 0.228571 0.471429
vt 0.242857 0.471429
vt 0.257143 0.471429
vt 0.271429 0.471429
vt 0.285714 0.471429
vt 0.300000 0.471429
vt 0.314286 0.471429
vt 0.328571 0.471429
vt 0.342857 0.471429
vt 0.357143 0.471429
vt 0.371429 0.471429
vt 0.385714 0.471429
vt 0.468463 0.476838
vt 0.514286 0.478291
vt 0.585714 0.482401
vt 0.600000 0.471429
vt 0.185714 0.485714
vt 0.185714 0.471429
vt 0.200000 0.485714
vt 0.214286 0.485714
vt 0.228571 0.485714
vt 0.242857 0.485714
vt 0.257143 0.485714
vt 0.271429 0.485714
vt 0.285714 0.485714
vt 0.300000 0.485714
vt 0.314286 0.485714
vt 0.328571 0.485714
vt 0.342857 0.485714
vt 0.357143 0.485714
vt 0.371429 0.485714
vt 0.385714 0.485714
vt 0.411740 0.509543
vt 0.473518 0.509622
vt 0.524743 0.494682
vt 0.571429 0.485714
vt 0.600000 0.485714
vt 0.185714 0.500000
vt 0.200000 0.500000
vt 0.214286 0.500000
vt 0.228571 0.500000
vt 0.242857 0.500000
vt 0.257143 0.500000
vt 0.271429 0.500000
vt 0.314286 0.500000
vt 0.328571 0.500000
vt 0.342857 0.500000
vt 0.357143 0.500000
vt 0.371429 0.500000
vt 0.385714 0.500000
vt 0.418180 0.526655
vt 0.492803 0.508867
vt 0.541331 0.512863
vt 0.558869 0.500000
vt 0.585714 0.500000
vt 0.600000 0.500000
vt 0.185714 0.514286
vt 0.200000 0.514286
vt 0.214286 0.514286
vt 0.228571 0.514286
vt 0.242857 0.514286
vt 0.257143 0.514286
vt 0.271429 0.514286
vt 0.285714 0.500000
vt 0.285714 0.514286
vt 0.300000 0.514286
vt 0.300000 0.500000
vt 0.314286 0.514286
vt 0.328571 0.514286
vt 0.342857 0.514286
vt 0.357143 0.514286
vt 0.371429 0.514286
vt 0.504561 0.528574
vt 0.557143 0.514286
vt 0.571429 0.514286
vt 0.585714 0.514286
vt 0.185714 0.528571
vt 0.200000 0.528571
vt 0.214286 0.528571
vt 0.228571 0.528571
vt 0.242857 0.528571
vt 0.257143 0.528571
vt 0.271429 0.528571
vt 0.285714 0.528571
vt 0.300000 0.528571
vt 0.314286 0.528571
vt 0.328571 0.528571
vt 0.342857 0.528571
vt 0.357143 0.528571
vt 0.373278 0.536218
vt 0.398980 0.550247
vt 0.464475 0.540014
vt 0.485714 0.533990
vt 0.514546 0.544089
vt 0.542857 0.528571
vt 0.557143 0.528571
vt 0.571429 0.528571
vt 0.185714 0.542857
vt 0.200000 0.542857
vt 0.214286 0.542857
vt 0.228571 0.542857
vt 0.242857 0.542857
vt 0.257143 0.542857
vt 0.271429 0.542857
vt 0.285714 0.542857
vt 0.300000 0.542857
vt 0.314286 0.542857
vt 0.328571 0.542857
vt 0.342857 0.542857
vt 0.357143 0.542857
vt 0.413823 0.545047
vt 0.528571 0.542857
vt 0.542857 0.542857
vt 0.214286 0.557143
vt 0.228571 0.557143
vt 0.242857 0.557143
vt 0.257143 0.557143
vt 0.271429 0.557143
vt 0.285714 0.557143
vt 0.300000 0.557143
vt 0.314286 0.557143
vt 0.328571 0.557143
vt 0.342857 0.557143
vt 0.347409 0.568634
vt 0.451706 0.557143
vt 0.476744 0.557143
vt 0.490195 0.571368
vt 0.528571 0.557143
vt 0.214286 0.571429
vt 0.228571 0.571429
vt 0.242857 0.571429
vt 0.257143 0.571429
vt 0.271429 0.571429
vt 0.285714 0.571429
vt 0.300000 0.571429
vt 0.314286 0.571429
vt 0.328571 0.571429
vt 0.399380 0.590007
vt 0.424312 0.574327
vt 0.453675 0.580286
vt 0.471429 0.574365
vt 0.514286 0.586402
vt 0.528571 0.585615
vt 0.242857 0.585714
vt 0.257143 0.585714
vt 0.271429 0.585714
vt 0.285714 0.585714
vt 0.300000 0.585714
vt 0.314286 0.585714
vt 0.328571 0.585714
vt 0.342857 0.585714
vt 0.348755 0.600026
vt 0.500000 0.594325
vt 0.242857 0.600000
vt 0.257143 0.600000
vt 0.271429 0.600000
vt 0.285714 0.600000
vt 0.300000 0.600000
vt 0.314286 0.600000
vt 0.328571 0.600000
vt 0.415148 0.600000
vt 0.456883 0.609397
vt 0.471417 0.610650
vt 0.485714 0.600000
vt 0.514286 0.619184
vt 0.528571 0.600000
vt 0.257143 0.614286
vt 0.271429 0.614286
vt 0.285714 0.614286
vt 0.300000 0.614286
vt 0.314286 0.614286
vt 0.328571 0.614286
vt 0.354072 0.645867
vt 0.377638 0.619915
vt 0.400000 0.621597
vt 0.414286 0.622663
vt 0.438891 0.614286
vt 0.485714 0.619294
vt 0.500000 0.621847
vt 0.528571 0.627331
vt 0.542857 0.600000
vt 0.542857 0.616003
vt 0.557143 0.614286
vt 0.557143 0.600000
vt 0.285714 0.628571
vt 0.300000 0.628571
vt 0.314286 0.628571
vt 0.328571 0.628571
vt 0.428835 0.638360
vt 0.557143 0.628571
vt 0.271429 0.642857
vt 0.271429 0.628571
vt 0.285714 0.642857
vt 0.300000 0.642857
vt 0.314286 0.642857
vt 0.328571 0.642857
vt 0.340689 0.645025
vt 0.394405 0.652408
vt 0.414286 0.650384
vt 0.485714 0.651472
vt 0.500000 0.648007
vt 0.514286 0.651476
vt 0.542857 0.642857
vt 0.557143 0.642857
vt 0.271429 0.657143
vt 0.285714 0.657143
vt 0.300000 0.657143
vt 0.314286 0.657143
vt 0.361328 0.657143
vt 0.428571 0.657143
vt 0.442857 0.666252
vt 0.457143 0.681192
vt 0.471429 0.694259
vt 0.534696 0.657143
vt 0.557143 0.662909
vt 0.571429 0.657143
vt 0.571429 0.642857
vt 0.285714 0.671429
vt 0.301348 0.681781
vt 0.315119 0.671429
vt 0.330610 0.686585
vt 0.367723 0.671429
vt 0.428571 0.672256
vt 0.485714 0.694316
vt 0.500000 0.674105
vt 0.520274 0.673315
vt 0.544504 0.681493
vt 0.571429 0.671429
vt 0.585714 0.657143
vt 0.585714 0.671429
vt 0.257143 0.685714
vt 0.257143 0.671429
vt 0.271429 0.671429
vt 0.271429 0.685714
vt 0.314286 0.685714
vt 0.357143 0.685714
vt 0.371429 0.685714
vt 0.372856 0.701217
vt 0.406588 0.705735
vt 0.442857 0.685714
vt 0.509256 0.698779
vt 0.571429 0.685714
vt 0.585714 0.685714
vt 0.257143 0.700000
vt 0.271429 0.700000
vt 0.300018 0.700000
vt 0.314286 0.700000
vt 0.328571 0.700000
vt 0.342857 0.700000
vt 0.357143 0.700000
vt 0.438466 0.704921
vt 0.457143 0.703550
vt 0.533096 0.700000
vt 0.565718 0.699693
vt 0.583969 0.708409
vt 0.600000 0.685714
vt 0.600000 0.700000
vt 0.257143 0.714286
vt 0.271420 0.714286
vt 0.300000 0.714286
vt 0.314286 0.714286
vt 0.328571 0.714286
vt 0.342857 0.714286
vt 0.471331 0.714384
vt 0.485714 0.719838
vt 0.521116 0.719104
vt 0.548779 0.725628
vt 0.600022 0.714264
vt 0.614286 0.700000
vt 0.614286 0.714286
vt 0.371429 0.728571
vt 0.371429 0.714286
vt 0.385714 0.728571
vt 0.409505 0.736689
vt 0.471429 0.733905
vt 0.502927 0.740839
vt 0.285714 0.742857
vt 0.285714 0.728571
vt 0.300000 0.728571
vt 0.300000 0.742857
vt 0.314286 0.728571
vt 0.314286 0.742857
vt 0.385714 0.742857
vt 0.428571 0.746024
vt 0.485714 0.748939
vt 0.529157 0.752157
vt 0.557143 0.742857
vt 0.571429 0.742857
vt 0.585714 0.742857
vt 0.600000 0.742848
vt 0.285714 0.757143
vt 0.300000 0.757143
vt 0.314286 0.757143
vt 0.328571 0.742857
vt 0.328571 0.757143
vt 0.385714 0.757143
vt 0.406755 0.761271
vt 0.450671 0.765225
vt 0.500000 0.765622
vt 0.527605 0.768999
vt 0.542857 0.757143
vt 0.557143 0.757143
vt 0.300000 0.771429
vt 0.314286 0.771429
vt 0.328571 0.771429
vt 0.385714 0.781477
vt 0.400000 0.800004
vt 0.485693 0.779009
vt 0.557143 0.771429
vt 0.427672 0.798546
vt 0.471217 0.800914
vt 0.500000 0.785714
vt 0.514286 0.785714
vt 0.538378 0.785714
vt 0.571399 0.785714
vt 0.571429 0.771429
vt 0.385714 0.800000
vt 0.498012 0.801336
vt 0.514266 0.800020
vt 0.535897 0.800000
vt 0.570208 0.811843
vt 0.585714 0.785714
vt 0.585714 0.811742
vt 0.400000 0.818548
vt 0.523037 0.814286
vt 0.549027 0.814286
vt 0.400457 0.856686
vt 0.470179 0.853337
vt 0.501172 0.844641
vt 0.540369 0.828571
vt 0.556927 0.829339
vt 0.585713 0.828571
vt 0.430858 0.843408
vt 0.519352 0.853985
vt 0.578964 0.842857
vt 0.607608 0.828571
vt 0.608651 0.842857
vt 0.628571 0.828571
vt 0.628571 0.842857
vt 0.399985 0.871444
vt 0.562202 0.862243
vt 0.596880 0.857143
vt 0.623598 0.857143
vt 0.642857 0.842857
vt 0.642857 0.858447
vt 0.657143 0.842857
vt 0.657143 0.857143
vt 0.426905 0.871429
vt 0.461203 0.871429
vt 0.486247 0.880225
vt 0.517111 0.876907
vt 0.571429 0.882879
vt 0.585714 0.877941
vt 0.600000 0.879902
vt 0.622288 0.876292
vt 0.657143 0.874145
vt 0.671429 0.857143
vt 0.671429 0.871444
vt 0.385714 0.885709
vt 0.385714 0.871429
vt 0.401405 0.890195
vt 0.430722 0.885714
vt 0.498372 0.892312
vt 0.551533 0.892145
vt 0.642857 0.892188
vt 0.685714 0.871429
vt 0.685714 0.885714
vt 0.424128 0.907451
vt 0.434245 0.922897
vt 0.528211 0.912405
vt 0.571429 0.900000
vt 0.585714 0.899582
vt 0.611212 0.906094
vt 0.628571 0.914226
vt 0.679188 0.924627
vt 0.685714 0.901198
vt 0.700000 0.885714
vt 0.700000 0.900000
vt 0.814286 0.900000
vt 0.814260 0.885714
vt 0.828571 0.900000
vt 0.842857 0.885714
vt 0.842857 0.900000
vt 0.371429 0.914286
vt 0.371429 0.885760
vt 0.385599 0.927033
vt 0.461370 0.914286
vt 0.485714 0.914286
vt 0.502345 0.914286
vt 0.547275 0.914286
vt 0.571429 0.928589
vt 0.657224 0.914286
vt 0.700000 0.920604
vt 0.714286 0.900000
vt 0.714257 0.914286
vt 0.800000 0.914286
vt 0.800000 0.900000
vt 0.814286 0.917794
vt 0.828571 0.914286
vt 0.842857 0.914286
vt 0.857143 0.900000
vt 0.857143 0.914286
vt 0.871429 0.900000
vt 0.871429 0.914286
vt 0.357143 0.928571
vt 0.357143 0.914286
vt 0.371429 0.928571
vt 0.400000 0.928571
vt 0.400140 0.942717
vt 0.432307 0.939121
vt 0.457143 0.928571
vt 0.471429 0.928571
vt 0.485714 0.928571
vt 0.511588 0.928571
vt 0.528571 0.928836
vt 0.552431 0.928571
vt 0.585714 0.928571
vt 0.600000 0.928571
vt 0.628591 0.928571
vt 0.657143 0.943227
vt 0.714286 0.942808
vt 0.728571 0.935504
vt 0.742857 0.914286
vt 0.742857 0.928571
vt 0.800000 0.928571
vt 0.828571 0.928571
vt 0.842857 0.928571
vt 0.857143 0.928571
vt 0.871429 0.928571
vt 0.357143 0.942857
vt 0.371429 0.942857
vt 0.385714 0.942857
vt 0.402399 0.954744
vt 0.442857 0.942857
vt 0.457143 0.942857
vt 0.485714 0.942857
vt 0.500000 0.942857
vt 0.500015 0.957130
vt 0.542857 0.954129
vt 0.557143 0.942857
vt 0.571429 0.942857
vt 0.585714 0.942857
vt 0.600000 0.942857
vt 0.685130 0.942857
vt 0.700000 0.942857
vt 0.752564 0.960855
vt 0.777203 0.928567
vt 0.771429 0.968581
vt 0.800000 0.948031
vt 0.816411 0.942581
vt 0.842857 0.942857
vt 0.857143 0.950694
vt 0.871429 0.942857
vt 0.357143 0.957143
vt 0.371429 0.957143
vt 0.385714 0.957143
vt 0.414286 0.957143
vt 0.428571 0.957143
vt 0.442857 0.957143
vt 0.528571 0.957143
vt 0.557143 0.957143
vt 0.571429 0.957143
vt 0.657134 0.957143
vt 0.699996 0.957143
vt 0.714286 0.957143
vt 0.728571 0.957199
vt 0.785714 0.971892
vt 0.814286 0.977228
vt 0.842857 0.971543
vt 0.871429 0.957143
vt 0.485714 0.957151
vt 0.500000 0.974636
vt 0.521796 0.971429
vt 0.542857 0.971429
vt 0.557143 0.971429
vt 0.742857 1.000009
vt 0.828571 0.975340
vt 0.857143 0.971429
vt 0.871429 0.971429
vt 0.485714 0.985714
vt 0.514286 0.985714
vt 0.539292 0.985714
vt 0.557143 0.985714
vt 0.799824 0.999972
vt 0.842857 0.999521
vt 0.857143 0.985714
vt 0.871429 0.985714
vt 0.485714 1.000000
vt 0.512001 1.000000
vt 0.528571 1.000000
vt 0.542857 1.000000
vt 0.557143 1.000000
vt 0.728571 1.000000
vt 0.761565 1.000000
vt 0.814286 1.000000
vt 0.828571 1.000000
vt 0.857143 1.000000
vt 0.871429 1.000000
vt 0.627085 0.171429
vt 0.627085 0.157143
vn 0.4762 0.4167 0.7744
vn 0.8820 0.0308 0.4702
vn 0.5363 0.3806 0.7534
vn 0.5056 0.3778 0.7757
vn 0.7999 0.3256 0.5042
vn 0.6077 0.5319 0.5897
vn 0.2771 0.3795 0.8827
vn 0.2929 0.4009 0.8681
vn 0.5937 0.5892 0.5481
vn 0.7477 0.6154 0.2495
vn 0.7478 0.6147 0.2509
vn 0.1893 0.4110 0.8918
vn 0.1653 0.4071 0.8983
vn 0.1760 0.3779 0.9090
vn 0.1277 0.7885 0.6017
vn 0.1479 0.9767 0.1557
vn 0.4873 0.3841 0.7842
vn -0.0878 0.4790 0.8734
vn -0.3211 0.9216 0.2180
vn -0.3396 0.8135 -0.4722
vn 0.2543 0.3181 0.9133
vn 0.2739 0.3726 0.8867
vn 0.3776 0.3440 0.8597
vn 0.2879 0.3161 0.9040
vn 0.4459 0.3898 0.8057
vn 0.5230 0.3980 0.7537
vn 0.1400 0.3406 0.9297
vn 0.2057 0.3056 0.9297
vn -0.0812 0.2453 0.9660
vn -0.2739 0.6402 0.7177
vn 0.2381 0.9355 0.2609
vn 0.7278 0.6415 0.2423
vn 0.2499 0.8106 -0.5296
vn -0.4355 0.8554 -0.2805
vn -0.1436 0.3530 -0.9245
vn -0.2141 0.3563 0.9095
vn -0.3852 0.7190 0.5785
vn -0.3073 0.6442 -0.7004
vn -0.1026 0.3304 -0.9382
vn -0.8820 0.3624 -0.3011
vn -0.8957 0.3724 -0.2431
vn -0.8491 0.3826 -0.3643
vn -0.6617 0.2856 -0.6932
vn -0.6511 0.3751 -0.6599
vn -0.4452 0.2598 -0.8569
vn -0.1097 0.4834 0.8685
vn -0.0435 0.4353 0.8993
vn -0.2990 0.4060 0.8636
vn -0.4839 0.3780 0.7893
vn -0.4323 0.9008 -0.0404
vn -0.2479 0.5019 -0.8286
vn -0.6822 0.4948 -0.5383
vn -0.2809 0.5838 -0.7618
vn -0.4158 0.3380 0.8443
vn -0.6565 0.3886 0.6465
vn -0.5357 0.8439 0.0300
vn 0.0738 0.6338 -0.7700
vn -0.6259 0.7476 0.2222
vn -0.8477 0.4275 -0.3141
vn -0.5359 0.8413 0.0714
vn -0.2827 0.8493 -0.4459
vn -0.1506 0.6781 -0.7194
vn -0.2297 0.4789 0.8473
vn -0.1693 0.9334 0.3164
vn 0.3543 0.6843 -0.6374
vn -0.5768 0.6625 0.4778
vn -0.3788 0.8577 0.3476
vn -0.1913 0.9747 0.1154
vn -0.5293 0.5935 0.6063
vn -0.3762 0.7015 0.6052
vn -0.5704 0.6000 0.5609
vn -0.2690 0.7276 0.6311
vn -0.1113 0.9173 0.3823
vn -0.0038 0.9261 -0.3773
vn 0.1714 0.8010 -0.5736
vn 0.2707 0.7800 -0.5642
vn -0.0949 0.7120 0.6957
vn 0.1645 0.9863 -0.0080
vn 0.3273 0.7765 -0.5385
vn 0.0096 0.7472 0.6646
vn -0.0853 0.7677 0.6351
vn 0.0898 0.6858 0.7222
vn 0.2259 0.8300 0.5100
vn 0.2889 0.9205 0.2631
vn 0.0580 0.7239 0.6875
vn 0.0334 0.7859 0.6175
vn 0.2801 0.7847 0.5531
vn -0.3042 0.3394 0.8901
vn -0.2159 0.4115 0.8855
vn -0.0440 0.5493 0.8344
vn 0.7323 0.4904 0.4725
vn 0.2704 0.9196 0.2850
vn 0.8940 0.4472 0.0290
vn 0.5976 0.7474 -0.2903
vn -0.1384 0.6499 0.7473
vn -0.0024 0.6937 0.7203
vn 0.0193 0.6502 0.7595
vn 0.2141 0.6733 0.7077
vn 0.2734 0.8921 0.3597
vn 0.2708 0.9402 0.2066
vn -0.0289 0.5170 0.8555
vn -0.5032 0.8466 -0.1732
vn -0.2602 0.6516 -0.7126
vn -0.2209 0.6091 0.7617
vn -0.3098 0.6467 0.6970
vn -0.0308 0.5758 0.8170
vn 0.1035 0.5727 0.8132
vn 0.5184 0.6555 0.5492
vn 0.6135 0.6938 0.3771
vn -0.2144 0.8523 0.4770
vn -0.0655 0.9041 0.4223
vn -0.5216 0.6245 0.5814
vn -0.6593 0.4096 -0.6305
vn -0.5140 0.5865 0.6260
vn -0.1742 0.7978 0.5772
vn 0.4621 0.7212 0.5161
vn 0.0250 0.7924 0.6095
vn 0.7731 0.6237 0.1159
vn 0.3792 0.7244 0.5756
vn -0.2145 0.6235 0.7518
vn -0.2954 0.6703 0.6808
vn 0.3141 0.8078 0.4988
vn 0.5555 0.8248 0.1052
vn -0.5060 0.7793 0.3697
vn -0.4198 0.8295 0.3683
vn -0.2164 0.9534 0.2100
vn -0.4753 0.8724 0.1142
vn -0.4909 0.8440 0.2159
vn -0.8377 0.5437 -0.0508
vn -0.7310 0.5169 -0.4454
vn -0.7111 0.3497 -0.6100
vn -0.8104 0.4711 0.3483
vn -0.5787 0.5644 0.5887
vn 0.1236 0.4437 0.8876
vn 0.2664 0.3965 0.8785
vn 0.3248 0.4158 0.8494
vn -0.1980 0.6438 0.7391
vn -0.2088 0.6046 0.7687
vn 0.3151 0.3292 0.8901
vn -0.0112 0.9781 0.2077
vn 0.1794 0.8792 -0.4414
vn -0.5947 0.7780 0.2025
vn -0.5906 0.8048 0.0588
vn -0.7185 0.6133 -0.3282
vn -0.6342 0.6043 -0.4823
vn 0.1393 0.3266 0.9348
vn 0.2237 0.4829 0.8466
vn 0.0066 0.7985 0.6019
vn -0.1875 0.7173 0.6711
vn -0.2553 0.7163 0.6494
vn -0.1568 0.6440 0.7488
vn -0.1274 0.5252 0.8414
vn 0.1518 0.5213 0.8398
vn -0.2228 0.9378 0.2662
vn -0.3449 0.7834 -0.5171
vn -0.0210 0.5842 0.8113
vn -0.2856 0.5471 0.7868
vn -0.2511 0.6930 0.6758
vn -0.1871 0.9701 -0.1546
vn 0.0207 0.6826 -0.7305
vn 0.2506 0.4590 0.8523
vn 0.2030 0.4156 0.8866
vn 0.6016 0.5732 0.5563
vn 0.4527 0.8583 0.2417
vn 0.8676 0.4923 0.0703
vn 0.7372 0.6678 -0.1023
vn -0.2565 0.7546 0.6040
vn -0.4357 0.8508 -0.2936
vn -0.3133 0.5596 -0.7672
vn -0.0736 0.7132 0.6971
vn -0.2218 0.5324 0.8169
vn -0.0584 0.5890 -0.8060
vn 0.3414 0.4753 0.8109
vn 0.2874 0.4925 0.8215
vn 0.0148 0.8987 0.4383
vn -0.0749 0.7563 0.6499
vn -0.2434 0.5562 0.7946
vn -0.3169 0.7964 0.5151
vn -0.2634 0.9288 -0.2608
vn -0.0808 0.5431 -0.8358
vn 0.5908 0.5608 0.5801
vn 0.4787 0.4671 0.7434
vn -0.0195 0.6034 0.7972
vn 0.1070 0.9608 0.2558
vn 0.4165 0.8813 -0.2232
vn -0.6455 0.7005 0.3045
vn -0.3941 0.7883 0.4725
vn -0.3669 0.7430 0.5598
vn -0.6530 0.6856 0.3218
vn -0.3769 0.9139 -0.1508
vn -0.5593 0.7866 -0.2614
vn -0.1718 0.5395 -0.8243
vn -0.4126 0.4221 -0.8072
vn 0.1772 0.9842 -0.0003
vn -0.1019 0.8738 0.4755
vn -0.0851 0.6354 0.7675
vn -0.1286 0.5384 0.8328
vn 0.0453 0.9355 0.3504
vn 0.0855 0.9832 -0.1613
vn 0.4658 0.5184 0.7172
vn 0.5424 0.4543 0.7067
vn 0.3131 0.8097 0.4963
vn -0.3537 0.8116 0.4651
vn -0.4405 0.8922 0.0999
vn -0.5467 0.7061 -0.4500
vn -0.6797 0.6830 -0.2674
vn -0.8236 0.5517 -0.1314
vn -0.7236 0.4281 -0.5415
vn -0.6130 0.3110 -0.7263
vn -0.0369 0.9924 0.1171
vn 0.0375 0.5107 0.8589
vn 0.0196 0.5322 0.8464
vn 0.0446 0.9827 0.1795
vn 0.1607 0.8981 -0.4093
vn 0.1267 0.7747 0.6195
vn 0.4701 0.4378 0.7664
vn -0.4011 0.7971 0.4515
vn -0.6760 0.6147 -0.4063
vn -0.6053 0.7459 -0.2780
vn -0.4049 0.8238 -0.3967
vn -0.4490 0.8935 -0.0064
vn -0.6442 0.7621 -0.0650
vn -0.7168 0.6179 0.3231
vn -0.7152 0.6907 -0.1070
vn -0.7296 0.6786 -0.0844
vn -0.6727 0.6850 -0.2797
vn -0.6986 0.6648 -0.2645
vn -0.7063 0.6948 -0.1357
vn -0.7301 0.6590 -0.1808
vn -0.7068 0.6936 -0.1393
vn -0.6932 0.6487 -0.3142
vn -0.3848 0.5791 -0.7188
vn -0.3831 0.6528 -0.6535
vn -0.5714 0.6737 -0.4687
vn -0.7080 0.5746 -0.4106
vn -0.5291 0.3852 -0.7561
vn -0.5146 0.3562 -0.7799
vn -0.5544 0.3222 -0.7674
vn -0.4945 0.4725 -0.7296
vn -0.3965 0.4380 -0.8068
vn -0.4293 0.5880 -0.6855
vn -0.2698 0.4796 -0.8350
vn -0.2093 0.6005 -0.7717
vn -0.1983 0.6761 -0.7097
vn -0.1231 0.7673 -0.6294
vn 0.0283 0.8165 -0.5767
vn -0.0002 0.9974 0.0722
vn 0.0726 0.6572 0.7502
vn 0.0582 0.9983 -0.0099
vn 0.2059 0.7942 -0.5717
vn -0.4677 0.8712 0.1490
vn -0.6321 0.6913 -0.3502
vn -0.7069 0.6961 -0.1255
vn -0.8897 0.4475 0.0903
vn -0.8193 0.5443 -0.1801
vn -0.5674 0.5172 -0.6407
vn 0.2477 0.6410 -0.7265
vn 0.4975 0.8414 -0.2110
vn 0.0593 0.9346 -0.3506
vn -0.0844 0.7600 -0.6444
vn -0.6317 0.7093 -0.3128
vn -0.7230 0.6705 -0.1667
vn -0.6986 0.6822 -0.2156
vn -0.6989 0.6679 -0.2559
vn -0.5870 0.6053 -0.5376
vn -0.4172 0.5519 -0.7220
vn -0.5697 0.6077 -0.5533
vn -0.5637 0.5636 -0.6038
vn -0.4209 0.3953 -0.8164
vn -0.4335 0.4740 -0.7664
vn -0.4984 0.5765 -0.6475
vn -0.3234 0.5867 -0.7424
vn -0.1848 0.7766 -0.6023
vn -0.1675 0.7267 -0.6662
vn 0.1319 0.4609 0.8776
vn 0.3976 0.4787 0.7828
vn 0.4000 0.5930 0.6988
vn 0.2514 0.9131 0.3210
vn 0.4216 0.7317 -0.5356
vn -0.6143 0.7860 -0.0690
vn -0.3968 0.8152 0.4218
vn -0.2111 0.5054 -0.8367
vn -0.2949 0.5467 -0.7837
vn -0.6070 0.6617 -0.4401
vn -0.7431 0.6446 -0.1794
vn -0.7209 0.6688 -0.1816
vn -0.6677 0.6820 -0.2986
vn -0.5500 0.6214 -0.5581
vn -0.4315 0.5479 -0.7167
vn -0.5595 0.5250 -0.6413
vn -0.5137 0.4490 -0.7311
vn -0.4135 0.4605 -0.7855
vn -0.4222 0.5421 -0.7265
vn -0.3912 0.6488 -0.6527
vn -0.3076 0.5890 -0.7473
vn -0.3157 0.7126 -0.6265
vn -0.1048 0.9104 -0.4002
vn 0.0994 0.9647 0.2439
vn 0.1660 0.7763 0.6081
vn 0.1524 0.5323 0.8327
vn 0.3154 0.8406 0.4403
vn 0.4070 0.6881 0.6007
vn 0.3069 0.7216 0.6205
vn -0.5259 0.5190 -0.6738
vn -0.4289 0.5499 -0.7167
vn -0.3075 0.4530 -0.8368
vn -0.2947 0.5112 -0.8074
vn -0.5621 0.6483 -0.5135
vn -0.7404 0.6370 -0.2144
vn -0.7687 0.6179 -0.1652
vn -0.7076 0.6712 -0.2206
vn -0.4812 0.7017 -0.5255
vn -0.2647 0.5795 -0.7708
vn -0.3560 0.5175 -0.7781
vn -0.4193 0.5051 -0.7544
vn -0.3760 0.5603 -0.7380
vn -0.3650 0.6201 -0.6945
vn 0.1225 0.3308 0.9357
vn 0.0346 0.5601 0.8277
vn 0.4770 0.8665 0.1473
vn 0.4633 0.7540 0.4657
vn -0.1593 0.9490 -0.2722
vn -0.6445 0.7596 -0.0868
vn -0.6680 0.6451 -0.3709
vn -0.4771 0.6393 -0.6030
vn -0.4800 0.4954 -0.7240
vn -0.4048 0.4773 -0.7800
vn -0.3291 0.5668 -0.7552
vn -0.4229 0.7300 -0.5368
vn -0.6025 0.7265 -0.3306
vn -0.7531 0.6487 -0.1094
vn -0.7427 0.6484 -0.1676
vn -0.5433 0.6874 -0.4820
vn -0.3631 0.5155 -0.7762
vn -0.4263 0.4580 -0.7801
vn -0.4767 0.5639 -0.6744
vn -0.3708 0.6194 -0.6920
vn 0.0055 0.9894 0.1454
vn 0.2069 0.6423 0.7380
vn 0.2071 0.9736 -0.0964
vn -0.1093 0.8382 -0.5343
vn 0.0671 0.9361 -0.3453
vn 0.4921 0.8600 0.1352
vn -0.0758 0.7978 -0.5982
vn -0.2204 0.5993 -0.7696
vn -0.2205 0.6272 -0.7470
vn -0.0687 0.6905 -0.7200
vn 0.0141 0.7661 -0.6425
vn -0.1194 0.8258 -0.5512
vn -0.3649 0.8143 -0.4514
vn -0.7096 0.7044 -0.0151
vn -0.7385 0.6106 -0.2860
vn -0.6694 0.4793 -0.5676
vn -0.5002 0.4502 -0.7397
vn -0.4176 0.5638 -0.7126
vn -0.4507 0.6524 -0.6093
vn -0.3803 0.6651 -0.6427
vn -0.1397 0.8441 -0.5176
vn 0.2027 0.7873 0.5823
vn 0.2854 0.4377 0.8526
vn 0.3036 0.6032 0.7376
vn 0.2275 0.6976 -0.6794
vn -0.1193 0.7939 -0.5963
vn 0.0256 0.7277 -0.6854
vn 0.1869 0.6887 -0.7006
vn 0.2837 0.7563 -0.5895
vn 0.3567 0.7810 -0.5126
vn 0.3677 0.7794 -0.5073
vn 0.4517 0.8014 -0.3921
vn 0.1465 0.7494 -0.6457
vn -0.1783 0.6745 -0.7164
vn -0.1911 0.6680 -0.7192
vn -0.1804 0.7330 -0.6559
vn -0.2147 0.7628 -0.6099
vn -0.2530 0.7568 -0.6027
vn 0.0103 0.9999 -0.0063
vn 0.2813 0.5537 0.7838
vn 0.3046 0.3702 0.8776
vn -0.2340 0.8321 0.5028
vn -0.0159 0.9416 -0.3364
vn 0.3884 0.5578 -0.7335
vn 0.4336 0.7749 -0.4599
vn 0.4564 0.7666 -0.4518
vn 0.5703 0.6928 -0.4413
vn 0.6351 0.6995 -0.3276
vn 0.6575 0.6970 -0.2862
vn 0.6231 0.6694 -0.4045
vn 0.5685 0.7634 -0.3067
vn 0.6061 0.7769 -0.1705
vn 0.4494 0.8888 -0.0899
vn 0.2634 0.8271 -0.4965
vn 0.7923 0.5513 -0.2614
vn 0.4380 0.6159 -0.6548
vn 0.1817 0.6667 -0.7228
vn 0.0247 0.7462 -0.6652
vn -0.0294 0.7798 -0.6253
vn -0.0567 0.7919 -0.6080
vn 0.2744 0.3573 0.8928
vn -0.2335 0.9626 0.1377
vn -0.5846 0.5651 -0.5822
vn -0.7871 0.3866 -0.4806
vn 0.4240 0.7413 -0.5203
vn 0.5329 0.7390 -0.4123
vn 0.7543 0.6026 -0.2606
vn 0.8168 0.5691 -0.0944
vn 0.8086 0.5564 -0.1911
vn 0.7147 0.5618 -0.4166
vn 0.5699 0.6839 -0.4555
vn 0.2266 0.8887 -0.3985
vn -0.0175 0.8312 -0.5557
vn -0.0084 0.5609 -0.8279
vn 0.0843 0.6492 -0.7559
vn 0.1101 0.7513 -0.6507
vn 0.0607 0.7597 -0.6475
vn 0.0263 0.7609 -0.6483
vn 0.0509 0.9220 -0.3838
vn 0.1263 0.7478 0.6518
vn 0.1300 0.4521 0.8824
vn 0.3898 0.2946 0.8725
vn 0.5694 0.5372 0.6222
vn 0.1905 0.9315 -0.3098
vn -0.2309 0.5342 -0.8132
vn 0.2496 0.7807 -0.5729
vn 0.2491 0.7803 -0.5736
vn 0.7287 0.5920 -0.3442
vn 0.7994 0.5894 -0.1164
vn 0.6913 0.6324 -0.3496
vn 0.4998 0.5349 -0.6812
vn 0.3729 0.6349 -0.6767
vn 0.1904 0.6732 -0.7145
vn 0.0544 0.6087 -0.7916
vn 0.0622 0.6274 -0.7762
vn 0.0704 0.6906 -0.7198
vn 0.0791 0.7596 -0.6456
vn 0.1109 0.7541 -0.6474
vn 0.0290 0.9672 0.2522
vn 0.5426 0.4274 0.7231
vn 0.5675 0.6454 0.5113
vn 0.2017 0.8557 -0.4765
vn 0.2957 0.8831 -0.3643
vn 0.5900 0.6395 -0.4930
vn 0.5672 0.4717 -0.6751
vn 0.5436 0.5874 -0.5995
vn 0.5180 0.5755 -0.6329
vn 0.4430 0.5549 -0.7041
vn 0.2797 0.6120 -0.7398
vn 0.1293 0.6895 -0.7127
vn 0.0269 0.7714 -0.6358
vn 0.1836 0.7778 -0.6011
vn -0.0499 0.8287 0.5574
vn 0.0873 0.4789 0.8735
vn 0.0555 0.3473 0.9361
vn 0.3011 0.4117 0.8601
vn -0.3407 0.8351 -0.4318
vn -0.0525 0.9357 -0.3488
vn 0.6667 0.6773 -0.3110
vn 0.8031 0.4045 -0.4375
vn 0.7904 0.4216 -0.4445
vn 0.7443 0.4855 -0.4585
vn 0.6332 0.4485 -0.6309
vn 0.4615 0.4981 -0.7341
vn 0.2780 0.6616 -0.6964
vn 0.0808 0.9878 -0.1328
vn -0.0430 0.9118 0.4083
vn -0.0826 0.7616 0.6428
vn -0.0254 0.4507 0.8923
vn -0.2240 0.4170 0.8809
vn 0.0893 0.4055 0.9097
vn 0.2819 0.9557 -0.0847
vn 0.4958 0.7739 -0.3941
vn 0.7195 0.4223 -0.5513
vn 0.7299 0.4382 -0.5246
vn 0.6426 0.4163 -0.6433
vn 0.5457 0.4120 -0.7297
vn 0.4506 0.5891 -0.6707
vn 0.3208 0.7367 -0.5952
vn 0.3988 0.6959 -0.5972
vn -0.3543 0.4702 0.8083
vn -0.3850 0.9175 0.0996
vn -0.0839 0.8504 -0.5195
vn 0.1045 0.5619 -0.8206
vn 0.3407 0.5502 -0.7624
vn 0.5370 0.4288 -0.7265
vn 0.5302 0.3858 -0.7550
vn 0.5563 0.5195 -0.6486
vn 0.0196 0.9230 0.3844
vn 0.0918 0.7289 0.6785
vn -0.3498 0.6329 0.6907
vn 0.0229 0.2548 0.9667
vn -0.1647 0.3814 0.9096
vn 0.5450 0.0801 0.8346
vn -0.3917 0.4974 -0.7740
vn -0.2615 0.5443 -0.7971
vn 0.0026 0.6083 -0.7937
vn 0.1225 0.5517 -0.8250
vn 0.3719 0.4218 -0.8269
vn 0.4750 0.5029 -0.7221
vn 0.6298 0.5148 -0.5817
vn 0.3895 0.7007 -0.5977
vn 0.2329 0.7993 -0.5540
vn -0.0297 0.9920 -0.1224
vn -0.1998 0.9572 0.2094
vn -0.4681 0.3886 0.7936
vn -0.3002 0.4837 0.8221
vn -0.5438 0.3188 0.7763
vn -0.7982 0.0910 -0.5955
vn 0.2835 0.8968 0.3396
vn 0.0525 0.1551 -0.9865
vn 0.3768 0.5474 -0.7473
vn 0.3491 0.5964 -0.7228
vn 0.2787 0.4859 -0.8284
vn 0.3379 0.4889 -0.8042
vn 0.4422 0.5532 -0.7060
vn -0.2674 0.9467 0.1797
vn -0.7422 0.6503 0.1620
vn 0.2359 0.5833 -0.7773
vn 0.6461 0.4934 -0.5824
vn 0.1989 0.5754 -0.7933
vn 0.3786 0.5385 -0.7528
vn 0.6384 0.5245 -0.5633
vn 0.6158 0.5320 -0.5812
vn 0.6274 0.4925 -0.6032
vn 0.4127 0.6257 -0.6619
vn 0.2265 0.7731 -0.5925
vn -0.1082 0.4478 0.8876
vn 0.3473 0.8987 -0.2679
vn 0.0719 0.3522 0.9332
vn -0.4754 0.3805 0.7932
vn -0.2349 0.7556 0.6114
vn -0.3679 0.5100 -0.7775
vn 0.1688 0.6569 -0.7349
vn 0.6220 0.6839 -0.3813
vn 0.8336 0.5233 -0.1768
vn 0.6999 0.5091 -0.5010
vn 0.0204 0.9761 -0.2163
vn -0.1019 0.9939 0.0414
vn -0.1197 0.9928 0.0061
vn -0.2164 0.9638 0.1556
vn -0.5988 0.3884 0.7005
vn -0.5117 0.3924 0.7643
vn -0.4376 0.7883 -0.4326
vn 0.0582 0.9835 0.1714
vn 0.7895 0.5738 -0.2175
vn 0.7257 0.6701 0.1560
vn 0.8266 0.5627 0.0110
vn 0.5240 0.5115 -0.6810
vn 0.5553 0.3387 -0.7596
vn 0.4093 0.8414 -0.3528
vn -0.3836 0.8609 0.3341
vn -0.5623 0.7131 0.4188
vn -0.5988 0.4921 0.6319
vn -0.6996 0.4960 0.5143
vn -0.7712 0.6262 -0.1146
vn -0.2614 -0.0098 -0.9652
vn -0.2847 0.2276 -0.9312
vn 0.5340 0.7814 0.3229
vn 0.7932 0.5683 0.2187
vn 0.8419 0.5396 0.0079
vn 0.6599 0.7506 -0.0326
vn 0.4878 0.8705 -0.0660
vn 0.4788 0.3836 -0.7897
vn 0.3170 0.3931 -0.8631
vn 0.2417 0.4494 -0.8600
vn 0.3674 0.6512 -0.6640
vn 0.3301 0.9416 -0.0666
vn -0.5283 0.6894 0.4956
vn -0.9207 0.3798 -0.0894
vn -0.6459 0.7480 0.1527
vn -0.3745 0.8168 0.4389
vn -0.0330 0.9946 -0.0981
vn 0.2991 0.8809 -0.3668
vn 0.1513 0.9163 -0.3708
vn 0.0811 0.6239 -0.7773
vn 0.2042 0.4288 -0.8800
vn 0.2235 0.3098 -0.9242
vn 0.4324 0.8397 -0.3287
vn 0.2484 0.9348 -0.2537
vn -0.6208 0.5570 0.5517
vn -0.7235 0.4174 0.5499
vn -0.7720 0.5163 0.3708
vn -0.5361 0.7509 0.3858
vn -0.4674 0.8724 0.1428
vn -0.7340 0.5620 0.3812
vn -0.5752 0.8016 -0.1634
vn -0.0261 0.7569 -0.6530
vn -0.3556 0.5768 -0.7354
vn -0.2206 0.4792 -0.8495
vn -0.1731 0.4196 -0.8910
vn 0.0717 0.9951 -0.0683
vn -0.2334 0.9560 0.1778
vn -0.6081 0.6589 0.4428
vn -0.6428 0.5439 0.5395
vn -0.5493 0.8278 -0.1141
vn 0.0429 0.7249 -0.6875
vn 0.0417 0.7226 -0.6900
vn 0.1797 0.4075 -0.8954
vn -0.0213 -0.4388 -0.8983
vn 0.1423 0.5461 -0.8255
vn 0.3063 0.7663 -0.5648
vn 0.2715 0.9198 -0.2833
vn -0.4462 0.8543 0.2665
vn 0.2731 0.7723 0.5735
vn 0.5220 0.7556 0.3958
vn 0.7454 0.6653 0.0423
vn 0.5101 0.8303 0.2245
vn 0.8160 0.5462 -0.1894
vn 0.7106 0.5931 -0.3784
vn 0.1880 0.6943 -0.6947
vn 0.3293 0.8801 -0.3420
vn -0.0166 0.9970 -0.0755
vn -0.7026 0.6516 0.2860
vn -0.7400 0.5007 0.4491
vn -0.7846 0.5117 0.3502
vn -0.8510 0.5133 -0.1108
vn -0.6829 0.5539 -0.4762
vn -0.0491 0.7008 0.7117
vn 0.0593 0.9868 -0.1507
vn 0.1096 0.7346 -0.6696
vn 0.5933 0.5294 -0.6064
vn 0.0314 0.5608 -0.8274
vn 0.3018 0.7218 -0.6228
vn 0.2999 0.8140 -0.4974
vn 0.3551 0.8747 -0.3298
vn -0.2219 0.9697 0.1024
vn -0.5218 0.8530 0.0036
vn -0.7985 0.5647 0.2085
vn -0.8757 0.4314 -0.2167
vn -0.4974 0.5252 -0.6905
vn -0.4565 0.4569 -0.7635
vn -0.4412 0.4144 -0.7960
vn 0.3694 0.7566 -0.5395
vn 0.1960 0.8098 -0.5529
vn 0.2952 0.9074 -0.2993
vn -0.4086 0.5242 -0.7472
vn 0.2594 0.9017 -0.3459
vn 0.3386 0.8833 -0.3241
vn 0.0384 0.9945 -0.0972
vn -0.3683 0.9223 -0.1169
vn -0.4762 0.8577 -0.1938
vn -0.5933 0.8002 -0.0872
vn -0.6950 0.7165 -0.0600
vn 0.3440 0.7700 -0.5374
vn 0.3611 0.9099 -0.2040
vn 0.0857 0.9780 -0.1901
vn -0.5427 -0.1920 -0.8177
vn -0.4120 0.8670 -0.2804
vn -0.6752 0.7369 -0.0326
vn -0.6140 0.7771 -0.1383
vn 0.1665 0.9099 -0.3800
vn 0.3709 0.7444 0.5552
vn 0.8249 0.1035 -0.5557
vn 0.2413 0.9361 -0.2558
vn 0.2687 0.9556 -0.1212
vn 0.4453 0.8725 0.2012
vn 0.3944 0.7044 0.5901
vn 0.2888 0.9457 0.1493
vn 0.0693 0.9822 0.1748
vn 0.3784 0.9232 -0.0679
vn 0.3242 0.9120 0.2511
vn 0.3930 0.8762 0.2790
vn 0.1596 0.9814 0.1071
vn 0.0470 0.9814 -0.1859
vn -0.0491 0.9534 -0.2977
vn -0.2567 0.7511 -0.6083
vn 0.4074 0.8304 0.3801
vn 0.3725 0.7352 0.5663
vn 0.5388 0.7837 0.3092
vn 0.3017 0.7848 -0.5414
vn -0.5852 0.5891 0.5572
vn 0.3652 0.8432 0.3945
vn -0.0372 0.9834 0.1775
vn 0.1111 0.9910 0.0745
vn 0.3142 0.9177 0.2429
vn 0.2700 0.8590 0.4349
vn 0.1110 0.7220 0.6829
vn 0.1026 0.6517 0.7515
vn 0.1353 0.5929 0.7939
vn 0.3969 0.4397 0.8057
vn 0.6517 0.3620 0.6665
vn 0.7202 0.3744 0.5841
vn -0.4596 0.7960 -0.3939
vn 0.1480 0.9890 -0.0054
vn 0.5168 0.8237 0.2332
vn 0.5583 0.5996 0.5734
vn 0.5235 0.6796 0.5140
vn 0.5496 0.6572 0.5157
vn 0.4240 0.6798 0.5984
vn 0.0689 0.6205 0.7812
vn 0.0756 0.5412 0.8375
vn 0.1136 0.9044 0.4112
vn 0.1096 0.9098 -0.4003
vn 0.6260 0.5370 0.5654
vn 0.4165 0.5975 0.6852
vn 0.4514 0.6748 0.5839
vn -0.1885 0.6412 0.7439
vn 0.1696 0.4675 0.8676
vn 0.5060 0.4713 0.7224
vn 0.7272 0.5061 0.4637
vn 0.5967 0.2978 0.7451
vn 0.9881 -0.0252 -0.1519
vn 0.3646 0.7864 0.4987
vn -0.2602 0.9601 -0.1023
vn 0.0605 0.9921 0.1097
vn -0.6635 0.3230 0.6748
vn -0.3524 0.3230 0.8783
vn -0.3676 0.3865 0.8459
vn -0.1650 0.4121 0.8961
vn 0.0750 0.4651 0.8821
vn 0.0113 0.6825 0.7308
vn 0.3328 0.4750 0.8146
vn 0.2627 0.8489 0.4586
vn 0.3590 0.8385 0.4100
vn -0.0801 0.9252 0.3710
vn -0.1452 0.7949 0.5890
vn -0.1511 0.4617 0.8741
vn 0.0935 0.5610 0.8225
vn 0.7574 0.0590 0.6502
vn 0.9056 -0.4042 -0.1288
vn -0.5506 0.8346 -0.0156
vn 0.3969 0.9130 -0.0942
vn -0.8434 0.4297 0.3224
vn -0.7904 0.4057 0.4590
vn -0.8722 0.3899 0.2954
vn -0.5978 0.6280 0.4982
vn 0.0147 0.7591 0.6508
vn 0.5950 0.6160 0.5163
vn 0.4911 0.6613 0.5671
vn 0.4033 0.7315 0.5498
vn 0.3846 0.4467 0.8078
vn -0.6179 0.5599 0.5520
vn -0.5152 0.4574 0.7249
vn -0.4211 0.7569 0.4998
vn 0.6001 0.6368 0.4841
vn 0.3292 0.7837 0.5267
vn 0.7138 0.6861 -0.1405
vn 0.5948 0.7933 -0.1297
vn -0.1319 0.9733 0.1879
vn -0.3175 0.9436 -0.0939
vn -0.3522 0.8867 0.2995
vn -0.5016 0.6707 0.5465
vn -0.3054 0.5775 0.7571
vn 0.7213 0.5908 0.3615
vn 0.8158 0.4318 -0.3847
vn 0.6868 0.7023 0.1871
vn 0.5647 0.2484 -0.7870
vn -0.1796 0.7946 0.5799
vn -0.5811 0.7596 0.2923
vn -0.7589 0.6192 0.2017
vn -0.6920 0.6992 0.1797
vn -0.8278 0.5285 0.1884
vn -0.9171 0.3987 -0.0006
vn -0.4136 0.9051 0.0990
vn 0.5203 0.8443 0.1281
vn 0.7862 0.6158 0.0513
vn -0.7051 0.5920 0.3903
vn -0.4952 0.7074 0.5044
vn 0.0579 0.8291 0.5561
vn 0.6182 0.7837 -0.0601
vn 0.5517 0.6792 -0.4841
vn 0.6514 0.6907 -0.3139
vn -0.3793 0.9252 -0.0124
vn -0.3733 0.9165 0.1437
vn -0.3823 0.8901 0.2483
vn -0.7564 0.5971 0.2669
vn -0.5574 0.5747 0.5992
vn -0.2152 0.8464 0.4871
vn 0.8242 0.5088 -0.2487
vn 0.7862 0.3561 -0.5051
vn 0.7689 0.0744 -0.6350
vn 0.7873 -0.2687 -0.5549
vn -0.5029 0.8476 0.1694
vn -0.6631 0.7319 0.1571
vn -0.5072 0.8605 0.0487
vn -0.8027 0.5881 0.0990
vn -0.8858 0.4283 0.1787
vn -0.7989 0.5919 0.1070
vn 0.1698 0.9835 0.0621
vn 0.7713 0.6287 -0.0995
vn -0.6174 0.6130 0.4930
vn -0.5655 0.6550 0.5012
vn 0.0366 0.9625 0.2689
vn 0.6166 0.5476 -0.5657
vn 0.4846 0.4902 -0.7245
vn 0.3881 0.4672 -0.7944
vn -0.5994 0.6342 0.4885
vn -0.7092 0.6739 0.2071
vn -0.3467 0.4438 -0.8263
vn 0.4906 0.2162 -0.8441
vn 0.5270 0.1343 -0.8392
vn 0.0574 0.9918 0.1138
vn -0.1350 0.9713 0.1957
vn -0.6070 0.7945 -0.0197
vn -0.8793 0.4762 -0.0047
vn -0.8677 0.4851 0.1087
vn 0.7461 0.6613 -0.0770
vn -0.3337 0.8807 0.3361
vn -0.4574 0.7773 0.4319
vn -0.3666 0.7853 0.4990
vn -0.6396 0.7480 0.1769
vn -0.7057 0.7076 0.0363
vn -0.1927 0.9739 0.1196
vn -0.9132 0.3880 0.1245
vn -0.2191 0.9751 -0.0329
vn 0.4826 0.8753 -0.0311
vn -0.4966 0.7239 0.4789
vn -0.2510 0.6824 0.6865
vn -0.0532 0.7484 0.6611
vn 0.2296 0.9533 -0.1960
vn -0.6583 0.7509 -0.0534
vn -0.9376 0.3466 -0.0267
vn -0.5425 0.7024 -0.4608
vn -0.0080 0.7885 -0.6150
vn -0.4736 0.6769 0.5635
vn -0.3726 0.7330 0.5691
vn -0.1970 0.6035 0.7727
vn 0.0868 0.6915 0.7171
vn 0.7663 0.6233 -0.1555
vn 0.0147 0.9863 0.1640
vn -0.3856 0.9220 -0.0336
vn -0.7806 0.5851 -0.2199
vn -0.8735 0.4457 -0.1959
vn -0.6995 0.4833 -0.5265
vn -0.2050 0.5182 -0.8303
vn -0.8436 0.4306 -0.3208
vn -0.8813 0.3632 -0.3024
usemtl terrainTexture
s 1
f 555/555/20 556/556/21 557/557/22
f 558/558/23 557/557/22 559/559/24
f 558/558/23 559/559/24 560/560/25
f 561/561/26 555/555/20 557/557/22
f 561/561/26 557/557/22 562/562/27
f 562/562/27 557/557/22 558/558/23
f 562/562/27 558/558/23 560/560/25
f 562/562/27 560/560/25 563/563/28
f 563/563/28 560/560/25 564/564/29
f 563/563/28 564/564/29 565/565/30
f 566/566/31 567/567/32 561/561/26
f 566/566/31 561/561/26 568/568/33
f 568/568/33 561/561/26 562/562/27
f 568/568/33 562/562/27 569/569/34
f 569/569/34 562/562/27 563/563/28
f 569/569/34 563/563/28 570/570/35
f 571/571/36 566/566/31 568/568/33
f 568/568/33 569/569/34 572/572/37
f 572/572/37 569/569/34 573/573/38
f 573/573/38 569/569/34 570/570/35
f 573/573/38 570/570/35 574/574/39
f 575/575/40 576/576/41 577/577/42
f 575/575/40 577/577/42 578/578/43
f 578/578/43 577/577/42 579/579/44
f 578/578/43 579/579/44 580/580/45
f 581/581/46 582/582/47 575/575/40
f 581/581/46 575/575/40 578/578/43
f 583/583/48 581/581/46 584/584/49
f 584/584/49 581/581/46 578/578/43
f 578/578/43 580/580/45 585/585/50
f 585/585/50 580/580/45 586/586/51
f 585/585/50 586/586/51 587/587/52
f 584/584/49 578/578/43 585/585/50
f 584/584/49 585/585/50 588/588/53
f 588/588/53 585/585/50 587/587/52
f 588/588/53 587/587/52 589/589/54
f 590/590/55 583/583/48 584/584/49
f 590/590/55 584/584/49 591/591/56
f 591/591/56 584/584/49 588/588/53
f 591/591/56 588/588/53 592/592/57
f 592/592/57 588/588/53 589/589/54
f 592/592/57 589/589/54 593/593/58
f 594/594/59 595/595/60 596/596/61
f 594/594/59 596/596/61 597/597/62
f 597/597/62 596/596/61 598/598/63
f 597/597/62 598/598/63 599/599/64
f 600/600/65 601/601/66 590/590/55
f 600/600/65 590/590/55 602/602/67
f 602/602/67 590/590/55 603/603/68
f 603/603/68 590/590/55 591/591/56
f 603/603/68 591/591/56 604/604/69
f 604/604/69 591/591/56 605/605/70
f 591/591/56 592/592/57 605/605/70
f 606/606/71 597/597/62 599/599/64
f 606/606/71 599/599/64 607/607/72
f 608/608/73 602/602/67 603/603/68
f 608/608/73 603/603/68 609/609/74
f 609/609/74 603/603/68 604/604/69
f 609/609/74 604/604/69 610/610/75
f 610/610/75 604/604/69 605/605/70
f 610/610/75 605/605/70 611/611/76
f 612/612/77 613/613/78 606/606/71
f 612/612/77 606/606/71 614/614/79
f 614/614/79 606/606/71 615/615/80
f 615/615/80 606/606/71 607/607/72
f 615/615/80 607/607/72 616/616/81
f 617/617/82 609/609/74 610/610/75
f 617/617/82 610/610/75 618/618/83
f 618/618/83 610/610/75 611/611/76
f 618/618/83 611/611/76 619/619/84
f 620/620/85 612/612/77 614/614/79
f 620/620/85 614/614/79 621/621/86
f 621/621/86 614/614/79 615/615/80
f 621/621/86 615/615/80 622/622/87
f 617/617/82 618/618/83 623/623/88
f 624/624/89 625/625/90 620/620/85
f 624/624/89 620/620/85 621/621/86
f 624/624/89 621/621/86 626/626/91
f 626/626/91 621/621/86 622/622/87
f 626/626/91 622/622/87 627/627/92
f 627/627/92 622/622/87 628/628/93
f 628/628/93 629/629/94 630/630/95
f 631/631/96 624/624/89 626/626/91
f 627/627/92 628/628/93 632/632/97
f 632/632/97 628/628/93 630/630/95
f 632/632/97 630/630/95 633/633/98
f 634/634/99 635/635/100 631/631/96
f 634/634/99 631/631/96 636/636/101
f 636/636/101 631/631/96 626/626/91
f 637/637/102 626/626/91 627/627/92
f 637/637/102 627/627/92 632/632/97
f 637/637/102 632/632/97 638/638/103
f 639/639/104 640/640/105 634/634/99
f 639/639/104 634/634/99 636/636/101
f 636/636/101 626/626/91 637/637/102
f 636/636/101 637/637/102 641/641/106
f 641/641/106 637/637/102 638/638/103
f 642/642/107 643/643/108 644/644/109
f 644/644/109 643/643/108 645/645/110
f 644/644/109 645/645/110 646/646/111
f 646/646/111 645/645/110 647/647/112
f 646/646/111 647/647/112 648/648/113
f 649/649/114 650/650/115 639/639/104
f 649/649/114 639/639/104 651/651/116
f 651/651/116 639/639/104 636/636/101
f 652/652/117 636/636/101 641/641/106
f 652/652/117 641/641/106 653/653/118
f 653/653/118 641/641/106 638/638/103
f 653/653/118 638/638/103 654/654/119
f 655/655/120 642/642/107 644/644/109
f 644/644/109 646/646/111 656/656/121
f 656/656/121 646/646/111 648/648/113
f 656/656/121 648/648/113 657/657/122
f 658/658/123 649/649/114 651/651/116
f 658/658/123 651/651/116 659/659/124
f 659/659/124 651/651/116 660/660/125
f 660/660/125 651/651/116 636/636/101
f 660/660/125 636/636/101 652/652/117
f 660/660/125 652/652/117 661/661/126
f 661/661/126 652/652/117 662/662/127
f 662/662/127 652/652/117 653/653/118
f 662/662/127 653/653/118 663/663/128
f 664/664/129 665/665/130 655/655/120
f 664/664/129 655/655/120 666/666/131
f 666/666/131 655/655/120 644/644/109
f 666/666/131 644/644/109 656/656/121
f 656/656/121 657/657/122 667/667/132
f 668/668/133 669/669/134 670/670/135
f 668/668/133 670/670/135 671/671/136
f 671/671/136 670/670/135 672/672/137
f 671/671/136 672/672/137 673/673/138
f 674/674/139 675/675/140 658/658/123
f 661/661/126 662/662/127 676/676/141
f 676/676/141 662/662/127 663/663/128
f 676/676/141 663/663/128 677/677/142
f 678/678/143 679/679/144 680/680/145
f 678/678/143 680/680/145 681/681/146
f 681/681/146 680/680/145 664/664/129
f 681/681/146 664/664/129 682/682/147
f 682/682/147 664/664/129 666/666/131
f 682/682/147 666/666/131 683/683/148
f 683/683/148 666/666/131 656/656/121
f 683/683/148 656/656/121 684/684/149
f 684/684/149 656/656/121 667/667/132
f 684/684/149 667/667/132 685/685/150
f 686/686/151 668/668/133 671/671/136
f 686/686/151 671/671/136 687/687/152
f 687/687/152 671/671/136 688/688/153
f 671/671/136 673/673/138 688/688/153
f 688/688/153 673/673/138 689/689/154
f 688/688/153 689/689/154 690/690/155
f 691/691/156 674/674/139 658/658/123
f 691/691/156 658/658/123 692/692/157
f 692/692/157 658/658/123 659/659/124
f 692/692/157 659/659/124 660/660/125
f 692/692/157 660/660/125 693/693/158
f 693/693/158 660/660/125 661/661/126
f 693/693/158 661/661/126 676/676/141
f 694/694/159 676/676/141 677/677/142
f 694/694/159 677/677/142 695/695/160
f 696/696/161 678/678/143 681/681/146
f 696/696/161 681/681/146 682/682/147
f 696/696/161 682/682/147 697/697/162
f 697/697/162 682/682/147 683/683/148
f 697/697/162 683/683/148 698/698/163
f 698/698/163 683/683/148 684/684/149
f 698/698/163 684/684/149 699/699/164
f 700/700/165 687/687/152 688/688/153
f 700/700/165 688/688/153 701/701/166
f 701/701/166 688/688/153 690/690/155
f 701/701/166 690/690/155 702/702/167
f 703/703/168 704/704/169 691/691/156
f 703/703/168 691/691/156 705/705/170
f 705/705/170 691/691/156 692/692/157
f 705/705/170 692/692/157 706/706/171
f 706/706/171 692/692/157 693/693/158
f 706/706/171 693/693/158 676/676/141
f 707/707/172 700/700/165 701/701/166
f 707/707/172 701/701/166 708/708/173
f 708/708/173 701/701/166 709/709/174
f 701/701/166 702/702/167 709/709/174
f 705/705/170 706/706/171 710/710/175
f 710/710/175 706/706/171 711/711/176
f 711/711/176 706/706/171 676/676/141
f 711/711/176 676/676/141 712/712/177
f 712/712/177 676/676/141 694/694/159
f 712/712/177 694/694/159 713/713/178
f 713/713/178 694/694/159 695/695/160
f 713/713/178 695/695/160 714/714/179
f 715/715/180 716/716/181 717/717/182
f 715/715/180 717/717/182 718/718/183
f 718/718/183 717/717/182 719/719/184
f 718/718/183 719/719/184 720/720/185
f 721/721/186 707/707/172 708/708/173
f 721/721/186 708/708/173 722/722/187
f 722/722/187 708/708/173 709/709/174
f 722/722/187 709/709/174 723/723/188
f 724/724/189 703/703/168 705/705/170
f 725/725/190 710/710/175 711/711/176
f 713/713/178 714/714/179 726/726/191
f 727/727/192 728/728/193 715/715/180
f 727/727/192 715/715/180 718/718/183
f 729/729/194 730/730/195 724/724/189
f 705/705/170 710/710/175 725/725/190
f 731/731/196 725/725/190 711/711/176
f 731/731/196 711/711/176 732/732/197
f 732/732/197 711/711/176 712/712/177
f 732/732/197 712/712/177 713/713/178
f 732/732/197 713/713/178 733/733/198
f 733/733/198 713/713/178 726/726/191
f 733/733/198 726/726/191 734/734/199
f 735/735/200 736/736/201 727/727/192
f 727/727/192 718/718/183 737/737/202
f 737/737/202 718/718/183 738/738/203
f 738/738/203 718/718/183 720/720/185
f 738/738/203 720/720/185 739/739/204
f 740/740/205 741/741/206 742/742/207
f 740/740/205 742/742/207 743/743/208
f 743/743/208 742/742/207 744/744/209
f 743/743/208 744/744/209 745/745/210
f 745/745/210 744/744/209 746/746/211
f 745/745/210 746/746/211 747/747/212
f 748/748/213 729/729/194 749/749/214
f 749/749/214 729/729/194 724/724/189
f 724/724/189 705/705/170 750/750/215
f 750/750/215 705/705/170 725/725/190
f 750/750/215 725/725/190 731/731/196
f 731/731/196 732/732/197 751/751/216
f 751/751/216 732/732/197 752/752/217
f 752/752/217 732/732/197 733/733/198
f 752/752/217 733/733/198 753/753/218
f 754/754/219 755/755/220 735/735/200
f 754/754/219 735/735/200 756/756/221
f 756/756/221 735/735/200 757/757/222
f 757/757/222 735/735/200 727/727/192
f 757/757/222 727/727/192 737/737/202
f 758/758/223 737/737/202 738/738/203
f 758/758/223 738/738/203 759/759/224
f 760/760/225 740/740/205 743/743/208
f 760/760/225 743/743/208 761/761/226
f 761/761/226 743/743/208 745/745/210
f 761/761/226 745/745/210 762/762/227
f 762/762/227 745/745/210 747/747/212
f 762/762/227 747/747/212 763/763/228
f 764/764/229 748/748/213 749/749/214
f 749/749/214 724/724/189 750/750/215
f 765/765/230 750/750/215 731/731/196
f 765/765/230 731/731/196 766/766/231
f 766/766/231 731/731/196 751/751/216
f 751/751/216 752/752/217 767/767/232
f 767/767/232 752/752/217 753/753/218
f 767/767/232 753/753/218 768/768/233
f 769/769/234 770/770/235 754/754/219
f 769/769/234 754/754/219 771/771/236
f 771/771/236 754/754/219 756/756/221
f 771/771/236 756/756/221 757/757/222
f 757/757/222 737/737/202 758/758/223
f 772/772/237 758/758/223 759/759/224
f 772/772/237 759/759/224 773/773/238
f 773/773/238 759/759/224 774/774/239
f 773/773/238 774/774/239 775/775/240
f 776/776/241 777/777/242 778/778/243
f 776/776/241 778/778/243 779/779/244
f 779/779/244 778/778/243 780/780/245
f 779/779/244 780/780/245 781/781/246
f 781/781/246 780/780/245 782/782/247
f 781/781/246 782/782/247 783/783/248
f 783/783/248 782/782/247 784/784/249
f 783/783/248 784/784/249 785/785/250
f 786/786/251 787/787/252 760/760/225
f 786/786/251 760/760/225 788/788/253
f 788/788/253 760/760/225 761/761/226
f 788/788/253 761/761/226 789/789/254
f 789/789/254 761/761/226 762/762/227
f 789/789/254 762/762/227 790/790/255
f 790/790/255 762/762/227 763/763/228
f 790/790/255 763/763/228 791/791/256
f 791/791/256 763/763/228 792/792/257
f 791/791/256 792/792/257 793/793/258
f 793/793/258 792/792/257 794/794/259
f 793/793/258 794/794/259 795/795/260
f 795/795/260 794/794/259 796/796/261
f 795/795/260 796/796/261 797/797/262
f 798/798/263 799/799/264 800/800/265
f 800/800/265 764/764/229 801/801/266
f 801/801/266 764/764/229 749/749/214
f 749/749/214 750/750/215 802/802/267
f 802/802/267 750/750/215 765/765/230
f 766/766/231 751/751/216 767/767/232
f 803/803/268 767/767/232 768/768/233
f 803/803/268 768/768/233 804/804/269
f 805/805/270 769/769/234 771/771/236
f 805/805/270 771/771/236 806/806/271
f 806/806/271 771/771/236 807/807/272
f 807/807/272 771/771/236 757/757/222
f 807/807/272 757/757/222 808/808/273
f 808/808/273 757/757/222 758/758/223
f 808/808/273 758/758/223 772/772/237
f 808/808/273 772/772/237 809/809/274
f 809/809/274 772/772/237 773/773/238
f 809/809/274 773/773/238 775/775/240
f 809/809/274 775/775/240 810/810/275
f 811/811/276 812/812/277 813/813/278
f 811/811/276 813/813/278 814/814/279
f 814/814/279 813/813/278 776/776/241
f 814/814/279 776/776/241 815/815/280
f 815/815/280 776/776/241 779/779/244
f 815/815/280 779/779/244 816/816/281
f 816/816/281 779/779/244 781/781/246
f 816/816/281 781/781/246 817/817/282
f 817/817/282 781/781/246 783/783/248
f 817/817/282 783/783/248 818/818/283
f 818/818/283 783/783/248 785/785/250
f 818/818/283 785/785/250 819/819/284
f 819/819/284 785/785/250 786/786/251
f 819/819/284 786/786/251 820/820/285
f 820/820/285 786/786/251 788/788/253
f 820/820/285 788/788/253 821/821/286
f 821/821/286 788/788/253 789/789/254
f 821/821/286 789/789/254 822/822/287
f 822/822/287 789/789/254 790/790/255
f 822/822/287 790/790/255 823/823/288
f 823/823/288 790/790/255 791/791/256
f 823/823/288 791/791/256 824/824/289
f 824/824/289 791/791/256 793/793/258
f 824/824/289 793/793/258 825/825/290
f 825/825/290 793/793/258 795/795/260
f 795/795/260 797/797/262 826/826/291
f 827/827/292 828/828/293 798/798/263
f 827/827/292 798/798/263 800/800/265
f 827/827/292 800/800/265 801/801/266
f 801/801/266 749/749/214 802/802/267
f 829/829/294 802/802/267 765/765/230
f 829/829/294 765/765/230 830/830/295
f 830/830/295 765/765/230 766/766/231
f 830/830/295 766/766/231 831/831/296
f 831/831/296 766/766/231 767/767/232
f 831/831/296 767/767/232 803/803/268
f 831/831/296 803/803/268 832/832/297
f 832/832/297 803/803/268 804/804/269
f 832/832/297 804/804/269 833/833/298
f 834/834/299 806/806/271 807/807/272
f 834/834/299 807/807/272 835/835/300
f 836/836/301 811/811/276 814/814/279
f 836/836/301 814/814/279 837/837/302
f 837/837/302 814/814/279 815/815/280
f 837/837/302 815/815/280 838/838/303
f 838/838/303 815/815/280 816/816/281
f 838/838/303 816/816/281 839/839/304
f 839/839/304 816/816/281 817/817/282
f 839/839/304 817/817/282 840/840/305
f 840/840/305 817/817/282 818/818/283
f 840/840/305 818/818/283 841/841/306
f 841/841/306 818/818/283 819/819/284
f 841/841/306 819/819/284 842/842/307
f 842/842/307 819/819/284 820/820/285
f 842/842/307 820/820/285 843/843/308
f 843/843/308 820/820/285 821/821/286
f 843/843/308 821/821/286 844/844/309
f 844/844/309 821/821/286 822/822/287
f 844/844/309 822/822/287 845/845/310
f 845/845/310 822/822/287 823/823/288
f 845/845/310 823/823/288 846/846/311
f 846/846/311 823/823/288 824/824/289
f 846/846/311 824/824/289 847/847/312
f 847/847/312 824/824/289 825/825/290
f 847/847/312 825/825/290 848/848/313
f 848/848/313 825/825/290 795/795/260
f 826/826/291 849/849/314 850/850/315
f 850/850/315 849/849/314 827/827/292
f 851/851/316 827/827/292 801/801/266
f 851/851/316 801/801/266 852/852/317
f 852/852/317 801/801/266 853/853/318
f 853/853/318 801/801/266 802/802/267
f 854/854/319 802/802/267 829/829/294
f 829/829/294 830/830/295 855/855/320
f 855/855/320 830/830/295 831/831/296
f 856/856/321 831/831/296 832/832/297
f 856/856/321 832/832/297 857/857/322
f 858/858/323 859/859/324 836/836/301
f 858/858/323 836/836/301 860/860/325
f 860/860/325 836/836/301 837/837/302
f 860/860/325 837/837/302 861/861/326
f 861/861/326 837/837/302 838/838/303
f 861/861/326 838/838/303 862/862/327
f 862/862/327 838/838/303 839/839/304
f 862/862/327 839/839/304 863/863/328
f 863/863/328 839/839/304 840/840/305
f 863/863/328 840/840/305 864/864/329
f 864/864/329 840/840/305 841/841/306
f 864/864/329 841/841/306 865/865/330
f 865/865/330 841/841/306 842/842/307
f 865/865/330 842/842/307 866/866/331
f 866/866/331 842/842/307 843/843/308
f 866/866/331 843/843/308 867/867/332
f 867/867/332 843/843/308 844/844/309
f 867/867/332 844/844/309 868/868/333
f 868/868/333 844/844/309 845/845/310
f 868/868/333 845/845/310 869/869/334
f 869/869/334 845/845/310 846/846/311
f 869/869/334 846/846/311 870/870/335
f 870/870/335 846/846/311 847/847/312
f 870/870/335 847/847/312 871/871/336
f 871/871/336 847/847/312 848/848/313
f 848/848/313 795/795/260 850/850/315
f 850/850/315 795/795/260 826/826/291
f 850/850/315 827/827/292 851/851/316
f 853/853/318 802/802/267 854/854/319
f 872/872/337 829/829/294 873/873/338
f 873/873/338 829/829/294 855/855/320
f 855/855/320 831/831/296 874/874/339
f 874/874/339 831/831/296 856/856/321
f 874/874/339 856/856/321 875/875/340
f 876/876/341 877/877/342 878/878/343
f 876/876/341 878/878/343 879/879/344
f 879/879/344 878/878/343 858/858/323
f 879/879/344 858/858/323 880/880/345
f 880/880/345 858/858/323 860/860/325
f 880/880/345 860/860/325 881/881/346
f 881/881/346 860/860/325 861/861/326
f 881/881/346 861/861/326 882/882/347
f 882/882/347 861/861/326 862/862/327
f 882/882/347 862/862/327 883/883/348
f 883/883/348 862/862/327 863/863/328
f 883/883/348 863/863/328 884/884/349
f 884/884/349 863/863/328 864/864/329
f 884/884/349 864/864/329 885/885/350
f 885/885/350 864/864/329 865/865/330
f 885/885/350 865/865/330 886/886/351
f 886/886/351 865/865/330 866/866/331
f 886/886/351 866/866/331 887/887/352
f 887/887/352 866/866/331 867/867/332
f 887/887/352 867/867/332 888/888/353
f 888/888/353 867/867/332 868/868/333
f 888/888/353 868/868/333 889/889/354
f 889/889/354 868/868/333 869/869/334
f 889/889/354 869/869/334 890/890/355
f 890/890/355 869/869/334 870/870/335
f 890/890/355 870/870/335 891/891/356
f 891/891/356 870/870/335 871/871/336
f 891/891/356 871/871/336 848/848/313
f 892/892/357 851/851/316 852/852/317
f 892/892/357 852/852/317 853/853/318
f 893/893/358 853/853/318 854/854/319
f 854/854/319 829/829/294 872/872/337
f 873/873/338 855/855/320 894/894/359
f 894/894/359 855/855/320 874/874/339
f 894/894/359 874/874/339 895/895/360
f 896/896/361 897/897/362 898/898/363
f 897/897/362 876/876/341 898/898/363
f 898/898/363 876/876/341 879/879/344
f 898/898/363 879/879/344 899/899/364
f 899/899/364 879/879/344 880/880/345
f 899/899/364 880/880/345 900/900/365
f 900/900/365 880/880/345 881/881/346
f 900/900/365 881/881/346 901/901/366
f 901/901/366 881/881/346 882/882/347
f 901/901/366 882/882/347 902/902/367
f 902/902/367 882/882/347 883/883/348
f 902/902/367 883/883/348 903/903/368
f 903/903/368 883/883/348 884/884/349
f 903/903/368 884/884/349 904/904/369
f 905/905/370 885/885/350 886/886/351
f 905/905/370 886/886/351 906/906/371
f 906/906/371 886/886/351 887/887/352
f 906/906/371 887/887/352 907/907/372
f 907/907/372 887/887/352 888/888/353
f 907/907/372 888/888/353 908/908/373
f 908/908/373 888/888/353 889/889/354
f 908/908/373 889/889/354 909/909/374
f 909/909/374 889/889/354 890/890/355
f 909/909/374 890/890/355 910/910/375
f 910/910/375 890/890/355 891/891/356
f 910/910/375 891/891/356 911/911/376
f 911/911/376 891/891/356 848/848/313
f 912/912/377 848/848/313 850/850/315
f 912/912/377 850/850/315 851/851/316
f 913/913/378 853/853/318 893/893/358
f 893/893/358 854/854/319 914/914/379
f 914/914/379 854/854/319 872/872/337
f 872/872/337 873/873/338 915/915/380
f 915/915/380 873/873/338 894/894/359
f 894/894/359 895/895/360 916/916/381
f 917/917/382 896/896/361 898/898/363
f 917/917/382 898/898/363 918/918/383
f 918/918/383 898/898/363 899/899/364
f 918/918/383 899/899/364 919/919/384
f 919/919/384 899/899/364 900/900/365
f 919/919/384 900/900/365 920/920/385
f 920/920/385 900/900/365 901/901/366
f 920/920/385 901/901/366 921/921/386
f 921/921/386 901/901/366 902/902/367
f 921/921/386 902/902/367 922/922/387
f 922/922/387 902/902/367 903/903/368
f 922/922/387 903/903/368 923/923/388
f 924/924/389 906/906/371 907/907/372
f 924/924/389 907/907/372 925/925/390
f 925/925/390 907/907/372 908/908/373
f 925/925/390 908/908/373 926/926/391
f 926/926/391 908/908/373 909/909/374
f 926/926/391 909/909/374 927/927/392
f 927/927/392 909/909/374 910/910/375
f 927/927/392 910/910/375 928/928/393
f 928/928/393 910/910/375 911/911/376
f 928/928/393 911/911/376 929/929/394
f 929/929/394 911/911/376 848/848/313
f 929/929/394 848/848/313 912/912/377
f 912/912/377 851/851/316 930/930/395
f 930/930/395 851/851/316 892/892/357
f 913/913/378 892/892/357 853/853/318
f 931/931/396 913/913/378 893/893/358
f 931/931/396 893/893/358 914/914/379
f 932/932/397 914/914/379 872/872/337
f 932/932/397 872/872/337 933/933/398
f 933/933/398 872/872/337 915/915/380
f 933/933/398 915/915/380 894/894/359
f 933/933/398 894/894/359 934/934/399
f 934/934/399 894/894/359 916/916/381
f 934/934/399 916/916/381 935/935/400
f 936/936/401 917/917/382 918/918/383
f 936/936/401 918/918/383 937/937/402
f 937/937/402 918/918/383 919/919/384
f 937/937/402 919/919/384 938/938/403
f 938/938/403 919/919/384 920/920/385
f 938/938/403 920/920/385 939/939/404
f 939/939/404 920/920/385 921/921/386
f 939/939/404 921/921/386 940/940/405
f 940/940/405 921/921/386 922/922/387
f 940/940/405 922/922/387 941/941/406
f 941/941/406 922/922/387 923/923/388
f 941/941/406 923/923/388 942/942/407
f 942/942/407 923/923/388 943/943/408
f 942/942/407 943/943/408 944/944/409
f 945/945/410 946/946/411 924/924/389
f 945/945/410 924/924/389 947/947/412
f 947/947/412 924/924/389 925/925/390
f 947/947/412 925/925/390 948/948/413
f 948/948/413 925/925/390 926/926/391
f 948/948/413 926/926/391 949/949/414
f 949/949/414 926/926/391 927/927/392
f 949/949/414 927/927/392 950/950/415
f 950/950/415 927/927/392 928/928/393
f 950/950/415 928/928/393 951/951/416
f 951/951/416 928/928/393 929/929/394
f 951/951/416 929/929/394 912/912/377
f 930/930/395 892/892/357 913/913/378
f 931/931/396 914/914/379 952/952/417
f 952/952/417 914/914/379 932/932/397
f 932/932/397 933/933/398 953/953/418
f 953/953/418 933/933/398 954/954/419
f 954/954/419 933/933/398 934/934/399
f 954/954/419 934/934/399 955/955/420
f 956/956/421 936/936/401 937/937/402
f 956/956/421 937/937/402 957/957/422
f 957/957/422 937/937/402 938/938/403
f 957/957/422 938/938/403 958/958/423
f 958/958/423 938/938/403 939/939/404
f 958/958/423 939/939/404 959/959/424
f 959/959/424 939/939/404 940/940/405
f 959/959/424 940/940/405 960/960/425
f 960/960/425 940/940/405 941/941/406
f 960/960/425 941/941/406 961/961/426
f 961/961/426 941/941/406 942/942/407
f 961/961/426 942/942/407 962/962/427
f 962/962/427 942/942/407 944/944/409
f 962/962/427 944/944/409 963/963/428
f 963/963/428 944/944/409 945/945/410
f 963/963/428 945/945/410 964/964/429
f 964/964/429 945/945/410 947/947/412
f 964/964/429 947/947/412 965/965/430
f 965/965/430 947/947/412 948/948/413
f 965/965/430 948/948/413 966/966/431
f 966/966/431 948/948/413 949/949/414
f 966/966/431 949/949/414 967/967/432
f 967/967/432 949/949/414 950/950/415
f 967/967/432 950/950/415 968/968/433
f 968/968/433 950/950/415 951/951/416
f 968/968/433 951/951/416 969/969/434
f 969/969/434 951/951/416 912/912/377
f 969/969/434 912/912/377 970/970/435
f 970/970/435 912/912/377 930/930/395
f 971/971/436 930/930/395 913/913/378
f 971/971/436 913/913/378 931/931/396
f 971/971/436 931/931/396 972/972/437
f 972/972/437 931/931/396 952/952/417
f 952/952/417 932/932/397 973/973/438
f 973/973/438 932/932/397 974/974/439
f 974/974/439 932/932/397 975/975/440
f 932/932/397 953/953/418 975/975/440
f 975/975/440 953/953/418 954/954/419
f 975/975/440 954/954/419 976/976/441
f 977/977/442 956/956/421 957/957/422
f 977/977/442 957/957/422 978/978/443
f 979/979/444 958/958/423 959/959/424
f 979/979/444 959/959/424 980/980/445
f 980/980/445 959/959/424 960/960/425
f 980/980/445 960/960/425 981/981/446
f 981/981/446 960/960/425 961/961/426
f 981/981/446 961/961/426 982/982/447
f 982/982/447 961/961/426 962/962/427
f 982/982/447 962/962/427 983/983/448
f 983/983/448 962/962/427 963/963/428
f 983/983/448 963/963/428 984/984/449
f 984/984/449 963/963/428 964/964/429
f 984/984/449 964/964/429 985/985/450
f 985/985/450 964/964/429 965/965/430
f 985/985/450 965/965/430 986/986/451
f 986/986/451 965/965/430 966/966/431
f 986/986/451 966/966/431 987/987/452
f 987/987/452 966/966/431 967/967/432
f 987/987/452 967/967/432 988/988/453
f 988/988/453 967/967/432 968/968/433
f 988/988/453 968/968/433 989/989/454
f 989/989/454 968/968/433 969/969/434
f 970/970/435 930/930/395 990/990/455
f 990/990/455 930/930/395 971/971/436
f 991/991/456 973/973/438 974/974/439
f 991/991/456 974/974/439 992/992/457
f 993/993/458 979/979/444 980/980/445
f 993/993/458 980/980/445 994/994/459
f 994/994/459 980/980/445 981/981/446
f 994/994/459 981/981/446 995/995/460
f 995/995/460 981/981/446 982/982/447
f 995/995/460 982/982/447 996/996/461
f 996/996/461 982/982/447 983/983/448
f 996/996/461 983/983/448 997/997/462
f 997/997/462 983/983/448 984/984/449
f 997/997/462 984/984/449 998/998/463
f 998/998/463 984/984/449 985/985/450
f 998/998/463 985/985/450 999/999/464
f 999/999/464 985/985/450 986/986/451
f 999/999/464 986/986/451 1000/1000/465
f 1000/1000/465 986/986/451 987/987/452
f 1000/1000/465 987/987/452 1001/1001/466
f 1001/1001/466 987/987/452 988/988/453
f 1001/1001/466 988/988/453 1002/1002/467
f 1002/1002/467 988/988/453 989/989/454
f 1002/1002/467 989/989/454 1003/1003/468
f 1003/1003/468 989/989/454 969/969/434
f 1004/1004/469 990/990/455 971/971/436
f 1004/1004/469 971/971/436 1005/1005/470
f 1005/1005/470 971/971/436 972/972/437
f 1005/1005/470 972/972/437 952/952/417
f 1005/1005/470 952/952/417 1006/1006/471
f 1006/1006/471 952/952/417 973/973/438
f 973/973/438 991/991/456 1007/1007/472
f 1008/1008/473 993/993/458 994/994/459
f 1008/1008/473 994/994/459 1009/1009/474
f 1009/1009/474 994/994/459 1010/1010/475
f 994/994/459 995/995/460 1010/1010/475
f 1010/1010/475 995/995/460 996/996/461
f 1010/1010/475 996/996/461 1011/1011/476
f 1011/1011/476 996/996/461 997/997/462
f 1011/1011/476 997/997/462 1012/1012/477
f 1012/1012/477 997/997/462 998/998/463
f 1012/1012/477 998/998/463 1013/1013/478
f 1013/1013/478 998/998/463 999/999/464
f 1013/1013/478 999/999/464 1014/1014/479
f 1014/1014/479 999/999/464 1000/1000/465
f 1014/1014/479 1000/1000/465 1015/1015/480
f 1015/1015/480 1000/1000/465 1001/1001/466
f 1015/1015/480 1001/1001/466 1016/1016/481
f 1016/1016/481 1001/1001/466 1002/1002/467
f 1016/1016/481 1002/1002/467 1003/1003/468
f 1003/1003/468 969/969/434 970/970/435
f 1017/1017/482 970/970/435 990/990/455
f 1017/1017/482 990/990/455 1018/1018/483
f 1018/1018/483 990/990/455 1004/1004/469
f 1018/1018/483 1004/1004/469 1019/1019/484
f 1019/1019/484 1004/1004/469 1005/1005/470
f 1019/1019/484 1005/1005/470 1020/1020/485
f 1020/1020/485 1005/1005/470 1006/1006/471
f 1006/1006/471 973/973/438 1021/1021/486
f 1021/1021/486 973/973/438 1007/1007/472
f 1021/1021/486 1007/1007/472 1022/1022/487
f 1023/1023/488 1010/1010/475 1011/1011/476
f 1023/1023/488 1011/1011/476 1024/1024/489
f 1024/1024/489 1011/1011/476 1012/1012/477
f 1024/1024/489 1012/1012/477 1025/1025/490
f 1025/1025/490 1012/1012/477 1013/1013/478
f 1025/1025/490 1013/1013/478 1026/1026/491
f 1026/1026/491 1013/1013/478 1014/1014/479
f 1026/1026/491 1014/1014/479 1027/1027/492
f 1027/1027/492 1014/1014/479 1015/1015/480
f 1027/1027/492 1015/1015/480 1028/1028/493
f 1028/1028/493 1015/1015/480 1016/1016/481
f 1028/1028/493 1016/1016/481 1029/1029/494
f 1029/1029/494 1016/1016/481 1003/1003/468
f 1029/1029/494 1003/1003/468 1030/1030/495
f 1030/1030/495 1003/1003/468 1031/1031/496
f 1031/1031/496 1003/1003/468 970/970/435
f 1031/1031/496 970/970/435 1017/1017/482
f 1032/1032/497 1006/1006/471 1021/1021/486
f 1033/1033/498 1023/1023/488 1024/1024/489
f 1033/1033/498 1024/1024/489 1034/1034/499
f 1034/1034/499 1024/1024/489 1025/1025/490
f 1034/1034/499 1025/1025/490 1035/1035/500
f 1035/1035/500 1025/1025/490 1026/1026/491
f 1035/1035/500 1026/1026/491 1036/1036/501
f 1036/1036/501 1026/1026/491 1027/1027/492
f 1036/1036/501 1027/1027/492 1037/1037/502
f 1037/1037/502 1027/1027/492 1028/1028/493
f 1037/1037/502 1028/1028/493 1038/1038/503
f 1038/1038/503 1028/1028/493 1029/1029/494
f 1038/1038/503 1029/1029/494 1039/1039/504
f 1039/1039/504 1029/1029/494 1030/1030/495
f 1039/1039/504 1030/1030/495 1031/1031/496
f 1017/1017/482 1018/1018/483 1040/1040/505
f 1040/1040/505 1018/1018/483 1019/1019/484
f 1040/1040/505 1019/1019/484 1041/1041/506
f 1041/1041/506 1019/1019/484 1020/1020/485
f 1041/1041/506 1020/1020/485 1042/1042/507
f 1042/1042/507 1020/1020/485 1006/1006/471
f 1042/1042/507 1006/1006/471 1043/1043/508
f 1043/1043/508 1006/1006/471 1032/1032/497
f 1032/1032/497 1021/1021/486 1044/1044/509
f 1044/1044/509 1021/1021/486 1022/1022/487
f 1044/1044/509 1022/1022/487 1045/1045/510
f 1046/1046/511 1034/1034/499 1035/1035/500
f 1046/1046/511 1035/1035/500 1047/1047/512
f 1047/1047/512 1035/1035/500 1036/1036/501
f 1047/1047/512 1036/1036/501 1048/1048/513
f 1048/1048/513 1036/1036/501 1037/1037/502
f 1048/1048/513 1037/1037/502 1049/1049/514
f 1049/1049/514 1037/1037/502 1038/1038/503
f 1049/1049/514 1038/1038/503 1050/1050/515
f 1050/1050/515 1038/1038/503 1039/1039/504
f 1050/1050/515 1039/1039/504 1051/1051/516
f 1051/1051/516 1039/1039/504 1031/1031/496
f 1052/1052/517 1031/1031/496 1053/1053/518
f 1053/1053/518 1031/1031/496 1017/1017/482
f 1053/1053/518 1017/1017/482 1054/1054/519
f 1054/1054/519 1017/1017/482 1040/1040/505
f 1054/1054/519 1040/1040/505 1055/1055/520
f 1055/1055/520 1040/1040/505 1056/1056/521
f 1056/1056/521 1040/1040/505 1041/1041/506
f 1042/1042/507 1043/1043/508 1057/1057/522
f 1057/1057/522 1043/1043/508 1032/1032/497
f 1057/1057/522 1032/1032/497 1058/1058/523
f 1058/1058/523 1032/1032/497 1044/1044/509
f 1044/1044/509 1045/1045/510 1059/1059/524
f 1059/1059/524 1045/1045/510 1060/1060/525
f 1059/1059/524 1060/1060/525 1061/1061/526
f 1061/1061/526 1060/1060/525 1062/1062/527
f 1060/1060/525 1063/1063/528 1062/1062/527
f 1064/1064/529 1048/1048/513 1049/1049/514
f 1064/1064/529 1049/1049/514 1065/1065/530
f 1065/1065/530 1049/1049/514 1050/1050/515
f 1065/1065/530 1050/1050/515 1066/1066/531
f 1066/1066/531 1050/1050/515 1051/1051/516
f 1066/1066/531 1051/1051/516 1067/1067/532
f 1067/1067/532 1051/1051/516 1031/1031/496
f 1055/1055/520 1056/1056/521 1068/1068/533
f 1068/1068/533 1056/1056/521 1041/1041/506
f 1061/1061/526 1062/1062/527 1069/1069/534
f 1070/1070/535 1071/1071/536 1064/1064/529
f 1070/1070/535 1064/1064/529 1072/1072/537
f 1072/1072/537 1064/1064/529 1065/1065/530
f 1072/1072/537 1065/1065/530 1073/1073/538
f 1073/1073/538 1065/1065/530 1066/1066/531
f 1073/1073/538 1066/1066/531 1074/1074/539
f 1074/1074/539 1066/1066/531 1067/1067/532
f 1074/1074/539 1067/1067/532 1075/1075/540
f 1075/1075/540 1067/1067/532 1031/1031/496
f 1075/1075/540 1031/1031/496 1076/1076/541
f 1076/1076/541 1031/1031/496 1052/1052/517
f 1052/1052/517 1053/1053/518 1077/1077/542
f 1077/1077/542 1053/1053/518 1054/1054/519
f 1077/1077/542 1054/1054/519 1055/1055/520
f 1077/1077/542 1055/1055/520 1078/1078/543
f 1078/1078/543 1055/1055/520 1068/1068/533
f 1068/1068/533 1041/1041/506 1042/1042/507
f 1042/1042/507 1057/1057/522 1079/1079/544
f 1079/1079/544 1057/1057/522 1058/1058/523
f 1079/1079/544 1058/1058/523 1080/1080/545
f 1080/1080/545 1058/1058/523 1044/1044/509
f 1080/1080/545 1044/1044/509 1081/1081/546
f 1081/1081/546 1044/1044/509 1059/1059/524
f 1059/1059/524 1061/1061/526 1082/1082/547
f 1082/1082/547 1061/1061/526 1069/1069/534
f 1082/1082/547 1069/1069/534 1083/1083/548
f 1084/1084/549 1070/1070/535 1072/1072/537
f 1084/1084/549 1072/1072/537 1085/1085/550
f 1085/1085/550 1072/1072/537 1073/1073/538
f 1085/1085/550 1073/1073/538 1086/1086/551
f 1086/1086/551 1073/1073/538 1074/1074/539
f 1086/1086/551 1074/1074/539 1087/1087/552
f 1087/1087/552 1074/1074/539 1075/1075/540
f 1087/1087/552 1075/1075/540 1076/1076/541
f 1088/1088/553 1052/1052/517 1077/1077/542
f 1078/1078/543 1068/1068/533 1089/1089/554
f 1089/1089/554 1068/1068/533 1090/1090/555
f 1090/1090/555 1068/1068/533 1042/1042/507
f 1090/1090/555 1042/1042/507 1091/1091/556
f 1091/1091/556 1042/1042/507 1092/1092/557
f 1092/1092/557 1042/1042/507 1079/1079/544
f 1081/1081/546 1059/1059/524 1093/1093/558
f 1093/1093/558 1059/1059/524 1082/1082/547
f 1093/1093/558 1082/1082/547 1083/1083/548
f 1093/1093/558 1083/1083/548 1094/1094/559
f 1094/1094/559 1083/1083/548 1095/1095/560
f 1083/1083/548 1096/1096/561 1095/1095/560
f 1097/1097/562 1085/1085/550 1086/1086/551
f 1097/1097/562 1086/1086/551 1098/1098/563
f 1098/1098/563 1086/1086/551 1087/1087/552
f 1098/1098/563 1087/1087/552 1099/1099/564
f 1099/1099/564 1087/1087/552 1076/1076/541
f 1099/1099/564 1076/1076/541 1052/1052/517
f 1099/1099/564 1052/1052/517 1100/1100/565
f 1100/1100/565 1052/1052/517 1088/1088/553
f 1100/1100/565 1088/1088/553 1101/1101/566
f 1101/1101/566 1088/1088/553 1077/1077/542
f 1078/1078/543 1089/1089/554 1102/1102/567
f 1102/1102/567 1089/1089/554 1090/1090/555
f 1092/1092/557 1079/1079/544 1103/1103/568
f 1103/1103/568 1079/1079/544 1080/1080/545
f 1103/1103/568 1080/1080/545 1104/1104/569
f 1104/1104/569 1080/1080/545 1081/1081/546
f 1104/1104/569 1081/1081/546 1105/1105/570
f 1105/1105/570 1081/1081/546 1093/1093/558
f 1105/1105/570 1093/1093/558 1106/1106/571
f 1106/1106/571 1093/1093/558 1094/1094/559
f 1094/1094/559 1095/1095/560 1107/1107/572
f 1107/1107/572 1095/1095/560 1108/1108/573
f 1107/1107/572 1108/1108/573 1109/1109/574
f 1110/1110/575 1111/1111/576 1112/1112/577
f 1110/1110/575 1112/1112/577 1113/1113/578
f 1113/1113/578 1112/1112/577 1097/1097/562
f 1113/1113/578 1097/1097/562 1098/1098/563
f 1098/1098/563 1099/1099/564 1114/1114/579
f 1114/1114/579 1099/1099/564 1100/1100/565
f 1100/1100/565 1101/1101/566 1115/1115/580
f 1115/1115/580 1101/1101/566 1116/1116/581
f 1116/1116/581 1101/1101/566 1077/1077/542
f 1116/1116/581 1077/1077/542 1117/1117/582
f 1117/1117/582 1077/1077/542 1118/1118/583
f 1118/1118/583 1077/1077/542 1078/1078/543
f 1118/1118/583 1078/1078/543 1102/1102/567
f 1102/1102/567 1090/1090/555 1119/1119/584
f 1119/1119/584 1090/1090/555 1091/1091/556
f 1104/1104/569 1105/1105/570 1120/1120/585
f 1106/1106/571 1094/1094/559 1107/1107/572
f 1106/1106/571 1107/1107/572 1121/1121/586
f 1121/1121/586 1107/1107/572 1109/1109/574
f 1121/1121/586 1109/1109/574 1122/1122/587
f 1123/1123/588 1110/1110/575 1113/1113/578
f 1123/1123/588 1113/1113/578 1124/1124/589
f 1124/1124/589 1113/1113/578 1098/1098/563
f 1124/1124/589 1098/1098/563 1125/1125/590
f 1125/1125/590 1098/1098/563 1114/1114/579
f 1125/1125/590 1114/1114/579 1126/1126/591
f 1126/1126/591 1114/1114/579 1100/1100/565
f 1126/1126/591 1100/1100/565 1127/1127/592
f 1127/1127/592 1100/1100/565 1128/1128/593
f 1128/1128/593 1100/1100/565 1115/1115/580
f 1128/1128/593 1115/1115/580 1129/1129/594
f 1118/1118/583 1102/1102/567 1130/1130/595
f 1130/1130/595 1102/1102/567 1119/1119/584
f 1130/1130/595 1119/1119/584 1091/1091/556
f 1130/1130/595 1091/1091/556 1131/1131/596
f 1131/1131/596 1091/1091/556 1092/1092/557
f 1103/1103/568 1104/1104/569 1120/1120/585
f 1120/1120/585 1105/1105/570 1132/1132/597
f 1132/1132/597 1105/1105/570 1106/1106/571
f 1132/1132/597 1106/1106/571 1133/1133/598
f 1133/1133/598 1106/1106/571 1121/1121/586
f 1133/1133/598 1121/1121/586 1122/1122/587
f 1133/1133/598 1122/1122/587 1134/1134/599
f 1134/1134/599 1122/1122/587 1135/1135/600
f 1134/1134/599 1135/1135/600 1136/1136/601
f 1137/1137/602 1123/1123/588 1124/1124/589
f 1137/1137/602 1124/1124/589 1138/1138/603
f 1138/1138/603 1124/1124/589 1125/1125/590
f 1138/1138/603 1125/1125/590 1139/1139/604
f 1140/1140/605 1126/1126/591 1127/1127/592
f 1140/1140/605 1127/1127/592 1141/1141/606
f 1141/1141/606 1127/1127/592 1128/1128/593
f 1141/1141/606 1128/1128/593 1142/1142/607
f 1131/1131/596 1092/1092/557 1143/1143/608
f 1143/1143/608 1092/1092/557 1103/1103/568
f 1143/1143/608 1103/1103/568 1144/1144/609
f 1144/1144/609 1103/1103/568 1120/1120/585
f 1145/1145/610 1120/1120/585 1132/1132/597
f 1145/1145/610 1132/1132/597 1146/1146/611
f 1146/1146/611 1132/1132/597 1133/1133/598
f 1134/1134/599 1136/1136/601 1147/1147/612
f 1147/1147/612 1136/1136/601 1148/1148/613
f 1147/1147/612 1148/1148/613 1149/1149/614
f 1150/1150/615 1151/1151/616 1117/1117/582
f 1150/1150/615 1117/1117/582 1152/1152/617
f 1152/1152/617 1117/1117/582 1118/1118/583
f 1152/1152/617 1118/1118/583 1153/1153/618
f 1153/1153/618 1118/1118/583 1130/1130/595
f 1143/1143/608 1130/1130/595 1131/1131/596
f 1154/1154/619 1143/1143/608 1144/1144/609
f 1144/1144/609 1120/1120/585 1155/1155/620
f 1155/1155/620 1120/1120/585 1145/1145/610
f 1146/1146/611 1133/1133/598 1134/1134/599
f 1156/1156/621 1157/1157/622 1158/1158/623
f 1156/1156/621 1158/1158/623 1159/1159/624
f 1159/1159/624 1158/1158/623 1160/1160/625
f 1159/1159/624 1160/1160/625 1161/1161/626
f 1162/1162/627 1152/1152/617 1153/1153/618
f 1153/1153/618 1130/1130/595 1163/1163/628
f 1163/1163/628 1130/1130/595 1143/1143/608
f 1154/1154/619 1144/1144/609 1164/1164/629
f 1164/1164/629 1144/1144/609 1155/1155/620
f 1155/1155/620 1145/1145/610 1165/1165/630
f 1165/1165/630 1145/1145/610 1146/1146/611
f 1165/1165/630 1146/1146/611 1166/1166/631
f 1166/1166/631 1146/1146/611 1134/1134/599
f 1166/1166/631 1134/1134/599 1167/1167/632
f 1167/1167/632 1134/1134/599 1147/1147/612
f 1167/1167/632 1147/1147/612 1168/1168/633
f 1168/1168/633 1147/1147/612 1169/1169/634
f 1170/1170/635 1156/1156/621 1159/1159/624
f 1170/1170/635 1159/1159/624 1171/1171/636
f 1171/1171/636 1159/1159/624 1161/1161/626
f 1171/1171/636 1161/1161/626 1172/1172/637
f 1172/1172/637 1161/1161/626 1173/1173/638
f 1172/1172/637 1173/1173/638 1174/1174/639
f 1175/1175/640 1162/1162/627 1153/1153/618
f 1175/1175/640 1153/1153/618 1176/1176/641
f 1176/1176/641 1153/1153/618 1163/1163/628
f 1163/1163/628 1143/1143/608 1177/1177/642
f 1177/1177/642 1143/1143/608 1154/1154/619
f 1164/1164/629 1155/1155/620 1178/1178/643
f 1178/1178/643 1155/1155/620 1179/1179/644
f 1179/1179/644 1155/1155/620 1165/1165/630
f 1180/1180/645 1165/1165/630 1166/1166/631
f 1180/1180/645 1166/1166/631 1181/1181/646
f 1182/1182/647 1171/1171/636 1172/1172/637
f 1182/1182/647 1172/1172/637 1183/1183/648
f 1183/1183/648 1172/1172/637 1174/1174/639
f 1183/1183/648 1174/1174/639 1184/1184/649
f 1185/1185/650 1175/1175/640 1176/1176/641
f 1185/1185/650 1176/1176/641 1186/1186/651
f 1176/1176/641 1163/1163/628 1177/1177/642
f 1177/1177/642 1154/1154/619 1187/1187/652
f 1187/1187/652 1154/1154/619 1164/1164/629
f 1187/1187/652 1164/1164/629 1178/1178/643
f 1179/1179/644 1165/1165/630 1180/1180/645
f 1179/1179/644 1180/1180/645 1181/1181/646
f 1179/1179/644 1181/1181/646 1188/1188/653
f 1186/1186/651 1176/1176/641 1189/1189/654
f 1189/1189/654 1176/1176/641 1177/1177/642
f 1189/1189/654 1177/1177/642 1190/1190/655
f 1190/1190/655 1177/1177/642 1187/1187/652
f 1187/1187/652 1178/1178/643 1191/1191/656
f 1191/1191/656 1178/1178/643 1179/1179/644
f 1191/1191/656 1179/1179/644 1192/1192/657
f 1192/1192/657 1179/1179/644 1193/1193/658
f 1193/1193/658 1179/1179/644 1188/1188/653
f 1193/1193/658 1188/1188/653 1194/1194/659
f 1194/1194/659 1188/1188/653 1195/1195/660
f 1196/1196/661 1185/1185/650 1186/1186/651
f 1190/1190/655 1187/1187/652 1191/1191/656
f 1190/1190/655 1191/1191/656 1197/1197/662
f 1197/1197/662 1191/1191/656 1192/1192/657
f 1197/1197/662 1192/1192/657 1198/1198/663
f 1198/1198/663 1192/1192/657 1193/1193/658
f 1198/1198/663 1193/1193/658 1199/1199/664
f 1199/1199/664 1193/1193/658 1194/1194/659
f 1199/1199/664 1194/1194/659 1200/1200/665
f 1200/1200/665 1194/1194/659 1201/1201/666
f 1200/1200/665 1201/1201/666 1202/1202/667
f 1203/1203/668 1186/1186/651 1189/1189/654
f 1204/1204/669 1198/1198/663 1199/1199/664
f 1204/1204/669 1199/1199/664 1205/1205/670
f 1205/1205/670 1199/1199/664 1200/1200/665
f 1206/1206/671 1189/1189/654 1197/1197/662
f 1197/1197/662 1189/1189/654 1190/1190/655
f 1207/1207/672 1197/1197/662 1198/1198/663
f 1207/1207/672 1198/1198/663 1208/1208/673
f 1208/1208/673 1198/1198/663 1204/1204/669
f 1208/1208/673 1204/1204/669 1209/1209/674
f 1209/1209/674 1204/1204/669 1205/1205/670
f 1209/1209/674 1205/1205/670 1210/1210/675
f 1210/1210/675 1205/1205/670 1200/1200/665
f 1210/1210/675 1200/1200/665 1211/1211/676
f 1211/1211/676 1200/1200/665 1202/1202/667
f 1203/1203/668 1189/1189/654 1206/1206/671
f 1212/1212/677 1206/1206/671 1197/1197/662
f 1212/1212/677 1197/1197/662 1207/1207/672
f 1208/1208/673 1209/1209/674 1213/1213/678
f 1213/1213/678 1209/1209/674 1210/1210/675
f 1210/1210/675 1211/1211/676 1214/1214/679
f 1214/1214/679 1211/1211/676 1215/1215/680
f 1214/1214/679 1215/1215/680 1216/1216/681
f 1216/1216/681 1215/1215/680 1217/1217/682
f 1216/1216/681 1217/1217/682 1218/1218/683
f 1219/1219/684 1206/1206/671 1212/1212/677
f 1213/1213/678 1210/1210/675 1220/1220/685
f 1220/1220/685 1210/1210/675 1214/1214/679
f 1220/1220/685 1214/1214/679 1221/1221/686
f 1221/1221/686 1214/1214/679 1216/1216/681
f 1221/1221/686 1216/1216/681 1222/1222/687
f 1222/1222/687 1216/1216/681 1218/1218/683
f 1222/1222/687 1218/1218/683 1223/1223/688
f 1222/1222/687 1223/1223/688 1224/1224/689
f 1224/1224/689 1223/1223/688 1225/1225/690
f 1224/1224/689 1225/1225/690 1226/1226/691
f 1227/1227/692 1219/1219/684 1212/1212/677
f 1227/1227/692 1212/1212/677 1207/1207/672
f 1227/1227/692 1207/1207/672 1228/1228/693
f 1228/1228/693 1207/1207/672 1208/1208/673
f 1228/1228/693 1208/1208/673 1229/1229/694
f 1229/1229/694 1208/1208/673 1213/1213/678
f 1229/1229/694 1213/1213/678 1230/1230/695
f 1230/1230/695 1213/1213/678 1220/1220/685
f 1231/1231/696 1220/1220/685 1221/1221/686
f 1231/1231/696 1221/1221/686 1232/1232/697
f 1232/1232/697 1221/1221/686 1233/1233/698
f 1233/1233/698 1221/1221/686 1222/1222/687
f 1233/1233/698 1222/1222/687 1234/1234/699
f 1234/1234/699 1222/1222/687 1224/1224/689
f 1224/1224/689 1226/1226/691 1235/1235/700
f 1235/1235/700 1226/1226/691 1236/1236/701
f 1235/1235/700 1236/1236/701 1237/1237/702
f 1238/1238/703 1239/1239/704 1219/1219/684
f 1238/1238/703 1219/1219/684 1240/1240/705
f 1240/1240/705 1219/1219/684 1227/1227/692
f 1240/1240/705 1227/1227/692 1241/1241/706
f 1241/1241/706 1227/1227/692 1228/1228/693
f 1241/1241/706 1228/1228/693 1229/1229/694
f 1242/1242/707 1229/1229/694 1230/1230/695
f 1230/1230/695 1220/1220/685 1243/1243/708
f 1243/1243/708 1220/1220/685 1231/1231/696
f 1234/1234/699 1224/1224/689 1244/1244/709
f 1244/1244/709 1224/1224/689 1235/1235/700
f 1237/1237/702 1245/1245/710 1246/1246/711
f 1240/1240/705 1241/1241/706 1247/1247/712
f 1247/1247/712 1241/1241/706 1248/1248/713
f 1248/1248/713 1241/1241/706 1229/1229/694
f 1242/1242/707 1230/1230/695 1249/1249/714
f 1249/1249/714 1230/1230/695 1243/1243/708
f 1243/1243/708 1231/1231/696 1250/1250/715
f 1250/1250/715 1231/1231/696 1232/1232/697
f 1250/1250/715 1232/1232/697 1251/1251/716
f 1251/1251/716 1232/1232/697 1233/1233/698
f 1251/1251/716 1233/1233/698 1252/1252/717
f 1252/1252/717 1233/1233/698 1234/1234/699
f 1252/1252/717 1234/1234/699 1253/1253/718
f 1253/1253/718 1234/1234/699 1244/1244/709
f 1235/1235/700 1237/1237/702 1254/1254/719
f 1254/1254/719 1237/1237/702 1246/1246/711
f 1254/1254/719 1246/1246/711 1255/1255/720
f 1255/1255/720 1246/1246/711 1256/1256/721
f 1255/1255/720 1256/1256/721 1257/1257/722
f 1258/1258/723 1259/1259/724 1260/1260/725
f 1260/1260/725 1259/1259/724 1261/1261/726
f 1260/1260/725 1261/1261/726 1262/1262/727
f 1263/1263/728 1264/1264/729 1238/1238/703
f 1263/1263/728 1238/1238/703 1265/1265/730
f 1265/1265/730 1238/1238/703 1240/1240/705
f 1265/1265/730 1240/1240/705 1247/1247/712
f 1266/1266/731 1248/1248/713 1229/1229/694
f 1266/1266/731 1229/1229/694 1242/1242/707
f 1266/1266/731 1242/1242/707 1267/1267/732
f 1267/1267/732 1242/1242/707 1268/1268/733
f 1268/1268/733 1242/1242/707 1249/1249/714
f 1249/1249/714 1243/1243/708 1269/1269/734
f 1269/1269/734 1243/1243/708 1250/1250/715
f 1269/1269/734 1250/1250/715 1270/1270/735
f 1270/1270/735 1250/1250/715 1251/1251/716
f 1253/1253/718 1244/1244/709 1271/1271/736
f 1271/1271/736 1244/1244/709 1235/1235/700
f 1271/1271/736 1235/1235/700 1254/1254/719
f 1255/1255/720 1257/1257/722 1272/1272/737
f 1272/1272/737 1257/1257/722 1273/1273/738
f 1272/1272/737 1273/1273/738 1274/1274/739
f 1275/1275/740 1276/1276/741 1258/1258/723
f 1275/1275/740 1258/1258/723 1277/1277/742
f 1277/1277/742 1258/1258/723 1260/1260/725
f 1277/1277/742 1260/1260/725 1278/1278/743
f 1278/1278/743 1260/1260/725 1262/1262/727
f 1278/1278/743 1262/1262/727 1279/1279/744
f 1279/1279/744 1262/1262/727 1280/1280/745
f 1279/1279/744 1280/1280/745 1281/1281/746
f 1281/1281/746 1280/1280/745 1282/1282/747
f 1281/1281/746 1282/1282/747 1283/1283/748
f 1284/1284/749 1285/1285/750 1263/1263/728
f 1284/1284/749 1263/1263/728 1286/1286/751
f 1286/1286/751 1263/1263/728 1265/1265/730
f 1287/1287/752 1265/1265/730 1247/1247/712
f 1287/1287/752 1247/1247/712 1288/1288/753
f 1288/1288/753 1247/1247/712 1248/1248/713
f 1289/1289/754 1248/1248/713 1266/1266/731
f 1289/1289/754 1266/1266/731 1290/1290/755
f 1290/1290/755 1266/1266/731 1291/1291/756
f 1291/1291/756 1266/1266/731 1267/1267/732
f 1291/1291/756 1267/1267/732 1292/1292/757
f 1292/1292/757 1267/1267/732 1268/1268/733
f 1292/1292/757 1268/1268/733 1293/1293/758
f 1293/1293/758 1268/1268/733 1249/1249/714
f 1293/1293/758 1249/1249/714 1294/1294/759
f 1294/1294/759 1249/1249/714 1269/1269/734
f 1294/1294/759 1269/1269/734 1295/1295/760
f 1295/1295/760 1269/1269/734 1270/1270/735
f 1270/1270/735 1251/1251/716 1296/1296/761
f 1296/1296/761 1251/1251/716 1252/1252/717
f 1296/1296/761 1252/1252/717 1297/1297/762
f 1297/1297/762 1252/1252/717 1298/1298/763
f 1298/1298/763 1252/1252/717 1253/1253/718
f 1299/1299/764 1271/1271/736 1254/1254/719
f 1254/1254/719 1255/1255/720 1272/1272/737
f 1272/1272/737 1274/1274/739 1300/1300/765
f 1300/1300/765 1274/1274/739 1301/1301/766
f 1301/1301/766 1274/1274/739 1302/1302/767
f 1301/1301/766 1302/1302/767 1303/1303/768
f 1304/1304/769 1275/1275/740 1277/1277/742
f 1277/1277/742 1278/1278/743 1305/1305/770
f 1305/1305/770 1278/1278/743 1279/1279/744
f 1305/1305/770 1279/1279/744 1306/1306/771
f 1306/1306/771 1279/1279/744 1281/1281/746
f 1306/1306/771 1281/1281/746 1307/1307/772
f 1307/1307/772 1281/1281/746 1283/1283/748
f 1307/1307/772 1283/1283/748 1308/1308/773
f 1309/1309/774 1284/1284/749 1286/1286/751
f 1309/1309/774 1286/1286/751 1310/1310/775
f 1310/1310/775 1286/1286/751 1265/1265/730
f 1310/1310/775 1265/1265/730 1311/1311/776
f 1311/1311/776 1265/1265/730 1287/1287/752
f 1311/1311/776 1287/1287/752 1288/1288/753
f 1312/1312/777 1288/1288/753 1248/1248/713
f 1312/1312/777 1248/1248/713 1289/1289/754
f 1313/1313/778 1289/1289/754 1290/1290/755
f 1313/1313/778 1290/1290/755 1314/1314/779
f 1315/1315/780 1292/1292/757 1293/1293/758
f 1315/1315/780 1293/1293/758 1316/1316/781
f 1316/1316/781 1293/1293/758 1317/1317/782
f 1317/1317/782 1293/1293/758 1294/1294/759
f 1294/1294/759 1295/1295/760 1318/1318/783
f 1318/1318/783 1295/1295/760 1319/1319/784
f 1319/1319/784 1295/1295/760 1270/1270/735
f 1319/1319/784 1270/1270/735 1320/1320/785
f 1320/1320/785 1270/1270/735 1296/1296/761
f 1320/1320/785 1296/1296/761 1321/1321/786
f 1321/1321/786 1296/1296/761 1297/1297/762
f 1321/1321/786 1297/1297/762 1322/1322/787
f 1299/1299/764 1254/1254/719 1323/1323/788
f 1323/1323/788 1254/1254/719 1272/1272/737
f 1323/1323/788 1272/1272/737 1324/1324/789
f 1324/1324/789 1272/1272/737 1300/1300/765
f 1301/1301/766 1303/1303/768 1325/1325/790
f 1325/1325/790 1303/1303/768 1326/1326/791
f 1325/1325/790 1326/1326/791 1327/1327/792
f 1326/1326/791 1304/1304/769 1328/1328/793
f 1328/1328/793 1304/1304/769 1277/1277/742
f 1328/1328/793 1277/1277/742 1329/1329/794
f 1329/1329/794 1277/1277/742 1305/1305/770
f 1329/1329/794 1305/1305/770 1306/1306/771
f 1329/1329/794 1306/1306/771 1330/1330/795
f 1330/1330/795 1306/1306/771 1307/1307/772
f 1330/1330/795 1307/1307/772 1331/1331/796
f 1331/1331/796 1307/1307/772 1308/1308/773
f 1331/1331/796 1308/1308/773 1332/1332/797
f 1333/1333/798 1309/1309/774 1310/1310/775
f 1333/1333/798 1310/1310/775 1334/1334/799
f 1334/1334/799 1310/1310/775 1311/1311/776
f 1334/1334/799 1311/1311/776 1335/1335/800
f 1335/1335/800 1311/1311/776 1288/1288/753
f 1335/1335/800 1288/1288/753 1312/1312/777
f 1336/1336/801 1312/1312/777 1289/1289/754
f 1336/1336/801 1289/1289/754 1337/1337/802
f 1337/1337/802 1289/1289/754 1313/1313/778
f 1337/1337/802 1313/1313/778 1338/1338/803
f 1317/1317/782 1294/1294/759 1339/1339/804
f 1339/1339/804 1294/1294/759 1318/1318/783
f 1318/1318/783 1319/1319/784 1340/1340/805
f 1340/1340/805 1319/1319/784 1320/1320/785
f 1340/1340/805 1320/1320/785 1341/1341/806
f 1342/1342/807 1299/1299/764 1323/1323/788
f 1342/1342/807 1323/1323/788 1343/1343/808
f 1343/1343/808 1323/1323/788 1324/1324/789
f 1344/1344/809 1300/1300/765 1301/1301/766
f 1344/1344/809 1301/1301/766 1345/1345/810
f 1345/1345/810 1301/1301/766 1325/1325/790
f 1327/1327/792 1326/1326/791 1346/1346/811
f 1346/1346/811 1326/1326/791 1328/1328/793
f 1328/1328/793 1329/1329/794 1347/1347/812
f 1329/1329/794 1330/1330/795 1348/1348/813
f 1348/1348/813 1330/1330/795 1331/1331/796
f 1331/1331/796 1332/1332/797 1349/1349/814
f 1350/1350/815 1317/1317/782 1351/1351/816
f 1351/1351/816 1317/1317/782 1352/1352/817
f 1352/1352/817 1317/1317/782 1339/1339/804
f 1352/1352/817 1339/1339/804 1318/1318/783
f 1352/1352/817 1318/1318/783 1353/1353/818
f 1353/1353/818 1318/1318/783 1340/1340/805
f 1353/1353/818 1340/1340/805 1354/1354/819
f 1345/1345/810 1325/1325/790 1355/1355/820
f 1347/1347/812 1329/1329/794 1356/1356/821
f 1356/1356/821 1329/1329/794 1348/1348/813
f 1348/1348/813 1331/1331/796 1357/1357/822
f 1357/1357/822 1331/1331/796 1349/1349/814
f 1357/1357/822 1349/1349/814 1358/1358/823
f 1359/1359/824 1350/1350/815 1351/1351/816
f 1351/1351/816 1352/1352/817 1360/1360/825
f 1360/1360/825 1352/1352/817 1361/1361/826
f 1361/1361/826 1352/1352/817 1353/1353/818
f 1361/1361/826 1353/1353/818 1354/1354/819
f 1361/1361/826 1354/1354/819 1362/1362/827
f 1346/1346/811 1328/1328/793 1363/1363/828
f 1363/1363/828 1328/1328/793 1347/1347/812
f 1356/1356/821 1348/1348/813 1364/1364/829
f 1364/1364/829 1348/1348/813 1357/1357/822
f 1364/1364/829 1357/1357/822 1365/1365/830
f 1365/1365/830 1357/1357/822 1358/1358/823
f 1365/1365/830 1358/1358/823 1366/1366/831
f 1367/1367/832 1359/1359/824 1351/1351/816
f 1367/1367/832 1351/1351/816 1368/1368/833
f 1368/1368/833 1351/1351/816 1360/1360/825
f 1368/1368/833 1360/1360/825 1361/1361/826
f 1368/1368/833 1361/1361/826 1369/1369/834
f 1369/1369/834 1361/1361/826 1370/1370/835
f 1370/1370/835 1361/1361/826 1362/1362/827
f 1370/1370/835 1362/1362/827 1371/1371/836
f 1372/1372/837 1345/1345/810 1355/1355/820
f 1355/1355/820 1325/1325/790 1373/1373/838
f 1373/1373/838 1325/1325/790 1327/1327/792
f 1373/1373/838 1327/1327/792 1346/1346/811
f 1373/1373/838 1346/1346/811 1363/1363/828
f 1363/1363/828 1347/1347/812 1374/1374/839
f 1374/1374/839 1347/1347/812 1356/1356/821
f 1374/1374/839 1356/1356/821 1375/1375/840
f 1375/1375/840 1356/1356/821 1364/1364/829
f 1364/1364/829 1365/1365/830 1376/1376/841
f 1376/1376/841 1365/1365/830 1366/1366/831
f 1376/1376/841 1366/1366/831 1377/1377/842
f 597/597/62 606/606/71 1378/1378/843
f 597/597/62 1378/1378/843 1379/1379/844
o water.001_Plane.002
v -419.116943 -74.142303 -434.177246
v -83.882614 -74.142387 103.406479
v 316.444641 -74.142334 -214.798813
v -419.116943 -74.142303 -434.177246
v 316.444641 -74.142334 -214.798813
v 26.111008 -74.142258 -685.749512
vt -14.075392 -14.075390
vt 15.075388 -14.075390
vt 15.075388 15.075390
vt -14.075392 -14.075390
vt 15.075388 15.075390
vt -14.075392 15.075390
vn -0.0000 1.0000 0.0000
usemtl opaque_water
s off
f 1380/1380/845 1381/1381/845 1382/1382/845
f 1383/1383/845 1384/1384/845 1385/1385/845
o Window.002_Cube.061
v -5.619701 6.275335 -9.797645
v -5.619701 6.183529 -9.939580
v -5.619701 6.439815 -9.939580
v -5.619701 6.439815 -9.797645
v -5.619701 5.960870 -9.797975
v -5.619701 5.960870 -9.938696
v -5.619701 6.146590 -9.938696
v -5.619701 6.146590 -9.797975
v -5.619700 6.254647 -9.271020
v -5.619700 6.254647 -9.411741
v -5.619700 6.440366 -9.411741
v -5.619700 6.254647 -9.271020
v -5.619700 6.440366 -9.411741
v -5.619700 6.440366 -9.271020
v -5.619700 6.275335 -9.436716
v -5.619700 6.183529 -9.578651
v -5.619700 6.439815 -9.578651
v -5.619700 6.439815 -9.436716
v -5.619700 5.960870 -9.437046
v -5.619700 5.960870 -9.577767
v -5.619700 6.146590 -9.577767
v -5.619700 6.146590 -9.437046
v -5.619700 5.644140 -9.631948
v -5.619701 5.644140 -9.772670
v -5.619701 5.829860 -9.772670
v -5.619700 5.644140 -9.631948
v -5.619701 5.829860 -9.772670
v -5.619700 5.829860 -9.631948
v -5.619701 5.368644 -9.772407
v -5.619701 5.533123 -9.772407
v -5.619700 5.533123 -9.630470
v -5.619701 5.368644 -9.772407
v -5.619700 5.533123 -9.630470
v -5.619700 5.276839 -9.630470
v -5.619700 5.644140 -9.271020
v -5.619700 5.644140 -9.411741
v -5.619700 5.829860 -9.411741
v -5.619700 5.829860 -9.271020
v -5.619700 5.368644 -9.411478
v -5.619700 5.533123 -9.411478
v -5.619700 5.533123 -9.269542
v -5.619700 6.275336 -10.861915
v -5.619701 6.439815 -11.003850
v -5.619700 6.439815 -10.861915
v -5.619700 5.960871 -10.862245
v -5.619701 5.960871 -11.002966
v -5.619701 6.146591 -11.002966
v -5.619700 6.146591 -10.862245
v -5.619700 6.254648 -10.335290
v -5.619700 6.254648 -10.476011
v -5.619700 6.440367 -10.476011
v -5.619700 6.254648 -10.335290
v -5.619700 6.440367 -10.476011
v -5.619700 6.440367 -10.335290
v -5.619700 6.275336 -10.500986
v -5.619700 6.439815 -10.642921
v -5.619700 6.439815 -10.500986
v -5.619700 5.960871 -10.501316
v -5.619700 5.960871 -10.642037
v -5.619700 6.146591 -10.642037
v -5.619700 6.146591 -10.501316
v -5.619700 5.644141 -10.696218
v -5.619700 5.644141 -10.836940
v -5.619700 5.829861 -10.836940
v -5.619700 5.644141 -10.696218
v -5.619700 5.829861 -10.836940
v -5.619700 5.829861 -10.696218
v -5.619700 5.368645 -10.836677
v -5.619700 5.533124 -10.836677
v -5.619700 5.533124 -10.694741
v -5.619700 5.368645 -10.836677
v -5.619700 5.533124 -10.694741
v -5.619700 5.276840 -10.694741
v -5.619700 5.644141 -10.335290
v -5.619700 5.644141 -10.476011
v -5.619700 5.829861 -10.476011
v -5.619700 5.644141 -10.335290
v -5.619700 5.829861 -10.476011
v -5.619700 5.829861 -10.335290
v -5.619700 5.368645 -10.475748
v -5.619700 5.533124 -10.475748
v -5.619700 5.533124 -10.333813
v -5.619700 5.368645 -10.475748
v -5.619700 5.533124 -10.333813
v -5.619700 5.276840 -10.333813
v -0.739821 3.526542 -13.818915
v -0.739821 3.526542 -13.678194
v -0.739821 3.712262 -13.678194
v -0.739821 3.526542 -13.818915
v -0.739821 3.712262 -13.678194
v -0.739821 3.712262 -13.818915
v -0.739821 3.547230 -13.653220
v -0.739821 3.455425 -13.511284
v -0.739821 3.711709 -13.511284
v -0.739821 3.547230 -13.653220
v -0.739821 3.711709 -13.511284
v -0.739821 3.711709 -13.653220
v -0.739821 3.251046 -13.678458
v -0.739821 3.415525 -13.678458
v -0.739821 3.415525 -13.820395
v -0.739821 3.251046 -13.678458
v -0.739821 3.415525 -13.820395
v -0.739821 3.159241 -13.820395
v -0.739821 3.232766 -13.652889
v -0.739821 3.232766 -13.512169
v -0.739821 3.418485 -13.512169
v -0.739821 3.418485 -13.652889
v -0.739821 3.526542 -15.236964
v -0.739822 3.526542 -15.096244
v -0.739822 3.712262 -15.096244
v -0.739821 3.526542 -15.236964
v -0.739822 3.712262 -15.096244
v -0.739821 3.712262 -15.236964
v -0.739822 3.547230 -15.071268
v -0.739821 3.455426 -14.929332
v -0.739821 3.711709 -14.929332
v -0.739822 3.711709 -15.071268
v -0.739822 3.251046 -15.096507
v -0.739822 3.415525 -15.096507
v -0.739821 3.415525 -15.238442
v -0.739822 3.251046 -15.096507
v -0.739821 3.415525 -15.238442
v -0.739821 3.159241 -15.238442
v -0.739822 3.232766 -15.070938
v -0.739821 3.232766 -14.930217
v -0.739821 3.418485 -14.930217
v -0.739822 3.418485 -15.070938
v -0.739821 3.526543 -16.518929
v -0.739822 3.526543 -16.378208
v -0.739822 3.712263 -16.378208
v -0.739821 3.526543 -16.518929
v -0.739822 3.712263 -16.378208
v -0.739821 3.712263 -16.518929
v -0.739822 3.547231 -16.353233
v -0.739821 3.455426 -16.211296
v -0.739821 3.711710 -16.211296
v -0.739822 3.711710 -16.353233
v -0.739822 3.251047 -16.378471
v -0.739822 3.415526 -16.378471
v -0.739821 3.415526 -16.520407
v -0.739822 3.251047 -16.378471
v -0.739821 3.415526 -16.520407
v -0.739821 3.159242 -16.520407
v -0.739822 3.232767 -16.352901
v -0.739821 3.232767 -16.212181
v -0.739821 3.418486 -16.212181
v -0.739822 3.418486 -16.352901
v -0.739821 4.026425 -10.913812
v -0.739821 4.026425 -10.773090
v -0.739821 4.212145 -10.773090
v -0.739821 4.212145 -10.913812
v -0.739821 4.047114 -10.748115
v -0.739821 3.955308 -10.606180
v -0.739821 4.211592 -10.606180
v -0.739821 4.211592 -10.748115
v -0.739821 3.750929 -10.773354
v -0.739821 3.915408 -10.773354
v -0.739821 3.915408 -10.915290
v -0.739821 3.750929 -10.773354
v -0.739821 3.915408 -10.915290
v -0.739821 3.659124 -10.915290
v -0.739821 3.732649 -10.747787
v -0.739821 3.732649 -10.607064
v -0.739821 3.918369 -10.607064
v -0.739821 3.918369 -10.747787
v -0.739820 4.026424 -9.745799
v -0.739821 4.026424 -9.605078
v -0.739821 4.212144 -9.605078
v -0.739820 4.026424 -9.745799
v -0.739821 4.212144 -9.605078
v -0.739820 4.212144 -9.745799
v -0.739821 4.047113 -9.580103
v -0.739820 3.955307 -9.438168
v -0.739820 4.211591 -9.438168
v -0.739821 4.047113 -9.580103
v -0.739820 4.211591 -9.438168
v -0.739821 4.211591 -9.580103
v -0.739821 3.750929 -9.605342
v -0.739821 3.915408 -9.605342
v -0.739820 3.915408 -9.747277
v -0.739821 3.750929 -9.605342
v -0.739820 3.915408 -9.747277
v -0.739820 3.659124 -9.747277
v -0.739821 3.732649 -9.579773
v -0.739820 3.732648 -9.439053
v -0.739820 3.918368 -9.439053
v -0.739821 3.918369 -9.579773
v -0.739820 4.026424 -8.573118
v -0.739820 4.026424 -8.432397
v -0.739820 4.212144 -8.432397
v -0.739820 4.026424 -8.573118
v -0.739820 4.212144 -8.432397
v -0.739820 4.212144 -8.573118
v -0.739820 4.047113 -8.407422
v -0.739820 3.955307 -8.265487
v -0.739820 4.211591 -8.265487
v -0.739820 4.211591 -8.407422
v -0.739820 3.750928 -8.432660
v -0.739820 3.915407 -8.432660
v -0.739820 3.915407 -8.574596
v -0.739820 3.750928 -8.432660
v -0.739820 3.915407 -8.574596
v -0.739820 3.659123 -8.574596
v -0.739820 3.732648 -8.407092
v -0.739820 3.732648 -8.266371
v -0.739820 3.918368 -8.266371
v -0.739820 3.918368 -8.407092
v -0.087368 4.026425 -11.268224
v -0.228088 4.026425 -11.268224
v -0.228088 4.212145 -11.268224
v -0.087368 4.026425 -11.268224
v -0.228088 4.212145 -11.268224
v -0.087368 4.212145 -11.268224
v -0.253063 4.047114 -11.268224
v -0.394999 3.955308 -11.268223
v -0.394999 4.211592 -11.268223
v -0.253063 4.047114 -11.268224
v -0.394999 4.211592 -11.268223
v -0.253063 4.211592 -11.268224
v -0.227825 3.750929 -11.268224
v -0.227825 3.915408 -11.268224
v -0.085889 3.915408 -11.268224
v -0.227825 3.750929 -11.268224
v -0.085889 3.915408 -11.268224
v -0.085889 3.659124 -11.268224
v -0.253393 3.732649 -11.268224
v -0.394114 3.732649 -11.268223
v -0.394114 3.918369 -11.268223
v -0.253393 3.732649 -11.268224
v -0.394114 3.918369 -11.268223
v -0.253393 3.918369 -11.268224
v 1.306163 4.026425 -11.268224
v 1.165443 4.026425 -11.268224
v 1.165443 4.212145 -11.268224
v 1.306163 4.026425 -11.268224
v 1.165443 4.212145 -11.268224
v 1.306163 4.212145 -11.268224
v 1.140468 4.047114 -11.268224
v 0.998532 3.955308 -11.268224
v 0.998532 4.211592 -11.268224
v 1.140468 4.047114 -11.268224
v 0.998532 4.211592 -11.268224
v 1.140468 4.211592 -11.268224
v 1.165706 3.750929 -11.268224
v 1.165706 3.915408 -11.268224
v 1.307642 3.915408 -11.268224
v 1.165706 3.750929 -11.268224
v 1.307642 3.915408 -11.268224
v 1.307642 3.659124 -11.268224
v 1.140138 3.732649 -11.268224
v 0.999417 3.732649 -11.268224
v 0.999417 3.918369 -11.268224
v 1.140138 3.732649 -11.268224
v 0.999417 3.918369 -11.268224
v 1.140138 3.918369 -11.268224
v 2.763821 4.026425 -11.268225
v 2.623100 4.026425 -11.268225
v 2.623100 4.212145 -11.268225
v 2.763821 4.026425 -11.268225
v 2.623100 4.212145 -11.268225
v 2.763821 4.212145 -11.268225
v 2.598126 4.047114 -11.268225
v 2.456190 3.955308 -11.268225
v 2.456190 4.211592 -11.268225
v 2.598126 4.211592 -11.268225
v 2.623364 3.750929 -11.268225
v 2.623364 3.915408 -11.268225
v 2.765299 3.915408 -11.268225
v 2.623364 3.750929 -11.268225
v 2.765299 3.915408 -11.268225
v 2.765299 3.659124 -11.268225
v 2.597795 3.732649 -11.268225
v 2.457075 3.732649 -11.268225
v 2.457075 3.918369 -11.268225
v 2.597795 3.732649 -11.268225
v 2.457075 3.918369 -11.268225
v 2.597795 3.918369 -11.268225
v -0.175627 2.290570 -7.935973
v -0.034906 2.290570 -7.935974
v -0.034906 2.476290 -7.935974
v -0.175627 2.476290 -7.935973
v -0.009932 2.311259 -7.935974
v 0.132004 2.219453 -7.935973
v 0.132004 2.475737 -7.935973
v -0.009932 2.311259 -7.935974
v 0.132004 2.475737 -7.935973
v -0.009932 2.475737 -7.935974
v -0.035170 2.015074 -7.935974
v -0.035170 2.179553 -7.935974
v -0.177105 2.179553 -7.935973
v -0.035170 2.015074 -7.935974
v -0.177105 2.179553 -7.935973
v -0.177105 1.923269 -7.935973
v -0.009602 1.996794 -7.935974
v 0.131119 2.182514 -7.935973
v -0.009602 2.182514 -7.935974
v -0.175627 3.982166 -7.935973
v -0.034906 3.982166 -7.935974
v -0.034906 4.167886 -7.935974
v -0.175627 3.982166 -7.935973
v -0.034906 4.167886 -7.935974
v -0.175627 4.167886 -7.935973
v -0.009932 4.002854 -7.935974
v 0.132004 3.911049 -7.935973
v 0.132004 4.167334 -7.935973
v -0.009932 4.002854 -7.935974
v 0.132004 4.167334 -7.935973
v -0.009932 4.167334 -7.935974
v -0.035170 3.706670 -7.935974
v -0.035170 3.871149 -7.935974
v -0.177105 3.871149 -7.935973
v -0.177105 3.614865 -7.935973
v -0.009602 3.688390 -7.935974
v 0.131119 3.688390 -7.935973
v 0.131119 3.874110 -7.935973
v -0.009602 3.688390 -7.935974
v 0.131119 3.874110 -7.935973
v -0.009602 3.874110 -7.935974
v -3.378452 3.528244 -16.667891
v -3.237731 3.528244 -16.667891
v -3.237731 3.713964 -16.667891
v -3.378452 3.713964 -16.667891
v -3.212757 3.548932 -16.667891
v -3.070821 3.457127 -16.667891
v -3.070821 3.713411 -16.667891
v -3.212757 3.713411 -16.667891
v -3.237995 3.252748 -16.667891
v -3.237995 3.417226 -16.667891
v -3.379930 3.417226 -16.667891
v -3.379930 3.160943 -16.667891
v -3.212426 3.234468 -16.667891
v -3.071706 3.234468 -16.667891
v -3.071706 3.420187 -16.667891
v -3.212426 3.234468 -16.667891
v -3.071706 3.420187 -16.667891
v -3.212426 3.420187 -16.667891
v -4.492599 3.528244 -16.667891
v -4.351878 3.528244 -16.667891
v -4.351878 3.713964 -16.667891
v -4.492599 3.713964 -16.667891
v -4.326903 3.548932 -16.667891
v -4.184968 3.457127 -16.667891
v -4.184968 3.713411 -16.667891
v -4.326903 3.548932 -16.667891
v -4.184968 3.713411 -16.667891
v -4.326903 3.713411 -16.667891
v -4.352141 3.252748 -16.667891
v -4.352141 3.417226 -16.667891
v -4.494077 3.417226 -16.667891
v -4.494077 3.160943 -16.667891
v -4.326573 3.234468 -16.667891
v -4.185852 3.234468 -16.667891
v -4.185852 3.420187 -16.667891
v -4.326573 3.234468 -16.667891
v -4.185852 3.420187 -16.667891
v -4.326573 3.420187 -16.667891
v -5.518581 3.528244 -16.667891
v -5.377860 3.528244 -16.667891
v -5.377860 3.713964 -16.667891
v -5.518581 3.713964 -16.667891
v -5.352885 3.548932 -16.667891
v -5.210949 3.457127 -16.667891
v -5.210949 3.713411 -16.667891
v -5.352885 3.548932 -16.667891
v -5.210949 3.713411 -16.667891
v -5.352885 3.713411 -16.667891
v -5.378123 3.252748 -16.667891
v -5.378123 3.417226 -16.667891
v -5.520059 3.417226 -16.667891
v -5.520059 3.160943 -16.667891
v -5.352555 3.234468 -16.667891
v -5.211834 3.234468 -16.667891
v -5.211834 3.420187 -16.667891
v -5.352555 3.234468 -16.667891
v -5.211834 3.420187 -16.667891
v -5.352555 3.420187 -16.667891
v -5.619700 6.275335 -8.687051
v -5.619700 6.439815 -8.828986
v -5.619700 6.439815 -8.687051
v -5.619700 5.960870 -8.687381
v -5.619700 5.960870 -8.828102
v -5.619700 6.146590 -8.828102
v -5.619700 6.146590 -8.687381
v -5.619699 6.254647 -8.160427
v -5.619699 6.254647 -8.301148
v -5.619699 6.440366 -8.301148
v -5.619699 6.254647 -8.160427
v -5.619699 6.440366 -8.301148
v -5.619699 6.440366 -8.160427
v -5.619700 6.275335 -8.326122
v -5.619700 6.439815 -8.468059
v -5.619700 6.439815 -8.326122
v -5.619700 5.960870 -8.326453
v -5.619700 5.960870 -8.467174
v -5.619700 6.146590 -8.467174
v -5.619700 6.146590 -8.326453
v -5.619700 5.644140 -8.521356
v -5.619700 5.644140 -8.662076
v -5.619700 5.829860 -8.662076
v -5.619700 5.644140 -8.521356
v -5.619700 5.829860 -8.662076
v -5.619700 5.829860 -8.521356
v -5.619700 5.368644 -8.661813
v -5.619700 5.533123 -8.661813
v -5.619700 5.533123 -8.519877
v -5.619700 5.368644 -8.661813
v -5.619700 5.533123 -8.519877
v -5.619700 5.276839 -8.519877
v -5.619699 5.644140 -8.160427
v -5.619699 5.644140 -8.301148
v -5.619699 5.829860 -8.301148
v -5.619699 5.644140 -8.160427
v -5.619699 5.829860 -8.301148
v -5.619699 5.829860 -8.160427
v -5.619699 5.368644 -8.300884
v -5.619699 5.533123 -8.300884
v -5.619699 5.533123 -8.158949
v -5.619699 5.368644 -8.300884
v -5.619699 5.533123 -8.158949
v -5.619699 5.276839 -8.158949
v -5.617419 3.525943 -10.709536
v -5.617419 3.525943 -10.850257
v -5.617419 3.711663 -10.850257
v -5.617419 3.711663 -10.709536
v -5.617419 3.546632 -10.875232
v -5.617419 3.454826 -11.017167
v -5.617419 3.711110 -11.017167
v -5.617419 3.546632 -10.875232
v -5.617419 3.711110 -11.017167
v -5.617419 3.711110 -10.875232
v -5.617419 3.250447 -10.849994
v -5.617419 3.414926 -10.849994
v -5.617419 3.414926 -10.708058
v -5.617419 3.250447 -10.849994
v -5.617419 3.414926 -10.708058
v -5.617419 3.158642 -10.708058
v -5.617419 3.232167 -10.875562
v -5.617419 3.232167 -11.016283
v -5.617419 3.417887 -11.016283
v -5.617419 3.417887 -10.875562
v -5.617418 3.525942 -9.472062
v -5.617419 3.525943 -9.612783
v -5.617419 3.711663 -9.612783
v -5.617418 3.525942 -9.472062
v -5.617419 3.711663 -9.612783
v -5.617418 3.711663 -9.472062
v -5.617419 3.546632 -9.637758
v -5.617419 3.454826 -9.779694
v -5.617419 3.711110 -9.779694
v -5.617419 3.546632 -9.637758
v -5.617419 3.711110 -9.779694
v -5.617419 3.711110 -9.637758
v -5.617419 3.250447 -9.612520
v -5.617419 3.414926 -9.612520
v -5.617418 3.414925 -9.470584
v -5.617419 3.250447 -9.612520
v -5.617418 3.414925 -9.470584
v -5.617418 3.158641 -9.470584
v -5.617419 3.232167 -9.638088
v -5.617419 3.232167 -9.778809
v -5.617419 3.417887 -9.778809
v -5.617419 3.417887 -9.638088
v -5.617418 3.525942 -8.278880
v -5.617419 3.525942 -8.419600
v -5.617419 3.711663 -8.419600
v -5.617418 3.711663 -8.278880
v -5.617419 3.546631 -8.444575
v -5.617419 3.454825 -8.586512
v -5.617419 3.711109 -8.586512
v -5.617419 3.546631 -8.444575
v -5.617419 3.711109 -8.586512
v -5.617419 3.711109 -8.444575
v -5.617419 3.250446 -8.419337
v -5.617419 3.414925 -8.419337
v -5.617418 3.414925 -8.277402
v -5.617419 3.250446 -8.419337
v -5.617418 3.414925 -8.277402
v -5.617418 3.158641 -8.277402
v -5.617419 3.232167 -8.444905
v -5.617419 3.232167 -8.585627
v -5.617419 3.417886 -8.585627
v -5.617419 3.417886 -8.444905
v -5.939570 7.265166 -0.769506
v -6.080292 7.265166 -0.769505
v -6.080292 7.450886 -0.769505
v -5.939570 7.450886 -0.769506
v -6.105266 7.285854 -0.769505
v -6.247202 7.194049 -0.769506
v -6.247202 7.450333 -0.769506
v -6.105266 7.450333 -0.769505
v -6.080028 6.989670 -0.769505
v -6.080028 7.154149 -0.769505
v -5.938093 7.154149 -0.769506
v -6.080028 6.989670 -0.769505
v -5.938093 7.154149 -0.769506
v -5.938093 6.897865 -0.769506
v -6.105597 6.971390 -0.769505
v -6.246317 6.971390 -0.769506
v -6.246317 7.157110 -0.769506
v -6.105597 6.971390 -0.769505
v -6.246317 7.157110 -0.769506
v -6.105597 7.157110 -0.769505
v -3.627632 7.265166 -0.769506
v -3.768353 7.265166 -0.769506
v -3.768353 7.450886 -0.769506
v -3.627632 7.265166 -0.769506
v -3.768353 7.450886 -0.769506
v -3.627632 7.450886 -0.769506
v -3.793328 7.285854 -0.769506
v -3.935263 7.194049 -0.769506
v -3.935263 7.450333 -0.769506
v -3.793328 7.285854 -0.769506
v -3.935263 7.450333 -0.769506
v -3.793328 7.450333 -0.769506
v -3.768090 6.989670 -0.769506
v -3.768090 7.154149 -0.769506
v -3.626154 7.154149 -0.769506
v -3.626154 6.897865 -0.769506
v -3.793658 6.971390 -0.769506
v -3.934379 6.971390 -0.769506
v -3.934379 7.157110 -0.769506
v -3.793658 6.971390 -0.769506
v -3.934379 7.157110 -0.769506
v -3.793658 7.157110 -0.769506
v -3.935109 7.265165 3.604271
v -3.794388 7.265165 3.604271
v -3.794388 7.450885 3.604271
v -3.935109 7.450885 3.604271
v -3.769413 7.285853 3.604271
v -3.627478 7.194048 3.604271
v -3.627478 7.450333 3.604271
v -3.769413 7.450333 3.604271
v -3.794652 6.989669 3.604271
v -3.794652 7.154149 3.604271
v -3.936587 7.154149 3.604271
v -3.936587 6.897864 3.604271
v -3.769083 6.971389 3.604271
v -3.628362 6.971389 3.604271
v -3.628362 7.157110 3.604271
v -3.769083 7.157110 3.604271
v -6.247047 7.265165 3.604271
v -6.106327 7.265165 3.604271
v -6.106327 7.450885 3.604271
v -6.247047 7.450885 3.604271
v -6.081352 7.285853 3.604271
v -5.939416 7.194048 3.604270
v -5.939416 7.450333 3.604270
v -6.081352 7.450333 3.604271
v -6.106590 6.989669 3.604271
v -6.106590 7.154149 3.604271
v -6.248526 7.154149 3.604271
v -6.248526 6.897864 3.604271
v -6.081022 6.971389 3.604271
v -5.940300 6.971389 3.604270
v -5.940300 7.157110 3.604270
v -6.081022 7.157110 3.604271
v -3.935109 5.884713 3.604271
v -3.794388 5.884713 3.604271
v -3.794388 6.070433 3.604271
v -3.935109 5.884713 3.604271
v -3.794388 6.070433 3.604271
v -3.935109 6.070433 3.604271
v -3.769413 5.905402 3.604271
v -3.627478 5.813595 3.604271
v -3.627478 6.069880 3.604271
v -3.769413 5.905402 3.604271
v -3.627478 6.069880 3.604271
v -3.769413 6.069880 3.604271
v -3.794652 5.609218 3.604271
v -3.794652 5.773695 3.604271
v -3.936587 5.773695 3.604271
v -3.936587 5.517412 3.604271
v -3.769083 5.590937 3.604271
v -3.628362 5.590937 3.604271
v -3.628362 5.776657 3.604271
v -3.769083 5.776657 3.604271
v -6.247047 5.884713 3.604271
v -6.106327 5.884713 3.604271
v -6.106327 6.070433 3.604271
v -6.247047 6.070433 3.604271
v -6.081352 5.905402 3.604271
v -5.939416 5.813595 3.604270
v -5.939416 6.069880 3.604270
v -6.081352 6.069880 3.604271
v -6.106590 5.609218 3.604271
v -6.106590 5.773695 3.604271
v -6.248526 5.773695 3.604271
v -6.248526 5.517412 3.604271
v -6.081022 5.590937 3.604271
v -5.940300 5.590937 3.604270
v -5.940300 5.776657 3.604270
v -6.081022 5.776657 3.604271
v -7.251756 2.730897 -2.767116
v -7.251756 2.730897 -2.626395
v -7.251756 2.916617 -2.626395
v -7.251756 2.916617 -2.767116
v -7.251756 2.751586 -2.601419
v -7.251756 2.659781 -2.459484
v -7.251756 2.916065 -2.459484
v -7.251756 2.751586 -2.601419
v -7.251756 2.916065 -2.459484
v -7.251756 2.916065 -2.601419
v -7.251756 2.455401 -2.626657
v -7.251756 2.619880 -2.626657
v -7.251756 2.619880 -2.768594
v -7.251756 2.363596 -2.768594
v -7.251756 2.437121 -2.601089
v -7.251756 2.437121 -2.460369
v -7.251756 2.622841 -2.460369
v -7.251756 2.437121 -2.601089
v -7.251756 2.622841 -2.460369
v -7.251756 2.622841 -2.601089
v -7.251756 2.730897 -1.504564
v -7.251755 2.730897 -1.363842
v -7.251755 2.916617 -1.363842
v -7.251756 2.916617 -1.504564
v -7.251756 2.751586 -1.338868
v -7.251755 2.659780 -1.196933
v -7.251755 2.916065 -1.196933
v -7.251756 2.751586 -1.338868
v -7.251755 2.916065 -1.196933
v -7.251756 2.916065 -1.338868
v -7.251755 2.455401 -1.364106
v -7.251755 2.619880 -1.364106
v -7.251756 2.619880 -1.506042
v -7.251756 2.363596 -1.506042
v -7.251756 2.437121 -1.338538
v -7.251755 2.437121 -1.197817
v -7.251755 2.622841 -1.197816
v -7.251756 2.437121 -1.338538
v -7.251755 2.622841 -1.197816
v -7.251756 2.622841 -1.338538
v -7.251756 4.390028 -2.767115
v -7.251756 4.390028 -2.626394
v -7.251756 4.575747 -2.626394
v -7.251756 4.575747 -2.767115
v -7.251756 4.410717 -2.601419
v -7.251756 4.318912 -2.459483
v -7.251756 4.575195 -2.459483
v -7.251756 4.410717 -2.601419
v -7.251756 4.575195 -2.459483
v -7.251756 4.575195 -2.601419
v -7.251756 4.114532 -2.626657
v -7.251756 4.279011 -2.626657
v -7.251756 4.279011 -2.768593
v -7.251756 4.022727 -2.768593
v -7.251756 4.096251 -2.601089
v -7.251756 4.096251 -2.460368
v -7.251756 4.281971 -2.460368
v -7.251756 4.096251 -2.601089
v -7.251756 4.281971 -2.460368
v -7.251756 4.281971 -2.601089
v -7.251756 4.390028 -1.504563
v -7.251755 4.390028 -1.363842
v -7.251755 4.575747 -1.363842
v -7.251756 4.575747 -1.504563
v -7.251756 4.410716 -1.338867
v -7.251755 4.318911 -1.196932
v -7.251755 4.575195 -1.196932
v -7.251756 4.410716 -1.338867
v -7.251755 4.575195 -1.196932
v -7.251756 4.575195 -1.338867
v -7.251755 4.114532 -1.364105
v -7.251755 4.279011 -1.364105
v -7.251756 4.279011 -1.506041
v -7.251756 4.022727 -1.506041
v -7.251756 4.096251 -1.338537
v -7.251755 4.096251 -1.197816
v -7.251755 4.281971 -1.197816
v -7.251756 4.096251 -1.338537
v -7.251755 4.281971 -1.197816
v -7.251756 4.281971 -1.338537
v -7.251756 4.390028 -4.064943
v -7.251756 4.390028 -3.924222
v -7.251756 4.575747 -3.924222
v -7.251756 4.575747 -4.064943
v -7.251756 4.410717 -3.899247
v -7.251756 4.318912 -3.757311
v -7.251756 4.575195 -3.757311
v -7.251756 4.410717 -3.899247
v -7.251756 4.575195 -3.757311
v -7.251756 4.575195 -3.899247
v -7.251756 4.114532 -3.924486
v -7.251756 4.279011 -3.924486
v -7.251756 4.279011 -4.066422
v -7.251756 4.022727 -4.066422
v -7.251756 4.096251 -3.898917
v -7.251756 4.096251 -3.758196
v -7.251756 4.281971 -3.758196
v -7.251756 4.096251 -3.898917
v -7.251756 4.281971 -3.758196
v -7.251756 4.281971 -3.898917
v -3.549852 2.405693 0.303062
v -3.409131 2.405693 0.303061
v -3.409131 2.591412 0.303061
v -3.549852 2.591412 0.303062
v -3.384156 2.426381 0.303061
v -3.242220 2.334575 0.303061
v -3.242220 2.590860 0.303061
v -3.384156 2.426381 0.303061
v -3.242220 2.590860 0.303061
v -3.384156 2.590860 0.303061
v -3.409394 2.130197 0.303061
v -3.409394 2.294675 0.303061
v -3.551330 2.294675 0.303062
v -3.551330 2.038392 0.303062
v -3.383826 2.111917 0.303061
v -3.243105 2.111917 0.303061
v -3.243105 2.297636 0.303061
v -3.383826 2.111917 0.303061
v -3.243105 2.297636 0.303061
v -3.383826 2.297636 0.303061
v -2.722714 2.405693 -0.108068
v -2.722714 2.405693 -0.248789
v -2.722714 2.591412 -0.248789
v -2.722714 2.591412 -0.108068
v -2.722714 2.426381 -0.273764
v -2.722714 2.334575 -0.415700
v -2.722714 2.590860 -0.415700
v -2.722714 2.590860 -0.273764
v -2.722714 2.130197 -0.248526
v -2.722714 2.294675 -0.248526
v -2.722714 2.294675 -0.106590
v -2.722714 2.038392 -0.106590
v -2.722714 2.111917 -0.274095
v -2.722714 2.111917 -0.414815
v -2.722714 2.297636 -0.414815
v -2.722714 2.297636 -0.274095
v -2.722714 4.298610 -0.108067
v -2.722714 4.298610 -0.248788
v -2.722714 4.484330 -0.248788
v -2.722714 4.484330 -0.108067
v -2.722714 4.319298 -0.273763
v -2.722714 4.227493 -0.415699
v -2.722714 4.483777 -0.415699
v -2.722714 4.483777 -0.273763
v -2.722714 4.023114 -0.248525
v -2.722714 4.187593 -0.248525
v -2.722714 4.187593 -0.106589
v -2.722714 3.931309 -0.106589
v -2.722714 4.004834 -0.274094
v -2.722714 4.004834 -0.414814
v -2.722714 4.190553 -0.414814
v -2.722714 4.190553 -0.274094
v -2.722714 5.771467 -0.108067
v -2.722714 5.771467 -0.248788
v -2.722714 5.957187 -0.248788
v -2.722714 5.957187 -0.108067
v -2.722714 5.792155 -0.273763
v -2.722714 5.700350 -0.415699
v -2.722714 5.956634 -0.415699
v -2.722714 5.956634 -0.273763
v -2.722714 5.495971 -0.248525
v -2.722714 5.660450 -0.248525
v -2.722714 5.660450 -0.106589
v -2.722714 5.404166 -0.106589
v -2.722714 5.477691 -0.274094
v -2.722714 5.477691 -0.414814
v -2.722714 5.663411 -0.414814
v -2.722714 5.663411 -0.274094
v -2.722714 7.168424 -0.108067
v -2.722714 7.168424 -0.248788
v -2.722714 7.354143 -0.248788
v -2.722714 7.354143 -0.108067
v -2.722714 7.189112 -0.273763
v -2.722714 7.097306 -0.415699
v -2.722714 7.353590 -0.415699
v -2.722714 7.353590 -0.273763
v -2.722714 6.892928 -0.248525
v -2.722714 7.057406 -0.248525
v -2.722714 7.057406 -0.106589
v -2.722714 6.801122 -0.106589
v -2.722714 6.874647 -0.274094
v -2.722714 6.874647 -0.414814
v -2.722714 7.060367 -0.414814
v -2.722714 7.060367 -0.274094
v 0.791058 4.297714 -5.655870
v 0.791057 4.297714 -5.515150
v 0.791057 4.483434 -5.515149
v 0.791058 4.297714 -5.655870
v 0.791057 4.483434 -5.515149
v 0.791058 4.483434 -5.655870
v 0.791057 4.318403 -5.490176
v 0.791058 4.226597 -5.348239
v 0.791058 4.482882 -5.348239
v 0.791057 4.318403 -5.490176
v 0.791058 4.482882 -5.348239
v 0.791057 4.482882 -5.490175
v 0.791057 4.022219 -5.515414
v 0.791057 4.186697 -5.515414
v 0.791058 4.186697 -5.657350
v 0.791057 4.022219 -5.515414
v 0.791058 4.186697 -5.657350
v 0.791058 3.930413 -5.657350
v 0.791057 4.003938 -5.489844
v 0.791058 4.003938 -5.349123
v 0.791058 4.189658 -5.349123
v 0.791057 4.189658 -5.489844
v 0.791058 4.297714 -4.713128
v 0.791058 4.297714 -4.572406
v 0.791058 4.483434 -4.572406
v 0.791058 4.297714 -4.713128
v 0.791058 4.483434 -4.572406
v 0.791058 4.483434 -4.713127
v 0.791058 4.318403 -4.547431
v 0.791058 4.226597 -4.405497
v 0.791058 4.482882 -4.405496
v 0.791058 4.482882 -4.547431
v 0.791058 4.022219 -4.572670
v 0.791058 4.186697 -4.572670
v 0.791058 4.186697 -4.714605
v 0.791058 4.022219 -4.572670
v 0.791058 4.186697 -4.714605
v 0.791058 3.930413 -4.714605
v 0.791058 4.003938 -4.547101
v 0.791058 4.003938 -4.406382
v 0.791058 4.189658 -4.406382
v 0.791058 4.189658 -4.547101
v 0.791058 4.297713 -3.661601
v 0.791057 4.297713 -3.520880
v 0.791057 4.483433 -3.520880
v 0.791058 4.483433 -3.661601
v 0.791057 4.318402 -3.495905
v 0.791057 4.226596 -3.353969
v 0.791057 4.482882 -3.353969
v 0.791057 4.482882 -3.495905
v 0.791057 4.022219 -3.521143
v 0.791057 4.186697 -3.521143
v 0.791058 4.186697 -3.663079
v 0.791057 4.022219 -3.521143
v 0.791058 4.186697 -3.663079
v 0.791058 3.930413 -3.663079
v 0.791057 4.003937 -3.495575
v 0.791057 4.003937 -3.354854
v 0.791057 4.189658 -3.354854
v 0.791057 4.189658 -3.495575
v -2.722715 4.298611 -6.386385
v -2.722715 4.298611 -6.527106
v -2.722715 4.484331 -6.527106
v -2.722715 4.484331 -6.386385
v -2.722715 4.319299 -6.552082
v -2.722715 4.227494 -6.694016
v -2.722715 4.483778 -6.694016
v -2.722715 4.483778 -6.552081
v -2.722715 4.023115 -6.526844
v -2.722715 4.187594 -6.526844
v -2.722715 4.187594 -6.384908
v -2.722715 4.023115 -6.526844
v -2.722715 4.187594 -6.384908
v -2.722715 3.931310 -6.384908
v -2.722715 4.004835 -6.552412
v -2.722715 4.004835 -6.693132
v -2.722715 4.190554 -6.693132
v -2.722715 4.190554 -6.552412
v -0.744454 2.868082 -2.437793
v -0.744454 2.868082 -2.297071
v -0.744454 3.053801 -2.297071
v -0.744454 2.868082 -2.437793
v -0.744454 3.053801 -2.297071
v -0.744454 3.053801 -2.437793
v -0.744454 2.888769 -2.272097
v -0.744454 2.796963 -2.130161
v -0.744454 3.053248 -2.130161
v -0.744454 3.053248 -2.272097
v -0.744454 2.592586 -2.297334
v -0.744454 2.757063 -2.297334
v -0.744454 2.757063 -2.439270
v -0.744454 2.592586 -2.297334
v -0.744454 2.757063 -2.439270
v -0.744454 2.500779 -2.439270
v -0.744454 2.574305 -2.271766
v -0.744454 2.574304 -2.131046
v -0.744454 2.760024 -2.131046
v -0.744454 2.760025 -2.271766
v -0.744454 2.868081 -0.553491
v -0.744454 2.868081 -0.412770
v -0.744454 3.053800 -0.412769
v -0.744454 2.868081 -0.553491
v -0.744454 3.053800 -0.412769
v -0.744454 3.053800 -0.553491
v -0.744454 2.888769 -0.387795
v -0.744454 2.796963 -0.245859
v -0.744454 3.053248 -0.245859
v -0.744454 3.053248 -0.387794
v -0.744454 2.592585 -0.413033
v -0.744454 2.757063 -0.413033
v -0.744454 2.757063 -0.554969
v -0.744454 2.592585 -0.413033
v -0.744454 2.757063 -0.554969
v -0.744454 2.500779 -0.554969
v -0.744454 2.574304 -0.387465
v -0.744454 2.574304 -0.246743
v -0.744454 2.760024 -0.246743
v -0.744454 2.760024 -0.387465
v -10.521029 4.311490 -1.631401
v -10.521029 4.311491 -1.803032
v -10.521029 4.538003 -1.803032
v -10.521029 4.538003 -1.631401
v -10.521029 4.336722 -1.833493
v -10.521029 4.224751 -2.006606
v -10.521029 4.537330 -2.006606
v -10.521029 4.336722 -1.833493
v -10.521029 4.537330 -2.006606
v -10.521029 4.537330 -1.833493
v -10.521029 3.975479 -1.802711
v -10.521029 4.176086 -1.802711
v -10.521029 4.176086 -1.629599
v -10.521029 3.975479 -1.802711
v -10.521029 4.176086 -1.629599
v -10.521029 3.863509 -1.629599
v -10.521029 3.953184 -1.833896
v -10.521029 3.953184 -2.005526
v -10.521029 4.179698 -2.005526
v -10.521029 4.179698 -1.833896
v -10.521029 4.311488 5.234814
v -10.521028 4.311489 5.063182
v -10.521028 4.538002 5.063183
v -10.521029 4.311488 5.234814
v -10.521028 4.538002 5.063183
v -10.521029 4.538002 5.234814
v -10.521028 4.336721 5.032722
v -10.521029 4.224750 4.859610
v -10.521029 4.537328 4.859610
v -10.521028 4.336721 5.032722
v -10.521029 4.537328 4.859610
v -10.521028 4.537328 5.032723
v -10.521028 3.975478 5.063503
v -10.521028 4.176085 5.063503
v -10.521029 4.176085 5.236617
v -10.521028 3.975478 5.063503
v -10.521029 4.176085 5.236617
v -10.521029 3.863508 5.236617
v -10.521028 3.953183 5.032320
v -10.521029 4.179697 4.860689
v -10.521028 4.179697 5.032320
v -10.521029 4.311490 -3.803840
v -10.521029 4.311491 -3.975470
v -10.521029 4.538003 -3.975470
v -10.521029 4.311490 -3.803840
v -10.521029 4.538003 -3.975470
v -10.521029 4.538003 -3.803840
v -10.521029 4.336722 -4.005931
v -10.521029 4.224751 -4.179045
v -10.521029 4.537330 -4.179044
v -10.521029 4.336722 -4.005931
v -10.521029 4.537330 -4.179044
v -10.521029 4.537330 -4.005931
v -10.521029 3.975480 -3.975150
v -10.521029 4.176086 -3.975150
v -10.521029 4.176086 -3.802037
v -10.521029 3.975480 -3.975150
v -10.521029 4.176086 -3.802037
v -10.521029 3.863510 -3.802037
v -10.521029 3.953185 -4.006334
v -10.521029 3.953185 -4.177966
v -10.521029 4.179698 -4.177966
v -10.521029 4.179698 -4.006334
v -10.521028 4.311488 6.375514
v -10.521028 4.311489 6.203881
v -10.521028 4.538002 6.203882
v -10.521028 4.311488 6.375514
v -10.521028 4.538002 6.203882
v -10.521028 4.538002 6.375514
v -10.521028 4.336721 6.173421
v -10.521028 4.224750 6.000309
v -10.521028 4.537328 6.000309
v -10.521028 4.336721 6.173421
v -10.521028 4.537328 6.000309
v -10.521028 4.537328 6.173422
v -10.521028 3.975478 6.204205
v -10.521028 4.176085 6.204205
v -10.521028 4.176085 6.377316
v -10.521028 3.975478 6.204205
v -10.521028 4.176085 6.377316
v -10.521028 3.863508 6.377316
v -10.521028 3.953183 6.173018
v -10.521028 4.179697 6.001389
v -10.521028 4.179697 6.173018
v -10.521029 2.899638 5.234814
v -10.521028 2.899638 5.063182
v -10.521028 3.126152 5.063182
v -10.521029 2.899638 5.234814
v -10.521028 3.126152 5.063182
v -10.521029 3.126152 5.234814
v -10.521028 2.924871 5.032722
v -10.521029 2.812900 4.859610
v -10.521029 3.125478 4.859610
v -10.521028 2.924871 5.032722
v -10.521029 3.125478 4.859610
v -10.521028 3.125478 5.032722
v -10.521028 2.563628 5.063503
v -10.521028 2.764235 5.063503
v -10.521029 2.764235 5.236617
v -10.521028 2.563628 5.063503
v -10.521029 2.764235 5.236617
v -10.521029 2.451657 5.236617
v -10.521028 2.541332 5.032320
v -10.521029 2.541332 4.860689
v -10.521029 2.767846 4.860689
v -10.521028 2.541332 5.032320
v -10.521029 2.767846 4.860689
v -10.521028 2.767846 5.032320
v -10.521028 2.899638 6.375514
v -10.521028 2.899638 6.203881
v -10.521028 3.126152 6.203881
v -10.521028 2.899638 6.375514
v -10.521028 3.126152 6.203881
v -10.521028 3.126152 6.375514
v -10.521028 2.924871 6.173421
v -10.521028 2.812900 6.000309
v -10.521028 3.125478 6.000309
v -10.521028 2.924871 6.173421
v -10.521028 3.125478 6.000309
v -10.521028 3.125478 6.173421
v -10.521028 2.563628 6.204205
v -10.521028 2.764235 6.204205
v -10.521028 2.764235 6.377316
v -10.521028 2.563628 6.204205
v -10.521028 2.764235 6.377316
v -10.521028 2.451657 6.377316
v -10.521028 2.541332 6.173018
v -10.521028 2.541332 6.001389
v -10.521028 2.767846 6.001389
v -10.521028 2.541332 6.173018
v -10.521028 2.767846 6.001389
v -10.521028 2.767846 6.173018
v -11.169167 4.311489 3.561733
v -11.340797 4.311490 3.561733
v -11.340797 4.538002 3.561733
v -11.169167 4.538002 3.561733
v -11.371258 4.336721 3.561733
v -11.544371 4.224751 3.561733
v -11.544371 4.537329 3.561733
v -11.371258 4.336721 3.561733
v -11.544371 4.537329 3.561733
v -11.371258 4.537329 3.561733
v -11.340476 3.975478 3.561733
v -11.340476 4.176085 3.561733
v -11.167363 4.176085 3.561733
v -11.340476 3.975478 3.561733
v -11.167363 4.176085 3.561733
v -11.167363 3.863508 3.561733
v -11.371660 3.953183 3.561733
v -11.543291 3.953183 3.561733
v -11.543291 4.179698 3.561733
v -11.371660 4.179698 3.561733
v -12.614408 4.311489 3.561732
v -12.786039 4.311490 3.561733
v -12.786039 4.538002 3.561733
v -12.614408 4.538002 3.561732
v -12.816500 4.336721 3.561733
v -12.989613 4.224751 3.561733
v -12.989613 4.537329 3.561733
v -12.816500 4.336721 3.561733
v -12.989613 4.537329 3.561733
v -12.816500 4.537329 3.561733
v -12.785718 3.975478 3.561733
v -12.785718 4.176085 3.561733
v -12.612606 4.176085 3.561732
v -12.785718 3.975478 3.561733
v -12.612606 4.176085 3.561732
v -12.612606 3.863508 3.561732
v -12.816902 3.953183 3.561733
v -12.988534 3.953183 3.561733
v -12.988534 4.179698 3.561733
v -12.816902 4.179698 3.561733
v -11.169167 4.311490 -4.854856
v -11.340797 4.311491 -4.854856
v -11.340797 4.538004 -4.854855
v -11.169167 4.538004 -4.854856
v -11.371259 4.336723 -4.854856
v -11.544372 4.224752 -4.854856
v -11.544372 4.537330 -4.854855
v -11.371259 4.336723 -4.854856
v -11.544372 4.537330 -4.854855
v -11.371259 4.537330 -4.854855
v -11.340477 3.975480 -4.854856
v -11.340477 4.176087 -4.854856
v -11.167364 4.176087 -4.854856
v -11.340477 3.975480 -4.854856
v -11.167364 4.176087 -4.854856
v -11.167364 3.863510 -4.854856
v -11.371661 3.953185 -4.854856
v -11.543293 3.953185 -4.854856
v -11.543293 4.179699 -4.854856
v -11.371661 4.179699 -4.854856
v -10.521029 2.721704 -3.803841
v -10.521029 2.721704 -3.975471
v -10.521029 2.948218 -3.975471
v -10.521029 2.948218 -3.803841
v -10.521029 2.746936 -4.005931
v -10.521029 2.634966 -4.179045
v -10.521029 2.947544 -4.179045
v -10.521029 2.947544 -4.005931
v -10.521029 2.385694 -3.975151
v -10.521029 2.586301 -3.975151
v -10.521029 2.586301 -3.802037
v -10.521029 2.385694 -3.975151
v -10.521029 2.586301 -3.802037
v -10.521029 2.273723 -3.802037
v -10.521029 2.363398 -4.006334
v -10.521029 2.363398 -4.177966
v -10.521029 2.589912 -4.177966
v -10.521029 2.589912 -4.006334
v -10.521029 2.721704 -2.659101
v -10.521029 2.721704 -2.830733
v -10.521029 2.948217 -2.830733
v -10.521029 2.948217 -2.659101
v -10.521029 2.746935 -2.861193
v -10.521029 2.634965 -3.034307
v -10.521029 2.947543 -3.034307
v -10.521029 2.947543 -2.861193
v -10.521029 2.385694 -2.830411
v -10.521029 2.586300 -2.830411
v -10.521029 2.586300 -2.657300
v -10.521029 2.385694 -2.830411
v -10.521029 2.586300 -2.657300
v -10.521029 2.273722 -2.657300
v -10.521029 2.363397 -2.861597
v -10.521029 2.363397 -3.033226
v -10.521029 2.589911 -3.033226
v -10.521029 2.363397 -2.861597
v -10.521029 2.589911 -3.033226
v -10.521029 2.589911 -2.861597
v 0.448183 3.502152 -16.703659
v 0.307462 3.502152 -16.703657
v 0.307462 3.687872 -16.703657
v 0.448183 3.687872 -16.703659
v 0.282487 3.522841 -16.703659
v 0.140552 3.431035 -16.703659
v 0.140552 3.687319 -16.703659
v 0.282487 3.687319 -16.703659
v 0.307725 3.226656 -16.703657
v 0.307725 3.391135 -16.703657
v 0.449661 3.391135 -16.703659
v 0.449661 3.134851 -16.703659
v 0.282157 3.208376 -16.703659
v 0.141436 3.208376 -16.703659
v 0.141436 3.394096 -16.703659
v 0.282157 3.394096 -16.703659
v 1.841714 3.502152 -16.703657
v 1.700993 3.502152 -16.703657
v 1.700993 3.687872 -16.703657
v 1.841714 3.687872 -16.703657
v 1.676019 3.522841 -16.703659
v 1.534083 3.431035 -16.703657
v 1.534083 3.687319 -16.703657
v 1.676019 3.522841 -16.703659
v 1.534083 3.687319 -16.703657
v 1.676019 3.687319 -16.703659
v 1.701257 3.226656 -16.703657
v 1.701257 3.391135 -16.703657
v 1.843193 3.391135 -16.703657
v 1.843193 3.134851 -16.703657
v 1.675688 3.208376 -16.703659
v 1.534968 3.208376 -16.703657
v 1.534968 3.394096 -16.703657
v 1.675688 3.394096 -16.703659
v 3.299372 3.502152 -16.703657
v 3.158651 3.502152 -16.703657
v 3.158651 3.687872 -16.703657
v 3.299372 3.687872 -16.703657
v 3.133676 3.522841 -16.703659
v 2.991741 3.431035 -16.703659
v 2.991741 3.687319 -16.703659
v 3.133676 3.522841 -16.703659
v 2.991741 3.687319 -16.703659
v 3.133676 3.687319 -16.703659
v 3.158914 3.226656 -16.703657
v 3.158914 3.391135 -16.703657
v 3.300850 3.391135 -16.703657
v 3.300850 3.134851 -16.703657
v 3.133346 3.208376 -16.703659
v 2.992625 3.208376 -16.703659
v 2.992625 3.394096 -16.703659
v 3.133346 3.394096 -16.703659
v 3.857206 3.056682 -19.994980
v 3.997571 3.056682 -20.004967
v 3.997571 3.242402 -20.004967
v 3.857206 3.056682 -19.994980
v 3.997571 3.242402 -20.004967
v 3.857206 3.242402 -19.994980
v 4.022483 3.077370 -20.006737
v 4.164061 2.985565 -20.016811
v 4.164061 3.241849 -20.016811
v 4.022483 3.077370 -20.006737
v 4.164061 3.241849 -20.016811
v 4.022483 3.241849 -20.006737
v 3.997309 2.781186 -20.004948
v 3.997309 2.945665 -20.004948
v 3.855731 2.945665 -19.994873
v 3.997309 2.781186 -20.004948
v 3.855731 2.945665 -19.994873
v 3.855731 2.689381 -19.994873
v 4.022813 2.762906 -20.006762
v 4.163180 2.762906 -20.016747
v 4.163180 2.948625 -20.016747
v 4.022813 2.762906 -20.006762
v 4.163180 2.948625 -20.016747
v 4.022813 2.948625 -20.006762
v 3.857206 1.947580 -19.994980
v 3.997571 1.947580 -20.004967
v 3.997571 2.133299 -20.004967
v 3.857206 1.947580 -19.994980
v 3.997571 2.133299 -20.004967
v 3.857206 2.133299 -19.994980
v 4.022483 1.968268 -20.006737
v 4.164061 1.876462 -20.016811
v 4.164061 2.132746 -20.016811
v 3.997309 1.672084 -20.004948
v 3.855731 1.836562 -19.994873
v 3.855731 1.580278 -19.994873
v 4.022813 1.653803 -20.006762
v 4.163180 1.653803 -20.016747
v 4.163180 1.839523 -20.016747
v 4.022813 1.653803 -20.006762
v 4.163180 1.839523 -20.016747
v 4.022813 1.839523 -20.006762
v 14.055143 4.678386 -5.770781
v 14.055143 4.586580 -5.912718
v 14.055143 4.842865 -5.912718
v 14.055143 4.678386 -5.770781
v 14.055143 4.842865 -5.912718
v 14.055143 4.842865 -5.770781
v 14.055143 4.363921 -5.771111
v 14.055143 4.363921 -5.911833
v 14.055143 4.549641 -5.911833
v 14.055143 4.549641 -5.771111
v 14.055145 4.657698 -5.244157
v 14.055145 4.657698 -5.384879
v 14.055145 4.843417 -5.384879
v 14.055145 4.843417 -5.244157
v 14.055145 4.678386 -5.409853
v 14.055145 4.586580 -5.551789
v 14.055145 4.842865 -5.551789
v 14.055145 4.678386 -5.409853
v 14.055145 4.842865 -5.551789
v 14.055145 4.842865 -5.409853
v 14.055145 4.363921 -5.410183
v 14.055145 4.363921 -5.550905
v 14.055145 4.549641 -5.550904
v 14.055145 4.549641 -5.410183
v 14.055145 4.047191 -5.605086
v 14.055143 4.047191 -5.745808
v 14.055143 4.232911 -5.745808
v 14.055145 4.232911 -5.605086
v 14.055143 3.771695 -5.745543
v 14.055143 3.936174 -5.745543
v 14.055145 3.936174 -5.603609
v 14.055145 3.679890 -5.603609
v 14.055145 4.047191 -5.244157
v 14.055145 4.047191 -5.384880
v 14.055145 4.232911 -5.384880
v 14.055145 4.232911 -5.244157
v 14.055145 3.771695 -5.384615
v 14.055145 3.936174 -5.384615
v 14.055145 3.936174 -5.242680
v 14.055145 3.771695 -5.384615
v 14.055145 3.936174 -5.242680
v 14.055145 3.679890 -5.242680
v 14.055143 4.678385 -4.026059
v 14.055143 4.586579 -4.167994
v 14.055143 4.842865 -4.167994
v 14.055143 4.842865 -4.026059
v 14.055143 4.363921 -4.026390
v 14.055143 4.363921 -4.167109
v 14.055143 4.549641 -4.167109
v 14.055143 4.549641 -4.026389
v 14.055145 4.657698 -3.499434
v 14.055145 4.657698 -3.640155
v 14.055145 4.843417 -3.640155
v 14.055145 4.843417 -3.499434
v 14.055145 4.678385 -3.665130
v 14.055145 4.586579 -3.807065
v 14.055145 4.842865 -3.807065
v 14.055145 4.842865 -3.665130
v 14.055145 4.363921 -3.665460
v 14.055145 4.363921 -3.806181
v 14.055145 4.549641 -3.806181
v 14.055145 4.549641 -3.665460
v 14.055145 4.047191 -3.860362
v 14.055143 4.047191 -4.001083
v 14.055143 4.232911 -4.001083
v 14.055145 4.232911 -3.860362
v 14.055143 3.771695 -4.000821
v 14.055143 3.936174 -4.000821
v 14.055145 3.936174 -3.858884
v 14.055145 3.679890 -3.858884
v 14.055145 4.047191 -3.499434
v 14.055145 4.047191 -3.640155
v 14.055145 4.232911 -3.640155
v 14.055145 4.232911 -3.499434
v 14.055145 3.771694 -3.639892
v 14.055145 3.936173 -3.639892
v 14.055145 3.936173 -3.497956
v 14.055145 3.679889 -3.497956
v 14.055143 4.678386 -7.505529
v 14.055143 4.586580 -7.647464
v 14.055143 4.842865 -7.647464
v 14.055143 4.842865 -7.505529
v 14.055143 4.363922 -7.505859
v 14.055143 4.363922 -7.646581
v 14.055143 4.549642 -7.646580
v 14.055143 4.549642 -7.505859
v 14.055145 4.657698 -6.978905
v 14.055145 4.657698 -7.119626
v 14.055145 4.843417 -7.119626
v 14.055145 4.843417 -6.978905
v 14.055145 4.678386 -7.144600
v 14.055145 4.586580 -7.286536
v 14.055145 4.842865 -7.286536
v 14.055145 4.842865 -7.144600
v 14.055145 4.363921 -7.144930
v 14.055145 4.363921 -7.285652
v 14.055145 4.549641 -7.285651
v 14.055145 4.549641 -7.144930
v 14.055143 4.047192 -7.339834
v 14.055143 4.047192 -7.480555
v 14.055143 4.232912 -7.480555
v 14.055143 4.232912 -7.339834
v 14.055143 3.771695 -7.480290
v 14.055143 3.936174 -7.480290
v 14.055143 3.936174 -7.338356
v 14.055143 3.679890 -7.338356
v 14.055145 4.047191 -6.978906
v 14.055145 4.047191 -7.119627
v 14.055145 4.232911 -7.119627
v 14.055145 4.232911 -6.978906
v 14.055145 3.771695 -7.119362
v 14.055145 3.936174 -7.119362
v 14.055145 3.936174 -6.977427
v 14.055145 3.679890 -6.977427
v 10.277481 4.678386 -8.087143
v 10.135544 4.586580 -8.087143
v 10.135544 4.842865 -8.087143
v 10.277481 4.842865 -8.087143
v 10.277149 4.363922 -8.087143
v 10.136429 4.363922 -8.087143
v 10.136429 4.549642 -8.087143
v 10.277149 4.549642 -8.087143
v 10.804104 4.657699 -8.087144
v 10.663383 4.657699 -8.087144
v 10.663383 4.843418 -8.087144
v 10.804104 4.843418 -8.087144
v 10.638407 4.678386 -8.087143
v 10.496473 4.586580 -8.087144
v 10.496473 4.842865 -8.087144
v 10.638407 4.678386 -8.087143
v 10.496473 4.842865 -8.087144
v 10.638407 4.842865 -8.087143
v 10.638079 4.363922 -8.087143
v 10.497356 4.363922 -8.087144
v 10.497356 4.549642 -8.087144
v 10.638079 4.363922 -8.087143
v 10.497356 4.549642 -8.087144
v 10.638079 4.549642 -8.087143
v 10.443174 4.047192 -8.087143
v 10.302454 4.047192 -8.087143
v 10.302454 4.232912 -8.087143
v 10.443174 4.232912 -8.087143
v 10.302717 3.771695 -8.087143
v 10.302717 3.936174 -8.087143
v 10.444653 3.936174 -8.087143
v 10.444653 3.679890 -8.087143
v 10.804104 4.047192 -8.087144
v 10.663383 4.047192 -8.087144
v 10.663383 4.232912 -8.087144
v 10.804104 4.232912 -8.087144
v 10.663647 3.771695 -8.087144
v 10.663647 3.936174 -8.087144
v 10.805582 3.936174 -8.087144
v 10.805582 3.679890 -8.087144
v 7.040750 4.678386 -8.087143
v 6.898815 4.586580 -8.087142
v 6.898815 4.842865 -8.087142
v 7.040750 4.842865 -8.087143
v 7.040420 4.363922 -8.087143
v 6.899699 4.363922 -8.087142
v 6.899699 4.549642 -8.087142
v 7.040420 4.549642 -8.087143
v 7.567374 4.657699 -8.087143
v 7.426653 4.657699 -8.087143
v 7.426653 4.843418 -8.087143
v 7.567374 4.843418 -8.087143
v 7.401679 4.678386 -8.087143
v 7.259742 4.586580 -8.087143
v 7.259742 4.842865 -8.087143
v 7.401679 4.678386 -8.087143
v 7.259742 4.842865 -8.087143
v 7.401679 4.842865 -8.087143
v 7.401348 4.363922 -8.087143
v 7.260627 4.363922 -8.087143
v 7.260627 4.549642 -8.087143
v 7.401348 4.363922 -8.087143
v 7.260627 4.549642 -8.087143
v 7.401348 4.549642 -8.087143
v 7.206445 4.047192 -8.087143
v 7.065725 4.047192 -8.087143
v 7.065725 4.232912 -8.087143
v 7.206445 4.232912 -8.087143
v 7.065988 3.771695 -8.087143
v 7.065988 3.936174 -8.087143
v 7.207924 3.936174 -8.087143
v 7.207924 3.679890 -8.087143
v 7.567374 4.047192 -8.087143
v 7.426653 4.047192 -8.087143
v 7.426653 4.232912 -8.087143
v 7.567374 4.232912 -8.087143
v 7.426917 3.771695 -8.087143
v 7.426917 3.936174 -8.087143
v 7.568853 3.936174 -8.087143
v 7.568853 3.679890 -8.087143
v 8.647552 4.678386 -8.087143
v 8.505617 4.586580 -8.087143
v 8.505617 4.842865 -8.087143
v 8.647552 4.842865 -8.087143
v 8.647223 4.363922 -8.087143
v 8.506502 4.363922 -8.087143
v 8.506502 4.549642 -8.087143
v 8.647223 4.549642 -8.087143
v 9.174177 4.657699 -8.087143
v 9.033457 4.657699 -8.087143
v 9.033457 4.843418 -8.087143
v 9.174177 4.843418 -8.087143
v 9.008482 4.678386 -8.087143
v 8.866547 4.586580 -8.087143
v 8.866547 4.842865 -8.087143
v 9.008482 4.678386 -8.087143
v 8.866547 4.842865 -8.087143
v 9.008482 4.842865 -8.087143
v 9.008152 4.363922 -8.087143
v 8.867430 4.363922 -8.087143
v 8.867430 4.549642 -8.087143
v 9.008152 4.363922 -8.087143
v 8.867430 4.549642 -8.087143
v 9.008152 4.549642 -8.087143
v 8.813250 4.047192 -8.087143
v 8.672527 4.047192 -8.087143
v 8.672527 4.232912 -8.087143
v 8.813250 4.232912 -8.087143
v 8.672791 3.771695 -8.087143
v 8.672791 3.936174 -8.087143
v 8.814728 3.936174 -8.087143
v 8.814728 3.679890 -8.087143
v 9.174177 4.047192 -8.087143
v 9.033457 4.047192 -8.087143
v 9.033457 4.232912 -8.087143
v 9.174177 4.232912 -8.087143
v 9.033720 3.771695 -8.087143
v 9.033720 3.936174 -8.087143
v 9.175655 3.936174 -8.087143
v 9.175655 3.679890 -8.087143
v 5.109212 4.678386 -8.087142
v 4.967276 4.586580 -8.087142
v 4.967276 4.842865 -8.087142
v 5.109212 4.842865 -8.087142
v 5.108881 4.363922 -8.087142
v 4.968161 4.363922 -8.087142
v 4.968161 4.549642 -8.087142
v 5.108881 4.549642 -8.087142
v 5.635836 4.657699 -8.087143
v 5.495115 4.657699 -8.087143
v 5.495115 4.843418 -8.087143
v 5.635836 4.843418 -8.087143
v 5.470140 4.678386 -8.087143
v 5.328205 4.586580 -8.087143
v 5.328205 4.842865 -8.087143
v 5.470140 4.678386 -8.087143
v 5.328205 4.842865 -8.087143
v 5.470140 4.842865 -8.087143
v 5.469810 4.363922 -8.087143
v 5.329089 4.363922 -8.087143
v 5.329089 4.549642 -8.087143
v 5.469810 4.363922 -8.087143
v 5.329089 4.549642 -8.087143
v 5.469810 4.549642 -8.087143
v 5.274908 4.047192 -8.087143
v 5.134186 4.047192 -8.087142
v 5.134186 4.232912 -8.087142
v 5.274908 4.232912 -8.087143
v 5.134450 3.771695 -8.087142
v 5.134450 3.936174 -8.087142
v 5.276386 3.936174 -8.087143
v 5.276386 3.679890 -8.087143
v 5.635836 4.047192 -8.087143
v 5.495115 4.047192 -8.087143
v 5.495115 4.232912 -8.087143
v 5.635836 4.232912 -8.087143
v 5.495379 3.771695 -8.087143
v 5.495379 3.936174 -8.087143
v 5.637314 3.936174 -8.087143
v 5.637314 3.679890 -8.087143
v 1.390046 4.859232 -2.999816
v 1.530746 4.859232 -2.997360
v 1.530746 5.044952 -2.997360
v 1.390046 4.859232 -2.999816
v 1.530746 5.044952 -2.997360
v 1.390046 5.044952 -2.999816
v 1.555717 4.879921 -2.996924
v 1.697630 4.788116 -2.994448
v 1.697630 5.044399 -2.994448
v 1.555717 4.879921 -2.996924
v 1.697630 5.044399 -2.994448
v 1.555717 5.044399 -2.996924
v 1.530482 4.583736 -2.997365
v 1.530482 4.748216 -2.997365
v 1.388568 4.748216 -2.999842
v 1.556046 4.565456 -2.996918
v 1.696746 4.565456 -2.994462
v 1.696746 4.751176 -2.994462
v 1.556046 4.565456 -2.996918
v 1.696746 4.751176 -2.994462
v 1.556046 4.751176 -2.996918
v 3.116510 4.859232 -2.999817
v 3.257209 4.859232 -2.997361
v 3.257209 5.044952 -2.997361
v 3.116510 4.859232 -2.999817
v 3.257209 5.044952 -2.997361
v 3.116510 5.044952 -2.999817
v 3.282180 4.879921 -2.996925
v 3.424095 4.788116 -2.994448
v 3.424095 5.044399 -2.994448
v 3.282180 4.879921 -2.996925
v 3.424095 5.044399 -2.994448
v 3.282180 5.044399 -2.996925
v 3.256946 4.583736 -2.997365
v 3.256946 4.748216 -2.997365
v 3.115033 4.748216 -2.999842
v 3.282511 4.565456 -2.996919
v 3.423210 4.565456 -2.994463
v 3.423210 4.751176 -2.994463
v 3.282511 4.565456 -2.996919
v 3.423210 4.751176 -2.994463
v 3.282511 4.751176 -2.996919
v 5.219760 4.859232 -2.999817
v 5.360460 4.859232 -2.997361
v 5.360460 5.044952 -2.997361
v 5.219760 4.859232 -2.999817
v 5.360460 5.044952 -2.997361
v 5.219760 5.044952 -2.999817
v 5.385431 4.879921 -2.996925
v 5.527345 4.788116 -2.994449
v 5.527345 5.044399 -2.994449
v 5.385431 4.879921 -2.996925
v 5.527345 5.044399 -2.994449
v 5.385431 5.044399 -2.996925
v 5.360197 4.583736 -2.997366
v 5.360197 4.748216 -2.997366
v 5.218283 4.748216 -2.999843
v 5.360197 4.583736 -2.997366
v 5.218283 4.748216 -2.999843
v 5.218283 4.491931 -2.999843
v 5.385762 4.565456 -2.996919
v 5.526461 4.565456 -2.994464
v 5.526461 4.751176 -2.994464
v 5.385762 4.565456 -2.996919
v 5.526461 4.751176 -2.994464
v 5.385762 4.751176 -2.996919
v 19.065920 2.786361 -6.319604
v 18.925198 2.786361 -6.319604
v 18.925198 2.972081 -6.319604
v 19.065920 2.972081 -6.319604
v 18.900225 2.807050 -6.319604
v 18.758287 2.715244 -6.319604
v 18.758287 2.971528 -6.319604
v 18.900225 2.807050 -6.319604
v 18.758287 2.971528 -6.319604
v 18.900225 2.971528 -6.319604
v 18.925461 2.510865 -6.319604
v 18.925461 2.675344 -6.319604
v 19.067396 2.675344 -6.319604
v 19.067396 2.419060 -6.319604
v 18.899893 2.492585 -6.319604
v 18.759172 2.492585 -6.319604
v 18.759172 2.678305 -6.319604
v 18.899893 2.678305 -6.319604
v 17.750496 2.786361 -6.319604
v 17.609774 2.786361 -6.319604
v 17.609774 2.972081 -6.319604
v 17.750496 2.972081 -6.319604
v 17.584801 2.807050 -6.319604
v 17.442863 2.715244 -6.319604
v 17.442863 2.971528 -6.319604
v 17.584801 2.807050 -6.319604
v 17.442863 2.971528 -6.319604
v 17.584801 2.971528 -6.319604
v 17.610039 2.510865 -6.319604
v 17.610039 2.675344 -6.319604
v 17.751972 2.675344 -6.319604
v 17.751972 2.419060 -6.319604
v 17.584469 2.492585 -6.319604
v 17.443748 2.492585 -6.319604
v 17.443748 2.678305 -6.319604
v 17.584469 2.678305 -6.319604
v 24.277447 2.982830 -14.514240
v 24.136724 2.982830 -14.514240
v 24.136724 3.168550 -14.514240
v 24.277447 3.168550 -14.514240
v 24.111752 3.003518 -14.514239
v 23.969814 2.911713 -14.514241
v 23.969814 3.167997 -14.514240
v 24.111752 3.003518 -14.514239
v 23.969814 3.167997 -14.514240
v 24.111752 3.167997 -14.514239
v 24.136988 2.707334 -14.514241
v 24.136988 2.871813 -14.514241
v 24.278925 2.871813 -14.514241
v 24.278925 2.615529 -14.514241
v 24.111422 2.689054 -14.514240
v 23.970699 2.689054 -14.514241
v 23.970699 2.874774 -14.514241
v 24.111422 2.689054 -14.514240
v 23.970699 2.874774 -14.514241
v 24.111422 2.874774 -14.514240
v 23.184385 2.982830 -14.514239
v 23.043665 2.982830 -14.514239
v 23.043665 3.168550 -14.514239
v 23.184385 3.168550 -14.514239
v 23.018692 3.003518 -14.514239
v 22.876755 2.911713 -14.514240
v 22.876755 3.167997 -14.514239
v 23.018692 3.003518 -14.514239
v 22.876755 3.167997 -14.514239
v 23.018692 3.167997 -14.514239
v 23.043928 2.707334 -14.514240
v 23.043928 2.871813 -14.514240
v 23.185863 2.871813 -14.514240
v 23.185863 2.615529 -14.514240
v 23.018360 2.689054 -14.514240
v 22.877640 2.689054 -14.514241
v 22.877640 2.874774 -14.514241
v 23.018360 2.689054 -14.514240
v 22.877640 2.874774 -14.514241
v 23.018360 2.874774 -14.514240
v 22.062105 2.982830 -14.514239
v 21.921385 2.982830 -14.514239
v 21.921385 3.168550 -14.514239
v 22.062105 3.168550 -14.514239
v 21.896410 3.003518 -14.514239
v 21.754475 2.911713 -14.514240
v 21.754475 3.167997 -14.514239
v 21.896410 3.003518 -14.514239
v 21.754475 3.167997 -14.514239
v 21.896410 3.167997 -14.514239
v 21.921648 2.707334 -14.514240
v 21.921648 2.871813 -14.514240
v 22.063583 2.871813 -14.514240
v 22.063583 2.615529 -14.514240
v 21.896080 2.689054 -14.514240
v 21.755358 2.689054 -14.514240
v 21.755358 2.874774 -14.514240
v 21.896080 2.689054 -14.514240
v 21.755358 2.874774 -14.514240
v 21.896080 2.874774 -14.514240
v 21.439548 3.016938 -14.002341
v 21.439550 3.016938 -13.861621
v 21.439550 3.202658 -13.861621
v 21.439548 3.202658 -14.002341
v 21.439550 3.037627 -13.836646
v 21.439550 2.945821 -13.694711
v 21.439550 3.202106 -13.694711
v 21.439550 3.037627 -13.836646
v 21.439550 3.202106 -13.694711
v 21.439550 3.202106 -13.836646
v 21.439550 2.741443 -13.861885
v 21.439550 2.905921 -13.861885
v 21.439548 2.905921 -14.003820
v 21.439548 2.649637 -14.003820
v 21.439550 2.723162 -13.836317
v 21.439550 2.723162 -13.695596
v 21.439550 2.908882 -13.695596
v 21.439550 2.908882 -13.836317
v 21.439548 3.016938 -13.008849
v 21.439548 3.016938 -12.868128
v 21.439548 3.202658 -12.868128
v 21.439548 3.202658 -13.008849
v 21.439548 3.037627 -12.843153
v 21.439548 2.945821 -12.701217
v 21.439548 3.202106 -12.701217
v 21.439548 3.037627 -12.843153
v 21.439548 3.202106 -12.701217
v 21.439548 3.202106 -12.843153
v 21.439548 2.741443 -12.868392
v 21.439548 2.905921 -12.868392
v 21.439548 2.905921 -13.010328
v 21.439548 2.741443 -12.868392
v 21.439548 2.905921 -13.010328
v 21.439548 2.649637 -13.010328
v 21.439548 2.723162 -12.842824
v 21.439548 2.723162 -12.702103
v 21.439548 2.908882 -12.702103
v 21.439548 2.908882 -12.842824
v 21.439550 3.016938 -12.031140
v 21.439550 3.016938 -11.890419
v 21.439550 3.202658 -11.890419
v 21.439550 3.202658 -12.031140
v 21.439550 3.037627 -11.865444
v 21.439550 2.945821 -11.723509
v 21.439550 3.202106 -11.723509
v 21.439550 3.037627 -11.865444
v 21.439550 3.202106 -11.723509
v 21.439550 3.202106 -11.865444
v 21.439550 2.741443 -11.890683
v 21.439550 2.905921 -11.890683
v 21.439550 2.905921 -12.032619
v 21.439550 2.649637 -12.032619
v 21.439550 2.723162 -11.865115
v 21.439550 2.723162 -11.724394
v 21.439550 2.908882 -11.724394
v 21.439550 2.908882 -11.865115
v 10.907837 3.130840 -13.294797
v 10.808384 3.130840 -13.394353
v 10.808384 3.316560 -13.394353
v 10.907837 3.130840 -13.294797
v 10.808384 3.316560 -13.394353
v 10.907837 3.316560 -13.294797
v 10.790733 3.151529 -13.412023
v 10.690422 3.059723 -13.512437
v 10.690422 3.316007 -13.512437
v 10.790733 3.151529 -13.412023
v 10.690422 3.316007 -13.512437
v 10.790733 3.316007 -13.412023
v 10.808571 2.855344 -13.394168
v 10.808571 3.019823 -13.394167
v 10.908882 3.019823 -13.293752
v 10.808571 2.855344 -13.394168
v 10.908882 3.019823 -13.293752
v 10.908882 2.763539 -13.293753
v 10.790501 2.837064 -13.412256
v 10.691048 2.837064 -13.511812
v 10.691048 3.022784 -13.511811
v 10.790501 2.837064 -13.412256
v 10.691048 3.022784 -13.511811
v 10.790501 3.022784 -13.412255
v 9.896786 3.130840 -14.306893
v 9.797331 3.316560 -14.406449
v 9.896786 3.316560 -14.306893
v 9.779682 3.151529 -14.424118
v 9.679369 3.059723 -14.524533
v 9.679369 3.316007 -14.524533
v 9.779682 3.151529 -14.424118
v 9.679369 3.316007 -14.524533
v 9.779682 3.316007 -14.424118
v 9.797518 2.855344 -14.406264
v 9.797518 3.019823 -14.406263
v 9.897829 3.019823 -14.305848
v 9.797518 2.855344 -14.406264
v 9.897829 3.019823 -14.305848
v 9.897829 2.763539 -14.305849
v 9.779448 2.837064 -14.424353
v 9.679995 2.837064 -14.523909
v 9.679995 3.022784 -14.523908
v 9.779448 2.837064 -14.424353
v 9.679995 3.022784 -14.523908
v 9.779448 3.022784 -14.424352
v 8.870943 3.130840 -15.333793
v 8.771490 3.130841 -15.433349
v 8.771490 3.316561 -15.433349
v 8.870943 3.130840 -15.333793
v 8.771490 3.316561 -15.433349
v 8.870943 3.316560 -15.333793
v 8.753839 3.151530 -15.451017
v 8.653526 3.059724 -15.551433
v 8.653526 3.316008 -15.551433
v 8.753839 3.151530 -15.451017
v 8.653526 3.316008 -15.551433
v 8.753839 3.316008 -15.451017
v 8.771675 2.855345 -15.433163
v 8.771675 3.019824 -15.433162
v 8.871988 3.019823 -15.332747
v 8.771675 2.855345 -15.433163
v 8.871988 3.019823 -15.332747
v 8.871988 2.763539 -15.332747
v 8.753607 2.837065 -15.451252
v 8.654152 2.837065 -15.550808
v 8.654152 3.022785 -15.550807
v 8.753607 2.837065 -15.451252
v 8.654152 3.022785 -15.550807
v 8.753607 3.022785 -15.451251
v 7.756944 3.130841 -16.448938
v 7.657491 3.130841 -16.548494
v 7.657491 3.316561 -16.548494
v 7.756944 3.130841 -16.448938
v 7.657491 3.316561 -16.548494
v 7.756944 3.316561 -16.448938
v 7.639841 3.151530 -16.566162
v 7.539528 3.059724 -16.666578
v 7.539528 3.316008 -16.666578
v 7.639841 3.151530 -16.566162
v 7.539528 3.316008 -16.666578
v 7.639841 3.316008 -16.566162
v 7.657677 2.855345 -16.548307
v 7.657677 3.019824 -16.548307
v 7.757989 3.019824 -16.447891
v 7.657677 2.855345 -16.548307
v 7.757989 3.019824 -16.447891
v 7.757989 2.763540 -16.447891
v 7.639608 2.837065 -16.566397
v 7.540154 2.837065 -16.665953
v 7.540154 3.022785 -16.665953
v 7.639608 2.837065 -16.566397
v 7.540154 3.022785 -16.665953
v 7.639608 3.022785 -16.566397
v -3.569719 4.386540 -4.432014
v -3.710440 4.386540 -4.432014
v -3.710440 4.572260 -4.432013
v -3.569719 4.386540 -4.432014
v -3.710440 4.572260 -4.432013
v -3.569719 4.572260 -4.432013
v -3.735415 4.407229 -4.432014
v -3.877350 4.315423 -4.432014
v -3.877350 4.571707 -4.432013
v -3.735415 4.571707 -4.432014
v -3.710176 4.111044 -4.432014
v -3.710176 4.275523 -4.432014
v -3.568241 4.275523 -4.432014
v -3.568241 4.019239 -4.432014
v -3.735745 4.092764 -4.432014
v -3.876466 4.092764 -4.432014
v -3.876466 4.278483 -4.432014
v -3.735745 4.278483 -4.432014
v -5.049799 4.386540 -4.432014
v -5.190520 4.386540 -4.432014
v -5.190520 4.572260 -4.432013
v -5.049799 4.386540 -4.432014
v -5.190520 4.572260 -4.432013
v -5.049799 4.572260 -4.432013
v -5.215495 4.407229 -4.432013
v -5.357430 4.315423 -4.432014
v -5.357430 4.571707 -4.432013
v -5.215495 4.571707 -4.432013
v -5.190256 4.111044 -4.432014
v -5.190256 4.275523 -4.432014
v -5.048321 4.275523 -4.432014
v -5.048321 4.019239 -4.432014
v -5.215825 4.092764 -4.432014
v -5.356545 4.092764 -4.432014
v -5.356545 4.278483 -4.432014
v -5.215825 4.278483 -4.432014
v -6.604077 4.386540 -4.432014
v -6.744798 4.386540 -4.432014
v -6.744798 4.572260 -4.432013
v -6.604077 4.386540 -4.432014
v -6.744798 4.572260 -4.432013
v -6.604077 4.572260 -4.432013
v -6.769773 4.407229 -4.432013
v -6.911709 4.315423 -4.432014
v -6.911709 4.571707 -4.432013
v -6.769773 4.571707 -4.432013
v -6.744535 4.111044 -4.432014
v -6.744535 4.275523 -4.432014
v -6.602599 4.275523 -4.432014
v -6.602599 4.019239 -4.432014
v -6.770103 4.092764 -4.432014
v -6.910824 4.092764 -4.432014
v -6.910824 4.278483 -4.432014
v -6.770103 4.278483 -4.432014
v -5.049799 2.504453 -4.432014
v -5.190520 2.504453 -4.432014
v -5.190520 2.690172 -4.432014
v -5.049799 2.690172 -4.432014
v -5.215495 2.525141 -4.432014
v -5.357430 2.433336 -4.432014
v -5.357430 2.689620 -4.432014
v -5.215495 2.689620 -4.432014
v -5.190256 2.228957 -4.432014
v -5.190256 2.393436 -4.432014
v -5.048321 2.393436 -4.432014
v -5.190256 2.228957 -4.432014
v -5.048321 2.393436 -4.432014
v -5.048321 2.137151 -4.432014
v -5.215825 2.210676 -4.432014
v -5.356545 2.210676 -4.432014
v -5.356545 2.396396 -4.432014
v -5.215825 2.210676 -4.432014
v -5.356545 2.396396 -4.432014
v -5.215825 2.396396 -4.432014
v -6.604077 2.504453 -4.432014
v -6.744798 2.504453 -4.432014
v -6.744798 2.690172 -4.432014
v -6.604077 2.690172 -4.432014
v -6.769773 2.525141 -4.432014
v -6.911709 2.433336 -4.432014
v -6.911709 2.689620 -4.432014
v -6.769773 2.689620 -4.432014
v -6.744535 2.228957 -4.432014
v -6.744535 2.393436 -4.432014
v -6.602599 2.393436 -4.432014
v -6.744535 2.228957 -4.432014
v -6.602599 2.393436 -4.432014
v -6.602599 2.137151 -4.432014
v -6.770103 2.210676 -4.432014
v -6.910824 2.210676 -4.432014
v -6.910824 2.396396 -4.432014
v -6.770103 2.396396 -4.432014
v -3.178147 4.298611 -6.693863
v -3.178146 4.298611 -6.553143
v -3.178146 4.484331 -6.553142
v -3.178147 4.298611 -6.693863
v -3.178146 4.484331 -6.553142
v -3.178147 4.484331 -6.693863
v -3.178146 4.319299 -6.528168
v -3.178146 4.227494 -6.386231
v -3.178146 4.483778 -6.386231
v -3.178146 4.319299 -6.528168
v -3.178146 4.483778 -6.386231
v -3.178146 4.483778 -6.528167
v -3.178146 4.023115 -6.553405
v -3.178146 4.187594 -6.553405
v -3.178147 4.187594 -6.695342
v -3.178146 4.023115 -6.553405
v -3.178147 4.187594 -6.695342
v -3.178147 3.931310 -6.695342
v -3.178146 4.004835 -6.527838
v -3.178146 4.004835 -6.387116
v -3.178146 4.190554 -6.387116
v -3.178146 4.190554 -6.527838
v 0.387291 9.644251 5.419667
v 0.246570 9.644251 5.419667
v 0.246570 9.829971 5.419667
v 0.387291 9.829971 5.419667
v 0.221595 9.664940 5.419667
v 0.079660 9.573134 5.419667
v 0.079660 9.829418 5.419667
v 0.221595 9.829418 5.419667
v 0.246833 9.368755 5.419667
v 0.246833 9.533235 5.419667
v 0.388770 9.533235 5.419667
v 0.388770 9.276950 5.419667
v 0.221265 9.350475 5.419667
v 0.080544 9.350475 5.419667
v 0.080544 9.536195 5.419667
v 0.221265 9.536195 5.419667
v 1.324368 9.644251 5.419667
v 1.183648 9.644251 5.419667
v 1.183648 9.829971 5.419667
v 1.324368 9.829971 5.419667
v 1.158673 9.664940 5.419667
v 1.016737 9.573134 5.419667
v 1.016737 9.829418 5.419667
v 1.158673 9.829418 5.419667
v 1.183911 9.368755 5.419667
v 1.183911 9.533235 5.419667
v 1.325847 9.533235 5.419667
v 1.325847 9.276950 5.419667
v 1.158343 9.350475 5.419667
v 1.017622 9.350475 5.419667
v 1.017622 9.536195 5.419667
v 1.158343 9.536195 5.419667
v -0.510513 9.644251 5.419667
v -0.651234 9.644251 5.419667
v -0.651234 9.829971 5.419667
v -0.510513 9.829971 5.419667
v -0.676208 9.664940 5.419667
v -0.818144 9.573134 5.419667
v -0.818144 9.829418 5.419667
v -0.676208 9.664940 5.419667
v -0.818144 9.829418 5.419667
v -0.676208 9.829418 5.419667
v -0.650970 9.368755 5.419667
v -0.650970 9.533235 5.419667
v -0.509035 9.533235 5.419667
v -0.650970 9.368755 5.419667
v -0.509035 9.533235 5.419667
v -0.509035 9.276950 5.419667
v -0.676538 9.350475 5.419667
v -0.817259 9.350475 5.419667
v -0.817259 9.536195 5.419667
v -0.676538 9.536195 5.419667
v 0.119087 9.644251 8.598015
v 0.259808 9.644251 8.598013
v 0.259808 9.829971 8.598013
v 0.119087 9.829971 8.598015
v 0.284782 9.664940 8.598013
v 0.426718 9.573134 8.598013
v 0.426718 9.829418 8.598013
v 0.284782 9.829418 8.598013
v 0.259544 9.368755 8.598013
v 0.259544 9.533235 8.598013
v 0.117609 9.533235 8.598015
v 0.117609 9.276950 8.598015
v 0.285112 9.350475 8.598013
v 0.425833 9.350475 8.598013
v 0.425833 9.536195 8.598013
v 0.285112 9.536195 8.598013
v -0.817990 9.644251 8.598015
v -0.677269 9.644251 8.598015
v -0.677269 9.829971 8.598015
v -0.817990 9.829971 8.598015
v -0.652294 9.664940 8.598015
v -0.510359 9.573134 8.598015
v -0.510359 9.829418 8.598015
v -0.652294 9.829418 8.598015
v -0.677532 9.368755 8.598015
v -0.677532 9.533235 8.598015
v -0.819468 9.533235 8.598015
v -0.819468 9.276950 8.598015
v -0.651964 9.350475 8.598015
v -0.511243 9.350475 8.598015
v -0.511243 9.536195 8.598015
v -0.651964 9.536195 8.598015
v 1.016892 9.644251 8.598015
v 1.157612 9.644251 8.598015
v 1.157612 9.829971 8.598015
v 1.016892 9.829971 8.598015
v 1.182587 9.664940 8.598015
v 1.324523 9.573134 8.598015
v 1.324523 9.829418 8.598015
v 1.182587 9.829418 8.598015
v 1.157349 9.368755 8.598015
v 1.157349 9.533235 8.598015
v 1.015413 9.533235 8.598015
v 1.015413 9.276950 8.598015
v 1.182917 9.350475 8.598015
v 1.323638 9.350475 8.598015
v 1.323638 9.536195 8.598015
v 1.182917 9.536195 8.598015
v -1.335984 9.644251 6.874736
v -1.335984 9.644251 7.015456
v -1.335984 9.829971 7.015456
v -1.335984 9.829971 6.874736
v -1.335984 9.664940 7.040431
v -1.335984 9.573134 7.182366
v -1.335984 9.829418 7.182366
v -1.335984 9.829418 7.040431
v -1.335984 9.368755 7.015193
v -1.335984 9.533235 7.015193
v -1.335984 9.533235 6.873259
v -1.335984 9.276950 6.873259
v -1.335984 9.350475 7.040763
v -1.335984 9.350475 7.181483
v -1.335984 9.536195 7.181483
v -1.335984 9.536195 7.040763
v -1.335984 9.644251 5.937658
v -1.335984 9.644251 6.078381
v -1.335984 9.829971 6.078381
v -1.335984 9.829971 5.937658
v -1.335984 9.664940 6.103355
v -1.335984 9.573134 6.245290
v -1.335984 9.829418 6.245290
v -1.335984 9.664940 6.103355
v -1.335984 9.829418 6.245290
v -1.335984 9.829418 6.103355
v -1.335984 9.368755 6.078116
v -1.335984 9.533235 6.078116
v -1.335984 9.533235 5.936182
v -1.335984 9.368755 6.078116
v -1.335984 9.533235 5.936182
v -1.335984 9.276950 5.936182
v -1.335984 9.350475 6.103685
v -1.335984 9.350475 6.244405
v -1.335984 9.536195 6.244405
v -1.335984 9.536195 6.103685
v -1.335984 9.644251 7.772541
v -1.335983 9.644251 7.913261
v -1.335983 9.829971 7.913261
v -1.335984 9.829971 7.772541
v -1.335983 9.664940 7.938238
v -1.335983 9.573134 8.080173
v -1.335983 9.829418 8.080173
v -1.335983 9.829418 7.938238
v -1.335983 9.368755 7.912997
v -1.335983 9.533235 7.912997
v -1.335984 9.533235 7.771062
v -1.335984 9.276950 7.771062
v -1.335983 9.350475 7.938568
v -1.335983 9.350475 8.079288
v -1.335983 9.536195 8.079288
v -1.335983 9.536195 7.938568
v 1.842362 9.644251 7.142943
v 1.842361 9.644251 7.002223
v 1.842361 9.829971 7.002223
v 1.842362 9.829971 7.142943
v 1.842361 9.664940 6.977249
v 1.842361 9.573134 6.835313
v 1.842361 9.829418 6.835313
v 1.842361 9.829418 6.977249
v 1.842361 9.368755 7.002486
v 1.842361 9.533235 7.002486
v 1.842362 9.533235 7.144423
v 1.842362 9.276950 7.144423
v 1.842361 9.350475 6.976918
v 1.842361 9.350475 6.836196
v 1.842361 9.536195 6.836196
v 1.842361 9.536195 6.976918
v 1.842362 9.644251 8.080021
v 1.842362 9.644251 7.939299
v 1.842362 9.829971 7.939299
v 1.842362 9.829971 8.080021
v 1.842362 9.664940 7.914323
v 1.842361 9.573134 7.772388
v 1.842361 9.829418 7.772388
v 1.842362 9.664940 7.914323
v 1.842361 9.829418 7.772388
v 1.842362 9.829418 7.914323
v 1.842362 9.368755 7.939563
v 1.842362 9.533235 7.939563
v 1.842362 9.533235 8.081499
v 1.842362 9.368755 7.939563
v 1.842362 9.533235 8.081499
v 1.842362 9.276950 8.081499
v 1.842362 9.350475 7.913995
v 1.842361 9.350475 7.773273
v 1.842361 9.536195 7.773273
v 1.842362 9.536195 7.913995
v 1.842362 9.644251 6.245137
v 1.842361 9.644251 6.104415
v 1.842361 9.829971 6.104415
v 1.842362 9.829971 6.245137
v 1.842361 9.664940 6.079441
v 1.842361 9.573134 5.937505
v 1.842361 9.829418 5.937505
v 1.842361 9.829418 6.079441
v 1.842361 9.368755 6.104679
v 1.842361 9.533235 6.104679
v 1.842362 9.533235 6.246615
v 1.842361 9.368755 6.104679
v 1.842362 9.533235 6.246615
v 1.842362 9.276950 6.246615
v 1.842361 9.350475 6.079111
v 1.842361 9.350475 5.938389
v 1.842361 9.536195 5.938389
v 1.842361 9.536195 6.079111
v 19.507351 5.629359 -9.666407
v 19.507351 5.537553 -9.524471
v 19.507351 5.793839 -9.524471
v 19.507351 5.793839 -9.666407
v 19.507351 5.314894 -9.666077
v 19.507351 5.314894 -9.525355
v 19.507351 5.500615 -9.525355
v 19.507351 5.500615 -9.666077
v 19.507351 5.608670 -10.193030
v 19.507351 5.608670 -10.052310
v 19.507351 5.794390 -10.052310
v 19.507351 5.794390 -10.193030
v 19.507351 5.629359 -10.027335
v 19.507351 5.537553 -9.885399
v 19.507351 5.793839 -9.885399
v 19.507351 5.793839 -10.027335
v 19.507351 5.314894 -10.027005
v 19.507351 5.314894 -9.886284
v 19.507351 5.500615 -9.886284
v 19.507351 5.500615 -10.027005
v 19.507351 4.998165 -9.832102
v 19.507351 4.998165 -9.691381
v 19.507351 5.183885 -9.691381
v 19.507351 5.183885 -9.832102
v 19.507351 4.722669 -9.691645
v 19.507351 4.887147 -9.691645
v 19.507351 4.887147 -9.833580
v 19.507351 4.630864 -9.833580
v 19.507351 4.998165 -10.193030
v 19.507351 4.998165 -10.052310
v 19.507351 5.183885 -10.052310
v 19.507351 5.183885 -10.193030
v 19.507351 4.722669 -10.052573
v 19.507351 4.887147 -10.052573
v 19.507351 4.887147 -10.194510
v 19.507349 5.629359 -7.403116
v 19.507351 5.793838 -7.261180
v 19.507349 5.793839 -7.403116
v 19.507349 5.314894 -7.402786
v 19.507351 5.314894 -7.262065
v 19.507351 5.500614 -7.262065
v 19.507349 5.500615 -7.402786
v 19.507349 5.608670 -7.929740
v 19.507349 5.608670 -7.789019
v 19.507349 5.794390 -7.789019
v 19.507349 5.794390 -7.929740
v 19.507349 5.629359 -7.764044
v 19.507349 5.537553 -7.622108
v 19.507349 5.793839 -7.622108
v 19.507349 5.793839 -7.764044
v 19.507349 5.314894 -7.763714
v 19.507349 5.314894 -7.622993
v 19.507349 5.500615 -7.622993
v 19.507349 5.500615 -7.763714
v 19.507349 4.998165 -7.568811
v 19.507349 4.998165 -7.428091
v 19.507349 5.183885 -7.428091
v 19.507349 5.183885 -7.568811
v 19.507349 4.722669 -7.428354
v 19.507349 4.887147 -7.428354
v 19.507349 4.887147 -7.570290
v 19.507349 4.630864 -7.570290
v 19.507349 4.998165 -7.929740
v 19.507349 4.998165 -7.789019
v 19.507349 5.183885 -7.789019
v 19.507349 5.183885 -7.929740
v 19.507349 4.722669 -7.789282
v 19.507349 4.887147 -7.789282
v 19.507349 4.887147 -7.931218
v 19.507349 4.722669 -7.789282
v 19.507349 4.887147 -7.931218
v 19.507349 4.630864 -7.931218
v 19.503874 2.263904 -9.853958
v 19.503874 2.263904 -9.713238
v 19.503874 2.449624 -9.713238
v 19.503874 2.449624 -9.853958
v 19.503874 2.284592 -9.688263
v 19.503874 2.192787 -9.546327
v 19.503874 2.449071 -9.546327
v 19.503874 2.449071 -9.688263
v 19.503874 1.988407 -9.713501
v 19.503874 2.152887 -9.713501
v 19.503874 2.152887 -9.855436
v 19.503874 1.970128 -9.687933
v 19.503874 1.970128 -9.547212
v 19.503874 2.155848 -9.547212
v 19.503874 2.155848 -9.687933
v 19.503872 2.263904 -10.841669
v 19.503872 2.263904 -10.700948
v 19.503872 2.449624 -10.700948
v 19.503872 2.449624 -10.841669
v 19.503872 2.284592 -10.675973
v 19.503874 2.192787 -10.534038
v 19.503874 2.449071 -10.534038
v 19.503872 2.284592 -10.675973
v 19.503874 2.449071 -10.534038
v 19.503872 2.449071 -10.675973
v 19.503872 1.988408 -10.701212
v 19.503872 2.152887 -10.701212
v 19.503872 2.152887 -10.843147
v 19.503872 1.988408 -10.701212
v 19.503872 2.152887 -10.843147
v 19.503872 1.896603 -10.843147
v 19.503872 1.970128 -10.675643
v 19.503874 1.970128 -10.534923
v 19.503874 2.155848 -10.534923
v 19.503872 2.155848 -10.675643
v 20.196051 5.629360 -11.217890
v 20.054113 5.537554 -11.217890
v 20.054113 5.793839 -11.217890
v 20.196051 5.629360 -11.217890
v 20.054113 5.793839 -11.217890
v 20.196051 5.793839 -11.217890
v 20.195719 5.314895 -11.217890
v 20.054998 5.314895 -11.217890
v 20.054998 5.500615 -11.217890
v 20.195719 5.314895 -11.217890
v 20.054998 5.500615 -11.217890
v 20.195719 5.500615 -11.217890
v 20.722673 5.608671 -11.217891
v 20.581953 5.608671 -11.217891
v 20.581953 5.794391 -11.217891
v 20.722673 5.608671 -11.217891
v 20.581953 5.794391 -11.217891
v 20.722673 5.794391 -11.217891
v 20.556978 5.629360 -11.217891
v 20.415043 5.537554 -11.217891
v 20.415043 5.793839 -11.217891
v 20.556978 5.629360 -11.217891
v 20.415043 5.793839 -11.217891
v 20.556978 5.793839 -11.217891
v 20.556648 5.314895 -11.217891
v 20.415928 5.314895 -11.217891
v 20.415928 5.500615 -11.217891
v 20.556648 5.314895 -11.217891
v 20.415928 5.500615 -11.217891
v 20.556648 5.500615 -11.217891
v 20.361746 4.998165 -11.217891
v 20.221024 4.998165 -11.217890
v 20.221024 5.183885 -11.217890
v 20.361746 4.998165 -11.217891
v 20.221024 5.183885 -11.217890
v 20.361746 5.183885 -11.217891
v 20.221287 4.722669 -11.217890
v 20.221287 4.887148 -11.217890
v 20.363222 4.887148 -11.217891
v 20.221287 4.722669 -11.217890
v 20.363222 4.887148 -11.217891
v 20.363222 4.630864 -11.217891
v 20.722673 4.998165 -11.217891
v 20.581953 4.998165 -11.217891
v 20.581953 5.183885 -11.217891
v 20.722673 4.998165 -11.217891
v 20.581953 5.183885 -11.217891
v 20.722673 5.183885 -11.217891
v 20.582216 4.722669 -11.217891
v 20.582216 4.887148 -11.217891
v 20.724152 4.887148 -11.217891
v 20.582216 4.722669 -11.217891
v 20.724152 4.887148 -11.217891
v 20.724152 4.630864 -11.217891
v 22.014622 5.629360 -11.217890
v 21.872684 5.537554 -11.217890
v 21.872684 5.793839 -11.217890
v 22.014622 5.629360 -11.217890
v 21.872684 5.793839 -11.217890
v 22.014622 5.793839 -11.217890
v 22.014290 5.314895 -11.217890
v 21.873569 5.314895 -11.217890
v 21.873569 5.500615 -11.217890
v 22.014290 5.314895 -11.217890
v 21.873569 5.500615 -11.217890
v 22.014290 5.500615 -11.217890
v 22.541245 5.608671 -11.217891
v 22.400524 5.608671 -11.217891
v 22.400524 5.794391 -11.217891
v 22.541245 5.608671 -11.217891
v 22.400524 5.794391 -11.217891
v 22.541245 5.794391 -11.217891
v 22.375549 5.629360 -11.217891
v 22.233614 5.537554 -11.217891
v 22.233614 5.793839 -11.217891
v 22.375549 5.629360 -11.217891
v 22.233614 5.793839 -11.217891
v 22.375549 5.793839 -11.217891
v 22.375219 5.314895 -11.217891
v 22.234497 5.314895 -11.217891
v 22.234497 5.500615 -11.217891
v 22.375219 5.314895 -11.217891
v 22.234497 5.500615 -11.217891
v 22.375219 5.500615 -11.217891
v 22.180315 4.998165 -11.217891
v 22.039595 4.998165 -11.217890
v 22.039595 5.183885 -11.217890
v 22.180315 4.998165 -11.217891
v 22.039595 5.183885 -11.217890
v 22.180315 5.183885 -11.217891
v 22.039858 4.722669 -11.217890
v 22.039858 4.887148 -11.217890
v 22.181793 4.887148 -11.217891
v 22.039858 4.722669 -11.217890
v 22.181793 4.887148 -11.217891
v 22.181793 4.630864 -11.217891
v 22.541245 4.998165 -11.217891
v 22.400524 4.998165 -11.217891
v 22.400524 5.183885 -11.217891
v 22.541245 4.998165 -11.217891
v 22.400524 5.183885 -11.217891
v 22.541245 5.183885 -11.217891
v 22.400787 4.722669 -11.217891
v 22.400787 4.887148 -11.217891
v 22.542723 4.887148 -11.217891
v 22.400787 4.722669 -11.217891
v 22.542723 4.887148 -11.217891
v 22.542723 4.630864 -11.217891
v 17.443020 2.786360 -0.140203
v 17.583740 2.786360 -0.140203
v 17.583740 2.972080 -0.140203
v 17.443020 2.972080 -0.140203
v 17.608713 2.807049 -0.140203
v 17.750650 2.715243 -0.140203
v 17.750650 2.971527 -0.140203
v 17.608713 2.807049 -0.140203
v 17.750650 2.971527 -0.140203
v 17.608713 2.971527 -0.140203
v 17.583477 2.510864 -0.140203
v 17.583477 2.675343 -0.140203
v 17.441542 2.675343 -0.140203
v 17.441542 2.419059 -0.140203
v 17.609045 2.492584 -0.140203
v 17.749765 2.492584 -0.140203
v 17.749765 2.678304 -0.140203
v 17.609045 2.678304 -0.140203
v 18.758442 2.786360 -0.140202
v 18.899164 2.786360 -0.140202
v 18.899164 2.972080 -0.140202
v 18.758442 2.972080 -0.140202
v 18.924137 2.807049 -0.140203
v 19.066074 2.715243 -0.140203
v 19.066074 2.971527 -0.140203
v 18.924137 2.807049 -0.140203
v 19.066074 2.971527 -0.140203
v 18.924137 2.971527 -0.140203
v 18.898901 2.510864 -0.140202
v 18.898901 2.675343 -0.140202
v 18.756966 2.675343 -0.140202
v 18.898901 2.510864 -0.140202
v 18.756966 2.675343 -0.140202
v 18.756966 2.419059 -0.140202
v 18.924469 2.492584 -0.140203
v 19.065189 2.492584 -0.140203
v 19.065189 2.678304 -0.140203
v 18.924469 2.678304 -0.140203
v -0.239545 3.065937 0.300542
v -0.098845 3.065937 0.302996
v -0.098845 3.251657 0.302996
v -0.239545 3.065937 0.300542
v -0.098845 3.251657 0.302996
v -0.239545 3.251657 0.300542
v -0.073874 3.086626 0.303432
v 0.068040 2.994820 0.305909
v 0.068040 3.251104 0.305910
v -0.073874 3.086626 0.303432
v 0.068040 3.251104 0.305910
v -0.073874 3.251104 0.303433
v -0.099109 2.790441 0.302991
v -0.099109 2.954920 0.302991
v -0.241023 2.954920 0.300514
v -0.099109 2.790441 0.302991
v -0.241023 2.954920 0.300514
v -0.241023 2.698636 0.300514
v -0.073545 2.772161 0.303437
v 0.067155 2.772161 0.305893
v 0.067155 2.957881 0.305893
v -0.073545 2.957881 0.303437
v 1.486919 3.065937 0.300541
v 1.627618 3.065937 0.302997
v 1.627618 3.251657 0.302997
v 1.486919 3.065937 0.300541
v 1.627618 3.251657 0.302997
v 1.486919 3.251657 0.300541
v 1.652589 3.086626 0.303432
v 1.794503 2.994820 0.305909
v 1.794503 3.251104 0.305910
v 1.652589 3.086626 0.303432
v 1.794503 3.251104 0.305910
v 1.652589 3.251104 0.303433
v 1.627355 2.790441 0.302991
v 1.627355 2.954920 0.302991
v 1.485441 2.954920 0.300514
v 1.627355 2.790441 0.302991
v 1.485441 2.954920 0.300514
v 1.485441 2.698636 0.300514
v 1.652919 2.772161 0.303437
v 1.793619 2.772161 0.305893
v 1.793619 2.957881 0.305893
v 1.652919 2.772161 0.303437
v 1.793619 2.957881 0.305893
v 1.652919 2.957881 0.303437
v 3.224122 3.065937 0.300539
v 3.364821 3.065937 0.302996
v 3.364821 3.251657 0.302996
v 3.224122 3.065937 0.300539
v 3.364821 3.251657 0.302996
v 3.224122 3.251657 0.300540
v 3.389792 3.086626 0.303432
v 3.531706 2.994820 0.305908
v 3.531706 3.251104 0.305909
v 3.389792 3.086626 0.303432
v 3.531706 3.251104 0.305909
v 3.389792 3.251104 0.303433
v 3.364557 2.790441 0.302990
v 3.364557 2.954920 0.302990
v 3.222643 2.954920 0.300513
v 3.364557 2.790441 0.302990
v 3.222643 2.954920 0.300513
v 3.222643 2.698636 0.300513
v 3.390122 2.772161 0.303436
v 3.530821 2.772161 0.305892
v 3.530821 2.957881 0.305892
v 3.390122 2.772161 0.303436
v 3.530821 2.957881 0.305892
v 3.390122 2.957881 0.303436
v 4.950586 3.065937 0.300539
v 5.091285 3.065937 0.302996
v 5.091285 3.251657 0.302996
v 4.950586 3.065937 0.300539
v 5.091285 3.251657 0.302996
v 4.950586 3.251657 0.300540
v 5.116256 3.086626 0.303432
v 5.258170 2.994820 0.305909
v 5.258170 3.251104 0.305910
v 5.116256 3.086626 0.303432
v 5.258170 3.251104 0.305910
v 5.116256 3.251104 0.303433
v 5.091021 2.790441 0.302991
v 5.091021 2.954920 0.302991
v 4.949108 2.954920 0.300513
v 5.091021 2.790441 0.302991
v 4.949108 2.954920 0.300513
v 4.949108 2.698636 0.300513
v 5.116586 2.772161 0.303437
v 5.257286 2.772161 0.305893
v 5.257286 2.957881 0.305893
v 5.116586 2.772161 0.303437
v 5.257286 2.957881 0.305893
v 5.116586 2.957881 0.303437
v 13.850349 1.669659 -18.246317
v 13.748827 1.669659 -18.343761
v 13.748827 1.855379 -18.343761
v 13.730808 1.690347 -18.361057
v 13.628408 1.854826 -18.459343
v 13.730808 1.854826 -18.361057
v 13.749016 1.394163 -18.343578
v 13.749016 1.558642 -18.343578
v 13.851416 1.558642 -18.245293
v 13.749016 1.394163 -18.343578
v 13.851416 1.558642 -18.245293
v 13.851416 1.302358 -18.245293
v 13.730570 1.375882 -18.361286
v 13.629047 1.375883 -18.458729
v 13.629047 1.561602 -18.458729
v 13.730570 1.375882 -18.361286
v 13.629047 1.561602 -18.458729
v 13.730570 1.561602 -18.361286
v 13.207834 1.661402 -18.871967
v 13.106310 1.661402 -18.969410
v 13.106310 1.847122 -18.969410
v 13.088291 1.682090 -18.986704
v 12.985891 1.590285 -19.084991
v 12.985891 1.846569 -19.084991
v 13.088291 1.682090 -18.986704
v 12.985891 1.846569 -19.084991
v 13.088291 1.846569 -18.986704
v 13.106499 1.385906 -18.969229
v 13.208900 1.550385 -18.870943
v 13.208900 1.294101 -18.870943
v 13.088053 1.367625 -18.986933
v 12.986530 1.367626 -19.084377
v 12.986530 1.553345 -19.084377
v 13.088053 1.367625 -18.986933
v 12.986530 1.553345 -19.084377
v 13.088053 1.553345 -18.986933
v 11.700981 1.658022 -16.348557
v 11.802504 1.658022 -16.251112
v 11.802504 1.843742 -16.251112
v 11.820524 1.678710 -16.233818
v 11.922922 1.843189 -16.135532
v 11.820524 1.843189 -16.233818
v 11.802315 1.382526 -16.251293
v 11.802315 1.547005 -16.251293
v 11.699915 1.547005 -16.349581
v 11.802315 1.382526 -16.251293
v 11.699915 1.547005 -16.349581
v 11.699915 1.290721 -16.349581
v 11.820761 1.364246 -16.233589
v 11.922283 1.364246 -16.136145
v 11.922283 1.549966 -16.136145
v 11.820761 1.364246 -16.233589
v 11.922283 1.549966 -16.136145
v 11.820761 1.549966 -16.233589
v 11.030140 1.656142 -16.998001
v 11.131662 1.656142 -16.900557
v 11.131662 1.841861 -16.900557
v 11.149683 1.676830 -16.883263
v 11.252081 1.841309 -16.784977
v 11.149683 1.841309 -16.883263
v 11.131474 1.380646 -16.900740
v 11.131474 1.545125 -16.900740
v 11.029074 1.545125 -16.999025
v 11.131474 1.380646 -16.900740
v 11.029074 1.545125 -16.999025
v 11.029074 1.288840 -16.999025
v 11.149920 1.362365 -16.883034
v 11.251442 1.362366 -16.785589
v 11.251442 1.548085 -16.785589
v 12.344566 1.657182 -15.721514
v 12.446089 1.657182 -15.624069
v 12.446089 1.842901 -15.624069
v 12.464111 1.677870 -15.606774
v 12.566509 1.842348 -15.508490
v 12.464111 1.842348 -15.606774
v 12.445900 1.381685 -15.624251
v 12.445900 1.546165 -15.624251
v 12.343500 1.546165 -15.722537
v 12.445900 1.381685 -15.624251
v 12.343500 1.546165 -15.722537
v 12.343500 1.289881 -15.722537
v 12.464348 1.363405 -15.606546
v 12.565870 1.363405 -15.509102
v 12.565870 1.549124 -15.509102
v 12.464348 1.363405 -15.606546
v 12.565870 1.549124 -15.509102
v 12.464348 1.549124 -15.606546
v 11.852343 1.658190 -18.373669
v 11.754898 1.658190 -18.272148
v 11.754898 1.843910 -18.272148
v 11.852343 1.658190 -18.373669
v 11.754898 1.843910 -18.272148
v 11.852343 1.843910 -18.373669
v 11.737604 1.678878 -18.254129
v 11.639317 1.587073 -18.151730
v 11.639317 1.843357 -18.151730
v 11.737604 1.678878 -18.254129
v 11.639317 1.843357 -18.151730
v 11.737604 1.843357 -18.254129
v 11.755079 1.382694 -18.272337
v 11.755079 1.547173 -18.272337
v 11.853367 1.547173 -18.374737
v 11.755079 1.382694 -18.272337
v 11.853367 1.547173 -18.374737
v 11.853367 1.290889 -18.374737
v 11.737375 1.364413 -18.253891
v 11.639931 1.364414 -18.152367
v 11.639931 1.550133 -18.152367
v 11.737375 1.364413 -18.253891
v 11.639931 1.550133 -18.152367
v 11.737375 1.550133 -18.253891
v 12.504662 1.646748 -19.045307
v 12.407217 1.646748 -18.943783
v 12.407217 1.832467 -18.943783
v 12.504662 1.646748 -19.045307
v 12.407217 1.832467 -18.943783
v 12.504662 1.832467 -19.045307
v 12.389925 1.667436 -18.925766
v 12.291637 1.575631 -18.823366
v 12.291637 1.831915 -18.823366
v 12.389925 1.667436 -18.925766
v 12.291637 1.831915 -18.823366
v 12.389925 1.831915 -18.925766
v 12.407398 1.371252 -18.943974
v 12.407398 1.535731 -18.943974
v 12.505686 1.535731 -19.046371
v 12.407398 1.371252 -18.943974
v 12.505686 1.535731 -19.046371
v 12.505686 1.279446 -19.046371
v 12.389696 1.352971 -18.925528
v 12.292252 1.352972 -18.824005
v 12.292252 1.538691 -18.824005
v 12.389696 1.352971 -18.925528
v 12.292252 1.538691 -18.824005
v 12.389696 1.538691 -18.925528
v 11.201687 1.670672 -17.702013
v 11.104244 1.670672 -17.600491
v 11.104244 1.856392 -17.600491
v 11.201687 1.670672 -17.702013
v 11.104244 1.856392 -17.600491
v 11.201687 1.856392 -17.702013
v 11.086950 1.691361 -17.582472
v 10.988663 1.599555 -17.480072
v 10.988663 1.855839 -17.480072
v 11.086950 1.691361 -17.582472
v 10.988663 1.855839 -17.480072
v 11.086950 1.855839 -17.582472
v 11.104425 1.395177 -17.600679
v 11.104425 1.559655 -17.600679
v 11.202713 1.559655 -17.703079
v 11.104425 1.395177 -17.600679
v 11.202713 1.559655 -17.703079
v 11.202713 1.303371 -17.703079
v 11.086721 1.376896 -17.582233
v 10.989277 1.376896 -17.480711
v 10.989277 1.562616 -17.480711
v 11.086721 1.376896 -17.582233
v 10.989277 1.562616 -17.480711
v 11.086721 1.562616 -17.582233
v 13.734797 1.659328 -16.214958
v 13.832241 1.659328 -16.316481
v 13.832241 1.845048 -16.316481
v 13.734797 1.845048 -16.214958
v 13.849535 1.680017 -16.334499
v 13.947821 1.588212 -16.436897
v 13.947821 1.844495 -16.436897
v 13.849535 1.680017 -16.334499
v 13.947821 1.844495 -16.436897
v 13.849535 1.844495 -16.334499
v 13.832058 1.383833 -16.316292
v 13.832058 1.548311 -16.316292
v 13.733772 1.548311 -16.213892
v 13.832058 1.383833 -16.316292
v 13.733772 1.548311 -16.213892
v 13.733772 1.292027 -16.213892
v 13.849764 1.365552 -16.334738
v 13.947208 1.365553 -16.436260
v 13.947208 1.551272 -16.436260
v 13.849764 1.365552 -16.334738
v 13.947208 1.551272 -16.436260
v 13.849764 1.551272 -16.334738
v 13.087124 1.658371 -15.540850
v 13.184566 1.658371 -15.642373
v 13.184566 1.844092 -15.642373
v 13.087124 1.658371 -15.540850
v 13.184566 1.844092 -15.642373
v 13.087124 1.844092 -15.540850
v 13.201860 1.679060 -15.660391
v 13.300146 1.587255 -15.762791
v 13.300146 1.843539 -15.762791
v 13.201860 1.679060 -15.660391
v 13.300146 1.843539 -15.762791
v 13.201860 1.843539 -15.660391
v 13.184383 1.382876 -15.642183
v 13.184383 1.547354 -15.642183
v 13.086100 1.547354 -15.539783
v 13.184383 1.382876 -15.642183
v 13.086100 1.547354 -15.539783
v 13.086100 1.291070 -15.539783
v 13.202089 1.364596 -15.660629
v 13.299532 1.364596 -15.762152
v 13.299532 1.550316 -15.762152
v 13.202089 1.364596 -15.660629
v 13.299532 1.550316 -15.762152
v 13.202089 1.550315 -15.660629
v 14.342775 1.658406 -16.842316
v 14.440220 1.658406 -16.943840
v 14.440220 1.844126 -16.943840
v 14.342775 1.658406 -16.842316
v 14.440220 1.844126 -16.943840
v 14.342775 1.844126 -16.842316
v 14.457514 1.679094 -16.961857
v 14.555799 1.587289 -17.064257
v 14.555799 1.843573 -17.064257
v 14.457514 1.679094 -16.961857
v 14.555799 1.843573 -17.064257
v 14.457514 1.843573 -16.961857
v 14.440037 1.382910 -16.943649
v 14.440037 1.547389 -16.943649
v 14.341751 1.547389 -16.841251
v 14.440037 1.382910 -16.943649
v 14.341751 1.547389 -16.841251
v 14.341751 1.291105 -16.841251
v 14.457743 1.364629 -16.962095
v 14.555187 1.364630 -17.063620
v 14.555187 1.550349 -17.063620
v 14.457743 1.364629 -16.962095
v 14.555187 1.550349 -17.063620
v 14.457743 1.550349 -16.962095
v -5.619700 5.368644 -9.411478
v -5.619700 5.533123 -9.269542
v -5.619700 5.276839 -9.269542
v -5.619700 6.275336 -10.861915
v -5.619701 6.183530 -11.003850
v -5.619701 6.439815 -11.003850
v -5.619700 6.275336 -10.500986
v -5.619700 6.183530 -10.642921
v -5.619700 6.439815 -10.642921
v -0.009602 1.996794 -7.935974
v 0.131119 1.996794 -7.935973
v 0.131119 2.182514 -7.935973
v -5.619700 6.183529 -8.828986
v -5.619700 6.183529 -8.468059
v -10.521028 3.953183 5.032320
v -10.521029 3.953183 4.860689
v -10.521029 4.179697 4.860689
v -10.521028 3.953183 6.173018
v -10.521028 3.953183 6.001389
v -10.521028 4.179697 6.001389
v 4.022483 1.968268 -20.006737
v 4.164061 2.132746 -20.016811
v 4.022483 2.132746 -20.006737
v 3.997309 1.672084 -20.004948
v 3.997309 1.836562 -20.004948
v 3.855731 1.836562 -19.994873
v 1.530482 4.583736 -2.997365
v 1.388568 4.748216 -2.999842
v 1.388568 4.491931 -2.999842
v 3.256946 4.583736 -2.997365
v 3.115033 4.748216 -2.999842
v 3.115033 4.491931 -2.999842
v 9.896786 3.130840 -14.306893
v 9.797331 3.130840 -14.406449
v 9.797331 3.316560 -14.406449
v 19.507351 4.630864 -10.194510
v 19.507349 5.629359 -7.403116
v 19.507351 5.537553 -7.261180
v 19.507351 5.793838 -7.261180
v 19.503874 1.988407 -9.713501
v 19.503874 2.152887 -9.855436
v 19.503874 1.896603 -9.855436
v 13.850349 1.669659 -18.246317
v 13.748827 1.855379 -18.343761
v 13.850349 1.855379 -18.246317
v 13.730808 1.690347 -18.361057
v 13.628408 1.598542 -18.459343
v 13.628408 1.854826 -18.459343
v 13.207834 1.661402 -18.871967
v 13.106310 1.847122 -18.969410
v 13.207834 1.847122 -18.871967
v 13.106499 1.385906 -18.969229
v 13.106499 1.550385 -18.969229
v 13.208900 1.550385 -18.870943
v 11.700981 1.658022 -16.348557
v 11.802504 1.843742 -16.251112
v 11.700981 1.843742 -16.348557
v 11.820524 1.678710 -16.233818
v 11.922922 1.586905 -16.135532
v 11.922922 1.843189 -16.135532
v 11.030140 1.656142 -16.998001
v 11.131662 1.841861 -16.900557
v 11.030140 1.841861 -16.998001
v 11.149683 1.676830 -16.883263
v 11.252081 1.585025 -16.784977
v 11.252081 1.841309 -16.784977
v 11.149920 1.362365 -16.883034
v 11.251442 1.548085 -16.785589
v 11.149920 1.548085 -16.883034
v 12.344566 1.657182 -15.721514
v 12.446089 1.842901 -15.624069
v 12.344566 1.842901 -15.721514
v 12.464111 1.677870 -15.606774
v 12.566509 1.586064 -15.508490
v 12.566509 1.842348 -15.508490
vt 0.225665 0.390000
vt 0.376477 0.390000
vt 0.376477 0.665000
vt 0.225665 0.665000
vt 0.092509 0.390000
vt 0.224929 0.390000
vt 0.224929 0.665000
vt 0.092509 0.665000
vt 0.092509 0.390000
vt 0.224929 0.390000
vt 0.224929 0.665000
vt 0.092509 0.390000
vt 0.224929 0.665000
vt 0.092509 0.665000
vt 0.225665 0.390000
vt 0.376477 0.390000
vt 0.376477 0.665000
vt 0.225665 0.665000
vt 0.092509 0.390000
vt 0.224929 0.390000
vt 0.224929 0.665000
vt 0.092509 0.665000
vt 0.092509 0.390000
vt 0.224929 0.390000
vt 0.224929 0.665000
vt 0.092509 0.390000
vt 0.224929 0.665000
vt 0.092509 0.665000
vt 0.225665 0.390000
vt 0.225665 0.665000
vt 0.376477 0.665000
vt 0.225665 0.390000
vt 0.376477 0.665000
vt 0.376477 0.390000
vt 0.092509 0.390000
vt 0.224929 0.390000
vt 0.224929 0.665000
vt 0.092509 0.665000
vt 0.225665 0.390000
vt 0.225665 0.665000
vt 0.376477 0.665000
vt 0.225665 0.390000
vt 0.376477 0.665000
vt 0.225665 0.665000
vt 0.092509 0.390000
vt 0.224929 0.390000
vt 0.224929 0.665000
vt 0.092509 0.665000
vt 0.092509 0.390000
vt 0.224929 0.390000
vt 0.224929 0.665000
vt 0.092509 0.390000
vt 0.224929 0.665000
vt 0.092509 0.665000
vt 0.225665 0.390000
vt 0.376477 0.665000
vt 0.225665 0.665000
vt 0.092509 0.390000
vt 0.224929 0.390000
vt 0.224929 0.665000
vt 0.092509 0.665000
vt 0.092509 0.390000
vt 0.224929 0.390000
vt 0.224929 0.665000
vt 0.092509 0.390000
vt 0.224929 0.665000
vt 0.092509 0.665000
vt 0.225665 0.390000
vt 0.225665 0.665000
vt 0.376477 0.665000
vt 0.225665 0.390000
vt 0.376477 0.665000
vt 0.376477 0.390000
vt 0.092509 0.390000
vt 0.224929 0.390000
vt 0.224929 0.665000
vt 0.092509 0.390000
vt 0.224929 0.665000
vt 0.092509 0.665000
vt 0.225665 0.390000
vt 0.225665 0.665000
vt 0.376477 0.665000
vt 0.225665 0.390000
vt 0.376477 0.665000
vt 0.376477 0.390000
vt 0.092509 0.390000
vt 0.224929 0.390000
vt 0.224929 0.665000
vt 0.092509 0.390000
vt 0.224929 0.665000
vt 0.092509 0.665000
vt 0.225665 0.390000
vt 0.376477 0.390000
vt 0.376477 0.665000
vt 0.225665 0.390000
vt 0.376477 0.665000
vt 0.225665 0.665000
vt 0.225665 0.390000
vt 0.225665 0.665000
vt 0.376477 0.665000
vt 0.225665 0.390000
vt 0.376477 0.665000
vt 0.376477 0.390000
vt 0.092509 0.390000
vt 0.224929 0.390000
vt 0.224929 0.665000
vt 0.092509 0.665000
vt 0.092509 0.390000
vt 0.224929 0.390000
vt 0.224929 0.665000
vt 0.092509 0.390000
vt 0.224929 0.665000
vt 0.092509 0.665000
vt 0.225665 0.390000
vt 0.376477 0.390000
vt 0.376477 0.665000
vt 0.225665 0.665000
vt 0.225665 0.390000
vt 0.225665 0.665000
vt 0.376477 0.665000
vt 0.225665 0.390000
vt 0.376477 0.665000
vt 0.376477 0.390000
vt 0.092509 0.390000
vt 0.224929 0.390000
vt 0.224929 0.665000
vt 0.092509 0.665000
vt 0.092509 0.390000
vt 0.224929 0.390000
vt 0.224929 0.665000
vt 0.092509 0.390000
vt 0.224929 0.665000
vt 0.092509 0.665000
vt 0.225665 0.390000
vt 0.376477 0.390000
vt 0.376477 0.665000
vt 0.225665 0.665000
vt 0.225665 0.390000
vt 0.225665 0.665000
vt 0.376477 0.665000
vt 0.225665 0.390000
vt 0.376477 0.665000
vt 0.376477 0.390000
vt 0.092509 0.390000
vt 0.224929 0.390000
vt 0.224929 0.665000
vt 0.092509 0.665000
vt 0.092509 0.390000
vt 0.224929 0.390000
vt 0.224929 0.665000
vt 0.092509 0.665000
vt 0.225665 0.390000
vt 0.376477 0.390000
vt 0.376477 0.665000
vt 0.225665 0.665000
vt 0.225665 0.390000
vt 0.225665 0.665000
vt 0.376477 0.665000
vt 0.225665 0.390000
vt 0.376477 0.665000
vt 0.376477 0.390000
vt 0.092509 0.390000
vt 0.224929 0.390000
vt 0.224929 0.665000
vt 0.092509 0.665000
vt 0.092509 0.390000
vt 0.224929 0.390000
vt 0.224929 0.665000
vt 0.092509 0.390000
vt 0.224929 0.665000
vt 0.092509 0.665000
vt 0.225665 0.390000
vt 0.376477 0.390000
vt 0.376477 0.665000
vt 0.225665 0.390000
vt 0.376477 0.665000
vt 0.225665 0.665000
vt 0.225665 0.390000
vt 0.225665 0.665000
vt 0.376477 0.665000
vt 0.225665 0.390000
vt 0.376477 0.665000
vt 0.376477 0.390000
vt 0.092509 0.390000
vt 0.224929 0.390000
vt 0.224929 0.665000
vt 0.092509 0.665000
vt 0.092509 0.390000
vt 0.224929 0.390000
vt 0.224929 0.665000
vt 0.092509 0.390000
vt 0.224929 0.665000
vt 0.092509 0.665000
vt 0.225665 0.390000
vt 0.376477 0.390000
vt 0.376477 0.665000
vt 0.225665 0.665000
vt 0.225665 0.390000
vt 0.225665 0.665000
vt 0.376477 0.665000
vt 0.225665 0.390000
vt 0.376477 0.665000
vt 0.376477 0.390000
vt 0.092509 0.390000
vt 0.224929 0.390000
vt 0.224929 0.665000
vt 0.092509 0.665000
vt 0.092509 0.390000
vt 0.224929 0.390000
vt 0.224929 0.665000
vt 0.092509 0.390000
vt 0.224929 0.665000
vt 0.092509 0.665000
vt 0.225665 0.390000
vt 0.376477 0.390000
vt 0.376477 0.665000
vt 0.225665 0.390000
vt 0.376477 0.665000
vt 0.225665 0.665000
vt 0.225665 0.390000
vt 0.225665 0.665000
vt 0.376477 0.665000
vt 0.225665 0.390000
vt 0.376477 0.665000
vt 0.376477 0.390000
vt 0.092509 0.390000
vt 0.224929 0.390000
vt 0.224929 0.665000
vt 0.092509 0.390000
vt 0.224929 0.665000
vt 0.092509 0.665000
vt 0.092509 0.390000
vt 0.224929 0.390000
vt 0.224929 0.665000
vt 0.092509 0.390000
vt 0.224929 0.665000
vt 0.092509 0.665000
vt 0.225665 0.390000
vt 0.376477 0.390000
vt 0.376477 0.665000
vt 0.225665 0.390000
vt 0.376477 0.665000
vt 0.225665 0.665000
vt 0.225665 0.390000
vt 0.225665 0.665000
vt 0.376477 0.665000
vt 0.225665 0.390000
vt 0.376477 0.665000
vt 0.376477 0.390000
vt 0.092509 0.390000
vt 0.224929 0.390000
vt 0.224929 0.665000
vt 0.092509 0.390000
vt 0.224929 0.665000
vt 0.092509 0.665000
vt 0.092509 0.390000
vt 0.224929 0.390000
vt 0.224929 0.665000
vt 0.092509 0.390000
vt 0.224929 0.665000
vt 0.092509 0.665000
vt 0.225665 0.390000
vt 0.376477 0.390000
vt 0.376477 0.665000
vt 0.225665 0.665000
vt 0.225665 0.390000
vt 0.225665 0.665000
vt 0.376477 0.665000
vt 0.225665 0.390000
vt 0.376477 0.665000
vt 0.376477 0.390000
vt 0.092509 0.390000
vt 0.224929 0.390000
vt 0.224929 0.665000
vt 0.092509 0.390000
vt 0.224929 0.665000
vt 0.092509 0.665000
vt 0.092509 0.390000
vt 0.224929 0.390000
vt 0.224929 0.665000
vt 0.092509 0.665000
vt 0.225665 0.390000
vt 0.376477 0.390000
vt 0.376477 0.665000
vt 0.225665 0.390000
vt 0.376477 0.665000
vt 0.225665 0.665000
vt 0.225665 0.390000
vt 0.225665 0.665000
vt 0.376477 0.665000
vt 0.225665 0.390000
vt 0.376477 0.665000
vt 0.376477 0.390000
vt 0.092509 0.390000
vt 0.224929 0.665000
vt 0.092509 0.665000
vt 0.092509 0.390000
vt 0.224929 0.390000
vt 0.224929 0.665000
vt 0.092509 0.390000
vt 0.224929 0.665000
vt 0.092509 0.665000
vt 0.225665 0.390000
vt 0.376477 0.390000
vt 0.376477 0.665000
vt 0.225665 0.390000
vt 0.376477 0.665000
vt 0.225665 0.665000
vt 0.225665 0.390000
vt 0.225665 0.665000
vt 0.376477 0.665000
vt 0.376477 0.390000
vt 0.092509 0.390000
vt 0.224929 0.390000
vt 0.224929 0.665000
vt 0.092509 0.390000
vt 0.224929 0.665000
vt 0.092509 0.665000
vt 0.092509 0.390000
vt 0.224929 0.390000
vt 0.224929 0.665000
vt 0.092509 0.665000
vt 0.225665 0.390000
vt 0.376477 0.390000
vt 0.376477 0.665000
vt 0.225665 0.665000
vt 0.225665 0.390000
vt 0.225665 0.665000
vt 0.376477 0.665000
vt 0.376477 0.390000
vt 0.092509 0.390000
vt 0.224929 0.390000
vt 0.224929 0.665000
vt 0.092509 0.390000
vt 0.224929 0.665000
vt 0.092509 0.665000
vt 0.092509 0.390000
vt 0.224929 0.390000
vt 0.224929 0.665000
vt 0.092509 0.665000
vt 0.225665 0.390000
vt 0.376477 0.390000
vt 0.376477 0.665000
vt 0.225665 0.390000
vt 0.376477 0.665000
vt 0.225665 0.665000
vt 0.225665 0.390000
vt 0.225665 0.665000
vt 0.376477 0.665000
vt 0.376477 0.390000
vt 0.092509 0.390000
vt 0.224929 0.390000
vt 0.224929 0.665000
vt 0.092509 0.390000
vt 0.224929 0.665000
vt 0.092509 0.665000
vt 0.092509 0.390000
vt 0.224929 0.390000
vt 0.224929 0.665000
vt 0.092509 0.665000
vt 0.225665 0.390000
vt 0.376477 0.390000
vt 0.376477 0.665000
vt 0.225665 0.390000
vt 0.376477 0.665000
vt 0.225665 0.665000
vt 0.225665 0.390000
vt 0.225665 0.665000
vt 0.376477 0.665000
vt 0.376477 0.390000
vt 0.092509 0.390000
vt 0.224929 0.390000
vt 0.224929 0.665000
vt 0.092509 0.390000
vt 0.224929 0.665000
vt 0.092509 0.665000
vt 0.225665 0.390000
vt 0.376477 0.665000
vt 0.225665 0.665000
vt 0.092509 0.390000
vt 0.224929 0.390000
vt 0.224929 0.665000
vt 0.092509 0.665000
vt 0.092509 0.390000
vt 0.224929 0.390000
vt 0.224929 0.665000
vt 0.092509 0.390000
vt 0.224929 0.665000
vt 0.092509 0.665000
vt 0.225665 0.390000
vt 0.376477 0.665000
vt 0.225665 0.665000
vt 0.092509 0.390000
vt 0.224929 0.390000
vt 0.224929 0.665000
vt 0.092509 0.665000
vt 0.092509 0.390000
vt 0.224929 0.390000
vt 0.224929 0.665000
vt 0.092509 0.390000
vt 0.224929 0.665000
vt 0.092509 0.665000
vt 0.225665 0.390000
vt 0.225665 0.665000
vt 0.376477 0.665000
vt 0.225665 0.390000
vt 0.376477 0.665000
vt 0.376477 0.390000
vt 0.092509 0.390000
vt 0.224929 0.390000
vt 0.224929 0.665000
vt 0.092509 0.390000
vt 0.224929 0.665000
vt 0.092509 0.665000
vt 0.225665 0.390000
vt 0.225665 0.665000
vt 0.376477 0.665000
vt 0.225665 0.390000
vt 0.376477 0.665000
vt 0.376477 0.390000
vt 0.092509 0.390000
vt 0.224929 0.390000
vt 0.224929 0.665000
vt 0.092509 0.665000
vt 0.225665 0.390000
vt 0.376477 0.390000
vt 0.376477 0.665000
vt 0.225665 0.390000
vt 0.376477 0.665000
vt 0.225665 0.665000
vt 0.225665 0.390000
vt 0.225665 0.665000
vt 0.376477 0.665000
vt 0.225665 0.390000
vt 0.376477 0.665000
vt 0.376477 0.390000
vt 0.092509 0.390000
vt 0.224929 0.390000
vt 0.224929 0.665000
vt 0.092509 0.665000
vt 0.092509 0.390000
vt 0.224929 0.390000
vt 0.224929 0.665000
vt 0.092509 0.390000
vt 0.224929 0.665000
vt 0.092509 0.665000
vt 0.225665 0.390000
vt 0.376477 0.390000
vt 0.376477 0.665000
vt 0.225665 0.390000
vt 0.376477 0.665000
vt 0.225665 0.665000
vt 0.225665 0.390000
vt 0.225665 0.665000
vt 0.376477 0.665000
vt 0.225665 0.390000
vt 0.376477 0.665000
vt 0.376477 0.390000
vt 0.092509 0.390000
vt 0.224929 0.390000
vt 0.224929 0.665000
vt 0.092509 0.665000
vt 0.092509 0.390000
vt 0.224929 0.390000
vt 0.224929 0.665000
vt 0.092509 0.665000
vt 0.225665 0.390000
vt 0.376477 0.390000
vt 0.376477 0.665000
vt 0.225665 0.390000
vt 0.376477 0.665000
vt 0.225665 0.665000
vt 0.225665 0.390000
vt 0.225665 0.665000
vt 0.376477 0.665000
vt 0.225665 0.390000
vt 0.376477 0.665000
vt 0.376477 0.390000
vt 0.092509 0.390000
vt 0.224929 0.390000
vt 0.224929 0.665000
vt 0.092509 0.665000
vt 0.092509 0.390000
vt 0.224929 0.390000
vt 0.224929 0.665000
vt 0.092509 0.665000
vt 0.225665 0.390000
vt 0.376477 0.390000
vt 0.376477 0.665000
vt 0.225665 0.665000
vt 0.225665 0.390000
vt 0.225665 0.665000
vt 0.376477 0.665000
vt 0.225665 0.390000
vt 0.376477 0.665000
vt 0.376477 0.390000
vt 0.092509 0.390000
vt 0.224929 0.390000
vt 0.224929 0.665000
vt 0.092509 0.390000
vt 0.224929 0.665000
vt 0.092509 0.665000
vt 0.092509 0.390000
vt 0.224929 0.390000
vt 0.224929 0.665000
vt 0.092509 0.390000
vt 0.224929 0.665000
vt 0.092509 0.665000
vt 0.225665 0.390000
vt 0.376477 0.390000
vt 0.376477 0.665000
vt 0.225665 0.390000
vt 0.376477 0.665000
vt 0.225665 0.665000
vt 0.225665 0.390000
vt 0.225665 0.665000
vt 0.376477 0.665000
vt 0.376477 0.390000
vt 0.092509 0.390000
vt 0.224929 0.390000
vt 0.224929 0.665000
vt 0.092509 0.390000
vt 0.224929 0.665000
vt 0.092509 0.665000
vt 0.092509 0.390000
vt 0.224929 0.390000
vt 0.224929 0.665000
vt 0.092509 0.665000
vt 0.225665 0.390000
vt 0.376477 0.390000
vt 0.376477 0.665000
vt 0.225665 0.665000
vt 0.225665 0.390000
vt 0.225665 0.665000
vt 0.376477 0.665000
vt 0.376477 0.390000
vt 0.092509 0.390000
vt 0.224929 0.390000
vt 0.224929 0.665000
vt 0.092509 0.665000
vt 0.092509 0.390000
vt 0.224929 0.390000
vt 0.224929 0.665000
vt 0.092509 0.665000
vt 0.225665 0.390000
vt 0.376477 0.390000
vt 0.376477 0.665000
vt 0.225665 0.665000
vt 0.225665 0.390000
vt 0.225665 0.665000
vt 0.376477 0.665000
vt 0.376477 0.390000
vt 0.092509 0.390000
vt 0.224929 0.390000
vt 0.224929 0.665000
vt 0.092509 0.665000
vt 0.092509 0.390000
vt 0.224929 0.390000
vt 0.224929 0.665000
vt 0.092509 0.390000
vt 0.224929 0.665000
vt 0.092509 0.665000
vt 0.225665 0.390000
vt 0.376477 0.390000
vt 0.376477 0.665000
vt 0.225665 0.390000
vt 0.376477 0.665000
vt 0.225665 0.665000
vt 0.225665 0.390000
vt 0.225665 0.665000
vt 0.376477 0.665000
vt 0.376477 0.390000
vt 0.092509 0.390000
vt 0.224929 0.390000
vt 0.224929 0.665000
vt 0.092509 0.665000
vt 0.092509 0.390000
vt 0.224929 0.390000
vt 0.224929 0.665000
vt 0.092509 0.665000
vt 0.225665 0.390000
vt 0.376477 0.390000
vt 0.376477 0.665000
vt 0.225665 0.665000
vt 0.225665 0.390000
vt 0.225665 0.665000
vt 0.376477 0.665000
vt 0.376477 0.390000
vt 0.092509 0.390000
vt 0.224929 0.390000
vt 0.224929 0.665000
vt 0.092509 0.665000
vt 0.092509 0.390000
vt 0.224929 0.390000
vt 0.224929 0.665000
vt 0.092509 0.665000
vt 0.225665 0.390000
vt 0.376477 0.390000
vt 0.376477 0.665000
vt 0.225665 0.390000
vt 0.376477 0.665000
vt 0.225665 0.665000
vt 0.225665 0.390000
vt 0.225665 0.665000
vt 0.376477 0.665000
vt 0.376477 0.390000
vt 0.092509 0.390000
vt 0.224929 0.390000
vt 0.224929 0.665000
vt 0.092509 0.390000
vt 0.224929 0.665000
vt 0.092509 0.665000
vt 0.092509 0.390000
vt 0.224929 0.390000
vt 0.224929 0.665000
vt 0.092509 0.665000
vt 0.225665 0.390000
vt 0.376477 0.390000
vt 0.376477 0.665000
vt 0.225665 0.390000
vt 0.376477 0.665000
vt 0.225665 0.665000
vt 0.225665 0.390000
vt 0.225665 0.665000
vt 0.376477 0.665000
vt 0.376477 0.390000
vt 0.092509 0.390000
vt 0.224929 0.390000
vt 0.224929 0.665000
vt 0.092509 0.390000
vt 0.224929 0.665000
vt 0.092509 0.665000
vt 0.092509 0.390000
vt 0.224929 0.390000
vt 0.224929 0.665000
vt 0.092509 0.665000
vt 0.225665 0.390000
vt 0.376477 0.390000
vt 0.376477 0.665000
vt 0.225665 0.390000
vt 0.376477 0.665000
vt 0.225665 0.665000
vt 0.225665 0.390000
vt 0.225665 0.665000
vt 0.376477 0.665000
vt 0.376477 0.390000
vt 0.092509 0.390000
vt 0.224929 0.390000
vt 0.224929 0.665000
vt 0.092509 0.390000
vt 0.224929 0.665000
vt 0.092509 0.665000
vt 0.092509 0.390000
vt 0.224929 0.390000
vt 0.224929 0.665000
vt 0.092509 0.665000
vt 0.225665 0.390000
vt 0.376477 0.390000
vt 0.376477 0.665000
vt 0.225665 0.390000
vt 0.376477 0.665000
vt 0.225665 0.665000
vt 0.225665 0.390000
vt 0.225665 0.665000
vt 0.376477 0.665000
vt 0.376477 0.390000
vt 0.092509 0.390000
vt 0.224929 0.390000
vt 0.224929 0.665000
vt 0.092509 0.390000
vt 0.224929 0.665000
vt 0.092509 0.665000
vt 0.092509 0.390000
vt 0.224929 0.390000
vt 0.224929 0.665000
vt 0.092509 0.665000
vt 0.225665 0.390000
vt 0.376477 0.390000
vt 0.376477 0.665000
vt 0.225665 0.390000
vt 0.376477 0.665000
vt 0.225665 0.665000
vt 0.225665 0.390000
vt 0.225665 0.665000
vt 0.376477 0.665000
vt 0.376477 0.390000
vt 0.092509 0.390000
vt 0.224929 0.390000
vt 0.224929 0.665000
vt 0.092509 0.390000
vt 0.224929 0.665000
vt 0.092509 0.665000
vt 0.092509 0.390000
vt 0.224929 0.390000
vt 0.224929 0.665000
vt 0.092509 0.665000
vt 0.225665 0.390000
vt 0.376477 0.390000
vt 0.376477 0.665000
vt 0.225665 0.390000
vt 0.376477 0.665000
vt 0.225665 0.665000
vt 0.225665 0.390000
vt 0.225665 0.665000
vt 0.376477 0.665000
vt 0.376477 0.390000
vt 0.092509 0.390000
vt 0.224929 0.390000
vt 0.224929 0.665000
vt 0.092509 0.390000
vt 0.224929 0.665000
vt 0.092509 0.665000
vt 0.092509 0.390000
vt 0.224929 0.390000
vt 0.224929 0.665000
vt 0.092509 0.665000
vt 0.225665 0.390000
vt 0.376477 0.390000
vt 0.376477 0.665000
vt 0.225665 0.665000
vt 0.225665 0.390000
vt 0.225665 0.665000
vt 0.376477 0.665000
vt 0.376477 0.390000
vt 0.092509 0.390000
vt 0.224929 0.390000
vt 0.224929 0.665000
vt 0.092509 0.665000
vt 0.092509 0.390000
vt 0.224929 0.390000
vt 0.224929 0.665000
vt 0.092509 0.665000
vt 0.225665 0.390000
vt 0.376477 0.390000
vt 0.376477 0.665000
vt 0.225665 0.665000
vt 0.225665 0.390000
vt 0.225665 0.665000
vt 0.376477 0.665000
vt 0.376477 0.390000
vt 0.092509 0.390000
vt 0.224929 0.390000
vt 0.224929 0.665000
vt 0.092509 0.665000
vt 0.092509 0.390000
vt 0.224929 0.390000
vt 0.224929 0.665000
vt 0.092509 0.665000
vt 0.225665 0.390000
vt 0.376477 0.390000
vt 0.376477 0.665000
vt 0.225665 0.665000
vt 0.225665 0.390000
vt 0.225665 0.665000
vt 0.376477 0.665000
vt 0.376477 0.390000
vt 0.092509 0.390000
vt 0.224929 0.390000
vt 0.224929 0.665000
vt 0.092509 0.665000
vt 0.092509 0.390000
vt 0.224929 0.390000
vt 0.224929 0.665000
vt 0.092509 0.665000
vt 0.225665 0.390000
vt 0.376477 0.390000
vt 0.376477 0.665000
vt 0.225665 0.665000
vt 0.225665 0.390000
vt 0.225665 0.665000
vt 0.376477 0.665000
vt 0.376477 0.390000
vt 0.092509 0.390000
vt 0.224929 0.390000
vt 0.224929 0.665000
vt 0.092509 0.665000
vt 0.092509 0.390000
vt 0.224929 0.390000
vt 0.224929 0.665000
vt 0.092509 0.390000
vt 0.224929 0.665000
vt 0.092509 0.665000
vt 0.225665 0.390000
vt 0.376477 0.390000
vt 0.376477 0.665000
vt 0.225665 0.390000
vt 0.376477 0.665000
vt 0.225665 0.665000
vt 0.225665 0.390000
vt 0.225665 0.665000
vt 0.376477 0.665000
vt 0.225665 0.390000
vt 0.376477 0.665000
vt 0.376477 0.390000
vt 0.092509 0.390000
vt 0.224929 0.390000
vt 0.224929 0.665000
vt 0.092509 0.665000
vt 0.092509 0.390000
vt 0.224929 0.390000
vt 0.224929 0.665000
vt 0.092509 0.390000
vt 0.224929 0.665000
vt 0.092509 0.665000
vt 0.225665 0.390000
vt 0.376477 0.390000
vt 0.376477 0.665000
vt 0.225665 0.665000
vt 0.225665 0.390000
vt 0.225665 0.665000
vt 0.376477 0.665000
vt 0.225665 0.390000
vt 0.376477 0.665000
vt 0.376477 0.390000
vt 0.092509 0.390000
vt 0.224929 0.390000
vt 0.224929 0.665000
vt 0.092509 0.665000
vt 0.092509 0.390000
vt 0.224929 0.390000
vt 0.224929 0.665000
vt 0.092509 0.665000
vt 0.225665 0.390000
vt 0.376477 0.390000
vt 0.376477 0.665000
vt 0.225665 0.665000
vt 0.225665 0.390000
vt 0.225665 0.665000
vt 0.376477 0.665000
vt 0.225665 0.390000
vt 0.376477 0.665000
vt 0.376477 0.390000
vt 0.092509 0.390000
vt 0.224929 0.390000
vt 0.224929 0.665000
vt 0.092509 0.665000
vt 0.092509 0.390000
vt 0.224929 0.390000
vt 0.224929 0.665000
vt 0.092509 0.665000
vt 0.225665 0.390000
vt 0.376477 0.390000
vt 0.376477 0.665000
vt 0.225665 0.665000
vt 0.225665 0.390000
vt 0.225665 0.665000
vt 0.376477 0.665000
vt 0.225665 0.390000
vt 0.376477 0.665000
vt 0.376477 0.390000
vt 0.092509 0.390000
vt 0.224929 0.390000
vt 0.224929 0.665000
vt 0.092509 0.665000
vt 0.092509 0.390000
vt 0.224929 0.390000
vt 0.224929 0.665000
vt 0.092509 0.390000
vt 0.224929 0.665000
vt 0.092509 0.665000
vt 0.225665 0.390000
vt 0.376477 0.390000
vt 0.376477 0.665000
vt 0.225665 0.665000
vt 0.225665 0.390000
vt 0.225665 0.665000
vt 0.376477 0.665000
vt 0.225665 0.390000
vt 0.376477 0.665000
vt 0.376477 0.390000
vt 0.092509 0.390000
vt 0.224929 0.390000
vt 0.224929 0.665000
vt 0.092509 0.665000
vt 0.092509 0.390000
vt 0.224929 0.390000
vt 0.224929 0.665000
vt 0.092509 0.390000
vt 0.224929 0.665000
vt 0.092509 0.665000
vt 0.225665 0.390000
vt 0.376477 0.390000
vt 0.376477 0.665000
vt 0.225665 0.665000
vt 0.225665 0.390000
vt 0.225665 0.665000
vt 0.376477 0.665000
vt 0.225665 0.390000
vt 0.376477 0.665000
vt 0.376477 0.390000
vt 0.092509 0.390000
vt 0.224929 0.390000
vt 0.224929 0.665000
vt 0.092509 0.665000
vt 0.092509 0.390000
vt 0.224929 0.390000
vt 0.224929 0.665000
vt 0.092509 0.665000
vt 0.225665 0.390000
vt 0.376477 0.390000
vt 0.376477 0.665000
vt 0.225665 0.390000
vt 0.376477 0.665000
vt 0.225665 0.665000
vt 0.225665 0.390000
vt 0.225665 0.665000
vt 0.376477 0.665000
vt 0.225665 0.390000
vt 0.376477 0.665000
vt 0.376477 0.390000
vt 0.092509 0.390000
vt 0.224929 0.390000
vt 0.224929 0.665000
vt 0.092509 0.665000
vt 0.092509 0.390000
vt 0.224929 0.390000
vt 0.224929 0.665000
vt 0.092509 0.390000
vt 0.224929 0.665000
vt 0.092509 0.665000
vt 0.225665 0.390000
vt 0.376477 0.390000
vt 0.376477 0.665000
vt 0.225665 0.390000
vt 0.376477 0.665000
vt 0.225665 0.665000
vt 0.225665 0.390000
vt 0.225665 0.665000
vt 0.376477 0.665000
vt 0.225665 0.390000
vt 0.376477 0.665000
vt 0.376477 0.390000
vt 0.092509 0.390000
vt 0.224929 0.665000
vt 0.092509 0.665000
vt 0.092509 0.390000
vt 0.224929 0.390000
vt 0.224929 0.665000
vt 0.092509 0.390000
vt 0.224929 0.665000
vt 0.092509 0.665000
vt 0.225665 0.390000
vt 0.376477 0.390000
vt 0.376477 0.665000
vt 0.225665 0.390000
vt 0.376477 0.665000
vt 0.225665 0.665000
vt 0.225665 0.390000
vt 0.225665 0.665000
vt 0.376477 0.665000
vt 0.225665 0.390000
vt 0.376477 0.665000
vt 0.376477 0.390000
vt 0.092509 0.390000
vt 0.224929 0.390000
vt 0.224929 0.665000
vt 0.092509 0.665000
vt 0.092509 0.390000
vt 0.224929 0.390000
vt 0.224929 0.665000
vt 0.092509 0.390000
vt 0.224929 0.665000
vt 0.092509 0.665000
vt 0.225665 0.390000
vt 0.376477 0.390000
vt 0.376477 0.665000
vt 0.225665 0.390000
vt 0.376477 0.665000
vt 0.225665 0.665000
vt 0.225665 0.390000
vt 0.225665 0.665000
vt 0.376477 0.665000
vt 0.225665 0.390000
vt 0.376477 0.665000
vt 0.376477 0.390000
vt 0.092509 0.390000
vt 0.224929 0.665000
vt 0.092509 0.665000
vt 0.092509 0.390000
vt 0.224929 0.390000
vt 0.224929 0.665000
vt 0.092509 0.390000
vt 0.224929 0.665000
vt 0.092509 0.665000
vt 0.225665 0.390000
vt 0.376477 0.390000
vt 0.376477 0.665000
vt 0.225665 0.390000
vt 0.376477 0.665000
vt 0.225665 0.665000
vt 0.225665 0.390000
vt 0.225665 0.665000
vt 0.376477 0.665000
vt 0.225665 0.390000
vt 0.376477 0.665000
vt 0.376477 0.390000
vt 0.092509 0.390000
vt 0.224929 0.390000
vt 0.224929 0.665000
vt 0.092509 0.390000
vt 0.224929 0.665000
vt 0.092509 0.665000
vt 0.092509 0.390000
vt 0.224929 0.390000
vt 0.224929 0.665000
vt 0.092509 0.390000
vt 0.224929 0.665000
vt 0.092509 0.665000
vt 0.225665 0.390000
vt 0.376477 0.390000
vt 0.376477 0.665000
vt 0.225665 0.390000
vt 0.376477 0.665000
vt 0.225665 0.665000
vt 0.225665 0.390000
vt 0.225665 0.665000
vt 0.376477 0.665000
vt 0.225665 0.390000
vt 0.376477 0.665000
vt 0.376477 0.390000
vt 0.092509 0.390000
vt 0.224929 0.390000
vt 0.224929 0.665000
vt 0.092509 0.390000
vt 0.224929 0.665000
vt 0.092509 0.665000
vt 0.092509 0.390000
vt 0.224929 0.390000
vt 0.224929 0.665000
vt 0.092509 0.665000
vt 0.225665 0.390000
vt 0.376477 0.390000
vt 0.376477 0.665000
vt 0.225665 0.390000
vt 0.376477 0.665000
vt 0.225665 0.665000
vt 0.225665 0.390000
vt 0.225665 0.665000
vt 0.376477 0.665000
vt 0.225665 0.390000
vt 0.376477 0.665000
vt 0.376477 0.390000
vt 0.092509 0.390000
vt 0.224929 0.390000
vt 0.224929 0.665000
vt 0.092509 0.665000
vt 0.092509 0.390000
vt 0.224929 0.390000
vt 0.224929 0.665000
vt 0.092509 0.665000
vt 0.225665 0.390000
vt 0.376477 0.390000
vt 0.376477 0.665000
vt 0.225665 0.390000
vt 0.376477 0.665000
vt 0.225665 0.665000
vt 0.225665 0.390000
vt 0.225665 0.665000
vt 0.376477 0.665000
vt 0.225665 0.390000
vt 0.376477 0.665000
vt 0.376477 0.390000
vt 0.092509 0.390000
vt 0.224929 0.390000
vt 0.224929 0.665000
vt 0.092509 0.665000
vt 0.092509 0.390000
vt 0.224929 0.390000
vt 0.224929 0.665000
vt 0.092509 0.665000
vt 0.225665 0.390000
vt 0.376477 0.390000
vt 0.376477 0.665000
vt 0.225665 0.390000
vt 0.376477 0.665000
vt 0.225665 0.665000
vt 0.225665 0.390000
vt 0.225665 0.665000
vt 0.376477 0.665000
vt 0.225665 0.390000
vt 0.376477 0.665000
vt 0.376477 0.390000
vt 0.092509 0.390000
vt 0.224929 0.390000
vt 0.224929 0.665000
vt 0.092509 0.665000
vt 0.092509 0.390000
vt 0.224929 0.390000
vt 0.224929 0.665000
vt 0.092509 0.665000
vt 0.225665 0.390000
vt 0.376477 0.390000
vt 0.376477 0.665000
vt 0.225665 0.665000
vt 0.225665 0.390000
vt 0.225665 0.665000
vt 0.376477 0.665000
vt 0.225665 0.390000
vt 0.376477 0.665000
vt 0.376477 0.390000
vt 0.092509 0.390000
vt 0.224929 0.390000
vt 0.224929 0.665000
vt 0.092509 0.665000
vt 0.092509 0.390000
vt 0.224929 0.390000
vt 0.224929 0.665000
vt 0.092509 0.665000
vt 0.225665 0.390000
vt 0.376477 0.390000
vt 0.376477 0.665000
vt 0.225665 0.665000
vt 0.225665 0.390000
vt 0.225665 0.665000
vt 0.376477 0.665000
vt 0.225665 0.390000
vt 0.376477 0.665000
vt 0.376477 0.390000
vt 0.092509 0.390000
vt 0.224929 0.390000
vt 0.224929 0.665000
vt 0.092509 0.390000
vt 0.224929 0.665000
vt 0.092509 0.665000
vt 0.092509 0.390000
vt 0.224929 0.390000
vt 0.224929 0.665000
vt 0.092509 0.665000
vt 0.225665 0.390000
vt 0.376477 0.390000
vt 0.376477 0.665000
vt 0.225665 0.665000
vt 0.225665 0.390000
vt 0.225665 0.665000
vt 0.376477 0.665000
vt 0.376477 0.390000
vt 0.092509 0.390000
vt 0.224929 0.390000
vt 0.224929 0.665000
vt 0.092509 0.665000
vt 0.092509 0.390000
vt 0.224929 0.390000
vt 0.224929 0.665000
vt 0.092509 0.665000
vt 0.225665 0.390000
vt 0.376477 0.390000
vt 0.376477 0.665000
vt 0.225665 0.390000
vt 0.376477 0.665000
vt 0.225665 0.665000
vt 0.225665 0.390000
vt 0.225665 0.665000
vt 0.376477 0.665000
vt 0.376477 0.390000
vt 0.092509 0.390000
vt 0.224929 0.390000
vt 0.224929 0.665000
vt 0.092509 0.665000
vt 0.092509 0.390000
vt 0.224929 0.390000
vt 0.224929 0.665000
vt 0.092509 0.665000
vt 0.225665 0.390000
vt 0.376477 0.390000
vt 0.376477 0.665000
vt 0.225665 0.390000
vt 0.376477 0.665000
vt 0.225665 0.665000
vt 0.225665 0.390000
vt 0.225665 0.665000
vt 0.376477 0.665000
vt 0.376477 0.390000
vt 0.092509 0.390000
vt 0.224929 0.390000
vt 0.224929 0.665000
vt 0.092509 0.665000
vt 0.092509 0.390000
vt 0.224929 0.390000
vt 0.224929 0.665000
vt 0.092509 0.390000
vt 0.224929 0.665000
vt 0.092509 0.665000
vt 0.225665 0.390000
vt 0.376477 0.390000
vt 0.376477 0.665000
vt 0.225665 0.390000
vt 0.376477 0.665000
vt 0.225665 0.665000
vt 0.225665 0.390000
vt 0.225665 0.665000
vt 0.376477 0.665000
vt 0.225665 0.390000
vt 0.376477 0.665000
vt 0.376477 0.390000
vt 0.092509 0.390000
vt 0.224929 0.390000
vt 0.224929 0.665000
vt 0.092509 0.390000
vt 0.224929 0.665000
vt 0.092509 0.665000
vt 0.092509 0.390000
vt 0.224929 0.390000
vt 0.224929 0.665000
vt 0.092509 0.390000
vt 0.224929 0.665000
vt 0.092509 0.665000
vt 0.225665 0.390000
vt 0.376477 0.390000
vt 0.376477 0.665000
vt 0.225665 0.390000
vt 0.376477 0.665000
vt 0.376477 0.390000
vt 0.092509 0.390000
vt 0.224929 0.390000
vt 0.224929 0.665000
vt 0.092509 0.390000
vt 0.224929 0.665000
vt 0.092509 0.665000
vt 0.225665 0.390000
vt 0.376477 0.390000
vt 0.376477 0.665000
vt 0.225665 0.390000
vt 0.376477 0.665000
vt 0.225665 0.665000
vt 0.092509 0.390000
vt 0.224929 0.390000
vt 0.224929 0.665000
vt 0.092509 0.665000
vt 0.092509 0.390000
vt 0.224929 0.390000
vt 0.224929 0.665000
vt 0.092509 0.665000
vt 0.225665 0.390000
vt 0.376477 0.390000
vt 0.376477 0.665000
vt 0.225665 0.390000
vt 0.376477 0.665000
vt 0.225665 0.665000
vt 0.092509 0.390000
vt 0.224929 0.390000
vt 0.224929 0.665000
vt 0.092509 0.665000
vt 0.092509 0.390000
vt 0.224929 0.390000
vt 0.224929 0.665000
vt 0.092509 0.665000
vt 0.225665 0.390000
vt 0.225665 0.665000
vt 0.376477 0.665000
vt 0.376477 0.390000
vt 0.092509 0.390000
vt 0.224929 0.390000
vt 0.224929 0.665000
vt 0.092509 0.665000
vt 0.225665 0.390000
vt 0.225665 0.665000
vt 0.376477 0.665000
vt 0.225665 0.390000
vt 0.376477 0.665000
vt 0.376477 0.390000
vt 0.225665 0.390000
vt 0.376477 0.390000
vt 0.376477 0.665000
vt 0.225665 0.665000
vt 0.092509 0.390000
vt 0.224929 0.390000
vt 0.224929 0.665000
vt 0.092509 0.665000
vt 0.092509 0.390000
vt 0.224929 0.390000
vt 0.224929 0.665000
vt 0.092509 0.665000
vt 0.225665 0.390000
vt 0.376477 0.390000
vt 0.376477 0.665000
vt 0.225665 0.665000
vt 0.092509 0.390000
vt 0.224929 0.390000
vt 0.224929 0.665000
vt 0.092509 0.665000
vt 0.092509 0.390000
vt 0.224929 0.390000
vt 0.224929 0.665000
vt 0.092509 0.665000
vt 0.225665 0.390000
vt 0.225665 0.665000
vt 0.376477 0.665000
vt 0.376477 0.390000
vt 0.092509 0.390000
vt 0.224929 0.390000
vt 0.224929 0.665000
vt 0.092509 0.665000
vt 0.225665 0.390000
vt 0.225665 0.665000
vt 0.376477 0.665000
vt 0.376477 0.390000
vt 0.225665 0.390000
vt 0.376477 0.390000
vt 0.376477 0.665000
vt 0.225665 0.665000
vt 0.092509 0.390000
vt 0.224929 0.390000
vt 0.224929 0.665000
vt 0.092509 0.665000
vt 0.092509 0.390000
vt 0.224929 0.390000
vt 0.224929 0.665000
vt 0.092509 0.665000
vt 0.225665 0.390000
vt 0.376477 0.390000
vt 0.376477 0.665000
vt 0.225665 0.665000
vt 0.092509 0.390000
vt 0.224929 0.390000
vt 0.224929 0.665000
vt 0.092509 0.665000
vt 0.092509 0.390000
vt 0.224929 0.390000
vt 0.224929 0.665000
vt 0.092509 0.665000
vt 0.225665 0.390000
vt 0.225665 0.665000
vt 0.376477 0.665000
vt 0.376477 0.390000
vt 0.092509 0.390000
vt 0.224929 0.390000
vt 0.224929 0.665000
vt 0.092509 0.665000
vt 0.225665 0.390000
vt 0.225665 0.665000
vt 0.376477 0.665000
vt 0.376477 0.390000
vt 0.225665 0.390000
vt 0.376477 0.390000
vt 0.376477 0.665000
vt 0.225665 0.665000
vt 0.092509 0.390000
vt 0.224929 0.390000
vt 0.224929 0.665000
vt 0.092509 0.665000
vt 0.092509 0.390000
vt 0.224929 0.390000
vt 0.224929 0.665000
vt 0.092509 0.665000
vt 0.225665 0.390000
vt 0.376477 0.390000
vt 0.376477 0.665000
vt 0.225665 0.390000
vt 0.376477 0.665000
vt 0.225665 0.665000
vt 0.092509 0.390000
vt 0.224929 0.390000
vt 0.224929 0.665000
vt 0.092509 0.390000
vt 0.224929 0.665000
vt 0.092509 0.665000
vt 0.092509 0.390000
vt 0.224929 0.390000
vt 0.224929 0.665000
vt 0.092509 0.665000
vt 0.225665 0.390000
vt 0.225665 0.665000
vt 0.376477 0.665000
vt 0.376477 0.390000
vt 0.092509 0.390000
vt 0.224929 0.390000
vt 0.224929 0.665000
vt 0.092509 0.665000
vt 0.225665 0.390000
vt 0.225665 0.665000
vt 0.376477 0.665000
vt 0.376477 0.390000
vt 0.225665 0.390000
vt 0.376477 0.390000
vt 0.376477 0.665000
vt 0.225665 0.665000
vt 0.092509 0.390000
vt 0.224929 0.390000
vt 0.224929 0.665000
vt 0.092509 0.665000
vt 0.092509 0.390000
vt 0.224929 0.390000
vt 0.224929 0.665000
vt 0.092509 0.665000
vt 0.225665 0.390000
vt 0.376477 0.390000
vt 0.376477 0.665000
vt 0.225665 0.390000
vt 0.376477 0.665000
vt 0.225665 0.665000
vt 0.092509 0.390000
vt 0.224929 0.390000
vt 0.224929 0.665000
vt 0.092509 0.390000
vt 0.224929 0.665000
vt 0.092509 0.665000
vt 0.092509 0.390000
vt 0.224929 0.390000
vt 0.224929 0.665000
vt 0.092509 0.665000
vt 0.225665 0.390000
vt 0.225665 0.665000
vt 0.376477 0.665000
vt 0.376477 0.390000
vt 0.092509 0.390000
vt 0.224929 0.390000
vt 0.224929 0.665000
vt 0.092509 0.665000
vt 0.225665 0.390000
vt 0.225665 0.665000
vt 0.376477 0.665000
vt 0.376477 0.390000
vt 0.225665 0.390000
vt 0.376477 0.390000
vt 0.376477 0.665000
vt 0.225665 0.665000
vt 0.092509 0.390000
vt 0.224929 0.390000
vt 0.224929 0.665000
vt 0.092509 0.665000
vt 0.092509 0.390000
vt 0.224929 0.390000
vt 0.224929 0.665000
vt 0.092509 0.665000
vt 0.225665 0.390000
vt 0.376477 0.390000
vt 0.376477 0.665000
vt 0.225665 0.390000
vt 0.376477 0.665000
vt 0.225665 0.665000
vt 0.092509 0.390000
vt 0.224929 0.390000
vt 0.224929 0.665000
vt 0.092509 0.390000
vt 0.224929 0.665000
vt 0.092509 0.665000
vt 0.092509 0.390000
vt 0.224929 0.390000
vt 0.224929 0.665000
vt 0.092509 0.665000
vt 0.225665 0.390000
vt 0.225665 0.665000
vt 0.376477 0.665000
vt 0.376477 0.390000
vt 0.092509 0.390000
vt 0.224929 0.390000
vt 0.224929 0.665000
vt 0.092509 0.665000
vt 0.225665 0.390000
vt 0.225665 0.665000
vt 0.376477 0.665000
vt 0.376477 0.390000
vt 0.225665 0.390000
vt 0.376477 0.390000
vt 0.376477 0.665000
vt 0.225665 0.665000
vt 0.092509 0.390000
vt 0.224929 0.390000
vt 0.224929 0.665000
vt 0.092509 0.665000
vt 0.092509 0.390000
vt 0.224929 0.390000
vt 0.224929 0.665000
vt 0.092509 0.665000
vt 0.225665 0.390000
vt 0.376477 0.390000
vt 0.376477 0.665000
vt 0.225665 0.390000
vt 0.376477 0.665000
vt 0.225665 0.665000
vt 0.092509 0.390000
vt 0.224929 0.390000
vt 0.224929 0.665000
vt 0.092509 0.390000
vt 0.224929 0.665000
vt 0.092509 0.665000
vt 0.092509 0.390000
vt 0.224929 0.390000
vt 0.224929 0.665000
vt 0.092509 0.665000
vt 0.225665 0.390000
vt 0.225665 0.665000
vt 0.376477 0.665000
vt 0.376477 0.390000
vt 0.092509 0.390000
vt 0.224929 0.390000
vt 0.224929 0.665000
vt 0.092509 0.665000
vt 0.225665 0.390000
vt 0.225665 0.665000
vt 0.376477 0.665000
vt 0.376477 0.390000
vt 0.092509 0.390000
vt 0.224929 0.390000
vt 0.224929 0.665000
vt 0.092509 0.390000
vt 0.224929 0.665000
vt 0.092509 0.665000
vt 0.225665 0.390000
vt 0.376477 0.390000
vt 0.376477 0.665000
vt 0.225665 0.390000
vt 0.376477 0.665000
vt 0.225665 0.665000
vt 0.225665 0.390000
vt 0.225665 0.665000
vt 0.376477 0.665000
vt 0.092509 0.390000
vt 0.224929 0.390000
vt 0.224929 0.665000
vt 0.092509 0.390000
vt 0.224929 0.665000
vt 0.092509 0.665000
vt 0.092509 0.390000
vt 0.224929 0.390000
vt 0.224929 0.665000
vt 0.092509 0.390000
vt 0.224929 0.665000
vt 0.092509 0.665000
vt 0.225665 0.390000
vt 0.376477 0.390000
vt 0.376477 0.665000
vt 0.225665 0.390000
vt 0.376477 0.665000
vt 0.225665 0.665000
vt 0.225665 0.390000
vt 0.225665 0.665000
vt 0.376477 0.665000
vt 0.092509 0.390000
vt 0.224929 0.390000
vt 0.224929 0.665000
vt 0.092509 0.390000
vt 0.224929 0.665000
vt 0.092509 0.665000
vt 0.092509 0.390000
vt 0.224929 0.390000
vt 0.224929 0.665000
vt 0.092509 0.390000
vt 0.224929 0.665000
vt 0.092509 0.665000
vt 0.225665 0.390000
vt 0.376477 0.390000
vt 0.376477 0.665000
vt 0.225665 0.390000
vt 0.376477 0.665000
vt 0.225665 0.665000
vt 0.225665 0.390000
vt 0.225665 0.665000
vt 0.376477 0.665000
vt 0.225665 0.390000
vt 0.376477 0.665000
vt 0.376477 0.390000
vt 0.092509 0.390000
vt 0.224929 0.390000
vt 0.224929 0.665000
vt 0.092509 0.390000
vt 0.224929 0.665000
vt 0.092509 0.665000
vt 0.092509 0.390000
vt 0.224929 0.390000
vt 0.224929 0.665000
vt 0.092509 0.665000
vt 0.225665 0.390000
vt 0.376477 0.390000
vt 0.376477 0.665000
vt 0.225665 0.390000
vt 0.376477 0.665000
vt 0.225665 0.665000
vt 0.225665 0.390000
vt 0.225665 0.665000
vt 0.376477 0.665000
vt 0.376477 0.390000
vt 0.092509 0.390000
vt 0.224929 0.390000
vt 0.224929 0.665000
vt 0.092509 0.665000
vt 0.092509 0.390000
vt 0.224929 0.390000
vt 0.224929 0.665000
vt 0.092509 0.665000
vt 0.225665 0.390000
vt 0.376477 0.390000
vt 0.376477 0.665000
vt 0.225665 0.390000
vt 0.376477 0.665000
vt 0.225665 0.665000
vt 0.225665 0.390000
vt 0.225665 0.665000
vt 0.376477 0.665000
vt 0.376477 0.390000
vt 0.092509 0.390000
vt 0.224929 0.390000
vt 0.224929 0.665000
vt 0.092509 0.665000
vt 0.092509 0.390000
vt 0.224929 0.390000
vt 0.224929 0.665000
vt 0.092509 0.665000
vt 0.225665 0.390000
vt 0.376477 0.390000
vt 0.376477 0.665000
vt 0.225665 0.390000
vt 0.376477 0.665000
vt 0.225665 0.665000
vt 0.225665 0.390000
vt 0.225665 0.665000
vt 0.376477 0.665000
vt 0.376477 0.390000
vt 0.092509 0.390000
vt 0.224929 0.390000
vt 0.224929 0.665000
vt 0.092509 0.390000
vt 0.224929 0.665000
vt 0.092509 0.665000
vt 0.092509 0.390000
vt 0.224929 0.390000
vt 0.224929 0.665000
vt 0.092509 0.665000
vt 0.225665 0.390000
vt 0.376477 0.390000
vt 0.376477 0.665000
vt 0.225665 0.390000
vt 0.376477 0.665000
vt 0.225665 0.665000
vt 0.225665 0.390000
vt 0.225665 0.665000
vt 0.376477 0.665000
vt 0.376477 0.390000
vt 0.092509 0.390000
vt 0.224929 0.390000
vt 0.224929 0.665000
vt 0.092509 0.390000
vt 0.224929 0.665000
vt 0.092509 0.665000
vt 0.092509 0.390000
vt 0.224929 0.390000
vt 0.224929 0.665000
vt 0.092509 0.665000
vt 0.225665 0.390000
vt 0.376477 0.390000
vt 0.376477 0.665000
vt 0.225665 0.390000
vt 0.376477 0.665000
vt 0.225665 0.665000
vt 0.225665 0.390000
vt 0.225665 0.665000
vt 0.376477 0.665000
vt 0.376477 0.390000
vt 0.092509 0.390000
vt 0.224929 0.390000
vt 0.224929 0.665000
vt 0.092509 0.390000
vt 0.224929 0.665000
vt 0.092509 0.665000
vt 0.092509 0.390000
vt 0.224929 0.390000
vt 0.224929 0.665000
vt 0.092509 0.665000
vt 0.225665 0.390000
vt 0.376477 0.390000
vt 0.376477 0.665000
vt 0.225665 0.390000
vt 0.376477 0.665000
vt 0.225665 0.665000
vt 0.225665 0.390000
vt 0.225665 0.665000
vt 0.376477 0.665000
vt 0.376477 0.390000
vt 0.092509 0.390000
vt 0.224929 0.390000
vt 0.224929 0.665000
vt 0.092509 0.665000
vt 0.092509 0.390000
vt 0.224929 0.390000
vt 0.224929 0.665000
vt 0.092509 0.665000
vt 0.225665 0.390000
vt 0.376477 0.390000
vt 0.376477 0.665000
vt 0.225665 0.390000
vt 0.376477 0.665000
vt 0.225665 0.665000
vt 0.225665 0.390000
vt 0.225665 0.665000
vt 0.376477 0.665000
vt 0.225665 0.390000
vt 0.376477 0.665000
vt 0.376477 0.390000
vt 0.092509 0.390000
vt 0.224929 0.390000
vt 0.224929 0.665000
vt 0.092509 0.665000
vt 0.092509 0.390000
vt 0.224929 0.390000
vt 0.224929 0.665000
vt 0.092509 0.665000
vt 0.225665 0.390000
vt 0.376477 0.390000
vt 0.376477 0.665000
vt 0.225665 0.390000
vt 0.376477 0.665000
vt 0.225665 0.665000
vt 0.225665 0.390000
vt 0.225665 0.665000
vt 0.376477 0.665000
vt 0.376477 0.390000
vt 0.092509 0.390000
vt 0.224929 0.390000
vt 0.224929 0.665000
vt 0.092509 0.665000
vt 0.092509 0.390000
vt 0.224929 0.390000
vt 0.224929 0.665000
vt 0.092509 0.390000
vt 0.224929 0.665000
vt 0.092509 0.665000
vt 0.225665 0.390000
vt 0.376477 0.390000
vt 0.376477 0.665000
vt 0.225665 0.390000
vt 0.376477 0.665000
vt 0.225665 0.665000
vt 0.225665 0.390000
vt 0.225665 0.665000
vt 0.376477 0.665000
vt 0.225665 0.390000
vt 0.376477 0.665000
vt 0.376477 0.390000
vt 0.092509 0.390000
vt 0.224929 0.390000
vt 0.224929 0.665000
vt 0.092509 0.390000
vt 0.224929 0.665000
vt 0.092509 0.665000
vt 0.092509 0.390000
vt 0.224929 0.665000
vt 0.092509 0.665000
vt 0.225665 0.390000
vt 0.376477 0.390000
vt 0.376477 0.665000
vt 0.225665 0.390000
vt 0.376477 0.665000
vt 0.225665 0.665000
vt 0.225665 0.390000
vt 0.225665 0.665000
vt 0.376477 0.665000
vt 0.225665 0.390000
vt 0.376477 0.665000
vt 0.376477 0.390000
vt 0.092509 0.390000
vt 0.224929 0.390000
vt 0.224929 0.665000
vt 0.092509 0.390000
vt 0.224929 0.665000
vt 0.092509 0.665000
vt 0.092509 0.390000
vt 0.224929 0.390000
vt 0.224929 0.665000
vt 0.092509 0.390000
vt 0.224929 0.665000
vt 0.092509 0.665000
vt 0.225665 0.390000
vt 0.376477 0.390000
vt 0.376477 0.665000
vt 0.225665 0.390000
vt 0.376477 0.665000
vt 0.225665 0.665000
vt 0.225665 0.390000
vt 0.225665 0.665000
vt 0.376477 0.665000
vt 0.225665 0.390000
vt 0.376477 0.665000
vt 0.376477 0.390000
vt 0.092509 0.390000
vt 0.224929 0.390000
vt 0.224929 0.665000
vt 0.092509 0.390000
vt 0.224929 0.665000
vt 0.092509 0.665000
vt 0.092509 0.390000
vt 0.224929 0.390000
vt 0.224929 0.665000
vt 0.092509 0.390000
vt 0.224929 0.665000
vt 0.092509 0.665000
vt 0.225665 0.390000
vt 0.376477 0.390000
vt 0.376477 0.665000
vt 0.225665 0.390000
vt 0.376477 0.665000
vt 0.225665 0.665000
vt 0.225665 0.390000
vt 0.225665 0.665000
vt 0.376477 0.665000
vt 0.225665 0.390000
vt 0.376477 0.665000
vt 0.376477 0.390000
vt 0.092509 0.390000
vt 0.224929 0.390000
vt 0.224929 0.665000
vt 0.092509 0.390000
vt 0.224929 0.665000
vt 0.092509 0.665000
vt 0.092509 0.390000
vt 0.224929 0.390000
vt 0.224929 0.665000
vt 0.092509 0.390000
vt 0.224929 0.665000
vt 0.092509 0.665000
vt 0.225665 0.390000
vt 0.376477 0.390000
vt 0.376477 0.665000
vt 0.225665 0.665000
vt 0.225665 0.390000
vt 0.225665 0.665000
vt 0.376477 0.665000
vt 0.376477 0.390000
vt 0.092509 0.390000
vt 0.224929 0.390000
vt 0.224929 0.665000
vt 0.092509 0.665000
vt 0.092509 0.390000
vt 0.224929 0.390000
vt 0.224929 0.665000
vt 0.092509 0.390000
vt 0.224929 0.665000
vt 0.092509 0.665000
vt 0.225665 0.390000
vt 0.376477 0.390000
vt 0.376477 0.665000
vt 0.225665 0.665000
vt 0.225665 0.390000
vt 0.225665 0.665000
vt 0.376477 0.665000
vt 0.376477 0.390000
vt 0.092509 0.390000
vt 0.224929 0.390000
vt 0.224929 0.665000
vt 0.092509 0.665000
vt 0.092509 0.390000
vt 0.224929 0.390000
vt 0.224929 0.665000
vt 0.092509 0.390000
vt 0.224929 0.665000
vt 0.092509 0.665000
vt 0.225665 0.390000
vt 0.376477 0.390000
vt 0.376477 0.665000
vt 0.225665 0.665000
vt 0.225665 0.390000
vt 0.225665 0.665000
vt 0.376477 0.665000
vt 0.376477 0.390000
vt 0.092509 0.390000
vt 0.224929 0.390000
vt 0.224929 0.665000
vt 0.092509 0.665000
vt 0.092509 0.390000
vt 0.224929 0.390000
vt 0.224929 0.665000
vt 0.092509 0.665000
vt 0.225665 0.390000
vt 0.376477 0.390000
vt 0.376477 0.665000
vt 0.225665 0.665000
vt 0.225665 0.390000
vt 0.225665 0.665000
vt 0.376477 0.665000
vt 0.225665 0.390000
vt 0.376477 0.665000
vt 0.376477 0.390000
vt 0.092509 0.390000
vt 0.224929 0.390000
vt 0.224929 0.665000
vt 0.092509 0.390000
vt 0.224929 0.665000
vt 0.092509 0.665000
vt 0.092509 0.390000
vt 0.224929 0.390000
vt 0.224929 0.665000
vt 0.092509 0.665000
vt 0.225665 0.390000
vt 0.376477 0.390000
vt 0.376477 0.665000
vt 0.225665 0.665000
vt 0.225665 0.390000
vt 0.225665 0.665000
vt 0.376477 0.665000
vt 0.225665 0.390000
vt 0.376477 0.665000
vt 0.376477 0.390000
vt 0.092509 0.390000
vt 0.224929 0.390000
vt 0.224929 0.665000
vt 0.092509 0.665000
vt 0.092509 0.390000
vt 0.224929 0.390000
vt 0.224929 0.665000
vt 0.092509 0.390000
vt 0.224929 0.665000
vt 0.092509 0.665000
vt 0.225665 0.390000
vt 0.376477 0.390000
vt 0.376477 0.665000
vt 0.225665 0.390000
vt 0.376477 0.665000
vt 0.225665 0.665000
vt 0.225665 0.390000
vt 0.225665 0.665000
vt 0.376477 0.665000
vt 0.225665 0.390000
vt 0.376477 0.665000
vt 0.376477 0.390000
vt 0.092509 0.390000
vt 0.224929 0.390000
vt 0.224929 0.665000
vt 0.092509 0.665000
vt 0.092509 0.390000
vt 0.224929 0.390000
vt 0.224929 0.665000
vt 0.092509 0.665000
vt 0.225665 0.390000
vt 0.376477 0.390000
vt 0.376477 0.665000
vt 0.225665 0.665000
vt 0.225665 0.390000
vt 0.225665 0.665000
vt 0.376477 0.665000
vt 0.376477 0.390000
vt 0.092509 0.390000
vt 0.224929 0.390000
vt 0.224929 0.665000
vt 0.092509 0.665000
vt 0.092509 0.390000
vt 0.224929 0.390000
vt 0.224929 0.665000
vt 0.092509 0.665000
vt 0.225665 0.390000
vt 0.376477 0.390000
vt 0.376477 0.665000
vt 0.225665 0.665000
vt 0.225665 0.390000
vt 0.225665 0.665000
vt 0.376477 0.665000
vt 0.376477 0.390000
vt 0.092509 0.390000
vt 0.224929 0.390000
vt 0.224929 0.665000
vt 0.092509 0.665000
vt 0.092509 0.390000
vt 0.224929 0.390000
vt 0.224929 0.665000
vt 0.092509 0.665000
vt 0.225665 0.390000
vt 0.376477 0.390000
vt 0.376477 0.665000
vt 0.225665 0.390000
vt 0.376477 0.665000
vt 0.225665 0.665000
vt 0.225665 0.390000
vt 0.225665 0.665000
vt 0.376477 0.665000
vt 0.225665 0.390000
vt 0.376477 0.665000
vt 0.376477 0.390000
vt 0.092509 0.390000
vt 0.224929 0.390000
vt 0.224929 0.665000
vt 0.092509 0.665000
vt 0.092509 0.390000
vt 0.224929 0.390000
vt 0.224929 0.665000
vt 0.092509 0.665000
vt 0.225665 0.390000
vt 0.376477 0.390000
vt 0.376477 0.665000
vt 0.225665 0.665000
vt 0.225665 0.390000
vt 0.225665 0.665000
vt 0.376477 0.665000
vt 0.376477 0.390000
vt 0.092509 0.390000
vt 0.224929 0.390000
vt 0.224929 0.665000
vt 0.092509 0.665000
vt 0.092509 0.390000
vt 0.224929 0.390000
vt 0.224929 0.665000
vt 0.092509 0.665000
vt 0.225665 0.390000
vt 0.376477 0.390000
vt 0.376477 0.665000
vt 0.225665 0.665000
vt 0.225665 0.390000
vt 0.225665 0.665000
vt 0.376477 0.665000
vt 0.376477 0.390000
vt 0.092509 0.390000
vt 0.224929 0.390000
vt 0.224929 0.665000
vt 0.092509 0.665000
vt 0.092509 0.390000
vt 0.224929 0.390000
vt 0.224929 0.665000
vt 0.092509 0.665000
vt 0.225665 0.390000
vt 0.376477 0.390000
vt 0.376477 0.665000
vt 0.225665 0.665000
vt 0.225665 0.390000
vt 0.225665 0.665000
vt 0.376477 0.665000
vt 0.376477 0.390000
vt 0.092509 0.390000
vt 0.224929 0.390000
vt 0.224929 0.665000
vt 0.092509 0.665000
vt 0.092509 0.390000
vt 0.224929 0.390000
vt 0.224929 0.665000
vt 0.092509 0.665000
vt 0.225665 0.390000
vt 0.376477 0.390000
vt 0.376477 0.665000
vt 0.225665 0.665000
vt 0.225665 0.390000
vt 0.225665 0.665000
vt 0.376477 0.665000
vt 0.376477 0.390000
vt 0.092509 0.390000
vt 0.224929 0.390000
vt 0.224929 0.665000
vt 0.092509 0.665000
vt 0.092509 0.390000
vt 0.224929 0.390000
vt 0.224929 0.665000
vt 0.092509 0.665000
vt 0.225665 0.390000
vt 0.376477 0.390000
vt 0.376477 0.665000
vt 0.225665 0.390000
vt 0.376477 0.665000
vt 0.225665 0.665000
vt 0.225665 0.390000
vt 0.225665 0.665000
vt 0.376477 0.665000
vt 0.225665 0.390000
vt 0.376477 0.665000
vt 0.376477 0.390000
vt 0.092509 0.390000
vt 0.224929 0.390000
vt 0.224929 0.665000
vt 0.092509 0.665000
vt 0.092509 0.390000
vt 0.224929 0.390000
vt 0.224929 0.665000
vt 0.092509 0.665000
vt 0.225665 0.390000
vt 0.376477 0.390000
vt 0.376477 0.665000
vt 0.225665 0.665000
vt 0.225665 0.390000
vt 0.225665 0.665000
vt 0.376477 0.665000
vt 0.376477 0.390000
vt 0.092509 0.390000
vt 0.224929 0.390000
vt 0.224929 0.665000
vt 0.092509 0.665000
vt 0.092509 0.390000
vt 0.224929 0.390000
vt 0.224929 0.665000
vt 0.092509 0.665000
vt 0.225665 0.390000
vt 0.376477 0.390000
vt 0.376477 0.665000
vt 0.225665 0.665000
vt 0.225665 0.390000
vt 0.225665 0.665000
vt 0.376477 0.665000
vt 0.376477 0.390000
vt 0.092509 0.390000
vt 0.224929 0.390000
vt 0.224929 0.665000
vt 0.092509 0.665000
vt 0.092509 0.390000
vt 0.224929 0.390000
vt 0.224929 0.665000
vt 0.092509 0.665000
vt 0.225665 0.390000
vt 0.376477 0.390000
vt 0.376477 0.665000
vt 0.225665 0.390000
vt 0.376477 0.665000
vt 0.225665 0.665000
vt 0.225665 0.390000
vt 0.225665 0.665000
vt 0.376477 0.665000
vt 0.225665 0.390000
vt 0.376477 0.665000
vt 0.376477 0.390000
vt 0.092509 0.390000
vt 0.224929 0.390000
vt 0.224929 0.665000
vt 0.092509 0.665000
vt 0.092509 0.390000
vt 0.224929 0.390000
vt 0.224929 0.665000
vt 0.092509 0.665000
vt 0.225665 0.390000
vt 0.376477 0.390000
vt 0.376477 0.665000
vt 0.225665 0.665000
vt 0.225665 0.390000
vt 0.225665 0.665000
vt 0.376477 0.665000
vt 0.225665 0.390000
vt 0.376477 0.665000
vt 0.376477 0.390000
vt 0.092509 0.390000
vt 0.224929 0.390000
vt 0.224929 0.665000
vt 0.092509 0.665000
vt 0.225665 0.390000
vt 0.376477 0.390000
vt 0.376477 0.665000
vt 0.225665 0.665000
vt 0.092509 0.390000
vt 0.224929 0.390000
vt 0.224929 0.665000
vt 0.092509 0.665000
vt 0.092509 0.390000
vt 0.224929 0.390000
vt 0.224929 0.665000
vt 0.092509 0.665000
vt 0.225665 0.390000
vt 0.376477 0.390000
vt 0.376477 0.665000
vt 0.225665 0.665000
vt 0.092509 0.390000
vt 0.224929 0.390000
vt 0.224929 0.665000
vt 0.092509 0.665000
vt 0.092509 0.390000
vt 0.224929 0.390000
vt 0.224929 0.665000
vt 0.092509 0.665000
vt 0.225665 0.390000
vt 0.225665 0.665000
vt 0.376477 0.665000
vt 0.376477 0.390000
vt 0.092509 0.390000
vt 0.224929 0.390000
vt 0.224929 0.665000
vt 0.092509 0.665000
vt 0.225665 0.390000
vt 0.225665 0.665000
vt 0.376477 0.665000
vt 0.225665 0.390000
vt 0.376477 0.665000
vt 0.225665 0.665000
vt 0.092509 0.390000
vt 0.224929 0.390000
vt 0.224929 0.665000
vt 0.092509 0.665000
vt 0.092509 0.390000
vt 0.224929 0.390000
vt 0.224929 0.665000
vt 0.092509 0.665000
vt 0.225665 0.390000
vt 0.376477 0.390000
vt 0.376477 0.665000
vt 0.225665 0.665000
vt 0.092509 0.390000
vt 0.224929 0.390000
vt 0.224929 0.665000
vt 0.092509 0.665000
vt 0.092509 0.390000
vt 0.224929 0.390000
vt 0.224929 0.665000
vt 0.092509 0.665000
vt 0.225665 0.390000
vt 0.225665 0.665000
vt 0.376477 0.665000
vt 0.376477 0.390000
vt 0.092509 0.390000
vt 0.224929 0.390000
vt 0.224929 0.665000
vt 0.092509 0.665000
vt 0.225665 0.390000
vt 0.225665 0.665000
vt 0.376477 0.665000
vt 0.225665 0.390000
vt 0.376477 0.665000
vt 0.376477 0.390000
vt 0.092509 0.390000
vt 0.224929 0.390000
vt 0.224929 0.665000
vt 0.092509 0.665000
vt 0.225665 0.390000
vt 0.376477 0.390000
vt 0.376477 0.665000
vt 0.225665 0.665000
vt 0.225665 0.390000
vt 0.225665 0.665000
vt 0.376477 0.665000
vt 0.092509 0.390000
vt 0.224929 0.390000
vt 0.224929 0.665000
vt 0.092509 0.665000
vt 0.092509 0.390000
vt 0.224929 0.390000
vt 0.224929 0.665000
vt 0.092509 0.665000
vt 0.225665 0.390000
vt 0.376477 0.390000
vt 0.376477 0.665000
vt 0.225665 0.390000
vt 0.376477 0.665000
vt 0.225665 0.665000
vt 0.225665 0.390000
vt 0.225665 0.665000
vt 0.376477 0.665000
vt 0.225665 0.390000
vt 0.376477 0.665000
vt 0.376477 0.390000
vt 0.092509 0.390000
vt 0.224929 0.390000
vt 0.224929 0.665000
vt 0.092509 0.665000
vt 0.225665 0.390000
vt 0.376477 0.390000
vt 0.376477 0.665000
vt 0.225665 0.390000
vt 0.376477 0.665000
vt 0.225665 0.665000
vt 0.092509 0.390000
vt 0.224929 0.390000
vt 0.224929 0.665000
vt 0.092509 0.390000
vt 0.224929 0.665000
vt 0.092509 0.665000
vt 0.092509 0.390000
vt 0.224929 0.390000
vt 0.224929 0.665000
vt 0.092509 0.390000
vt 0.224929 0.665000
vt 0.092509 0.665000
vt 0.225665 0.390000
vt 0.376477 0.390000
vt 0.376477 0.665000
vt 0.225665 0.390000
vt 0.376477 0.665000
vt 0.225665 0.665000
vt 0.092509 0.390000
vt 0.224929 0.390000
vt 0.224929 0.665000
vt 0.092509 0.390000
vt 0.224929 0.665000
vt 0.092509 0.665000
vt 0.092509 0.390000
vt 0.224929 0.390000
vt 0.224929 0.665000
vt 0.092509 0.390000
vt 0.224929 0.665000
vt 0.092509 0.665000
vt 0.225665 0.390000
vt 0.225665 0.665000
vt 0.376477 0.665000
vt 0.225665 0.390000
vt 0.376477 0.665000
vt 0.376477 0.390000
vt 0.092509 0.390000
vt 0.224929 0.390000
vt 0.224929 0.665000
vt 0.092509 0.390000
vt 0.224929 0.665000
vt 0.092509 0.665000
vt 0.225665 0.390000
vt 0.225665 0.665000
vt 0.376477 0.665000
vt 0.225665 0.390000
vt 0.376477 0.665000
vt 0.376477 0.390000
vt 0.225665 0.390000
vt 0.376477 0.390000
vt 0.376477 0.665000
vt 0.225665 0.390000
vt 0.376477 0.665000
vt 0.225665 0.665000
vt 0.092509 0.390000
vt 0.224929 0.390000
vt 0.224929 0.665000
vt 0.092509 0.390000
vt 0.224929 0.665000
vt 0.092509 0.665000
vt 0.092509 0.390000
vt 0.224929 0.390000
vt 0.224929 0.665000
vt 0.092509 0.390000
vt 0.224929 0.665000
vt 0.092509 0.665000
vt 0.225665 0.390000
vt 0.376477 0.390000
vt 0.376477 0.665000
vt 0.225665 0.390000
vt 0.376477 0.665000
vt 0.225665 0.665000
vt 0.092509 0.390000
vt 0.224929 0.390000
vt 0.224929 0.665000
vt 0.092509 0.390000
vt 0.224929 0.665000
vt 0.092509 0.665000
vt 0.092509 0.390000
vt 0.224929 0.390000
vt 0.224929 0.665000
vt 0.092509 0.390000
vt 0.224929 0.665000
vt 0.092509 0.665000
vt 0.225665 0.390000
vt 0.225665 0.665000
vt 0.376477 0.665000
vt 0.225665 0.390000
vt 0.376477 0.665000
vt 0.376477 0.390000
vt 0.092509 0.390000
vt 0.224929 0.390000
vt 0.224929 0.665000
vt 0.092509 0.390000
vt 0.224929 0.665000
vt 0.092509 0.665000
vt 0.225665 0.390000
vt 0.225665 0.665000
vt 0.376477 0.665000
vt 0.225665 0.390000
vt 0.376477 0.665000
vt 0.376477 0.390000
vt 0.092509 0.390000
vt 0.224929 0.390000
vt 0.224929 0.665000
vt 0.092509 0.665000
vt 0.225665 0.390000
vt 0.376477 0.390000
vt 0.376477 0.665000
vt 0.225665 0.390000
vt 0.376477 0.665000
vt 0.225665 0.665000
vt 0.225665 0.390000
vt 0.225665 0.665000
vt 0.376477 0.665000
vt 0.376477 0.390000
vt 0.092509 0.390000
vt 0.224929 0.390000
vt 0.224929 0.665000
vt 0.092509 0.665000
vt 0.092509 0.390000
vt 0.224929 0.390000
vt 0.224929 0.665000
vt 0.092509 0.665000
vt 0.225665 0.390000
vt 0.376477 0.390000
vt 0.376477 0.665000
vt 0.225665 0.390000
vt 0.376477 0.665000
vt 0.225665 0.665000
vt 0.225665 0.390000
vt 0.225665 0.665000
vt 0.376477 0.665000
vt 0.225665 0.390000
vt 0.376477 0.665000
vt 0.376477 0.390000
vt 0.092509 0.390000
vt 0.224929 0.390000
vt 0.224929 0.665000
vt 0.092509 0.665000
vt 0.092509 0.390000
vt 0.224929 0.390000
vt 0.224929 0.665000
vt 0.092509 0.390000
vt 0.224929 0.665000
vt 0.092509 0.665000
vt 0.225665 0.390000
vt 0.376477 0.390000
vt 0.376477 0.665000
vt 0.225665 0.390000
vt 0.376477 0.665000
vt 0.225665 0.665000
vt 0.225665 0.390000
vt 0.225665 0.665000
vt 0.376477 0.665000
vt 0.225665 0.390000
vt 0.376477 0.665000
vt 0.376477 0.390000
vt 0.092509 0.390000
vt 0.224929 0.390000
vt 0.224929 0.665000
vt 0.092509 0.665000
vt 0.092509 0.390000
vt 0.224929 0.390000
vt 0.224929 0.665000
vt 0.092509 0.390000
vt 0.224929 0.665000
vt 0.092509 0.665000
vt 0.225665 0.390000
vt 0.376477 0.390000
vt 0.376477 0.665000
vt 0.225665 0.390000
vt 0.376477 0.665000
vt 0.225665 0.665000
vt 0.225665 0.390000
vt 0.225665 0.665000
vt 0.376477 0.665000
vt 0.225665 0.390000
vt 0.376477 0.665000
vt 0.376477 0.390000
vt 0.092509 0.390000
vt 0.224929 0.390000
vt 0.224929 0.665000
vt 0.092509 0.390000
vt 0.224929 0.665000
vt 0.092509 0.665000
vt 0.092509 0.390000
vt 0.224929 0.390000
vt 0.224929 0.665000
vt 0.092509 0.390000
vt 0.224929 0.665000
vt 0.092509 0.665000
vt 0.225665 0.390000
vt 0.376477 0.390000
vt 0.376477 0.665000
vt 0.225665 0.390000
vt 0.376477 0.665000
vt 0.225665 0.665000
vt 0.225665 0.390000
vt 0.225665 0.665000
vt 0.376477 0.665000
vt 0.225665 0.390000
vt 0.376477 0.665000
vt 0.376477 0.390000
vt 0.092509 0.390000
vt 0.224929 0.390000
vt 0.224929 0.665000
vt 0.092509 0.390000
vt 0.224929 0.665000
vt 0.092509 0.665000
vt 0.092509 0.390000
vt 0.224929 0.390000
vt 0.224929 0.665000
vt 0.092509 0.390000
vt 0.224929 0.665000
vt 0.092509 0.665000
vt 0.225665 0.390000
vt 0.376477 0.390000
vt 0.376477 0.665000
vt 0.225665 0.390000
vt 0.376477 0.665000
vt 0.225665 0.665000
vt 0.225665 0.390000
vt 0.225665 0.665000
vt 0.376477 0.665000
vt 0.225665 0.390000
vt 0.376477 0.665000
vt 0.376477 0.390000
vt 0.092509 0.390000
vt 0.224929 0.390000
vt 0.224929 0.665000
vt 0.092509 0.390000
vt 0.224929 0.665000
vt 0.092509 0.665000
vt 0.092509 0.390000
vt 0.224929 0.390000
vt 0.224929 0.665000
vt 0.225665 0.390000
vt 0.376477 0.665000
vt 0.225665 0.665000
vt 0.225665 0.390000
vt 0.225665 0.665000
vt 0.376477 0.665000
vt 0.225665 0.390000
vt 0.376477 0.665000
vt 0.376477 0.390000
vt 0.092509 0.390000
vt 0.224929 0.390000
vt 0.224929 0.665000
vt 0.092509 0.390000
vt 0.224929 0.665000
vt 0.092509 0.665000
vt 0.092509 0.390000
vt 0.224929 0.390000
vt 0.224929 0.665000
vt 0.225665 0.390000
vt 0.376477 0.390000
vt 0.376477 0.665000
vt 0.225665 0.390000
vt 0.376477 0.665000
vt 0.225665 0.665000
vt 0.225665 0.390000
vt 0.376477 0.665000
vt 0.376477 0.390000
vt 0.092509 0.390000
vt 0.224929 0.390000
vt 0.224929 0.665000
vt 0.092509 0.390000
vt 0.224929 0.665000
vt 0.092509 0.665000
vt 0.092509 0.390000
vt 0.224929 0.390000
vt 0.224929 0.665000
vt 0.225665 0.390000
vt 0.376477 0.665000
vt 0.225665 0.665000
vt 0.225665 0.390000
vt 0.225665 0.665000
vt 0.376477 0.665000
vt 0.225665 0.390000
vt 0.376477 0.665000
vt 0.376477 0.390000
vt 0.092509 0.390000
vt 0.224929 0.390000
vt 0.224929 0.665000
vt 0.092509 0.390000
vt 0.224929 0.665000
vt 0.092509 0.665000
vt 0.092509 0.390000
vt 0.224929 0.390000
vt 0.224929 0.665000
vt 0.225665 0.390000
vt 0.376477 0.665000
vt 0.225665 0.665000
vt 0.225665 0.390000
vt 0.225665 0.665000
vt 0.376477 0.665000
vt 0.225665 0.390000
vt 0.376477 0.665000
vt 0.376477 0.390000
vt 0.092509 0.390000
vt 0.224929 0.390000
vt 0.224929 0.665000
vt 0.092509 0.390000
vt 0.224929 0.390000
vt 0.224929 0.665000
vt 0.225665 0.390000
vt 0.376477 0.665000
vt 0.225665 0.665000
vt 0.225665 0.390000
vt 0.225665 0.665000
vt 0.376477 0.665000
vt 0.225665 0.390000
vt 0.376477 0.665000
vt 0.376477 0.390000
vt 0.092509 0.390000
vt 0.224929 0.390000
vt 0.224929 0.665000
vt 0.092509 0.390000
vt 0.224929 0.665000
vt 0.092509 0.665000
vt 0.092509 0.390000
vt 0.224929 0.390000
vt 0.224929 0.665000
vt 0.092509 0.390000
vt 0.224929 0.665000
vt 0.092509 0.665000
vt 0.225665 0.390000
vt 0.376477 0.390000
vt 0.376477 0.665000
vt 0.225665 0.390000
vt 0.376477 0.665000
vt 0.225665 0.665000
vt 0.225665 0.390000
vt 0.225665 0.665000
vt 0.376477 0.665000
vt 0.225665 0.390000
vt 0.376477 0.665000
vt 0.376477 0.390000
vt 0.092509 0.390000
vt 0.224929 0.390000
vt 0.224929 0.665000
vt 0.092509 0.390000
vt 0.224929 0.665000
vt 0.092509 0.665000
vt 0.092509 0.390000
vt 0.224929 0.390000
vt 0.224929 0.665000
vt 0.092509 0.390000
vt 0.224929 0.665000
vt 0.092509 0.665000
vt 0.225665 0.390000
vt 0.376477 0.390000
vt 0.376477 0.665000
vt 0.225665 0.390000
vt 0.376477 0.665000
vt 0.225665 0.665000
vt 0.225665 0.390000
vt 0.225665 0.665000
vt 0.376477 0.665000
vt 0.225665 0.390000
vt 0.376477 0.665000
vt 0.376477 0.390000
vt 0.092509 0.390000
vt 0.224929 0.390000
vt 0.224929 0.665000
vt 0.092509 0.390000
vt 0.224929 0.665000
vt 0.092509 0.665000
vt 0.092509 0.390000
vt 0.224929 0.390000
vt 0.224929 0.665000
vt 0.092509 0.390000
vt 0.224929 0.665000
vt 0.092509 0.665000
vt 0.225665 0.390000
vt 0.376477 0.390000
vt 0.376477 0.665000
vt 0.225665 0.390000
vt 0.376477 0.665000
vt 0.225665 0.665000
vt 0.225665 0.390000
vt 0.225665 0.665000
vt 0.376477 0.665000
vt 0.225665 0.390000
vt 0.376477 0.665000
vt 0.376477 0.390000
vt 0.092509 0.390000
vt 0.224929 0.390000
vt 0.224929 0.665000
vt 0.092509 0.390000
vt 0.224929 0.665000
vt 0.092509 0.665000
vt 0.092509 0.390000
vt 0.224929 0.390000
vt 0.224929 0.665000
vt 0.092509 0.665000
vt 0.225665 0.390000
vt 0.376477 0.390000
vt 0.376477 0.665000
vt 0.225665 0.390000
vt 0.376477 0.665000
vt 0.225665 0.665000
vt 0.225665 0.390000
vt 0.225665 0.665000
vt 0.376477 0.665000
vt 0.225665 0.390000
vt 0.376477 0.665000
vt 0.376477 0.390000
vt 0.092509 0.390000
vt 0.224929 0.390000
vt 0.224929 0.665000
vt 0.092509 0.390000
vt 0.224929 0.665000
vt 0.092509 0.665000
vt 0.092509 0.390000
vt 0.224929 0.390000
vt 0.224929 0.665000
vt 0.092509 0.390000
vt 0.224929 0.665000
vt 0.092509 0.665000
vt 0.225665 0.390000
vt 0.376477 0.390000
vt 0.376477 0.665000
vt 0.225665 0.390000
vt 0.376477 0.665000
vt 0.225665 0.665000
vt 0.225665 0.390000
vt 0.225665 0.665000
vt 0.376477 0.665000
vt 0.225665 0.390000
vt 0.376477 0.665000
vt 0.376477 0.390000
vt 0.092509 0.390000
vt 0.224929 0.390000
vt 0.224929 0.665000
vt 0.092509 0.390000
vt 0.224929 0.665000
vt 0.092509 0.665000
vt 0.092509 0.390000
vt 0.224929 0.390000
vt 0.224929 0.665000
vt 0.092509 0.390000
vt 0.224929 0.665000
vt 0.092509 0.665000
vt 0.225665 0.390000
vt 0.376477 0.390000
vt 0.376477 0.665000
vt 0.225665 0.390000
vt 0.376477 0.665000
vt 0.225665 0.665000
vt 0.225665 0.390000
vt 0.225665 0.665000
vt 0.376477 0.665000
vt 0.225665 0.390000
vt 0.376477 0.665000
vt 0.376477 0.390000
vt 0.092509 0.390000
vt 0.224929 0.390000
vt 0.224929 0.665000
vt 0.092509 0.390000
vt 0.224929 0.665000
vt 0.092509 0.665000
vt 0.225665 0.390000
vt 0.376477 0.665000
vt 0.376477 0.390000
vt 0.225665 0.390000
vt 0.376477 0.390000
vt 0.376477 0.665000
vt 0.225665 0.390000
vt 0.376477 0.390000
vt 0.376477 0.665000
vt 0.092509 0.390000
vt 0.224929 0.390000
vt 0.224929 0.665000
vt 0.376477 0.390000
vt 0.376477 0.390000
vt 0.092509 0.390000
vt 0.224929 0.390000
vt 0.224929 0.665000
vt 0.092509 0.390000
vt 0.224929 0.390000
vt 0.224929 0.665000
vt 0.225665 0.390000
vt 0.376477 0.665000
vt 0.225665 0.665000
vt 0.225665 0.390000
vt 0.225665 0.665000
vt 0.376477 0.665000
vt 0.225665 0.390000
vt 0.376477 0.665000
vt 0.376477 0.390000
vt 0.225665 0.390000
vt 0.376477 0.665000
vt 0.376477 0.390000
vt 0.092509 0.390000
vt 0.224929 0.390000
vt 0.224929 0.665000
vt 0.376477 0.390000
vt 0.225665 0.390000
vt 0.376477 0.390000
vt 0.376477 0.665000
vt 0.225665 0.390000
vt 0.376477 0.665000
vt 0.376477 0.390000
vt 0.092509 0.390000
vt 0.224929 0.665000
vt 0.092509 0.665000
vt 0.225665 0.390000
vt 0.376477 0.390000
vt 0.376477 0.665000
vt 0.092509 0.390000
vt 0.224929 0.665000
vt 0.092509 0.665000
vt 0.225665 0.390000
vt 0.225665 0.665000
vt 0.376477 0.665000
vt 0.092509 0.390000
vt 0.224929 0.665000
vt 0.092509 0.665000
vt 0.225665 0.390000
vt 0.376477 0.390000
vt 0.376477 0.665000
vt 0.092509 0.390000
vt 0.224929 0.665000
vt 0.092509 0.665000
vt 0.225665 0.390000
vt 0.376477 0.390000
vt 0.376477 0.665000
vt 0.092509 0.390000
vt 0.224929 0.665000
vt 0.092509 0.665000
vt 0.092509 0.390000
vt 0.224929 0.665000
vt 0.092509 0.665000
vt 0.225665 0.390000
vt 0.376477 0.390000
vt 0.376477 0.665000
vn 1.0000 0.0000 0.0000
vn -1.0000 0.0000 0.0000
vn 0.0000 0.0000 -1.0000
vn 0.0000 0.0000 1.0000
vn 0.0710 0.0000 0.9975
vn 0.0709 0.0000 0.9975
vn -0.0175 0.0000 0.9998
vn -0.0174 0.0000 0.9998
vn 0.7075 0.0000 -0.7067
vn 0.7075 0.0000 -0.7068
vn 0.6925 0.0000 -0.7215
vn 0.6925 0.0000 -0.7214
vn 0.6924 0.0000 -0.7215
vn -0.6925 0.0000 0.7214
vn -0.6925 0.0000 0.7215
vn -0.7214 0.0000 -0.6925
vn -0.7215 0.0000 -0.6925
vn 0.7214 0.0000 0.6925
vn 0.7215 0.0000 0.6925
usemtl icicles
s off
f 1386/1386/846 1387/1387/846 1388/1388/846
f 1386/1386/846 1388/1388/846 1389/1389/846
f 1390/1390/846 1391/1391/846 1392/1392/846
f 1390/1390/846 1392/1392/846 1393/1393/846
f 1394/1394/846 1395/1395/846 1396/1396/846
f 1397/1397/846 1398/1398/846 1399/1399/846
f 1400/1400/846 1401/1401/846 1402/1402/846
f 1400/1400/846 1402/1402/846 1403/1403/846
f 1404/1404/846 1405/1405/846 1406/1406/846
f 1404/1404/846 1406/1406/846 1407/1407/846
f 1408/1408/846 1409/1409/846 1410/1410/846
f 1411/1411/846 1412/1412/846 1413/1413/846
f 1414/1414/846 1415/1415/846 1416/1416/846
f 1417/1417/846 1418/1418/846 1419/1419/846
f 1420/1420/846 1421/1421/846 1422/1422/846
f 1420/1420/846 1422/1422/846 1423/1423/846
f 1424/1424/846 1425/1425/846 1426/1426/846
f 1427/1427/846 1428/1428/846 1429/1429/846
f 1430/1430/846 1431/1431/846 1432/1432/846
f 1430/1430/846 1432/1432/846 1433/1433/846
f 1434/1434/846 1435/1435/846 1436/1436/846
f 1437/1437/846 1438/1438/846 1439/1439/846
f 1440/1440/846 1441/1441/846 1442/1442/846
f 1443/1443/846 1444/1444/846 1445/1445/846
f 1443/1443/846 1445/1445/846 1446/1446/846
f 1447/1447/846 1448/1448/846 1449/1449/846
f 1450/1450/846 1451/1451/846 1452/1452/846
f 1453/1453/846 1454/1454/846 1455/1455/846
f 1456/1456/846 1457/1457/846 1458/1458/846
f 1459/1459/846 1460/1460/846 1461/1461/846
f 1462/1462/846 1463/1463/846 1464/1464/846
f 1465/1465/846 1466/1466/846 1467/1467/846
f 1468/1468/846 1469/1469/846 1470/1470/846
f 1471/1471/847 1472/1472/847 1473/1473/847
f 1474/1474/847 1475/1475/847 1476/1476/847
f 1477/1477/847 1478/1478/847 1479/1479/847
f 1480/1480/847 1481/1481/847 1482/1482/847
f 1483/1483/847 1484/1484/847 1485/1485/847
f 1486/1486/847 1487/1487/847 1488/1488/847
f 1489/1489/847 1490/1490/847 1491/1491/847
f 1489/1489/847 1491/1491/847 1492/1492/847
f 1493/1493/847 1494/1494/847 1495/1495/847
f 1496/1496/847 1497/1497/847 1498/1498/847
f 1499/1499/847 1500/1500/847 1501/1501/847
f 1499/1499/847 1501/1501/847 1502/1502/847
f 1503/1503/847 1504/1504/847 1505/1505/847
f 1506/1506/847 1507/1507/847 1508/1508/847
f 1509/1509/847 1510/1510/847 1511/1511/847
f 1509/1509/847 1511/1511/847 1512/1512/847
f 1513/1513/847 1514/1514/847 1515/1515/847
f 1516/1516/847 1517/1517/847 1518/1518/847
f 1519/1519/847 1520/1520/847 1521/1521/847
f 1519/1519/847 1521/1521/847 1522/1522/847
f 1523/1523/847 1524/1524/847 1525/1525/847
f 1526/1526/847 1527/1527/847 1528/1528/847
f 1529/1529/847 1530/1530/847 1531/1531/847
f 1529/1529/847 1531/1531/847 1532/1532/847
f 1533/1533/847 1534/1534/847 1535/1535/847
f 1533/1533/847 1535/1535/847 1536/1536/847
f 1537/1537/847 1538/1538/847 1539/1539/847
f 1537/1537/847 1539/1539/847 1540/1540/847
f 1541/1541/847 1542/1542/847 1543/1543/847
f 1544/1544/847 1545/1545/847 1546/1546/847
f 1547/1547/847 1548/1548/847 1549/1549/847
f 1547/1547/847 1549/1549/847 1550/1550/847
f 1551/1551/847 1552/1552/847 1553/1553/847
f 1554/1554/847 1555/1555/847 1556/1556/847
f 1557/1557/847 1558/1558/847 1559/1559/847
f 1560/1560/847 1561/1561/847 1562/1562/847
f 1563/1563/847 1564/1564/847 1565/1565/847
f 1566/1566/847 1567/1567/847 1568/1568/847
f 1569/1569/847 1570/1570/847 1571/1571/847
f 1569/1569/847 1571/1571/847 1572/1572/847
f 1573/1573/847 1574/1574/847 1575/1575/847
f 1576/1576/847 1577/1577/847 1578/1578/847
f 1579/1579/847 1580/1580/847 1581/1581/847
f 1579/1579/847 1581/1581/847 1582/1582/847
f 1583/1583/847 1584/1584/847 1585/1585/847
f 1586/1586/847 1587/1587/847 1588/1588/847
f 1589/1589/847 1590/1590/847 1591/1591/847
f 1589/1589/847 1591/1591/847 1592/1592/847
f 1593/1593/848 1594/1594/848 1595/1595/848
f 1596/1596/848 1597/1597/848 1598/1598/848
f 1599/1599/848 1600/1600/848 1601/1601/848
f 1602/1602/848 1603/1603/848 1604/1604/848
f 1605/1605/848 1606/1606/848 1607/1607/848
f 1608/1608/848 1609/1609/848 1610/1610/848
f 1611/1611/848 1612/1612/848 1613/1613/848
f 1614/1614/848 1615/1615/848 1616/1616/848
f 1617/1617/848 1618/1618/848 1619/1619/848
f 1620/1620/848 1621/1621/848 1622/1622/848
f 1623/1623/848 1624/1624/848 1625/1625/848
f 1626/1626/848 1627/1627/848 1628/1628/848
f 1629/1629/848 1630/1630/848 1631/1631/848
f 1632/1632/848 1633/1633/848 1634/1634/848
f 1635/1635/848 1636/1636/848 1637/1637/848
f 1638/1638/848 1639/1639/848 1640/1640/848
f 1641/1641/848 1642/1642/848 1643/1643/848
f 1644/1644/848 1645/1645/848 1646/1646/848
f 1647/1647/848 1648/1648/848 1649/1649/848
f 1647/1647/848 1649/1649/848 1650/1650/848
f 1651/1651/848 1652/1652/848 1653/1653/848
f 1654/1654/848 1655/1655/848 1656/1656/848
f 1657/1657/848 1658/1658/848 1659/1659/848
f 1660/1660/848 1661/1661/848 1662/1662/848
f 1663/1663/849 1664/1664/849 1665/1665/849
f 1663/1663/849 1665/1665/849 1666/1666/849
f 1667/1667/849 1668/1668/849 1669/1669/849
f 1670/1670/849 1671/1671/849 1672/1672/849
f 1673/1673/849 1674/1674/849 1675/1675/849
f 1676/1676/849 1677/1677/849 1678/1678/849
f 1679/1679/849 1680/1680/849 1681/1681/849
f 1682/1682/849 1683/1683/849 1684/1684/849
f 1685/1685/849 1686/1686/849 1687/1687/849
f 1688/1688/849 1689/1689/849 1690/1690/849
f 1691/1691/849 1692/1692/849 1693/1693/849
f 1694/1694/849 1695/1695/849 1696/1696/849
f 1694/1694/849 1696/1696/849 1697/1697/849
f 1698/1698/849 1699/1699/849 1700/1700/849
f 1701/1701/849 1702/1702/849 1703/1703/849
f 1704/1704/849 1705/1705/849 1706/1706/849
f 1704/1704/849 1706/1706/849 1707/1707/849
f 1708/1708/849 1709/1709/849 1710/1710/849
f 1708/1708/849 1710/1710/849 1711/1711/849
f 1712/1712/849 1713/1713/849 1714/1714/849
f 1712/1712/849 1714/1714/849 1715/1715/849
f 1716/1716/849 1717/1717/849 1718/1718/849
f 1719/1719/849 1720/1720/849 1721/1721/849
f 1722/1722/849 1723/1723/849 1724/1724/849
f 1722/1722/849 1724/1724/849 1725/1725/849
f 1726/1726/849 1727/1727/849 1728/1728/849
f 1729/1729/849 1730/1730/849 1731/1731/849
f 1732/1732/849 1733/1733/849 1734/1734/849
f 1732/1732/849 1734/1734/849 1735/1735/849
f 1736/1736/849 1737/1737/849 1738/1738/849
f 1739/1739/849 1740/1740/849 1741/1741/849
f 1742/1742/849 1743/1743/849 1744/1744/849
f 1742/1742/849 1744/1744/849 1745/1745/849
f 1746/1746/849 1747/1747/849 1748/1748/849
f 1749/1749/849 1750/1750/849 1751/1751/849
f 1752/1752/849 1753/1753/849 1754/1754/849
f 1752/1752/849 1754/1754/849 1755/1755/849
f 1756/1756/849 1757/1757/849 1758/1758/849
f 1759/1759/849 1760/1760/849 1761/1761/849
f 1762/1762/846 1763/1763/846 1764/1764/846
f 1765/1765/846 1766/1766/846 1767/1767/846
f 1765/1765/846 1767/1767/846 1768/1768/846
f 1769/1769/846 1770/1770/846 1771/1771/846
f 1772/1772/846 1773/1773/846 1774/1774/846
f 1775/1775/846 1776/1776/846 1777/1777/846
f 1778/1778/846 1779/1779/846 1780/1780/846
f 1778/1778/846 1780/1780/846 1781/1781/846
f 1782/1782/846 1783/1783/846 1784/1784/846
f 1785/1785/846 1786/1786/846 1787/1787/846
f 1788/1788/846 1789/1789/846 1790/1790/846
f 1791/1791/846 1792/1792/846 1793/1793/846
f 1794/1794/846 1795/1795/846 1796/1796/846
f 1797/1797/846 1798/1798/846 1799/1799/846
f 1800/1800/846 1801/1801/846 1802/1802/846
f 1803/1803/846 1804/1804/846 1805/1805/846
f 1806/1806/846 1807/1807/846 1808/1808/846
f 1806/1806/846 1808/1808/846 1809/1809/846
f 1810/1810/846 1811/1811/846 1812/1812/846
f 1813/1813/846 1814/1814/846 1815/1815/846
f 1816/1816/846 1817/1817/846 1818/1818/846
f 1819/1819/846 1820/1820/846 1821/1821/846
f 1822/1822/846 1823/1823/846 1824/1824/846
f 1822/1822/846 1824/1824/846 1825/1825/846
f 1826/1826/846 1827/1827/846 1828/1828/846
f 1829/1829/846 1830/1830/846 1831/1831/846
f 1832/1832/846 1833/1833/846 1834/1834/846
f 1835/1835/846 1836/1836/846 1837/1837/846
f 1838/1838/846 1839/1839/846 1840/1840/846
f 1841/1841/846 1842/1842/846 1843/1843/846
f 1844/1844/846 1845/1845/846 1846/1846/846
f 1844/1844/846 1846/1846/846 1847/1847/846
f 1848/1848/846 1849/1849/846 1850/1850/846
f 1848/1848/846 1850/1850/846 1851/1851/846
f 1852/1852/846 1853/1853/846 1854/1854/846
f 1855/1855/846 1856/1856/846 1857/1857/846
f 1858/1858/846 1859/1859/846 1860/1860/846
f 1861/1861/846 1862/1862/846 1863/1863/846
f 1864/1864/846 1865/1865/846 1866/1866/846
f 1864/1864/846 1866/1866/846 1867/1867/846
f 1868/1868/848 1869/1869/848 1870/1870/848
f 1868/1868/848 1870/1870/848 1871/1871/848
f 1872/1872/848 1873/1873/848 1874/1874/848
f 1872/1872/848 1874/1874/848 1875/1875/848
f 1876/1876/848 1877/1877/848 1878/1878/848
f 1879/1879/848 1880/1880/848 1881/1881/848
f 1882/1882/848 1883/1883/848 1884/1884/848
f 1885/1885/848 1886/1886/848 1887/1887/848
f 1888/1888/848 1889/1889/848 1890/1890/848
f 1891/1891/848 1892/1892/848 1893/1893/848
f 1894/1894/848 1895/1895/848 1896/1896/848
f 1897/1897/848 1898/1898/848 1899/1899/848
f 1900/1900/848 1901/1901/848 1902/1902/848
f 1900/1900/848 1902/1902/848 1903/1903/848
f 1904/1904/848 1905/1905/848 1906/1906/848
f 1907/1907/848 1908/1908/848 1909/1909/848
f 1910/1910/849 1911/1911/849 1912/1912/849
f 1910/1910/849 1912/1912/849 1913/1913/849
f 1914/1914/849 1915/1915/849 1916/1916/849
f 1914/1914/849 1916/1916/849 1917/1917/849
f 1918/1918/849 1919/1919/849 1920/1920/849
f 1918/1918/849 1920/1920/849 1921/1921/849
f 1922/1922/849 1923/1923/849 1924/1924/849
f 1922/1922/849 1924/1924/849 1925/1925/849
f 1926/1926/849 1927/1927/849 1928/1928/849
f 1926/1926/849 1928/1928/849 1929/1929/849
f 1930/1930/849 1931/1931/849 1932/1932/849
f 1930/1930/849 1932/1932/849 1933/1933/849
f 1934/1934/849 1935/1935/849 1936/1936/849
f 1934/1934/849 1936/1936/849 1937/1937/849
f 1938/1938/849 1939/1939/849 1940/1940/849
f 1938/1938/849 1940/1940/849 1941/1941/849
f 1942/1942/849 1943/1943/849 1944/1944/849
f 1945/1945/849 1946/1946/849 1947/1947/849
f 1948/1948/849 1949/1949/849 1950/1950/849
f 1951/1951/849 1952/1952/849 1953/1953/849
f 1954/1954/849 1955/1955/849 1956/1956/849
f 1954/1954/849 1956/1956/849 1957/1957/849
f 1958/1958/849 1959/1959/849 1960/1960/849
f 1958/1958/849 1960/1960/849 1961/1961/849
f 1962/1962/849 1963/1963/849 1964/1964/849
f 1962/1962/849 1964/1964/849 1965/1965/849
f 1966/1966/849 1967/1967/849 1968/1968/849
f 1966/1966/849 1968/1968/849 1969/1969/849
f 1970/1970/849 1971/1971/849 1972/1972/849
f 1970/1970/849 1972/1972/849 1973/1973/849
f 1974/1974/849 1975/1975/849 1976/1976/849
f 1974/1974/849 1976/1976/849 1977/1977/849
f 1978/1978/847 1979/1979/847 1980/1980/847
f 1978/1978/847 1980/1980/847 1981/1981/847
f 1982/1982/847 1983/1983/847 1984/1984/847
f 1985/1985/847 1986/1986/847 1987/1987/847
f 1988/1988/847 1989/1989/847 1990/1990/847
f 1988/1988/847 1990/1990/847 1991/1991/847
f 1992/1992/847 1993/1993/847 1994/1994/847
f 1995/1995/847 1996/1996/847 1997/1997/847
f 1998/1998/847 1999/1999/847 2000/2000/847
f 1998/1998/847 2000/2000/847 2001/2001/847
f 2002/2002/847 2003/2003/847 2004/2004/847
f 2005/2005/847 2006/2006/847 2007/2007/847
f 2008/2008/847 2009/2009/847 2010/2010/847
f 2008/2008/847 2010/2010/847 2011/2011/847
f 2012/2012/847 2013/2013/847 2014/2014/847
f 2015/2015/847 2016/2016/847 2017/2017/847
f 2018/2018/847 2019/2019/847 2020/2020/847
f 2018/2018/847 2020/2020/847 2021/2021/847
f 2022/2022/847 2023/2023/847 2024/2024/847
f 2025/2025/847 2026/2026/847 2027/2027/847
f 2028/2028/847 2029/2029/847 2030/2030/847
f 2028/2028/847 2030/2030/847 2031/2031/847
f 2032/2032/847 2033/2033/847 2034/2034/847
f 2035/2035/847 2036/2036/847 2037/2037/847
f 2038/2038/847 2039/2039/847 2040/2040/847
f 2038/2038/847 2040/2040/847 2041/2041/847
f 2042/2042/847 2043/2043/847 2044/2044/847
f 2045/2045/847 2046/2046/847 2047/2047/847
f 2048/2048/847 2049/2049/847 2050/2050/847
f 2048/2048/847 2050/2050/847 2051/2051/847
f 2052/2052/847 2053/2053/847 2054/2054/847
f 2055/2055/847 2056/2056/847 2057/2057/847
f 2058/2058/847 2059/2059/847 2060/2060/847
f 2058/2058/847 2060/2060/847 2061/2061/847
f 2062/2062/847 2063/2063/847 2064/2064/847
f 2065/2065/847 2066/2066/847 2067/2067/847
f 2068/2068/847 2069/2069/847 2070/2070/847
f 2068/2068/847 2070/2070/847 2071/2071/847
f 2072/2072/847 2073/2073/847 2074/2074/847
f 2075/2075/847 2076/2076/847 2077/2077/847
f 2078/2078/849 2079/2079/849 2080/2080/849
f 2078/2078/849 2080/2080/849 2081/2081/849
f 2082/2082/849 2083/2083/849 2084/2084/849
f 2085/2085/849 2086/2086/849 2087/2087/849
f 2088/2088/849 2089/2089/849 2090/2090/849
f 2088/2088/849 2090/2090/849 2091/2091/849
f 2092/2092/849 2093/2093/849 2094/2094/849
f 2095/2095/849 2096/2096/849 2097/2097/849
f 2098/2098/846 2099/2099/846 2100/2100/846
f 2098/2098/846 2100/2100/846 2101/2101/846
f 2102/2102/846 2103/2103/846 2104/2104/846
f 2102/2102/846 2104/2104/846 2105/2105/846
f 2106/2106/846 2107/2107/846 2108/2108/846
f 2106/2106/846 2108/2108/846 2109/2109/846
f 2110/2110/846 2111/2111/846 2112/2112/846
f 2110/2110/846 2112/2112/846 2113/2113/846
f 2114/2114/846 2115/2115/846 2116/2116/846
f 2114/2114/846 2116/2116/846 2117/2117/846
f 2118/2118/846 2119/2119/846 2120/2120/846
f 2118/2118/846 2120/2120/846 2121/2121/846
f 2122/2122/846 2123/2123/846 2124/2124/846
f 2122/2122/846 2124/2124/846 2125/2125/846
f 2126/2126/846 2127/2127/846 2128/2128/846
f 2126/2126/846 2128/2128/846 2129/2129/846
f 2130/2130/846 2131/2131/846 2132/2132/846
f 2130/2130/846 2132/2132/846 2133/2133/846
f 2134/2134/846 2135/2135/846 2136/2136/846
f 2134/2134/846 2136/2136/846 2137/2137/846
f 2138/2138/846 2139/2139/846 2140/2140/846
f 2138/2138/846 2140/2140/846 2141/2141/846
f 2142/2142/846 2143/2143/846 2144/2144/846
f 2142/2142/846 2144/2144/846 2145/2145/846
f 2146/2146/846 2147/2147/846 2148/2148/846
f 2146/2146/846 2148/2148/846 2149/2149/846
f 2150/2150/846 2151/2151/846 2152/2152/846
f 2150/2150/846 2152/2152/846 2153/2153/846
f 2154/2154/846 2155/2155/846 2156/2156/846
f 2154/2154/846 2156/2156/846 2157/2157/846
f 2158/2158/846 2159/2159/846 2160/2160/846
f 2158/2158/846 2160/2160/846 2161/2161/846
f 2162/2162/847 2163/2163/847 2164/2164/847
f 2165/2165/847 2166/2166/847 2167/2167/847
f 2168/2168/847 2169/2169/847 2170/2170/847
f 2171/2171/847 2172/2172/847 2173/2173/847
f 2174/2174/847 2175/2175/847 2176/2176/847
f 2177/2177/847 2178/2178/847 2179/2179/847
f 2180/2180/847 2181/2181/847 2182/2182/847
f 2180/2180/847 2182/2182/847 2183/2183/847
f 2184/2184/847 2185/2185/847 2186/2186/847
f 2187/2187/847 2188/2188/847 2189/2189/847
f 2190/2190/847 2191/2191/847 2192/2192/847
f 2190/2190/847 2192/2192/847 2193/2193/847
f 2194/2194/847 2195/2195/847 2196/2196/847
f 2197/2197/847 2198/2198/847 2199/2199/847
f 2200/2200/847 2201/2201/847 2202/2202/847
f 2200/2200/847 2202/2202/847 2203/2203/847
f 2204/2204/847 2205/2205/847 2206/2206/847
f 2204/2204/847 2206/2206/847 2207/2207/847
f 2208/2208/847 2209/2209/847 2210/2210/847
f 2208/2208/847 2210/2210/847 2211/2211/847
f 2212/2212/847 2213/2213/847 2214/2214/847
f 2215/2215/847 2216/2216/847 2217/2217/847
f 2218/2218/847 2219/2219/847 2220/2220/847
f 2218/2218/847 2220/2220/847 2221/2221/847
f 2222/2222/846 2223/2223/846 2224/2224/846
f 2222/2222/846 2224/2224/846 2225/2225/846
f 2226/2226/846 2227/2227/846 2228/2228/846
f 2226/2226/846 2228/2228/846 2229/2229/846
f 2230/2230/846 2231/2231/846 2232/2232/846
f 2233/2233/846 2234/2234/846 2235/2235/846
f 2236/2236/846 2237/2237/846 2238/2238/846
f 2236/2236/846 2238/2238/846 2239/2239/846
f 2240/2240/847 2241/2241/847 2242/2242/847
f 2243/2243/847 2244/2244/847 2245/2245/847
f 2246/2246/847 2247/2247/847 2248/2248/847
f 2246/2246/847 2248/2248/847 2249/2249/847
f 2250/2250/847 2251/2251/847 2252/2252/847
f 2253/2253/847 2254/2254/847 2255/2255/847
f 2256/2256/847 2257/2257/847 2258/2258/847
f 2256/2256/847 2258/2258/847 2259/2259/847
f 2260/2260/847 2261/2261/847 2262/2262/847
f 2263/2263/847 2264/2264/847 2265/2265/847
f 2266/2266/847 2267/2267/847 2268/2268/847
f 2266/2266/847 2268/2268/847 2269/2269/847
f 2270/2270/847 2271/2271/847 2272/2272/847
f 2273/2273/847 2274/2274/847 2275/2275/847
f 2276/2276/847 2277/2277/847 2278/2278/847
f 2276/2276/847 2278/2278/847 2279/2279/847
f 2280/2280/846 2281/2281/846 2282/2282/846
f 2280/2280/846 2282/2282/846 2283/2283/846
f 2284/2284/846 2285/2285/846 2286/2286/846
f 2287/2287/846 2288/2288/846 2289/2289/846
f 2290/2290/846 2291/2291/846 2292/2292/846
f 2293/2293/846 2294/2294/846 2295/2295/846
f 2296/2296/846 2297/2297/846 2298/2298/846
f 2296/2296/846 2298/2298/846 2299/2299/846
f 2300/2300/846 2301/2301/846 2302/2302/846
f 2303/2303/846 2304/2304/846 2305/2305/846
f 2306/2306/846 2307/2307/846 2308/2308/846
f 2309/2309/846 2310/2310/846 2311/2311/846
f 2312/2312/846 2313/2313/846 2314/2314/846
f 2315/2315/846 2316/2316/846 2317/2317/846
f 2318/2318/846 2319/2319/846 2320/2320/846
f 2321/2321/846 2322/2322/846 2323/2323/846
f 2324/2324/846 2325/2325/846 2326/2326/846
f 2327/2327/846 2328/2328/846 2329/2329/846
f 2330/2330/846 2331/2331/846 2332/2332/846
f 2333/2333/846 2334/2334/846 2335/2335/846
f 2336/2336/846 2337/2337/846 2338/2338/846
f 2339/2339/846 2340/2340/846 2341/2341/846
f 2339/2339/846 2341/2341/846 2342/2342/846
f 2343/2343/846 2344/2344/846 2345/2345/846
f 2346/2346/846 2347/2347/846 2348/2348/846
f 2349/2349/846 2350/2350/846 2351/2351/846
f 2352/2352/846 2353/2353/846 2354/2354/846
f 2355/2355/846 2356/2356/846 2357/2357/846
f 2358/2358/846 2359/2359/846 2360/2360/846
f 2361/2361/846 2362/2362/846 2363/2363/846
f 2364/2364/846 2365/2365/846 2366/2366/846
f 2367/2367/846 2368/2368/846 2369/2369/846
f 2370/2370/846 2371/2371/846 2372/2372/846
f 2373/2373/846 2374/2374/846 2375/2375/846
f 2376/2376/846 2377/2377/846 2378/2378/846
f 2379/2379/846 2380/2380/846 2381/2381/846
f 2382/2382/846 2383/2383/846 2384/2384/846
f 2385/2385/846 2386/2386/846 2387/2387/846
f 2388/2388/846 2389/2389/846 2390/2390/846
f 2391/2391/846 2392/2392/846 2393/2393/846
f 2394/2394/846 2395/2395/846 2396/2396/846
f 2397/2397/846 2398/2398/846 2399/2399/846
f 2400/2400/846 2401/2401/846 2402/2402/846
f 2403/2403/846 2404/2404/846 2405/2405/846
f 2406/2406/846 2407/2407/846 2408/2408/846
f 2409/2409/846 2410/2410/846 2411/2411/846
f 2412/2412/848 2413/2413/848 2414/2414/848
f 2412/2412/848 2414/2414/848 2415/2415/848
f 2416/2416/848 2417/2417/848 2418/2418/848
f 2419/2419/848 2420/2420/848 2421/2421/848
f 2422/2422/848 2423/2423/848 2424/2424/848
f 2425/2425/848 2426/2426/848 2427/2427/848
f 2428/2428/848 2429/2429/848 2430/2430/848
f 2428/2428/848 2430/2430/848 2431/2431/848
f 2432/2432/848 2433/2433/848 2434/2434/848
f 2432/2432/848 2434/2434/848 2435/2435/848
f 2436/2436/848 2437/2437/848 2438/2438/848
f 2439/2439/848 2440/2440/848 2441/2441/848
f 2442/2442/848 2443/2443/848 2444/2444/848
f 2445/2445/848 2446/2446/848 2447/2447/848
f 2448/2448/848 2449/2449/848 2450/2450/848
f 2448/2448/848 2450/2450/848 2451/2451/848
f 2452/2452/848 2453/2453/848 2454/2454/848
f 2452/2452/848 2454/2454/848 2455/2455/848
f 2456/2456/848 2457/2457/848 2458/2458/848
f 2459/2459/848 2460/2460/848 2461/2461/848
f 2462/2462/848 2463/2463/848 2464/2464/848
f 2465/2465/848 2466/2466/848 2467/2467/848
f 2468/2468/848 2469/2469/848 2470/2470/848
f 2468/2468/848 2470/2470/848 2471/2471/848
f 2472/2472/846 2473/2473/846 2474/2474/846
f 2472/2472/846 2474/2474/846 2475/2475/846
f 2476/2476/846 2477/2477/846 2478/2478/846
f 2476/2476/846 2478/2478/846 2479/2479/846
f 2480/2480/846 2481/2481/846 2482/2482/846
f 2483/2483/846 2484/2484/846 2485/2485/846
f 2486/2486/846 2487/2487/846 2488/2488/846
f 2486/2486/846 2488/2488/846 2489/2489/846
f 2490/2490/846 2491/2491/846 2492/2492/846
f 2490/2490/846 2492/2492/846 2493/2493/846
f 2494/2494/846 2495/2495/846 2496/2496/846
f 2494/2494/846 2496/2496/846 2497/2497/846
f 2498/2498/846 2499/2499/846 2500/2500/846
f 2501/2501/846 2502/2502/846 2503/2503/846
f 2504/2504/846 2505/2505/846 2506/2506/846
f 2507/2507/846 2508/2508/846 2509/2509/846
f 2510/2510/848 2511/2511/848 2512/2512/848
f 2510/2510/848 2512/2512/848 2513/2513/848
f 2514/2514/848 2515/2515/848 2516/2516/848
f 2514/2514/848 2516/2516/848 2517/2517/848
f 2518/2518/848 2519/2519/848 2520/2520/848
f 2518/2518/848 2520/2520/848 2521/2521/848
f 2522/2522/848 2523/2523/848 2524/2524/848
f 2522/2522/848 2524/2524/848 2525/2525/848
f 2526/2526/848 2527/2527/848 2528/2528/848
f 2526/2526/848 2528/2528/848 2529/2529/848
f 2530/2530/848 2531/2531/848 2532/2532/848
f 2533/2533/848 2534/2534/848 2535/2535/848
f 2536/2536/848 2537/2537/848 2538/2538/848
f 2536/2536/848 2538/2538/848 2539/2539/848
f 2540/2540/848 2541/2541/848 2542/2542/848
f 2540/2540/848 2542/2542/848 2543/2543/848
f 2544/2544/848 2545/2545/848 2546/2546/848
f 2544/2544/848 2546/2546/848 2547/2547/848
f 2548/2548/848 2549/2549/848 2550/2550/848
f 2551/2551/848 2552/2552/848 2553/2553/848
f 2554/2554/848 2555/2555/848 2556/2556/848
f 2554/2554/848 2556/2556/848 2557/2557/848
f 2558/2558/848 2559/2559/848 2560/2560/848
f 2558/2558/848 2560/2560/848 2561/2561/848
f 2562/2562/850 2563/2563/850 2564/2564/850
f 2565/2565/850 2566/2566/850 2567/2567/850
f 2568/2568/850 2569/2569/850 2570/2570/850
f 2571/2571/850 2572/2572/850 2573/2573/850
f 2574/2574/850 2575/2575/850 2576/2576/850
f 2577/2577/850 2578/2578/850 2579/2579/850
f 2580/2580/850 2581/2581/850 2582/2582/850
f 2583/2583/851 2584/2584/851 2585/2585/851
f 2586/2586/850 2587/2587/850 2588/2588/850
f 2589/2589/850 2590/2590/850 2591/2591/850
f 2592/2592/850 2593/2593/850 2594/2594/850
f 2595/2595/850 2596/2596/850 2597/2597/850
f 2598/2598/850 2599/2599/850 2600/2600/850
f 2601/2601/851 2602/2602/851 2603/2603/851
f 2604/2604/846 2605/2605/846 2606/2606/846
f 2607/2607/846 2608/2608/846 2609/2609/846
f 2610/2610/846 2611/2611/846 2612/2612/846
f 2610/2610/846 2612/2612/846 2613/2613/846
f 2614/2614/846 2615/2615/846 2616/2616/846
f 2614/2614/846 2616/2616/846 2617/2617/846
f 2618/2618/846 2619/2619/846 2620/2620/846
f 2621/2621/846 2622/2622/846 2623/2623/846
f 2624/2624/846 2625/2625/846 2626/2626/846
f 2624/2624/846 2626/2626/846 2627/2627/846
f 2628/2628/846 2629/2629/846 2630/2630/846
f 2628/2628/846 2630/2630/846 2631/2631/846
f 2632/2632/846 2633/2633/846 2634/2634/846
f 2632/2632/846 2634/2634/846 2635/2635/846
f 2636/2636/846 2637/2637/846 2638/2638/846
f 2636/2636/846 2638/2638/846 2639/2639/846
f 2640/2640/846 2641/2641/846 2642/2642/846
f 2643/2643/846 2644/2644/846 2645/2645/846
f 2646/2646/846 2647/2647/846 2648/2648/846
f 2646/2646/846 2648/2648/846 2649/2649/846
f 2650/2650/846 2651/2651/846 2652/2652/846
f 2650/2650/846 2652/2652/846 2653/2653/846
f 2654/2654/846 2655/2655/846 2656/2656/846
f 2654/2654/846 2656/2656/846 2657/2657/846
f 2658/2658/846 2659/2659/846 2660/2660/846
f 2658/2658/846 2660/2660/846 2661/2661/846
f 2662/2662/846 2663/2663/846 2664/2664/846
f 2662/2662/846 2664/2664/846 2665/2665/846
f 2666/2666/846 2667/2667/846 2668/2668/846
f 2666/2666/846 2668/2668/846 2669/2669/846
f 2670/2670/846 2671/2671/846 2672/2672/846
f 2670/2670/846 2672/2672/846 2673/2673/846
f 2674/2674/846 2675/2675/846 2676/2676/846
f 2674/2674/846 2676/2676/846 2677/2677/846
f 2678/2678/846 2679/2679/846 2680/2680/846
f 2678/2678/846 2680/2680/846 2681/2681/846
f 2682/2682/846 2683/2683/846 2684/2684/846
f 2682/2682/846 2684/2684/846 2685/2685/846
f 2686/2686/846 2687/2687/846 2688/2688/846
f 2686/2686/846 2688/2688/846 2689/2689/846
f 2690/2690/846 2691/2691/846 2692/2692/846
f 2690/2690/846 2692/2692/846 2693/2693/846
f 2694/2694/846 2695/2695/846 2696/2696/846
f 2694/2694/846 2696/2696/846 2697/2697/846
f 2698/2698/846 2699/2699/846 2700/2700/846
f 2698/2698/846 2700/2700/846 2701/2701/846
f 2702/2702/846 2703/2703/846 2704/2704/846
f 2702/2702/846 2704/2704/846 2705/2705/846
f 2706/2706/846 2707/2707/846 2708/2708/846
f 2706/2706/846 2708/2708/846 2709/2709/846
f 2710/2710/846 2711/2711/846 2712/2712/846
f 2710/2710/846 2712/2712/846 2713/2713/846
f 2714/2714/846 2715/2715/846 2716/2716/846
f 2714/2714/846 2716/2716/846 2717/2717/846
f 2718/2718/848 2719/2719/848 2720/2720/848
f 2718/2718/848 2720/2720/848 2721/2721/848
f 2722/2722/848 2723/2723/848 2724/2724/848
f 2722/2722/848 2724/2724/848 2725/2725/848
f 2726/2726/848 2727/2727/848 2728/2728/848
f 2726/2726/848 2728/2728/848 2729/2729/848
f 2730/2730/848 2731/2731/848 2732/2732/848
f 2733/2733/848 2734/2734/848 2735/2735/848
f 2736/2736/848 2737/2737/848 2738/2738/848
f 2739/2739/848 2740/2740/848 2741/2741/848
f 2742/2742/848 2743/2743/848 2744/2744/848
f 2742/2742/848 2744/2744/848 2745/2745/848
f 2746/2746/848 2747/2747/848 2748/2748/848
f 2746/2746/848 2748/2748/848 2749/2749/848
f 2750/2750/848 2751/2751/848 2752/2752/848
f 2750/2750/848 2752/2752/848 2753/2753/848
f 2754/2754/848 2755/2755/848 2756/2756/848
f 2754/2754/848 2756/2756/848 2757/2757/848
f 2758/2758/848 2759/2759/848 2760/2760/848
f 2758/2758/848 2760/2760/848 2761/2761/848
f 2762/2762/848 2763/2763/848 2764/2764/848
f 2762/2762/848 2764/2764/848 2765/2765/848
f 2766/2766/848 2767/2767/848 2768/2768/848
f 2766/2766/848 2768/2768/848 2769/2769/848
f 2770/2770/848 2771/2771/848 2772/2772/848
f 2773/2773/848 2774/2774/848 2775/2775/848
f 2776/2776/848 2777/2777/848 2778/2778/848
f 2779/2779/848 2780/2780/848 2781/2781/848
f 2782/2782/848 2783/2783/848 2784/2784/848
f 2782/2782/848 2784/2784/848 2785/2785/848
f 2786/2786/848 2787/2787/848 2788/2788/848
f 2786/2786/848 2788/2788/848 2789/2789/848
f 2790/2790/848 2791/2791/848 2792/2792/848
f 2790/2790/848 2792/2792/848 2793/2793/848
f 2794/2794/848 2795/2795/848 2796/2796/848
f 2794/2794/848 2796/2796/848 2797/2797/848
f 2798/2798/848 2799/2799/848 2800/2800/848
f 2798/2798/848 2800/2800/848 2801/2801/848
f 2802/2802/848 2803/2803/848 2804/2804/848
f 2802/2802/848 2804/2804/848 2805/2805/848
f 2806/2806/848 2807/2807/848 2808/2808/848
f 2806/2806/848 2808/2808/848 2809/2809/848
f 2810/2810/848 2811/2811/848 2812/2812/848
f 2813/2813/848 2814/2814/848 2815/2815/848
f 2816/2816/848 2817/2817/848 2818/2818/848
f 2819/2819/848 2820/2820/848 2821/2821/848
f 2822/2822/848 2823/2823/848 2824/2824/848
f 2822/2822/848 2824/2824/848 2825/2825/848
f 2826/2826/848 2827/2827/848 2828/2828/848
f 2826/2826/848 2828/2828/848 2829/2829/848
f 2830/2830/848 2831/2831/848 2832/2832/848
f 2830/2830/848 2832/2832/848 2833/2833/848
f 2834/2834/848 2835/2835/848 2836/2836/848
f 2834/2834/848 2836/2836/848 2837/2837/848
f 2838/2838/848 2839/2839/848 2840/2840/848
f 2838/2838/848 2840/2840/848 2841/2841/848
f 2842/2842/848 2843/2843/848 2844/2844/848
f 2842/2842/848 2844/2844/848 2845/2845/848
f 2846/2846/848 2847/2847/848 2848/2848/848
f 2846/2846/848 2848/2848/848 2849/2849/848
f 2850/2850/848 2851/2851/848 2852/2852/848
f 2853/2853/848 2854/2854/848 2855/2855/848
f 2856/2856/848 2857/2857/848 2858/2858/848
f 2859/2859/848 2860/2860/848 2861/2861/848
f 2862/2862/848 2863/2863/848 2864/2864/848
f 2862/2862/848 2864/2864/848 2865/2865/848
f 2866/2866/848 2867/2867/848 2868/2868/848
f 2866/2866/848 2868/2868/848 2869/2869/848
f 2870/2870/848 2871/2871/848 2872/2872/848
f 2870/2870/848 2872/2872/848 2873/2873/848
f 2874/2874/848 2875/2875/848 2876/2876/848
f 2874/2874/848 2876/2876/848 2877/2877/848
f 2878/2878/852 2879/2879/852 2880/2880/852
f 2881/2881/852 2882/2882/852 2883/2883/852
f 2884/2884/853 2885/2885/853 2886/2886/853
f 2887/2887/853 2888/2888/853 2889/2889/853
f 2890/2890/852 2891/2891/852 2892/2892/852
f 2893/2893/852 2894/2894/852 2895/2895/852
f 2896/2896/852 2897/2897/852 2898/2898/852
f 2899/2899/852 2900/2900/852 2901/2901/852
f 2902/2902/852 2903/2903/852 2904/2904/852
f 2905/2905/852 2906/2906/852 2907/2907/852
f 2908/2908/852 2909/2909/852 2910/2910/852
f 2911/2911/852 2912/2912/852 2913/2913/852
f 2914/2914/852 2915/2915/852 2916/2916/852
f 2917/2917/852 2918/2918/852 2919/2919/852
f 2920/2920/852 2921/2921/852 2922/2922/852
f 2923/2923/852 2924/2924/852 2925/2925/852
f 2926/2926/853 2927/2927/853 2928/2928/853
f 2929/2929/853 2930/2930/853 2931/2931/853
f 2932/2932/852 2933/2933/852 2934/2934/852
f 2935/2935/852 2936/2936/852 2937/2937/852
f 2938/2938/853 2939/2939/853 2940/2940/853
f 2941/2941/853 2942/2942/853 2943/2943/853
f 2944/2944/848 2945/2945/848 2946/2946/848
f 2944/2944/848 2946/2946/848 2947/2947/848
f 2948/2948/848 2949/2949/848 2950/2950/848
f 2951/2951/848 2952/2952/848 2953/2953/848
f 2954/2954/848 2955/2955/848 2956/2956/848
f 2954/2954/848 2956/2956/848 2957/2957/848
f 2958/2958/848 2959/2959/848 2960/2960/848
f 2958/2958/848 2960/2960/848 2961/2961/848
f 2962/2962/848 2963/2963/848 2964/2964/848
f 2962/2962/848 2964/2964/848 2965/2965/848
f 2966/2966/848 2967/2967/848 2968/2968/848
f 2969/2969/848 2970/2970/848 2971/2971/848
f 2972/2972/848 2973/2973/848 2974/2974/848
f 2972/2972/848 2974/2974/848 2975/2975/848
f 2976/2976/848 2977/2977/848 2978/2978/848
f 2976/2976/848 2978/2978/848 2979/2979/848
f 2980/2980/848 2981/2981/848 2982/2982/848
f 2980/2980/848 2982/2982/848 2983/2983/848
f 2984/2984/848 2985/2985/848 2986/2986/848
f 2987/2987/848 2988/2988/848 2989/2989/848
f 2990/2990/848 2991/2991/848 2992/2992/848
f 2990/2990/848 2992/2992/848 2993/2993/848
f 2994/2994/848 2995/2995/848 2996/2996/848
f 2997/2997/848 2998/2998/848 2999/2999/848
f 3000/3000/848 3001/3001/848 3002/3002/848
f 3000/3000/848 3002/3002/848 3003/3003/848
f 3004/3004/848 3005/3005/848 3006/3006/848
f 3007/3007/848 3008/3008/848 3009/3009/848
f 3010/3010/848 3011/3011/848 3012/3012/848
f 3010/3010/848 3012/3012/848 3013/3013/848
f 3014/3014/848 3015/3015/848 3016/3016/848
f 3017/3017/848 3018/3018/848 3019/3019/848
f 3020/3020/848 3021/3021/848 3022/3022/848
f 3020/3020/848 3022/3022/848 3023/3023/848
f 3024/3024/848 3025/3025/848 3026/3026/848
f 3027/3027/848 3028/3028/848 3029/3029/848
f 3030/3030/848 3031/3031/848 3032/3032/848
f 3030/3030/848 3032/3032/848 3033/3033/848
f 3034/3034/848 3035/3035/848 3036/3036/848
f 3037/3037/848 3038/3038/848 3039/3039/848
f 3040/3040/847 3041/3041/847 3042/3042/847
f 3040/3040/847 3042/3042/847 3043/3043/847
f 3044/3044/847 3045/3045/847 3046/3046/847
f 3047/3047/847 3048/3048/847 3049/3049/847
f 3050/3050/847 3051/3051/847 3052/3052/847
f 3050/3050/847 3052/3052/847 3053/3053/847
f 3054/3054/847 3055/3055/847 3056/3056/847
f 3054/3054/847 3056/3056/847 3057/3057/847
f 3058/3058/847 3059/3059/847 3060/3060/847
f 3058/3058/847 3060/3060/847 3061/3061/847
f 3062/3062/847 3063/3063/847 3064/3064/847
f 3065/3065/847 3066/3066/847 3067/3067/847
f 3068/3068/847 3069/3069/847 3070/3070/847
f 3071/3071/847 3072/3072/847 3073/3073/847
f 3074/3074/847 3075/3075/847 3076/3076/847
f 3074/3074/847 3076/3076/847 3077/3077/847
f 3078/3078/847 3079/3079/847 3080/3080/847
f 3078/3078/847 3080/3080/847 3081/3081/847
f 3082/3082/847 3083/3083/847 3084/3084/847
f 3085/3085/847 3086/3086/847 3087/3087/847
f 3088/3088/847 3089/3089/847 3090/3090/847
f 3088/3088/847 3090/3090/847 3091/3091/847
f 3092/3092/847 3093/3093/847 3094/3094/847
f 3092/3092/847 3094/3094/847 3095/3095/847
f 3096/3096/854 3097/3097/854 3098/3098/854
f 3099/3099/854 3100/3100/854 3101/3101/854
f 3102/3102/854 3103/3103/854 3104/3104/854
f 3105/3105/854 3106/3106/854 3107/3107/854
f 3108/3108/854 3109/3109/854 3110/3110/854
f 3111/3111/854 3112/3112/854 3113/3113/854
f 3114/3114/854 3115/3115/854 3116/3116/854
f 3117/3117/854 3118/3118/854 3119/3119/854
f 3120/3120/854 3121/3121/854 3122/3122/854
f 3123/3123/854 3124/3124/854 3125/3125/854
f 3126/3126/855 3127/3127/855 3128/3128/855
f 3129/3129/854 3130/3130/854 3131/3131/854
f 3132/3132/854 3133/3133/854 3134/3134/854
f 3135/3135/854 3136/3136/854 3137/3137/854
f 3138/3138/854 3139/3139/854 3140/3140/854
f 3141/3141/854 3142/3142/854 3143/3143/854
f 3144/3144/854 3145/3145/854 3146/3146/854
f 3147/3147/854 3148/3148/854 3149/3149/854
f 3150/3150/855 3151/3151/855 3152/3152/855
f 3153/3153/854 3154/3154/854 3155/3155/854
f 3156/3156/854 3157/3157/854 3158/3158/854
f 3159/3159/855 3160/3160/855 3161/3161/855
f 3162/3162/854 3163/3163/854 3164/3164/854
f 3165/3165/854 3166/3166/854 3167/3167/854
f 3168/3168/854 3169/3169/854 3170/3170/854
f 3171/3171/854 3172/3172/854 3173/3173/854
f 3174/3174/854 3175/3175/854 3176/3176/854
f 3177/3177/854 3178/3178/854 3179/3179/854
f 3180/3180/854 3181/3181/854 3182/3182/854
f 3183/3183/854 3184/3184/854 3185/3185/854
f 3186/3186/854 3187/3187/854 3188/3188/854
f 3189/3189/848 3190/3190/848 3191/3191/848
f 3192/3192/848 3193/3193/848 3194/3194/848
f 3195/3195/848 3196/3196/848 3197/3197/848
f 3195/3195/848 3197/3197/848 3198/3198/848
f 3199/3199/848 3200/3200/848 3201/3201/848
f 3199/3199/848 3201/3201/848 3202/3202/848
f 3203/3203/848 3204/3204/848 3205/3205/848
f 3203/3203/848 3205/3205/848 3206/3206/848
f 3207/3207/848 3208/3208/848 3209/3209/848
f 3210/3210/848 3211/3211/848 3212/3212/848
f 3213/3213/848 3214/3214/848 3215/3215/848
f 3213/3213/848 3215/3215/848 3216/3216/848
f 3217/3217/848 3218/3218/848 3219/3219/848
f 3217/3217/848 3219/3219/848 3220/3220/848
f 3221/3221/848 3222/3222/848 3223/3223/848
f 3221/3221/848 3223/3223/848 3224/3224/848
f 3225/3225/848 3226/3226/848 3227/3227/848
f 3228/3228/848 3229/3229/848 3230/3230/848
f 3231/3231/848 3232/3232/848 3233/3233/848
f 3231/3231/848 3233/3233/848 3234/3234/848
f 3235/3235/848 3236/3236/848 3237/3237/848
f 3235/3235/848 3237/3237/848 3238/3238/848
f 3239/3239/848 3240/3240/848 3241/3241/848
f 3239/3239/848 3241/3241/848 3242/3242/848
f 3243/3243/848 3244/3244/848 3245/3245/848
f 3243/3243/848 3245/3245/848 3246/3246/848
f 3247/3247/848 3248/3248/848 3249/3249/848
f 3247/3247/848 3249/3249/848 3250/3250/848
f 3251/3251/848 3252/3252/848 3253/3253/848
f 3254/3254/848 3255/3255/848 3256/3256/848
f 3257/3257/848 3258/3258/848 3259/3259/848
f 3260/3260/848 3261/3261/848 3262/3262/848
f 3263/3263/848 3264/3264/848 3265/3265/848
f 3263/3263/848 3265/3265/848 3266/3266/848
f 3267/3267/848 3268/3268/848 3269/3269/848
f 3267/3267/848 3269/3269/848 3270/3270/848
f 3271/3271/848 3272/3272/848 3273/3273/848
f 3274/3274/848 3275/3275/848 3276/3276/848
f 3277/3277/848 3278/3278/848 3279/3279/848
f 3277/3277/848 3279/3279/848 3280/3280/848
f 3281/3281/847 3282/3282/847 3283/3283/847
f 3284/3284/847 3285/3285/847 3286/3286/847
f 3287/3287/847 3288/3288/847 3289/3289/847
f 3290/3290/847 3291/3291/847 3292/3292/847
f 3293/3293/847 3294/3294/847 3295/3295/847
f 3296/3296/847 3297/3297/847 3298/3298/847
f 3299/3299/847 3300/3300/847 3301/3301/847
f 3299/3299/847 3301/3301/847 3302/3302/847
f 3303/3303/848 3304/3304/848 3305/3305/848
f 3303/3303/848 3305/3305/848 3306/3306/848
f 3307/3307/848 3308/3308/848 3309/3309/848
f 3307/3307/848 3309/3309/848 3310/3310/848
f 3311/3311/848 3312/3312/848 3313/3313/848
f 3311/3311/848 3313/3313/848 3314/3314/848
f 3315/3315/848 3316/3316/848 3317/3317/848
f 3315/3315/848 3317/3317/848 3318/3318/848
f 3319/3319/848 3320/3320/848 3321/3321/848
f 3319/3319/848 3321/3321/848 3322/3322/848
f 3323/3323/848 3324/3324/848 3325/3325/848
f 3323/3323/848 3325/3325/848 3326/3326/848
f 3327/3327/848 3328/3328/848 3329/3329/848
f 3327/3327/848 3329/3329/848 3330/3330/848
f 3331/3331/848 3332/3332/848 3333/3333/848
f 3331/3331/848 3333/3333/848 3334/3334/848
f 3335/3335/848 3336/3336/848 3337/3337/848
f 3335/3335/848 3337/3337/848 3338/3338/848
f 3339/3339/848 3340/3340/848 3341/3341/848
f 3342/3342/848 3343/3343/848 3344/3344/848
f 3345/3345/848 3346/3346/848 3347/3347/848
f 3348/3348/848 3349/3349/848 3350/3350/848
f 3351/3351/848 3352/3352/848 3353/3353/848
f 3351/3351/848 3353/3353/848 3354/3354/848
f 3355/3355/849 3356/3356/849 3357/3357/849
f 3355/3355/849 3357/3357/849 3358/3358/849
f 3359/3359/849 3360/3360/849 3361/3361/849
f 3359/3359/849 3361/3361/849 3362/3362/849
f 3363/3363/849 3364/3364/849 3365/3365/849
f 3363/3363/849 3365/3365/849 3366/3366/849
f 3367/3367/849 3368/3368/849 3369/3369/849
f 3367/3367/849 3369/3369/849 3370/3370/849
f 3371/3371/849 3372/3372/849 3373/3373/849
f 3371/3371/849 3373/3373/849 3374/3374/849
f 3375/3375/849 3376/3376/849 3377/3377/849
f 3375/3375/849 3377/3377/849 3378/3378/849
f 3379/3379/849 3380/3380/849 3381/3381/849
f 3379/3379/849 3381/3381/849 3382/3382/849
f 3383/3383/849 3384/3384/849 3385/3385/849
f 3383/3383/849 3385/3385/849 3386/3386/849
f 3387/3387/849 3388/3388/849 3389/3389/849
f 3387/3387/849 3389/3389/849 3390/3390/849
f 3391/3391/849 3392/3392/849 3393/3393/849
f 3391/3391/849 3393/3393/849 3394/3394/849
f 3395/3395/849 3396/3396/849 3397/3397/849
f 3395/3395/849 3397/3397/849 3398/3398/849
f 3399/3399/849 3400/3400/849 3401/3401/849
f 3399/3399/849 3401/3401/849 3402/3402/849
f 3403/3403/847 3404/3404/847 3405/3405/847
f 3403/3403/847 3405/3405/847 3406/3406/847
f 3407/3407/847 3408/3408/847 3409/3409/847
f 3407/3407/847 3409/3409/847 3410/3410/847
f 3411/3411/847 3412/3412/847 3413/3413/847
f 3411/3411/847 3413/3413/847 3414/3414/847
f 3415/3415/847 3416/3416/847 3417/3417/847
f 3415/3415/847 3417/3417/847 3418/3418/847
f 3419/3419/847 3420/3420/847 3421/3421/847
f 3419/3419/847 3421/3421/847 3422/3422/847
f 3423/3423/847 3424/3424/847 3425/3425/847
f 3426/3426/847 3427/3427/847 3428/3428/847
f 3429/3429/847 3430/3430/847 3431/3431/847
f 3432/3432/847 3433/3433/847 3434/3434/847
f 3435/3435/847 3436/3436/847 3437/3437/847
f 3435/3435/847 3437/3437/847 3438/3438/847
f 3439/3439/847 3440/3440/847 3441/3441/847
f 3439/3439/847 3441/3441/847 3442/3442/847
f 3443/3443/847 3444/3444/847 3445/3445/847
f 3443/3443/847 3445/3445/847 3446/3446/847
f 3447/3447/847 3448/3448/847 3449/3449/847
f 3447/3447/847 3449/3449/847 3450/3450/847
f 3451/3451/847 3452/3452/847 3453/3453/847
f 3451/3451/847 3453/3453/847 3454/3454/847
f 3455/3455/846 3456/3456/846 3457/3457/846
f 3455/3455/846 3457/3457/846 3458/3458/846
f 3459/3459/846 3460/3460/846 3461/3461/846
f 3459/3459/846 3461/3461/846 3462/3462/846
f 3463/3463/846 3464/3464/846 3465/3465/846
f 3463/3463/846 3465/3465/846 3466/3466/846
f 3467/3467/846 3468/3468/846 3469/3469/846
f 3467/3467/846 3469/3469/846 3470/3470/846
f 3471/3471/846 3472/3472/846 3473/3473/846
f 3471/3471/846 3473/3473/846 3474/3474/846
f 3475/3475/846 3476/3476/846 3477/3477/846
f 3478/3478/846 3479/3479/846 3480/3480/846
f 3481/3481/846 3482/3482/846 3483/3483/846
f 3484/3484/846 3485/3485/846 3486/3486/846
f 3487/3487/846 3488/3488/846 3489/3489/846
f 3487/3487/846 3489/3489/846 3490/3490/846
f 3491/3491/846 3492/3492/846 3493/3493/846
f 3491/3491/846 3493/3493/846 3494/3494/846
f 3495/3495/846 3496/3496/846 3497/3497/846
f 3495/3495/846 3497/3497/846 3498/3498/846
f 3499/3499/846 3500/3500/846 3501/3501/846
f 3502/3502/846 3503/3503/846 3504/3504/846
f 3505/3505/846 3506/3506/846 3507/3507/846
f 3505/3505/846 3507/3507/846 3508/3508/846
f 3509/3509/847 3510/3510/847 3511/3511/847
f 3509/3509/847 3511/3511/847 3512/3512/847
f 3513/3513/847 3514/3514/847 3515/3515/847
f 3513/3513/847 3515/3515/847 3516/3516/847
f 3517/3517/847 3518/3518/847 3519/3519/847
f 3517/3517/847 3519/3519/847 3520/3520/847
f 3521/3521/847 3522/3522/847 3523/3523/847
f 3521/3521/847 3523/3523/847 3524/3524/847
f 3525/3525/847 3526/3526/847 3527/3527/847
f 3525/3525/847 3527/3527/847 3528/3528/847
f 3529/3529/847 3530/3530/847 3531/3531/847
f 3529/3529/847 3531/3531/847 3532/3532/847
f 3533/3533/847 3534/3534/847 3535/3535/847
f 3533/3533/847 3535/3535/847 3536/3536/847
f 3537/3537/847 3538/3538/847 3539/3539/847
f 3537/3537/847 3539/3539/847 3540/3540/847
f 3541/3541/847 3542/3542/847 3543/3543/847
f 3544/3544/847 3545/3545/847 3546/3546/847
f 3547/3547/847 3548/3548/847 3549/3549/847
f 3547/3547/847 3549/3549/847 3550/3550/847
f 3551/3551/847 3552/3552/847 3553/3553/847
f 3551/3551/847 3553/3553/847 3554/3554/847
f 3555/3555/847 3556/3556/847 3557/3557/847
f 3555/3555/847 3557/3557/847 3558/3558/847
f 3559/3559/847 3560/3560/847 3561/3561/847
f 3559/3559/847 3561/3561/847 3562/3562/847
f 3563/3563/847 3564/3564/847 3565/3565/847
f 3563/3563/847 3565/3565/847 3566/3566/847
f 3567/3567/847 3568/3568/847 3569/3569/847
f 3567/3567/847 3569/3569/847 3570/3570/847
f 3571/3571/847 3572/3572/847 3573/3573/847
f 3571/3571/847 3573/3573/847 3574/3574/847
f 3575/3575/847 3576/3576/847 3577/3577/847
f 3578/3578/847 3579/3579/847 3580/3580/847
f 3581/3581/847 3582/3582/847 3583/3583/847
f 3581/3581/847 3583/3583/847 3584/3584/847
f 3585/3585/847 3586/3586/847 3587/3587/847
f 3585/3585/847 3587/3587/847 3588/3588/847
f 3589/3589/847 3590/3590/847 3591/3591/847
f 3592/3592/847 3593/3593/847 3594/3594/847
f 3592/3592/847 3594/3594/847 3595/3595/847
f 3596/3596/847 3597/3597/847 3598/3598/847
f 3596/3596/847 3598/3598/847 3599/3599/847
f 3600/3600/847 3601/3601/847 3602/3602/847
f 3603/3603/847 3604/3604/847 3605/3605/847
f 3606/3606/847 3607/3607/847 3608/3608/847
f 3609/3609/847 3610/3610/847 3611/3611/847
f 3612/3612/847 3613/3613/847 3614/3614/847
f 3612/3612/847 3614/3614/847 3615/3615/847
f 3616/3616/848 3617/3617/848 3618/3618/848
f 3619/3619/848 3620/3620/848 3621/3621/848
f 3622/3622/848 3623/3623/848 3624/3624/848
f 3625/3625/848 3626/3626/848 3627/3627/848
f 3628/3628/848 3629/3629/848 3630/3630/848
f 3631/3631/848 3632/3632/848 3633/3633/848
f 3634/3634/848 3635/3635/848 3636/3636/848
f 3637/3637/848 3638/3638/848 3639/3639/848
f 3640/3640/848 3641/3641/848 3642/3642/848
f 3643/3643/848 3644/3644/848 3645/3645/848
f 3646/3646/848 3647/3647/848 3648/3648/848
f 3649/3649/848 3650/3650/848 3651/3651/848
f 3652/3652/848 3653/3653/848 3654/3654/848
f 3655/3655/848 3656/3656/848 3657/3657/848
f 3658/3658/848 3659/3659/848 3660/3660/848
f 3661/3661/848 3662/3662/848 3663/3663/848
f 3664/3664/848 3665/3665/848 3666/3666/848
f 3667/3667/848 3668/3668/848 3669/3669/848
f 3670/3670/848 3671/3671/848 3672/3672/848
f 3673/3673/848 3674/3674/848 3675/3675/848
f 3676/3676/848 3677/3677/848 3678/3678/848
f 3679/3679/848 3680/3680/848 3681/3681/848
f 3682/3682/848 3683/3683/848 3684/3684/848
f 3685/3685/848 3686/3686/848 3687/3687/848
f 3688/3688/848 3689/3689/848 3690/3690/848
f 3691/3691/848 3692/3692/848 3693/3693/848
f 3694/3694/848 3695/3695/848 3696/3696/848
f 3697/3697/848 3698/3698/848 3699/3699/848
f 3700/3700/848 3701/3701/848 3702/3702/848
f 3703/3703/848 3704/3704/848 3705/3705/848
f 3706/3706/848 3707/3707/848 3708/3708/848
f 3709/3709/848 3710/3710/848 3711/3711/848
f 3712/3712/848 3713/3713/848 3714/3714/848
f 3715/3715/848 3716/3716/848 3717/3717/848
f 3718/3718/848 3719/3719/848 3720/3720/848
f 3721/3721/848 3722/3722/848 3723/3723/848
f 3724/3724/849 3725/3725/849 3726/3726/849
f 3724/3724/849 3726/3726/849 3727/3727/849
f 3728/3728/849 3729/3729/849 3730/3730/849
f 3731/3731/849 3732/3732/849 3733/3733/849
f 3734/3734/849 3735/3735/849 3736/3736/849
f 3734/3734/849 3736/3736/849 3737/3737/849
f 3738/3738/849 3739/3739/849 3740/3740/849
f 3738/3738/849 3740/3740/849 3741/3741/849
f 3742/3742/849 3743/3743/849 3744/3744/849
f 3742/3742/849 3744/3744/849 3745/3745/849
f 3746/3746/849 3747/3747/849 3748/3748/849
f 3749/3749/849 3750/3750/849 3751/3751/849
f 3752/3752/849 3753/3753/849 3754/3754/849
f 3755/3755/849 3756/3756/849 3757/3757/849
f 3758/3758/849 3759/3759/849 3760/3760/849
f 3758/3758/849 3760/3760/849 3761/3761/849
f 3762/3762/853 3763/3763/853 3764/3764/853
f 3765/3765/853 3766/3766/853 3767/3767/853
f 3768/3768/852 3769/3769/852 3770/3770/852
f 3771/3771/852 3772/3772/852 3773/3773/852
f 3774/3774/852 3775/3775/852 3776/3776/852
f 3777/3777/852 3778/3778/852 3779/3779/852
f 3780/3780/852 3781/3781/852 3782/3782/852
f 3780/3780/852 3782/3782/852 3783/3783/852
f 3784/3784/852 3785/3785/852 3786/3786/852
f 3787/3787/852 3788/3788/852 3789/3789/852
f 3790/3790/852 3791/3791/852 3792/3792/852
f 3793/3793/852 3794/3794/852 3795/3795/852
f 3796/3796/852 3797/3797/852 3798/3798/852
f 3799/3799/852 3800/3800/852 3801/3801/852
f 3802/3802/852 3803/3803/852 3804/3804/852
f 3805/3805/852 3806/3806/852 3807/3807/852
f 3808/3808/852 3809/3809/852 3810/3810/852
f 3811/3811/852 3812/3812/852 3813/3813/852
f 3814/3814/853 3815/3815/853 3816/3816/853
f 3817/3817/853 3818/3818/853 3819/3819/853
f 3820/3820/852 3821/3821/852 3822/3822/852
f 3823/3823/852 3824/3824/852 3825/3825/852
f 3826/3826/852 3827/3827/852 3828/3828/852
f 3829/3829/852 3830/3830/852 3831/3831/852
f 3832/3832/852 3833/3833/852 3834/3834/852
f 3835/3835/852 3836/3836/852 3837/3837/852
f 3838/3838/852 3839/3839/852 3840/3840/852
f 3841/3841/852 3842/3842/852 3843/3843/852
f 3844/3844/852 3845/3845/852 3846/3846/852
f 3847/3847/852 3848/3848/852 3849/3849/852
f 3850/3850/852 3851/3851/852 3852/3852/852
f 3853/3853/852 3854/3854/852 3855/3855/852
f 3856/3856/856 3857/3857/856 3858/3858/856
f 3859/3859/857 3860/3860/857 3861/3861/857
f 3862/3862/856 3863/3863/856 3864/3864/856
f 3865/3865/856 3866/3866/856 3867/3867/856
f 3868/3868/856 3869/3869/856 3870/3870/856
f 3871/3871/856 3872/3872/856 3873/3873/856
f 3874/3874/856 3875/3875/856 3876/3876/856
f 3877/3877/857 3878/3878/857 3879/3879/857
f 3880/3880/857 3881/3881/857 3882/3882/857
f 3883/3883/858 3884/3884/858 3885/3885/858
f 3886/3886/856 3887/3887/856 3888/3888/856
f 3889/3889/857 3890/3890/857 3891/3891/857
f 3892/3892/859 3893/3893/859 3894/3894/859
f 3895/3895/859 3896/3896/859 3897/3897/859
f 3898/3898/859 3899/3899/859 3900/3900/859
f 3901/3901/860 3902/3902/860 3903/3903/860
f 3904/3904/859 3905/3905/859 3906/3906/859
f 3907/3907/860 3908/3908/860 3909/3909/860
f 3910/3910/859 3911/3911/859 3912/3912/859
f 3913/3913/859 3914/3914/859 3915/3915/859
f 3916/3916/860 3917/3917/860 3918/3918/860
f 3919/3919/859 3920/3920/859 3921/3921/859
f 3922/3922/859 3923/3923/859 3924/3924/859
f 3925/3925/859 3926/3926/859 3927/3927/859
f 3928/3928/859 3929/3929/859 3930/3930/859
f 3931/3931/859 3932/3932/859 3933/3933/859
f 3934/3934/859 3935/3935/859 3936/3936/859
f 3937/3937/859 3938/3938/859 3939/3939/859
f 3940/3940/859 3941/3941/859 3942/3942/859
f 3943/3943/861 3944/3944/861 3945/3945/861
f 3946/3946/861 3947/3947/861 3948/3948/861
f 3949/3949/862 3950/3950/862 3951/3951/862
f 3952/3952/861 3953/3953/861 3954/3954/861
f 3955/3955/861 3956/3956/861 3957/3957/861
f 3958/3958/862 3959/3959/862 3960/3960/862
f 3961/3961/861 3962/3962/861 3963/3963/861
f 3964/3964/862 3965/3965/862 3966/3966/862
f 3967/3967/862 3968/3968/862 3969/3969/862
f 3970/3970/862 3971/3971/862 3972/3972/862
f 3973/3973/861 3974/3974/861 3975/3975/861
f 3976/3976/861 3977/3977/861 3978/3978/861
f 3979/3979/861 3980/3980/861 3981/3981/861
f 3982/3982/861 3983/3983/861 3984/3984/861
f 3985/3985/862 3986/3986/862 3987/3987/862
f 3988/3988/861 3989/3989/861 3990/3990/861
f 3991/3991/862 3992/3992/862 3993/3993/862
f 3994/3994/861 3995/3995/861 3996/3996/861
f 3997/3997/862 3998/3998/862 3999/3999/862
f 4000/4000/861 4001/4001/861 4002/4002/861
f 4003/4003/861 4004/4004/861 4005/4005/861
f 4006/4006/862 4007/4007/862 4008/4008/862
f 4009/4009/861 4010/4010/861 4011/4011/861
f 4012/4012/862 4013/4013/862 4014/4014/862
f 4015/4015/863 4016/4016/863 4017/4017/863
f 4015/4015/864 4017/4017/864 4018/4018/864
f 4019/4019/863 4020/4020/863 4021/4021/863
f 4022/4022/863 4023/4023/863 4024/4024/863
f 4025/4025/864 4026/4026/864 4027/4027/864
f 4028/4028/863 4029/4029/863 4030/4030/863
f 4031/4031/864 4032/4032/864 4033/4033/864
f 4034/4034/863 4035/4035/863 4036/4036/863
f 4037/4037/864 4038/4038/864 4039/4039/864
f 4040/4040/864 4041/4041/864 4042/4042/864
f 4043/4043/863 4044/4044/863 4045/4045/863
f 4046/4046/864 4047/4047/864 4048/4048/864
f 4049/4049/864 4050/4050/864 4051/4051/864
f 4052/4052/864 4053/4053/864 4054/4054/864
f 4055/4055/864 4056/4056/864 4057/4057/864
f 4058/4058/864 4059/4059/864 4060/4060/864
f 4061/4061/864 4062/4062/864 4063/4063/864
f 4064/4064/864 4065/4065/864 4066/4066/864
f 4067/4067/864 4068/4068/864 4069/4069/864
f 4070/4070/864 4071/4071/864 4072/4072/864
f 4073/4073/863 4074/4074/863 4075/4075/863
f 4076/4076/863 4077/4077/863 4078/4078/863
f 4079/4079/863 4080/4080/863 4081/4081/863
f 4082/4082/864 4083/4083/864 4084/4084/864
s 1
f 4085/4085/846 4086/4086/846 4087/4087/846
f 4088/4088/846 4089/4089/846 4090/4090/846
f 4091/4091/846 4092/4092/846 4093/4093/846
f 4094/4094/849 4095/4095/849 4096/4096/849
f 1762/1762/846 4097/4097/846 1763/1763/846
f 1775/1775/846 4098/4098/846 1776/1776/846
f 4099/4099/846 4100/4100/846 4101/4101/846
f 4102/4102/846 4103/4103/846 4104/4104/846
f 4105/4105/850 4106/4106/850 4107/4107/850
f 4108/4108/850 4109/4109/850 4110/4110/850
f 4111/4111/852 4112/4112/852 4113/4113/852
f 4114/4114/852 4115/4115/852 4116/4116/852
f 4117/4117/855 4118/4118/855 4119/4119/855
f 3541/3541/847 3543/3543/847 4120/4120/847
f 4121/4121/847 4122/4122/847 4123/4123/847
f 4124/4124/847 4125/4125/847 4126/4126/847
f 4127/4127/857 4128/4128/857 4129/4129/857
f 4130/4130/856 4131/4131/856 4132/4132/856
f 4133/4133/856 4134/4134/856 4135/4135/856
f 4136/4136/856 4137/4137/856 4138/4138/856
f 4139/4139/860 4140/4140/860 4141/4141/860
f 4142/4142/859 4143/4143/859 4144/4144/859
f 4145/4145/860 4146/4146/860 4147/4147/860
f 4148/4148/860 4149/4149/860 4150/4150/860
f 4151/4151/860 4152/4152/860 4153/4153/860
f 4154/4154/859 4155/4155/859 4156/4156/859
f 4157/4157/859 4158/4158/859 4159/4159/859
o Plane
v 75.917496 188.728271 -313.589661
v -201.135605 188.728271 -155.740585
v 75.917496 68.369392 -313.589661
v -201.135605 68.369392 -155.740585
v -62.609062 188.728271 -234.665131
v -62.609058 68.369392 -234.665131
v -131.872345 188.728271 -195.202850
v 6.654221 68.369392 -274.127380
v 6.654221 188.728271 -274.127411
v -131.872345 68.369392 -195.202850
v -166.503967 188.728271 -175.471710
v 41.285858 68.369392 -293.858521
v -27.977421 188.728271 -254.396271
v -97.240700 68.369392 -214.933990
v -97.240692 188.728271 -214.933990
v -27.977419 68.369392 -254.396255
v 41.285858 188.728271 -293.858521
v -166.503967 68.369392 -175.471725
v -183.819794 188.728271 -165.606155
v 58.601677 68.369392 -303.724091
v -45.293240 188.728271 -244.530701
v -79.924881 68.369392 -224.799561
v -114.556519 188.728271 -205.068420
v -10.661606 68.369392 -264.261841
v 23.970039 188.728271 -283.992981
v -149.188141 68.369392 -185.337296
v -149.188141 188.728271 -185.337296
v 23.970039 68.369392 -283.992981
v -10.661602 188.728271 -264.261841
v -114.556519 68.369392 -205.068420
v -79.924881 188.728271 -224.799561
v -45.293240 68.369392 -244.530701
v 58.601677 188.728271 -303.724091
v -183.819794 68.369392 -165.606155
vt 0.000086 0.562489
vt 0.000086 0.624979
vt 0.735669 0.624978
vt 0.000086 0.375021
vt 0.735669 0.375022
vt 0.735669 0.312533
vt 0.000086 0.937425
vt 0.000087 0.999914
vt 0.735670 0.999912
vt 0.000086 0.687468
vt 0.000086 0.749957
vt 0.735669 0.749956
vt 0.000086 0.812446
vt 0.735670 0.812445
vt 0.000086 0.874936
vt 0.735670 0.874934
vt 0.735670 0.937423
vt 0.000086 0.187554
vt 0.000086 0.250043
vt 0.735669 0.250044
vt 0.000086 0.312532
vt 0.000086 0.062575
vt 0.000086 0.125064
vt 0.735670 0.125066
vt 0.735670 0.187555
vt 0.000086 0.437511
vt 0.000086 0.500000
vt 0.735669 0.500000
vt 0.735669 0.562489
vt 0.735669 0.437511
vt 0.735669 0.687467
vt 0.735670 0.062577
vt 0.735670 0.000088
vt 0.000086 0.000086
vn 0.4950 0.0000 0.8689
usemtl aurora
s off
f 4191/4160/865 4175/4161/865 4172/4162/865
f 4173/4163/865 4174/4164/865 4182/4165/865
f 4179/4166/865 4162/4167/865 4160/4168/865
f 4183/4169/865 4167/4170/865 4168/4171/865
f 4187/4172/865 4184/4173/865 4168/4171/865
f 4187/4172/865 4171/4174/865 4176/4175/865
f 4171/4174/865 4179/4166/865 4192/4176/865
f 4185/4177/865 4169/4178/865 4166/4179/865
f 4189/4180/865 4182/4165/865 4166/4179/865
f 4193/4181/865 4177/4182/865 4170/4183/865
f 4177/4182/865 4185/4177/865 4186/4184/865
f 4181/4185/865 4165/4186/865 4164/4187/865
f 4191/4160/865 4180/4188/865 4164/4187/865
f 4173/4163/865 4181/4185/865 4190/4189/865
f 4183/4169/865 4188/4190/865 4172/4162/865
f 4193/4181/865 4178/4191/865 4161/4192/865
f 4191/4160/865 4172/4162/865 4180/4188/865
f 4173/4163/865 4182/4165/865 4189/4180/865
f 4179/4166/865 4160/4168/865 4192/4176/865
f 4183/4169/865 4168/4171/865 4188/4190/865
f 4187/4172/865 4168/4171/865 4167/4170/865
f 4187/4172/865 4176/4175/865 4184/4173/865
f 4171/4174/865 4192/4176/865 4176/4175/865
f 4185/4177/865 4166/4179/865 4186/4184/865
f 4189/4180/865 4166/4179/865 4169/4178/865
f 4193/4181/865 4170/4183/865 4178/4191/865
f 4177/4182/865 4186/4184/865 4170/4183/865
f 4181/4185/865 4164/4187/865 4190/4189/865
f 4191/4160/865 4164/4187/865 4165/4186/865
f 4173/4163/865 4190/4189/865 4174/4164/865
f 4183/4169/865 4172/4162/865 4175/4161/865
f 4193/4181/865 4161/4192/865 4163/4193/865
o Plane.001
v 202.726944 163.840363 -126.194077
v -17.727226 163.840363 -293.043213
v 202.726944 48.496212 -126.194084
v -17.727226 48.496212 -293.043243
v 92.499855 163.840363 -209.618652
v 92.499855 48.496212 -209.618652
v 37.386318 163.840363 -251.330948
v 147.613403 48.496212 -167.906372
v 147.613403 163.840363 -167.906372
v 37.386314 48.496212 -251.330948
v 9.829544 163.840363 -272.187073
v 175.170166 48.496212 -147.050232
v 120.056625 163.840363 -188.762512
v 64.943085 48.496212 -230.474792
v 64.943085 163.840363 -230.474792
v 120.056625 48.496212 -188.762512
v 175.170166 163.840363 -147.050232
v 9.829544 48.496212 -272.187073
v -3.948837 163.840363 -282.615143
v 188.948547 48.496212 -136.622162
v 106.278244 163.840363 -199.190582
v 78.721474 48.496212 -220.046722
v 51.164703 163.840363 -240.902878
v 133.835007 48.496212 -178.334442
v 161.391785 163.840363 -157.478302
v 23.607925 48.496212 -261.759033
v 23.607925 163.840363 -261.759033
v 161.391785 48.496212 -157.478302
v 133.835022 163.840363 -178.334442
v 51.164700 48.496212 -240.902863
v 78.721474 163.840363 -220.046722
v 106.278244 48.496212 -199.190582
v 188.948547 163.840363 -136.622147
v -3.948837 48.496212 -282.615173
vt 0.000086 0.562489
vt 0.000086 0.624979
vt 0.735669 0.624978
vt 0.000086 0.375021
vt 0.735669 0.375022
vt 0.735669 0.312533
vt 0.000086 0.937425
vt 0.000087 0.999914
vt 0.735670 0.999912
vt 0.000086 0.687468
vt 0.000086 0.749957
vt 0.735669 0.749956
vt 0.000086 0.812446
vt 0.735670 0.812445
vt 0.000086 0.874936
vt 0.735670 0.874934
vt 0.735670 0.937423
vt 0.000086 0.187554
vt 0.000086 0.250043
vt 0.735669 0.250044
vt 0.000086 0.312532
vt 0.000086 0.062575
vt 0.000086 0.125064
vt 0.735670 0.125066
vt 0.735670 0.187555
vt 0.000086 0.437511
vt 0.000086 0.500000
vt 0.735669 0.500000
vt 0.735669 0.562489
vt 0.735669 0.437511
vt 0.735669 0.687467
vt 0.735670 0.062577
vt 0.735670 0.000088
vt 0.000087 0.000086
vn -0.6035 0.0000 0.7974
usemtl aurora
s off
f 4225/4194/866 4209/4195/866 4206/4196/866
f 4207/4197/866 4208/4198/866 4216/4199/866
f 4213/4200/866 4196/4201/866 4194/4202/866
f 4217/4203/866 4201/4204/866 4202/4205/866
f 4221/4206/866 4218/4207/866 4202/4205/866
f 4221/4206/866 4205/4208/866 4210/4209/866
f 4205/4208/866 4213/4200/866 4226/4210/866
f 4219/4211/866 4203/4212/866 4200/4213/866
f 4223/4214/866 4216/4199/866 4200/4213/866
f 4227/4215/866 4211/4216/866 4204/4217/866
f 4211/4216/866 4219/4211/866 4220/4218/866
f 4215/4219/866 4199/4220/866 4198/4221/866
f 4225/4194/866 4214/4222/866 4198/4221/866
f 4207/4197/866 4215/4219/866 4224/4223/866
f 4217/4203/866 4222/4224/866 4206/4196/866
f 4227/4215/866 4212/4225/866 4195/4226/866
f 4225/4194/866 4206/4196/866 4214/4222/866
f 4207/4197/866 4216/4199/866 4223/4214/866
f 4213/4200/866 4194/4202/866 4226/4210/866
f 4217/4203/866 4202/4205/866 4222/4224/866
f 4221/4206/866 4202/4205/866 4201/4204/866
f 4221/4206/866 4210/4209/866 4218/4207/866
f 4205/4208/866 4226/4210/866 4210/4209/866
f 4219/4211/866 4200/4213/866 4220/4218/866
f 4223/4214/866 4200/4213/866 4203/4212/866
f 4227/4215/866 4204/4217/866 4212/4225/866
f 4211/4216/866 4220/4218/866 4204/4217/866
f 4215/4219/866 4198/4221/866 4224/4223/866
f 4225/4194/866 4198/4221/866 4199/4220/866
f 4207/4197/866 4224/4223/866 4208/4198/866
f 4217/4203/866 4206/4196/866 4209/4195/866
f 4227/4215/866 4195/4226/866 4197/4227/866
o Plane.002
v 399.004700 128.198715 -51.919220
v 148.887390 128.198715 -305.216827
v 399.004700 254.056198 -51.919220
v 148.887390 254.056198 -305.216827
v 273.946045 128.198715 -178.568024
v 273.946045 254.056198 -178.568039
v 211.416718 128.198715 -241.892426
v 336.475342 254.056198 -115.243637
v 336.475342 128.198715 -115.243637
v 211.416718 254.056198 -241.892441
v 180.152054 128.198715 -273.554626
v 367.740021 254.056198 -83.581429
v 305.210693 128.198715 -146.905838
v 242.681381 254.056198 -210.230240
v 242.681381 128.198715 -210.230225
v 305.210693 254.056198 -146.905838
v 367.740021 128.198715 -83.581429
v 180.152054 254.056198 -273.554626
v 164.519730 128.198715 -289.385742
v 383.372345 254.056198 -67.750336
v 289.578369 128.198715 -162.736938
v 258.313721 254.056198 -194.399139
v 227.049042 128.198715 -226.061340
v 320.843018 254.056198 -131.074738
v 352.107697 128.198715 -99.412529
v 195.784378 254.056198 -257.723541
v 195.784378 128.198715 -257.723541
v 352.107697 254.056198 -99.412529
v 320.843018 128.198715 -131.074738
v 227.049042 254.056198 -226.061340
v 258.313721 128.198715 -194.399139
v 289.578369 254.056198 -162.736938
v 383.372345 128.198715 -67.750336
v 164.519730 254.056198 -289.385742
vt 0.735670 0.562489
vt 0.000087 0.500000
vt 0.735670 0.500000
vt 0.735670 0.812446
vt 0.000086 0.749956
vt 0.735670 0.749957
vt 0.735670 0.187554
vt 0.000086 0.125066
vt 0.735670 0.125064
vt 0.735670 0.437511
vt 0.000086 0.375022
vt 0.735670 0.375021
vt 0.735670 0.312532
vt 0.000086 0.312533
vt 0.000086 0.062577
vt 0.735669 0.062575
vt 0.000086 0.250044
vt 0.735670 0.250043
vt 0.000086 0.187555
vt 0.735669 0.937425
vt 0.000086 0.874934
vt 0.735670 0.874936
vt 0.000086 0.812445
vt 0.000086 0.999912
vt 0.000086 0.937423
vt 0.735670 0.624979
vt 0.000086 0.687467
vt 0.000086 0.624978
vt 0.000086 0.562489
vt 0.735670 0.687468
vt 0.000086 0.437511
vt 0.000086 0.000088
vt 0.735669 0.000086
vt 0.735669 0.999914
vn -0.7116 0.0000 0.7026
usemtl aurora
s off
f 4249/4228/867 4232/4229/867 4233/4230/867
f 4253/4231/867 4234/4232/867 4237/4233/867
f 4255/4234/867 4244/4235/867 4239/4236/867
f 4259/4237/867 4240/4238/867 4243/4239/867
f 4251/4240/867 4240/4238/867 4256/4241/867
f 4239/4236/867 4260/4242/867 4247/4243/867
f 4251/4240/867 4236/4244/867 4235/4245/867
f 4255/4234/867 4236/4244/867 4252/4246/867
f 4261/4247/867 4238/4248/867 4245/4249/867
f 4245/4249/867 4254/4250/867 4253/4231/867
f 4261/4247/867 4229/4251/867 4246/4252/867
f 4241/4253/867 4250/4254/867 4242/4255/867
f 4241/4253/867 4258/4256/867 4249/4228/867
f 4257/4257/867 4234/4232/867 4250/4254/867
f 4259/4237/867 4232/4229/867 4248/4258/867
f 4247/4243/867 4228/4259/867 4230/4260/867
f 4249/4228/867 4258/4256/867 4232/4229/867
f 4253/4231/867 4254/4250/867 4234/4232/867
f 4255/4234/867 4252/4246/867 4244/4235/867
f 4259/4237/867 4248/4258/867 4240/4238/867
f 4251/4240/867 4243/4239/867 4240/4238/867
f 4239/4236/867 4244/4235/867 4260/4242/867
f 4251/4240/867 4256/4241/867 4236/4244/867
f 4255/4234/867 4235/4245/867 4236/4244/867
f 4261/4247/867 4246/4252/867 4238/4248/867
f 4245/4249/867 4238/4248/867 4254/4250/867
f 4261/4247/867 4231/4261/867 4229/4251/867
f 4241/4253/867 4257/4257/867 4250/4254/867
f 4241/4253/867 4242/4255/867 4258/4256/867
f 4257/4257/867 4237/4233/867 4234/4232/867
f 4259/4237/867 4233/4230/867 4232/4229/867
f 4247/4243/867 4260/4242/867 4228/4259/867
o Plane.003
v -52.084625 154.416382 -330.784058
v -354.673340 154.416382 -67.497894
v -52.084625 34.057510 -330.784058
v -354.673340 34.057510 -67.497894
v -203.378983 154.416382 -199.140976
v -203.378983 34.057510 -199.140976
v -279.026154 154.416382 -133.319427
v -127.731804 34.057510 -264.962524
v -127.731812 154.416382 -264.962524
v -279.026154 34.057510 -133.319427
v -316.849731 154.416382 -100.408661
v -89.908203 34.057510 -297.873291
v -165.555389 154.416382 -232.051743
v -241.202576 34.057510 -166.230209
v -241.202576 154.416382 -166.230209
v -165.555389 34.057510 -232.051743
v -89.908203 154.416382 -297.873291
v -316.849731 34.057510 -100.408661
v -335.761536 154.416382 -83.953278
v -70.996414 34.057510 -314.328674
v -184.467194 154.416382 -215.596359
v -222.290771 34.057510 -182.685593
v -260.114380 154.416382 -149.774811
v -146.643600 34.057510 -248.507126
v -108.820007 154.416382 -281.417908
v -297.937958 34.057510 -116.864059
v -297.937958 154.416382 -116.864052
v -108.820007 34.057510 -281.417908
v -146.643600 154.416382 -248.507126
v -260.114380 34.057510 -149.774811
v -222.290771 154.416382 -182.685593
v -184.467194 34.057510 -215.596359
v -70.996414 154.416382 -314.328674
v -335.761536 34.057510 -83.953278
vt 0.000086 0.562489
vt 0.000086 0.624979
vt 0.735669 0.624978
vt 0.000086 0.375021
vt 0.735669 0.375022
vt 0.735669 0.312533
vt 0.000086 0.937425
vt 0.000087 0.999914
vt 0.735670 0.999912
vt 0.000086 0.687468
vt 0.000086 0.749957
vt 0.735669 0.749956
vt 0.000086 0.812446
vt 0.735670 0.812445
vt 0.000086 0.874936
vt 0.735670 0.874934
vt 0.735670 0.937423
vt 0.000086 0.187554
vt 0.000086 0.250043
vt 0.735669 0.250044
vt 0.000086 0.312532
vt 0.000086 0.062575
vt 0.000086 0.125064
vt 0.735670 0.125066
vt 0.735670 0.187555
vt 0.000086 0.437511
vt 0.000086 0.500000
vt 0.735669 0.500000
vt 0.735669 0.562489
vt 0.735669 0.437511
vt 0.735669 0.687467
vt 0.735670 0.062577
vt 0.735670 0.000088
vt 0.000086 0.000086
vn 0.6564 0.0000 0.7544
usemtl aurora
s off
f 4293/4262/868 4277/4263/868 4274/4264/868
f 4275/4265/868 4276/4266/868 4284/4267/868
f 4281/4268/868 4264/4269/868 4262/4270/868
f 4285/4271/868 4269/4272/868 4270/4273/868
f 4289/4274/868 4286/4275/868 4270/4273/868
f 4289/4274/868 4273/4276/868 4278/4277/868
f 4273/4276/868 4281/4268/868 4294/4278/868
f 4287/4279/868 4271/4280/868 4268/4281/868
f 4291/4282/868 4284/4267/868 4268/4281/868
f 4295/4283/868 4279/4284/868 4272/4285/868
f 4279/4284/868 4287/4279/868 4288/4286/868
f 4283/4287/868 4267/4288/868 4266/4289/868
f 4293/4262/868 4282/4290/868 4266/4289/868
f 4275/4265/868 4283/4287/868 4292/4291/868
f 4285/4271/868 4290/4292/868 4274/4264/868
f 4295/4283/868 4280/4293/868 4263/4294/868
f 4293/4262/868 4274/4264/868 4282/4290/868
f 4275/4265/868 4284/4267/868 4291/4282/868
f 4281/4268/868 4262/4270/868 4294/4278/868
f 4285/4271/868 4270/4273/868 4290/4292/868
f 4289/4274/868 4270/4273/868 4269/4272/868
f 4289/4274/868 4278/4277/868 4286/4275/868
f 4273/4276/868 4294/4278/868 4278/4277/868
f 4287/4279/868 4268/4281/868 4288/4286/868
f 4291/4282/868 4268/4281/868 4271/4280/868
f 4295/4283/868 4272/4285/868 4280/4293/868
f 4279/4284/868 4288/4286/868 4272/4285/868
f 4283/4287/868 4266/4289/868 4292/4291/868
f 4293/4262/868 4266/4289/868 4267/4288/868
f 4275/4265/868 4292/4291/868 4276/4266/868
f 4285/4271/868 4274/4264/868 4277/4263/868
f 4295/4283/868 4263/4294/868 4265/4295/868
